# Blender 5.1.1
# www.blender.org
mtllib logo.mtl
o temp_Text
v 3.560530 -0.990369 0.100152
v 3.847591 -0.987957 0.100152
v 3.918262 -0.968224 0.100152
v 3.955285 -0.947429 0.100152
v 3.986137 -0.920700 0.100152
v 4.011362 -0.883142 0.100152
v 4.028142 -0.830640 0.100152
v 4.024004 -0.764017 0.100152
v 3.998810 -0.707638 0.100152
v 3.960142 -0.669602 0.100152
v 3.923386 -0.648322 0.100152
v 3.864357 -0.629113 0.100152
v 3.907978 -0.606371 0.100152
v 3.939762 -0.575965 0.100152
v 3.957569 -0.545874 0.100152
v 3.968551 -0.499098 0.100152
v 3.965418 -0.447970 0.100152
v 3.951226 -0.406641 0.100152
v 3.925574 -0.369620 0.100152
v 3.887959 -0.339296 0.100152
v 3.840294 -0.318916 0.100152
v 3.784806 -0.309046 0.100152
v 3.560530 -0.308369 0.100152
v 3.658530 -0.396369 0.100152
v 3.764688 -0.396716 0.100152
v 3.808233 -0.404410 0.100152
v 3.838044 -0.421151 0.100152
v 3.854231 -0.439475 0.100152
v 3.867038 -0.472827 0.100152
v 3.865154 -0.519155 0.100152
v 3.854950 -0.547323 0.100152
v 3.837034 -0.569414 0.100152
v 3.811177 -0.585651 0.100152
v 3.761867 -0.599088 0.100152
v 3.658530 -0.600369 0.100152
v 3.658530 -0.688369 0.100152
v 3.821000 -0.690429 0.100152
v 3.870211 -0.705681 0.100152
v 3.897048 -0.722860 0.100152
v 3.915927 -0.746269 0.100152
v 3.925695 -0.772869 0.100152
v 3.926392 -0.816923 0.100152
v 3.906705 -0.858885 0.100152
v 3.877335 -0.882495 0.100152
v 3.843773 -0.895496 0.100152
v 3.802072 -0.901923 0.100152
v 3.658530 -0.902369 0.100152
v 3.180530 -0.304369 0.100152
v 3.111530 -0.304369 0.100152
v 2.818530 -0.990369 0.100152
v 2.918530 -0.990369 0.100152
v 3.004530 -0.789369 0.100152
v 3.294530 -0.789369 0.100152
v 3.385530 -0.990369 0.100152
v 3.485530 -0.990369 0.100152
v 3.144530 -0.454369 0.100152
v 3.254530 -0.701369 0.100152
v 3.042530 -0.701369 0.100152
v 2.500530 -0.308369 0.100152
v 2.402530 -0.308369 0.100152
v 2.402530 -0.990369 0.100152
v 2.808530 -0.990369 0.100152
v 2.808530 -0.902369 0.100152
v 2.500530 -0.902369 0.100152
v 1.991530 -0.347369 0.100152
v 1.959282 -0.328110 0.100152
v 1.908817 -0.308516 0.100152
v 1.855039 -0.299372 0.100152
v 1.791549 -0.302793 0.100152
v 1.739324 -0.317462 0.100152
v 1.696292 -0.342349 0.100152
v 1.663473 -0.376538 0.100152
v 1.637473 -0.431461 0.100152
v 1.632530 -0.481369 0.100152
v 1.638335 -0.524728 0.100152
v 1.654382 -0.561989 0.100152
v 1.678624 -0.594181 0.100152
v 1.721206 -0.632322 0.100152
v 1.845065 -0.710754 0.100152
v 1.900564 -0.756489 0.100152
v 1.921726 -0.792552 0.100152
v 1.927865 -0.832659 0.100152
v 1.912116 -0.871314 0.100152
v 1.871404 -0.902333 0.100152
v 1.818658 -0.911788 0.100152
v 1.759318 -0.903691 0.100152
v 1.698066 -0.872820 0.100152
v 1.636907 -0.814921 0.100152
v 1.636530 -0.936369 0.100152
v 1.667470 -0.957590 0.100152
v 1.717737 -0.981763 0.100152
v 1.781963 -0.997265 0.100152
v 1.846948 -0.998787 0.100152
v 1.894391 -0.989271 0.100152
v 1.938371 -0.968139 0.100152
v 1.974195 -0.937133 0.100152
v 2.000417 -0.897631 0.100152
v 2.015605 -0.851018 0.100152
v 2.018530 -0.814369 0.100152
v 2.012726 -0.764478 0.100152
v 1.996678 -0.722489 0.100152
v 1.959565 -0.672190 0.100152
v 1.897501 -0.624854 0.100152
v 1.779451 -0.555502 0.100152
v 1.745382 -0.524415 0.100152
v 1.729335 -0.498552 0.100152
v 1.723315 -0.463650 0.100152
v 1.734020 -0.429218 0.100152
v 1.770005 -0.399172 0.100152
v 1.822292 -0.386924 0.100152
v 1.869764 -0.390839 0.100152
v 1.916126 -0.405484 0.100152
v 1.956857 -0.429589 0.100152
v 1.991498 -0.457948 0.100152
v 1.540515 -0.355130 0.100152
v 1.448593 -0.321205 0.100152
v 1.374954 -0.304561 0.100152
v 1.316627 -0.299148 0.100152
v 1.253587 -0.302480 0.100152
v 1.179119 -0.317958 0.100152
v 1.113123 -0.346480 0.100152
v 1.051599 -0.388150 0.100152
v 0.990744 -0.457092 0.100152
v 0.950113 -0.541187 0.100152
v 0.935745 -0.608591 0.100152
v 0.932795 -0.680393 0.100152
v 0.948034 -0.757286 0.100152
v 0.983387 -0.834114 0.100152
v 1.039345 -0.903386 0.100152
v 1.116484 -0.958338 0.100152
v 1.215604 -0.992414 0.100152
v 1.321617 -0.999548 0.100152
v 1.399948 -0.991438 0.100152
v 1.469532 -0.973794 0.100152
v 1.547479 -0.939968 0.100152
v 1.547530 -0.832369 0.100152
v 1.495767 -0.862684 0.100152
v 1.415163 -0.894344 0.100152
v 1.348072 -0.907460 0.100152
v 1.285117 -0.909127 0.100152
v 1.210644 -0.895504 0.100152
v 1.149648 -0.867863 0.100152
v 1.097716 -0.825871 0.100152
v 1.060385 -0.771081 0.100152
v 1.038842 -0.709019 0.100152
v 1.033530 -0.650369 0.100152
v 1.038951 -0.592804 0.100152
v 1.062140 -0.527977 0.100152
v 1.098989 -0.475493 0.100152
v 1.136861 -0.441973 0.100152
v 1.183592 -0.414219 0.100152
v 1.252000 -0.393379 0.100152
v 1.323294 -0.389338 0.100152
v 1.404284 -0.400802 0.100152
v 1.490653 -0.433244 0.100152
v 1.540530 -0.460369 0.100152
v 0.808530 -0.308369 0.100152
v 0.710530 -0.308369 0.100152
v 0.710530 -0.990369 0.100152
v 0.808530 -0.990369 0.100152
v 0.617530 -0.308369 0.100152
v 0.047530 -0.308369 0.100152
v 0.047530 -0.396369 0.100152
v 0.283530 -0.396369 0.100152
v 0.283530 -0.990369 0.100152
v 0.381530 -0.990369 0.100152
v 0.381530 -0.396369 0.100152
v 0.617530 -0.396369 0.100152
v -0.747679 -0.672354 0.100152
v -0.728967 -0.765139 0.100152
v -0.689343 -0.845268 0.100152
v -0.629980 -0.912691 0.100152
v -0.552645 -0.963392 0.100152
v -0.463517 -0.992347 0.100152
v -0.354830 -0.999623 0.100152
v -0.246976 -0.978325 0.100152
v -0.161494 -0.935498 0.100152
v -0.094193 -0.874402 0.100152
v -0.048307 -0.802546 0.100152
v -0.025761 -0.739184 0.100152
v -0.014308 -0.668317 0.100152
v -0.021184 -0.575476 0.100152
v -0.050486 -0.489945 0.100152
v -0.100519 -0.415966 0.100152
v -0.169560 -0.357159 0.100152
v -0.255913 -0.317065 0.100152
v -0.358351 -0.299170 0.100152
v -0.461041 -0.306238 0.100152
v -0.531892 -0.327478 0.100152
v -0.598125 -0.361932 0.100152
v -0.665767 -0.422414 0.100152
v -0.714465 -0.497654 0.100152
v -0.741230 -0.579938 0.100152
v -0.646183 -0.627419 0.100152
v -0.631901 -0.558341 0.100152
v -0.601467 -0.498481 0.100152
v -0.556899 -0.449714 0.100152
v -0.517729 -0.423443 0.100152
v -0.470976 -0.402792 0.100152
v -0.418614 -0.391620 0.100152
v -0.359065 -0.389648 0.100152
v -0.288459 -0.403593 0.100152
v -0.227216 -0.433346 0.100152
v -0.191095 -0.463119 0.100152
v -0.159005 -0.501017 0.100152
v -0.128851 -0.561159 0.100152
v -0.115715 -0.630651 0.100152
v -0.117782 -0.685785 0.100152
v -0.130044 -0.739981 0.100152
v -0.160528 -0.799818 0.100152
v -0.205215 -0.848696 0.100152
v -0.262064 -0.884557 0.100152
v -0.329012 -0.905362 0.100152
v -0.381470 -0.909369 0.100152
v -0.439862 -0.904176 0.100152
v -0.505693 -0.881956 0.100152
v -0.561362 -0.844854 0.100152
v -0.602989 -0.797276 0.100152
v -0.626439 -0.752853 0.100152
v -0.642398 -0.700440 0.100152
v -1.280470 -0.990369 0.100152
v -1.013197 -0.989276 0.100152
v -0.952450 -0.978709 0.100152
v -0.896822 -0.955387 0.100152
v -0.854861 -0.920699 0.100152
v -0.829638 -0.883143 0.100152
v -0.812858 -0.830641 0.100152
v -0.817473 -0.761372 0.100152
v -0.838154 -0.714970 0.100152
v -0.864520 -0.683202 0.100152
v -0.899204 -0.657633 0.100152
v -0.941633 -0.638921 0.100152
v -0.976721 -0.629145 0.100152
v -0.940984 -0.611051 0.100152
v -0.899891 -0.575576 0.100152
v -0.877915 -0.530040 0.100152
v -0.872347 -0.488564 0.100152
v -0.875582 -0.447971 0.100152
v -0.889773 -0.406641 0.100152
v -0.923938 -0.360137 0.100152
v -0.976523 -0.327381 0.100152
v -1.042767 -0.309803 0.100152
v -1.280470 -0.308369 0.100152
v -1.182470 -0.396369 0.100152
v -1.074890 -0.396869 0.100152
v -1.032766 -0.404410 0.100152
v -1.002957 -0.421151 0.100152
v -0.986769 -0.439474 0.100152
v -0.973962 -0.472827 0.100152
v -0.975846 -0.519157 0.100152
v -0.986050 -0.547323 0.100152
v -1.003965 -0.569414 0.100152
v -1.029823 -0.585651 0.100152
v -1.079134 -0.599088 0.100152
v -1.182470 -0.600369 0.100152
v -1.182470 -0.688369 0.100152
v -1.020000 -0.690429 0.100152
v -0.969436 -0.706238 0.100152
v -0.943016 -0.723850 0.100152
v -0.925072 -0.746270 0.100152
v -0.915304 -0.772869 0.100152
v -0.914608 -0.816923 0.100152
v -0.934295 -0.858885 0.100152
v -0.963665 -0.882495 0.100152
v -0.999099 -0.896079 0.100152
v -1.040384 -0.901954 0.100152
v -1.182470 -0.902369 0.100152
v -2.133125 -0.676405 0.100152
v -2.114967 -0.765138 0.100152
v -2.075344 -0.845266 0.100152
v -2.015980 -0.912691 0.100152
v -1.938644 -0.963392 0.100152
v -1.845035 -0.993463 0.100152
v -1.735881 -0.998962 0.100152
v -1.632977 -0.978325 0.100152
v -1.547494 -0.935498 0.100152
v -1.480193 -0.874402 0.100152
v -1.432404 -0.799039 0.100152
v -1.405504 -0.713530 0.100152
v -1.400470 -0.649369 0.100152
v -1.407184 -0.575476 0.100152
v -1.436486 -0.489946 0.100152
v -1.486519 -0.415966 0.100152
v -1.555560 -0.357159 0.100152
v -1.641913 -0.317065 0.100152
v -1.744352 -0.299170 0.100152
v -1.851498 -0.306855 0.100152
v -1.943829 -0.338371 0.100152
v -2.020189 -0.390099 0.100152
v -2.078611 -0.458423 0.100152
v -2.115604 -0.535883 0.100152
v -2.130489 -0.602779 0.100152
v -2.032183 -0.627420 0.100152
v -2.017901 -0.558342 0.100152
v -1.987468 -0.498482 0.100152
v -1.942899 -0.449714 0.100152
v -1.888937 -0.415462 0.100152
v -1.822793 -0.393708 0.100152
v -1.745065 -0.389648 0.100152
v -1.674459 -0.403593 0.100152
v -1.613215 -0.433346 0.100152
v -1.563292 -0.476976 0.100152
v -1.526733 -0.532510 0.100152
v -1.505549 -0.597979 0.100152
v -1.501470 -0.649369 0.100152
v -1.506755 -0.706599 0.100152
v -1.529384 -0.771139 0.100152
v -1.565376 -0.823449 0.100152
v -1.602334 -0.856837 0.100152
v -1.648064 -0.884557 0.100152
v -1.694641 -0.900457 0.100152
v -1.748386 -0.909129 0.100152
v -1.822764 -0.904998 0.100152
v -1.891693 -0.881956 0.100152
v -1.945027 -0.846653 0.100152
v -1.989308 -0.797490 0.100152
v -2.018727 -0.737046 0.100152
v -2.030159 -0.685785 0.100152
v -2.705470 -0.308369 0.100152
v -2.705470 -0.990369 0.100152
v -2.607470 -0.990369 0.100152
v -2.607470 -0.694369 0.100152
v -2.541943 -0.695514 0.100152
v -2.509947 -0.707123 0.100152
v -2.476261 -0.731763 0.100152
v -2.421187 -0.796555 0.100152
v -2.295470 -0.990369 0.100152
v -2.178783 -0.990339 0.100152
v -2.252224 -0.886141 0.100152
v -2.310045 -0.792930 0.100152
v -2.353575 -0.730956 0.100152
v -2.389053 -0.693246 0.100152
v -2.423097 -0.666242 0.100152
v -2.378695 -0.643334 0.100152
v -2.337384 -0.600131 0.100152
v -2.313263 -0.544552 0.100152
v -2.309900 -0.480254 0.100152
v -2.320860 -0.429084 0.100152
v -2.344917 -0.385094 0.100152
v -2.369720 -0.359619 0.100152
v -2.403315 -0.336499 0.100152
v -2.455951 -0.316814 0.100152
v -2.510368 -0.308896 0.100152
v -2.607470 -0.392369 0.100152
v -2.503269 -0.394272 0.100152
v -2.458786 -0.408727 0.100152
v -2.427623 -0.433674 0.100152
v -2.410103 -0.483201 0.100152
v -2.414161 -0.530802 0.100152
v -2.425376 -0.557037 0.100152
v -2.450004 -0.583524 0.100152
v -2.504902 -0.604609 0.100152
v -2.607470 -0.606369 0.100152
v -1.258470 0.009631 0.100152
v -0.948405 0.011458 0.100152
v -0.887530 0.022738 0.100152
v -0.815316 0.049271 0.100152
v -0.740073 0.101092 0.100152
v -0.685464 0.165397 0.100152
v -0.655392 0.223522 0.100152
v -0.635433 0.289499 0.100152
v -0.630647 0.373579 0.100152
v -0.645908 0.456224 0.100152
v -0.680752 0.533595 0.100152
v -0.735839 0.601058 0.100152
v -0.811780 0.653313 0.100152
v -0.879081 0.677552 0.100152
v -0.951973 0.690361 0.100152
v -1.258470 0.691631 0.100152
v -1.160470 0.603631 0.100152
v -0.972069 0.602327 0.100152
v -0.899279 0.588688 0.100152
v -0.834536 0.558401 0.100152
v -0.785893 0.515030 0.100152
v -0.752774 0.461017 0.100152
v -0.734795 0.398810 0.100152
v -0.731561 0.338106 0.100152
v -0.739732 0.285917 0.100152
v -0.760819 0.229722 0.100152
v -0.797866 0.176160 0.100152
v -0.853853 0.131962 0.100152
v -0.907164 0.110539 0.100152
v -0.968098 0.098830 0.100152
v -1.160470 0.097631 0.100152
v -1.409470 0.691631 0.100152
v -1.501470 0.691631 0.100152
v -1.501470 0.163631 0.100152
v -1.963470 0.691631 0.100152
v -2.041470 0.691631 0.100152
v -2.041470 0.009631 0.100152
v -1.949470 0.009631 0.100152
v -1.949470 0.534631 0.100152
v -1.493470 0.009631 0.100152
v -1.409470 0.009631 0.100152
v -2.420470 0.695631 0.100152
v -2.489470 0.695631 0.100152
v -2.782470 0.009631 0.100152
v -2.682470 0.009631 0.100152
v -2.596470 0.210631 0.100152
v -2.306470 0.210631 0.100152
v -2.215470 0.009631 0.100152
v -2.115470 0.009631 0.100152
v -2.456470 0.545631 0.100152
v -2.346470 0.298631 0.100152
v -2.558470 0.298631 0.100152
v 2.752530 1.691631 0.100152
v 2.654531 1.691631 0.100152
v 2.654531 1.009631 0.100152
v 2.752530 1.009631 0.100152
v 2.273530 1.695631 0.100152
v 2.204531 1.695631 0.100152
v 1.911530 1.009631 0.100152
v 2.011530 1.009631 0.100152
v 2.097530 1.210631 0.100152
v 2.387530 1.210631 0.100152
v 2.478530 1.009631 0.100152
v 2.578530 1.009631 0.100152
v 2.237531 1.545631 0.100152
v 2.347530 1.298631 0.100152
v 2.135530 1.298631 0.100152
v 1.315530 1.691631 0.100152
v 1.217530 1.691631 0.100152
v 1.217530 1.009631 0.100152
v 1.623530 1.009631 0.100152
v 1.623530 1.097631 0.100152
v 1.315530 1.097631 0.100152
v 0.838530 1.695631 0.100152
v 0.769530 1.695631 0.100152
v 0.476530 1.009631 0.100152
v 0.576530 1.009631 0.100152
v 0.662530 1.210631 0.100152
v 0.952530 1.210631 0.100152
v 1.043530 1.009631 0.100152
v 1.143530 1.009631 0.100152
v 0.802530 1.545631 0.100152
v 0.912530 1.298631 0.100152
v 0.700530 1.298631 0.100152
v 0.424531 1.644631 0.100152
v 0.341410 1.676368 0.100152
v 0.252051 1.696608 0.100152
v 0.195485 1.700789 0.100152
v 0.107223 1.693486 0.100152
v 0.013996 1.662938 0.100152
v -0.064402 1.611849 0.100152
v -0.125256 1.542909 0.100152
v -0.155548 1.484631 0.100152
v -0.176713 1.416192 0.100152
v -0.183470 1.340631 0.100152
v -0.178083 1.281763 0.100152
v -0.152832 1.203791 0.100152
v -0.107243 1.129876 0.100152
v -0.040775 1.066936 0.100152
v 0.047231 1.021606 0.100152
v 0.123512 1.004590 0.100152
v 0.192967 1.000438 0.100152
v 0.273461 1.006524 0.100152
v 0.367534 1.030705 0.100152
v 0.431530 1.060631 0.100152
v 0.431474 1.167140 0.100152
v 0.359741 1.127864 0.100152
v 0.278974 1.100354 0.100152
v 0.206879 1.090465 0.100152
v 0.130642 1.095671 0.100152
v 0.061364 1.117198 0.100152
v 0.003782 1.153390 0.100152
v -0.040481 1.202582 0.100152
v -0.068662 1.260264 0.100152
v -0.080171 1.312394 0.100152
v -0.082133 1.371913 0.100152
v -0.073155 1.421048 0.100152
v -0.053860 1.472024 0.100152
v -0.015114 1.526829 0.100152
v 0.037101 1.569572 0.100152
v 0.100648 1.598214 0.100152
v 0.151408 1.608361 0.100152
v 0.217959 1.610345 0.100152
v 0.285743 1.599124 0.100152
v 0.343067 1.580504 0.100152
v 0.424457 1.540461 0.100152
v -0.307470 1.691631 0.100152
v -0.405470 1.691631 0.100152
v -0.405470 1.009631 0.100152
v -0.307470 1.009631 0.100152
v -0.540712 1.653644 0.100152
v -0.610568 1.688211 0.100152
v -0.676960 1.700628 0.100152
v -0.756083 1.694806 0.100152
v -0.815406 1.671313 0.100152
v -0.860418 1.634650 0.100152
v -0.884704 1.593897 0.100152
v -0.896446 1.556566 0.100152
v -0.899470 1.518631 0.100152
v -0.893665 1.475272 0.100152
v -0.877618 1.438011 0.100152
v -0.853376 1.405819 0.100152
v -0.810796 1.367679 0.100152
v -0.686935 1.289247 0.100152
v -0.631435 1.243510 0.100152
v -0.610274 1.207448 0.100152
v -0.604461 1.165958 0.100152
v -0.619008 1.130134 0.100152
v -0.652565 1.101858 0.100152
v -0.690104 1.090342 0.100152
v -0.742125 1.089591 0.100152
v -0.789969 1.103436 0.100152
v -0.836044 1.128523 0.100152
v -0.895216 1.185704 0.100152
v -0.895470 1.063631 0.100152
v -0.856891 1.037692 0.100152
v -0.806458 1.015792 0.100152
v -0.750034 1.002735 0.100152
v -0.685050 1.001213 0.100152
v -0.637608 1.010730 0.100152
v -0.593630 1.031861 0.100152
v -0.551218 1.070107 0.100152
v -0.527844 1.111584 0.100152
v -0.516395 1.148983 0.100152
v -0.513469 1.185631 0.100152
v -0.519274 1.235522 0.100152
v -0.535321 1.277511 0.100152
v -0.572435 1.327811 0.100152
v -0.634498 1.375146 0.100152
v -0.752548 1.444497 0.100152
v -0.786617 1.475585 0.100152
v -0.802665 1.501448 0.100152
v -0.808470 1.531631 0.100152
v -0.804957 1.555729 0.100152
v -0.790541 1.579059 0.100152
v -0.767304 1.597629 0.100152
v -0.722907 1.611973 0.100152
v -0.668011 1.610441 0.100152
v -0.615872 1.594516 0.100152
v -0.575140 1.570410 0.100152
v -0.540502 1.542052 0.100152
v -1.242470 1.456631 0.100152
v -1.425470 1.691631 0.100152
v -1.543470 1.691631 0.100152
v -1.290470 1.370631 0.100152
v -1.290470 1.009631 0.100152
v -1.192470 1.009631 0.100152
v -1.192470 1.369631 0.100152
v -0.939470 1.691631 0.100152
v -1.057470 1.691631 0.100152
v -1.619470 1.691631 0.100152
v -1.717470 1.691631 0.100152
v -1.717470 1.394631 0.100152
v -2.099470 1.394631 0.100152
v -2.099470 1.691631 0.100152
v -2.197470 1.691631 0.100152
v -2.197470 1.009631 0.100152
v -2.099470 1.009631 0.100152
v -2.099470 1.306631 0.100152
v -1.717470 1.306631 0.100152
v -1.717470 1.009631 0.100152
v -1.619470 1.009631 0.100152
v -2.712470 1.691631 0.100152
v -2.712470 1.009631 0.100152
v -2.614470 1.009631 0.100152
v -2.614470 1.304631 0.100152
v -2.481477 1.305580 0.100152
v -2.421117 1.315579 0.100152
v -2.367536 1.337934 0.100152
v -2.327362 1.370213 0.100152
v -2.300060 1.410804 0.100152
v -2.285230 1.458198 0.100152
v -2.282624 1.511528 0.100152
v -2.291934 1.562754 0.100152
v -2.312909 1.607504 0.100152
v -2.345846 1.644514 0.100152
v -2.376988 1.664816 0.100152
v -2.418551 1.681756 0.100152
v -2.474686 1.690997 0.100152
v -2.614470 1.603631 0.100152
v -2.471863 1.602281 0.100152
v -2.435016 1.590830 0.100152
v -2.411874 1.574632 0.100152
v -2.396176 1.553981 0.100152
v -2.383845 1.517684 0.100152
v -2.385740 1.473772 0.100152
v -2.395371 1.446444 0.100152
v -2.411680 1.424422 0.100152
v -2.434145 1.407908 0.100152
v -2.475004 1.393899 0.100152
v -2.614470 1.392631 0.100152
v 3.560530 -0.990369 0.000152
v 3.822774 -0.989670 0.000152
v 3.885673 -0.979682 0.000152
v 3.931197 -0.961850 0.000152
v 3.966083 -0.939622 0.000152
v 3.998502 -0.905102 0.000152
v 4.016014 -0.872244 0.000152
v 4.027748 -0.830516 0.000152
v 4.026247 -0.776687 0.000152
v 4.010631 -0.727476 0.000152
v 3.979168 -0.685789 0.000152
v 3.945189 -0.659637 0.000152
v 3.903413 -0.640287 0.000152
v 3.864289 -0.629753 0.000152
v 3.904143 -0.608939 0.000152
v 3.947035 -0.567242 0.000152
v 3.965699 -0.518822 0.000152
v 3.968465 -0.471798 0.000152
v 3.960942 -0.430601 0.000152
v 3.942101 -0.390764 0.000152
v 3.911608 -0.356224 0.000152
v 3.868901 -0.329334 0.000152
v 3.804351 -0.310535 0.000152
v 3.560530 -0.308369 0.000152
v 3.658530 -0.396369 0.000152
v 3.765197 -0.396843 0.000152
v 3.804436 -0.403153 0.000152
v 3.836228 -0.419695 0.000152
v 3.853053 -0.437673 0.000152
v 3.866429 -0.469271 0.000152
v 3.865698 -0.516359 0.000152
v 3.856195 -0.545031 0.000152
v 3.838975 -0.567653 0.000152
v 3.813797 -0.584435 0.000152
v 3.766395 -0.598557 0.000152
v 3.658530 -0.600369 0.000152
v 3.658530 -0.688369 0.000152
v 3.816177 -0.689815 0.000152
v 3.870215 -0.705473 0.000152
v 3.896945 -0.723039 0.000152
v 3.914648 -0.744069 0.000152
v 3.925143 -0.770337 0.000152
v 3.927074 -0.813037 0.000152
v 3.911779 -0.851392 0.000152
v 3.892004 -0.872595 0.000152
v 3.864160 -0.888828 0.000152
v 3.817225 -0.900932 0.000152
v 3.658530 -0.902369 0.000152
v 3.180530 -0.304369 0.000152
v 3.111530 -0.304369 0.000152
v 2.818530 -0.990369 0.000152
v 2.918530 -0.990369 0.000152
v 3.004530 -0.789369 0.000152
v 3.294530 -0.789369 0.000152
v 3.385530 -0.990369 0.000152
v 3.485530 -0.990369 0.000152
v 3.144530 -0.454369 0.000152
v 3.254530 -0.701369 0.000152
v 3.042530 -0.701369 0.000152
v 2.500530 -0.308369 0.000152
v 2.402530 -0.308369 0.000152
v 2.402530 -0.990369 0.000152
v 2.808530 -0.990369 0.000152
v 2.808530 -0.902369 0.000152
v 2.500530 -0.902369 0.000152
v 1.991530 -0.347369 0.000152
v 1.962789 -0.329902 0.000152
v 1.912442 -0.309553 0.000152
v 1.859192 -0.299680 0.000152
v 1.796566 -0.302011 0.000152
v 1.743595 -0.315727 0.000152
v 1.699724 -0.339735 0.000152
v 1.665967 -0.373121 0.000152
v 1.639151 -0.425374 0.000152
v 1.632530 -0.481369 0.000152
v 1.638335 -0.524728 0.000152
v 1.660415 -0.573001 0.000152
v 1.722800 -0.634022 0.000152
v 1.865112 -0.724015 0.000152
v 1.905678 -0.763915 0.000152
v 1.921726 -0.792552 0.000152
v 1.927589 -0.832695 0.000152
v 1.914073 -0.868612 0.000152
v 1.886164 -0.893729 0.000152
v 1.853536 -0.907688 0.000152
v 1.808804 -0.911469 0.000152
v 1.767310 -0.905300 0.000152
v 1.714986 -0.883865 0.000152
v 1.664412 -0.844300 0.000152
v 1.636530 -0.812369 0.000152
v 1.636723 -0.937738 0.000152
v 1.702567 -0.975753 0.000152
v 1.770707 -0.995895 0.000152
v 1.842618 -0.999127 0.000152
v 1.890143 -0.990626 0.000152
v 1.934775 -0.970436 0.000152
v 1.971379 -0.940253 0.000152
v 1.998511 -0.901452 0.000152
v 2.014736 -0.855416 0.000152
v 2.018530 -0.814369 0.000152
v 2.012726 -0.764478 0.000152
v 1.996678 -0.722489 0.000152
v 1.964505 -0.677301 0.000152
v 1.898747 -0.625542 0.000152
v 1.778663 -0.554481 0.000152
v 1.745382 -0.524415 0.000152
v 1.729335 -0.498552 0.000152
v 1.723107 -0.460745 0.000152
v 1.738773 -0.422803 0.000152
v 1.778675 -0.395495 0.000152
v 1.832385 -0.386781 0.000152
v 1.879301 -0.392948 0.000152
v 1.925888 -0.410180 0.000152
v 1.990941 -0.456178 0.000152
v 1.540497 -0.354842 0.000152
v 1.455518 -0.323752 0.000152
v 1.388597 -0.306699 0.000152
v 1.321210 -0.299288 0.000152
v 1.232121 -0.304879 0.000152
v 1.156546 -0.326369 0.000152
v 1.092387 -0.358169 0.000152
v 1.024303 -0.414484 0.000152
v 0.971443 -0.489979 0.000152
v 0.939899 -0.579527 0.000152
v 0.932396 -0.673873 0.000152
v 0.945899 -0.750428 0.000152
v 0.979442 -0.827554 0.000152
v 1.033518 -0.897728 0.000152
v 1.108696 -0.954182 0.000152
v 1.205802 -0.990377 0.000152
v 1.326696 -0.999749 0.000152
v 1.415778 -0.988353 0.000152
v 1.474300 -0.971888 0.000152
v 1.547374 -0.940207 0.000152
v 1.547530 -0.832369 0.000152
v 1.501402 -0.859829 0.000152
v 1.420878 -0.892653 0.000152
v 1.338120 -0.908897 0.000152
v 1.253289 -0.905482 0.000152
v 1.183067 -0.885339 0.000152
v 1.135954 -0.858428 0.000152
v 1.098002 -0.825588 0.000152
v 1.068641 -0.785517 0.000152
v 1.048154 -0.742663 0.000152
v 1.035829 -0.687606 0.000152
v 1.033818 -0.631294 0.000152
v 1.046466 -0.565073 0.000152
v 1.076306 -0.504116 0.000152
v 1.111030 -0.463619 0.000152
v 1.150609 -0.432200 0.000152
v 1.210607 -0.403708 0.000152
v 1.267407 -0.391640 0.000152
v 1.318026 -0.389133 0.000152
v 1.398628 -0.399391 0.000152
v 1.485071 -0.430607 0.000152
v 1.540530 -0.460369 0.000152
v 0.808530 -0.308369 0.000152
v 0.710530 -0.308369 0.000152
v 0.710530 -0.990369 0.000152
v 0.808530 -0.990369 0.000152
v 0.617530 -0.308369 0.000152
v 0.047530 -0.308369 0.000152
v 0.047530 -0.396369 0.000152
v 0.283530 -0.396369 0.000152
v 0.283530 -0.990369 0.000152
v 0.381530 -0.990369 0.000152
v 0.381530 -0.396369 0.000152
v 0.617530 -0.396369 0.000152
v -0.747177 -0.672323 0.000152
v -0.731467 -0.757569 0.000152
v -0.693680 -0.838622 0.000152
v -0.636007 -0.907325 0.000152
v -0.560213 -0.959660 0.000152
v -0.463564 -0.992926 0.000152
v -0.354793 -0.999021 0.000152
v -0.275928 -0.986221 0.000152
v -0.209731 -0.963193 0.000152
v -0.131557 -0.912366 0.000152
v -0.072100 -0.844898 0.000152
v -0.039641 -0.781681 0.000152
v -0.020459 -0.717444 0.000152
v -0.014470 -0.649369 0.000152
v -0.019641 -0.583493 0.000152
v -0.047020 -0.497119 0.000152
v -0.095276 -0.421975 0.000152
v -0.162690 -0.361684 0.000152
v -0.247568 -0.319789 0.000152
v -0.326983 -0.302627 0.000152
v -0.404515 -0.299205 0.000152
v -0.485317 -0.312170 0.000152
v -0.553948 -0.336741 0.000152
v -0.613145 -0.373602 0.000152
v -0.660498 -0.416396 0.000152
v -0.710963 -0.490483 0.000152
v -0.741735 -0.579854 0.000152
v -0.646175 -0.671232 0.000152
v -0.642393 -0.597988 0.000152
v -0.621231 -0.532516 0.000152
v -0.584737 -0.476975 0.000152
v -0.534950 -0.433342 0.000152
v -0.471067 -0.402416 0.000152
v -0.400530 -0.389615 0.000152
v -0.344095 -0.391620 0.000152
v -0.294374 -0.401685 0.000152
v -0.232226 -0.430112 0.000152
v -0.181216 -0.472588 0.000152
v -0.150433 -0.515295 0.000152
v -0.129231 -0.561266 0.000152
v -0.115309 -0.630661 0.000152
v -0.120314 -0.703514 0.000152
v -0.135517 -0.752853 0.000152
v -0.157216 -0.794914 0.000152
v -0.200725 -0.844852 0.000152
v -0.256578 -0.881951 0.000152
v -0.322712 -0.904173 0.000152
v -0.381470 -0.909369 0.000152
v -0.433595 -0.905365 0.000152
v -0.500230 -0.884561 0.000152
v -0.556885 -0.848699 0.000152
v -0.603308 -0.797490 0.000152
v -0.632727 -0.737044 0.000152
v -1.280470 -0.990369 0.000152
v -1.018225 -0.989670 0.000152
v -0.952469 -0.979080 0.000152
v -0.885059 -0.948128 0.000152
v -0.842499 -0.905102 0.000152
v -0.824985 -0.872244 0.000152
v -0.813251 -0.830518 0.000152
v -0.814753 -0.776686 0.000152
v -0.830369 -0.727475 0.000152
v -0.861832 -0.685789 0.000152
v -0.895811 -0.659637 0.000152
v -0.937588 -0.640287 0.000152
v -0.976711 -0.629753 0.000152
v -0.936857 -0.608939 0.000152
v -0.898377 -0.572771 0.000152
v -0.876707 -0.527228 0.000152
v -0.872535 -0.471795 0.000152
v -0.880057 -0.430601 0.000152
v -0.898898 -0.390766 0.000152
v -0.937718 -0.348679 0.000152
v -0.998241 -0.319505 0.000152
v -1.053786 -0.309351 0.000152
v -1.280470 -0.308369 0.000152
v -1.182470 -0.396369 0.000152
v -1.077454 -0.396691 0.000152
v -1.036564 -0.403153 0.000152
v -1.004773 -0.419694 0.000152
v -0.987946 -0.437673 0.000152
v -0.974570 -0.469271 0.000152
v -0.975302 -0.516360 0.000152
v -0.984805 -0.545031 0.000152
v -1.002024 -0.567652 0.000152
v -1.027203 -0.584435 0.000152
v -1.074605 -0.598557 0.000152
v -1.182470 -0.600369 0.000152
v -1.182470 -0.688369 0.000152
v -1.024822 -0.689815 0.000152
v -0.972193 -0.704926 0.000152
v -0.945031 -0.722060 0.000152
v -0.922853 -0.749452 0.000152
v -0.912445 -0.797488 0.000152
v -0.925450 -0.846138 0.000152
v -0.954996 -0.877538 0.000152
v -0.995488 -0.895131 0.000152
v -1.037116 -0.901726 0.000152
v -1.182470 -0.902369 0.000152
v -2.133152 -0.625742 0.000152
v -2.130566 -0.695118 0.000152
v -2.117467 -0.757568 0.000152
v -2.079681 -0.838620 0.000152
v -2.022007 -0.907325 0.000152
v -1.946212 -0.959660 0.000152
v -1.853991 -0.991717 0.000152
v -1.745790 -0.999579 0.000152
v -1.641433 -0.981125 0.000152
v -1.554388 -0.940109 0.000152
v -1.485405 -0.880462 0.000152
v -1.435819 -0.806186 0.000152
v -1.407010 -0.721401 0.000152
v -1.400470 -0.649369 0.000152
v -1.405641 -0.583493 0.000152
v -1.433020 -0.497119 0.000152
v -1.481277 -0.421975 0.000152
v -1.548690 -0.361685 0.000152
v -1.633568 -0.319789 0.000152
v -1.712983 -0.302627 0.000152
v -1.790515 -0.299205 0.000152
v -1.891258 -0.317129 0.000152
v -1.977263 -0.357395 0.000152
v -2.046497 -0.416396 0.000152
v -2.096963 -0.490483 0.000152
v -2.121706 -0.557818 0.000152
v -2.032218 -0.668018 0.000152
v -2.028393 -0.597986 0.000152
v -2.007231 -0.532515 0.000152
v -1.970736 -0.476975 0.000152
v -1.920950 -0.433342 0.000152
v -1.873001 -0.408900 0.000152
v -1.822758 -0.394097 0.000152
v -1.751704 -0.389239 0.000152
v -1.680374 -0.401685 0.000152
v -1.618225 -0.430112 0.000152
v -1.567216 -0.472588 0.000152
v -1.529390 -0.527142 0.000152
v -1.506760 -0.591806 0.000152
v -1.501343 -0.664766 0.000152
v -1.514088 -0.734202 0.000152
v -1.543215 -0.794914 0.000152
v -1.577095 -0.835244 0.000152
v -1.615817 -0.866619 0.000152
v -1.674489 -0.895047 0.000152
v -1.748397 -0.909528 0.000152
v -1.822724 -0.904607 0.000152
v -1.873001 -0.889697 0.000152
v -1.915936 -0.868386 0.000152
v -1.956970 -0.835244 0.000152
v -1.988989 -0.797275 0.000152
v -2.019104 -0.737156 0.000152
v -2.705470 -0.308369 0.000152
v -2.705470 -0.990369 0.000152
v -2.607470 -0.990369 0.000152
v -2.607470 -0.694369 0.000152
v -2.538129 -0.695777 0.000152
v -2.487654 -0.721164 0.000152
v -2.425302 -0.790845 0.000152
v -2.295470 -0.990369 0.000152
v -2.178471 -0.990369 0.000152
v -2.243175 -0.900120 0.000152
v -2.307628 -0.796727 0.000152
v -2.350344 -0.735024 0.000152
v -2.386688 -0.695445 0.000152
v -2.422828 -0.666208 0.000152
v -2.382882 -0.646260 0.000152
v -2.343860 -0.608684 0.000152
v -2.322482 -0.571743 0.000152
v -2.311450 -0.529986 0.000152
v -2.309533 -0.485167 0.000152
v -2.319317 -0.433441 0.000152
v -2.336877 -0.397406 0.000152
v -2.359988 -0.368188 0.000152
v -2.399150 -0.338771 0.000152
v -2.450889 -0.318127 0.000152
v -2.506169 -0.309196 0.000152
v -2.607470 -0.392369 0.000152
v -2.507602 -0.393713 0.000152
v -2.461206 -0.407504 0.000152
v -2.436771 -0.424281 0.000152
v -2.414924 -0.458551 0.000152
v -2.411105 -0.518513 0.000152
v -2.424099 -0.554928 0.000152
v -2.441916 -0.576561 0.000152
v -2.475555 -0.596614 0.000152
v -2.524006 -0.605756 0.000152
v -2.607470 -0.606369 0.000152
v -1.258470 0.009631 0.000152
v -0.955455 0.010785 0.000152
v -0.867637 0.027766 0.000152
v -0.782265 0.068411 0.000152
v -0.714361 0.127191 0.000152
v -0.674322 0.184446 0.000152
v -0.647479 0.243699 0.000152
v -0.630380 0.327950 0.000152
v -0.635444 0.411934 0.000152
v -0.657827 0.488934 0.000152
v -0.700910 0.562849 0.000152
v -0.764449 0.624652 0.000152
v -0.849179 0.669151 0.000152
v -0.944383 0.689636 0.000152
v -1.258470 0.691631 0.000152
v -1.160470 0.603631 0.000152
v -0.977744 0.602798 0.000152
v -0.905842 0.590676 0.000152
v -0.839668 0.561690 0.000152
v -0.789613 0.519380 0.000152
v -0.755111 0.466186 0.000152
v -0.735793 0.404569 0.000152
v -0.731380 0.342094 0.000152
v -0.738544 0.290695 0.000152
v -0.758355 0.234639 0.000152
v -0.793821 0.180638 0.000152
v -0.835025 0.144557 0.000152
v -0.886504 0.116975 0.000152
v -0.961671 0.099502 0.000152
v -1.160470 0.097631 0.000152
v -1.409470 0.691631 0.000152
v -1.501470 0.691631 0.000152
v -1.501470 0.163631 0.000152
v -1.963470 0.691631 0.000152
v -2.041470 0.691631 0.000152
v -2.041470 0.009631 0.000152
v -1.949470 0.009631 0.000152
v -1.949470 0.534631 0.000152
v -1.493470 0.009631 0.000152
v -1.409470 0.009631 0.000152
v -2.420470 0.695631 0.000152
v -2.489470 0.695631 0.000152
v -2.782470 0.009631 0.000152
v -2.682470 0.009631 0.000152
v -2.596470 0.210631 0.000152
v -2.306470 0.210631 0.000152
v -2.215470 0.009631 0.000152
v -2.115470 0.009631 0.000152
v -2.456470 0.545631 0.000152
v -2.346470 0.298631 0.000152
v -2.558470 0.298631 0.000152
v 2.752530 1.691631 0.000152
v 2.654531 1.691631 0.000152
v 2.654531 1.009631 0.000152
v 2.752530 1.009631 0.000152
v 2.273530 1.695631 0.000152
v 2.204531 1.695631 0.000152
v 1.911530 1.009631 0.000152
v 2.011530 1.009631 0.000152
v 2.097530 1.210631 0.000152
v 2.387530 1.210631 0.000152
v 2.478530 1.009631 0.000152
v 2.578530 1.009631 0.000152
v 2.237531 1.545631 0.000152
v 2.347530 1.298631 0.000152
v 2.135530 1.298631 0.000152
v 1.315530 1.691631 0.000152
v 1.217530 1.691631 0.000152
v 1.217530 1.009631 0.000152
v 1.623530 1.009631 0.000152
v 1.623530 1.097631 0.000152
v 1.315530 1.097631 0.000152
v 0.838530 1.695631 0.000152
v 0.769530 1.695631 0.000152
v 0.476530 1.009631 0.000152
v 0.576530 1.009631 0.000152
v 0.662530 1.210631 0.000152
v 0.952530 1.210631 0.000152
v 1.043530 1.009631 0.000152
v 1.143530 1.009631 0.000152
v 0.802530 1.545631 0.000152
v 0.912530 1.298631 0.000152
v 0.700530 1.298631 0.000152
v 0.424531 1.644631 0.000152
v 0.369910 1.666263 0.000152
v 0.281461 1.691825 0.000152
v 0.205210 1.700712 0.000152
v 0.137586 1.697520 0.000152
v 0.067263 1.683587 0.000152
v -0.020190 1.644270 0.000152
v -0.091697 1.585516 0.000152
v -0.144557 1.510021 0.000152
v -0.177269 1.416249 0.000152
v -0.183247 1.322937 0.000152
v -0.170101 1.249572 0.000152
v -0.136558 1.172446 0.000152
v -0.082483 1.102272 0.000152
v -0.007304 1.045818 0.000152
v 0.089801 1.009623 0.000152
v 0.198902 1.000258 0.000152
v 0.298995 1.010837 0.000152
v 0.386366 1.038701 0.000152
v 0.431530 1.060631 0.000152
v 0.431530 1.167631 0.000152
v 0.382558 1.138828 0.000152
v 0.304878 1.107347 0.000152
v 0.222119 1.091103 0.000152
v 0.137288 1.094519 0.000152
v 0.067066 1.114662 0.000152
v 0.008392 1.149612 0.000152
v -0.037117 1.197711 0.000152
v -0.069060 1.260177 0.000152
v -0.082249 1.330680 0.000152
v -0.078291 1.401011 0.000152
v -0.056582 1.466635 0.000152
v -0.019130 1.522418 0.000152
v 0.031978 1.566317 0.000152
v 0.094607 1.596292 0.000152
v 0.165282 1.610250 0.000152
v 0.228806 1.608988 0.000152
v 0.285760 1.599268 0.000152
v 0.343064 1.580362 0.000152
v 0.424307 1.540791 0.000152
v -0.307470 1.691631 0.000152
v -0.405470 1.691631 0.000152
v -0.405470 1.009631 0.000152
v -0.307470 1.009631 0.000152
v -0.540470 1.652631 0.000152
v -0.569211 1.670098 0.000152
v -0.625841 1.692466 0.000152
v -0.679734 1.700567 0.000152
v -0.737945 1.697755 0.000152
v -0.790556 1.683276 0.000152
v -0.832276 1.660264 0.000152
v -0.867422 1.625279 0.000152
v -0.889294 1.582877 0.000152
v -0.899770 1.530593 0.000152
v -0.893665 1.475272 0.000152
v -0.871585 1.426999 0.000152
v -0.809201 1.365978 0.000152
v -0.666889 1.275985 0.000152
v -0.626322 1.236085 0.000152
v -0.610274 1.207448 0.000152
v -0.604148 1.168574 0.000152
v -0.615243 1.136339 0.000152
v -0.641060 1.108828 0.000152
v -0.680434 1.091973 0.000152
v -0.723196 1.088531 0.000152
v -0.772652 1.096607 0.000152
v -0.817945 1.117446 0.000152
v -0.860469 1.148448 0.000152
v -0.895470 1.187631 0.000152
v -0.895470 1.063631 0.000152
v -0.861023 1.040042 0.000152
v -0.815537 1.019106 0.000152
v -0.761292 1.004105 0.000152
v -0.689380 1.000873 0.000152
v -0.641856 1.009375 0.000152
v -0.597226 1.029563 0.000152
v -0.560620 1.059747 0.000152
v -0.528111 1.108317 0.000152
v -0.513282 1.173326 0.000152
v -0.519274 1.235522 0.000152
v -0.535321 1.277511 0.000152
v -0.567495 1.322700 0.000152
v -0.633251 1.374457 0.000152
v -0.753336 1.445518 0.000152
v -0.786617 1.475585 0.000152
v -0.802665 1.501448 0.000152
v -0.808904 1.540751 0.000152
v -0.792026 1.578360 0.000152
v -0.758709 1.601850 0.000152
v -0.718967 1.612058 0.000152
v -0.671531 1.610987 0.000152
v -0.619725 1.596215 0.000152
v -0.577651 1.572164 0.000152
v -0.540573 1.542337 0.000152
v -1.242470 1.456631 0.000152
v -1.425470 1.691631 0.000152
v -1.543470 1.691631 0.000152
v -1.290470 1.370631 0.000152
v -1.290470 1.009631 0.000152
v -1.192470 1.009631 0.000152
v -1.192470 1.369631 0.000152
v -0.939470 1.691631 0.000152
v -1.057470 1.691631 0.000152
v -1.619470 1.691631 0.000152
v -1.717470 1.691631 0.000152
v -1.717470 1.394631 0.000152
v -2.099470 1.394631 0.000152
v -2.099470 1.691631 0.000152
v -2.197470 1.691631 0.000152
v -2.197470 1.009631 0.000152
v -2.099470 1.009631 0.000152
v -2.099470 1.306631 0.000152
v -1.717470 1.306631 0.000152
v -1.717470 1.009631 0.000152
v -1.619470 1.009631 0.000152
v -2.712470 1.691631 0.000152
v -2.712470 1.009631 0.000152
v -2.614470 1.009631 0.000152
v -2.614470 1.304631 0.000152
v -2.486140 1.305239 0.000152
v -2.426524 1.314122 0.000152
v -2.371765 1.335501 0.000152
v -2.330435 1.366953 0.000152
v -2.301994 1.406879 0.000152
v -2.286058 1.453762 0.000152
v -2.282365 1.506818 0.000152
v -2.290634 1.558477 0.000152
v -2.310547 1.603799 0.000152
v -2.342394 1.641554 0.000152
v -2.376988 1.664816 0.000152
v -2.413435 1.680239 0.000152
v -2.470269 1.690640 0.000152
v -2.614470 1.603631 0.000152
v -2.475443 1.602731 0.000152
v -2.437494 1.592021 0.000152
v -2.413640 1.576294 0.000152
v -2.397304 1.555962 0.000152
v -2.384426 1.521475 0.000152
v -2.385221 1.476453 0.000152
v -2.394225 1.448679 0.000152
v -2.409960 1.426177 0.000152
v -2.431910 1.409153 0.000152
v -2.471383 1.394452 0.000152
v -2.614470 1.392631 0.000152
vn -0.0000 -0.0000 1.0000
vn -0.0000 -0.0000 -1.0000
vn -1.0000 -0.0000 -0.0000
vn 0.8301 -0.5575 0.0157
vn 0.8605 -0.5092 0.0182
vn 0.9457 0.3247 0.0141
vn -0.5656 -0.8246 0.0102
vn -0.5350 -0.8448 0.0058
vn 0.4500 0.8928 -0.0225
vn -0.5093 -0.8606 -0.0093
vn 0.9413 -0.3367 -0.0226
vn 0.9565 0.2913 -0.0141
vn 0.7380 -0.6745 -0.0216
vn 0.6534 -0.7569 0.0110
vn 0.5286 0.8485 0.0244
vn 0.8912 -0.4531 -0.0219
vn -0.8429 -0.5374 0.0266
vn 0.7165 0.6975 0.0099
vn 0.9979 0.0602 -0.0248
vn 0.5670 -0.8232 0.0298
vn -0.9511 -0.3080 0.0232
vn 0.9836 -0.1797 -0.0145
vn -0.2177 -0.9757 0.0243
vn -0.7494 0.6615 0.0304
vn -0.1359 0.9906 -0.0144
vn -0.4802 0.8770 -0.0134
vn 0.8507 -0.5256 -0.0090
vn -0.3935 0.9191 0.0188
vn 0.9968 -0.0796 0.0117
vn -0.7312 0.6820 0.0140
vn 0.6408 -0.7675 -0.0188
vn -0.1764 0.9841 -0.0212
vn -0.0822 -0.9966 -0.0097
vn -0.9000 0.4348 0.0307
vn 0.9870 -0.1595 0.0177
vn 0.6370 -0.7706 0.0190
vn 0.9968 0.0794 0.0114
vn -0.9020 0.4308 0.0274
vn -0.8237 0.5667 -0.0208
vn -0.0715 0.9969 0.0327
vn 0.3388 0.9406 0.0223
vn 0.9831 0.1815 0.0225
vn -0.9539 0.3000 0.0107
vn -0.2933 0.9559 -0.0128
vn -0.6265 0.7793 -0.0147
vn 0.8219 0.5695 0.0154
vn -0.4999 -0.8659 -0.0182
vn -0.6334 -0.7737 -0.0102
vn -0.2035 0.9789 0.0202
vn 0.8182 -0.5745 -0.0212
vn 0.5570 -0.8304 -0.0137
vn -0.4614 0.8870 0.0196
vn 0.4477 -0.8936 0.0315
vn 0.2564 0.9663 0.0204
vn -0.9050 0.4246 -0.0259
vn 0.7620 -0.6471 0.0270
vn -0.8508 -0.5248 0.0260
vn -0.8871 0.4611 0.0196
vn 0.0298 -0.9994 -0.0147
vn -0.2653 0.9640 -0.0197
vn 0.6243 -0.7812 -0.0038
vn 0.7011 0.7128 0.0180
vn 0.2689 -0.9629 0.0227
vn -0.4334 -0.9011 0.0116
vn -0.6358 -0.7715 -0.0251
vn -0.9778 0.2084 0.0200
vn 0.1799 0.9835 -0.0214
vn 0.2205 0.9754 0.0092
vn 0.1030 -0.9947 0.0072
vn 0.9984 0.0517 -0.0226
vn 0.9132 0.4070 0.0202
vn -0.3229 0.9459 0.0312
vn -0.4722 0.8812 0.0221
vn 0.9115 0.4105 0.0256
vn 0.0754 -0.9971 0.0063
vn -0.0199 -0.9997 0.0114
vn -0.9968 0.0795 0.0125
vn -0.3681 0.9296 0.0197
vn -0.3612 0.9324 -0.0115
vn 0.6275 0.7784 0.0166
vn -0.3012 -0.9535 -0.0086
vn 0.9790 -0.2024 -0.0225
vn -0.9752 0.2207 -0.0144
vn 0.6719 -0.7401 0.0299
vn -0.7281 0.6851 0.0229
vn -0.9387 -0.3447 -0.0099
vn 0.5358 -0.8441 -0.0206
vn -0.5183 0.8551 -0.0138
vn -0.3410 -0.9400 -0.0105
vn 0.8174 0.5761 -0.0066
vn -0.9975 -0.0635 0.0324
vn -0.3728 0.9277 -0.0173
vn -0.3112 0.9498 0.0303
vn -0.6873 -0.7258 0.0302
vn 0.2209 0.9751 0.0183
vn -0.3224 0.9465 -0.0173
vn 0.1838 0.9829 0.0138
vn 0.5010 0.8654 0.0113
vn 0.9549 -0.2968 -0.0106
vn 0.2280 -0.9735 -0.0160
vn -0.7987 -0.6015 0.0180
vn 0.5106 -0.8597 -0.0138
vn 0.4127 0.9106 -0.0212
vn -0.5607 0.8278 0.0195
vn -0.7631 -0.6461 -0.0142
vn -0.6265 0.7793 -0.0157
vn 0.8057 0.5919 0.0205
vn 0.9993 0.0347 -0.0144
vn -0.9992 0.0358 0.0184
vn 0.5518 0.8337 -0.0206
vn -0.5606 0.8275 0.0300
vn -0.9956 0.0919 -0.0154
vn -0.3584 0.9331 -0.0306
vn 0.8654 -0.5008 -0.0132
vn 0.9570 -0.2895 0.0173
vn 0.7743 0.6322 0.0289
vn 0.6947 0.7189 -0.0264
vn 0.9894 -0.1442 -0.0175
vn 0.1611 0.9867 0.0200
vn 0.3074 -0.9515 -0.0137
vn -0.6314 0.7752 0.0209
vn 0.3931 0.9194 0.0167
vn 0.6548 -0.7557 0.0117
vn 0.9980 0.0612 0.0158
vn 0.5065 0.8622 0.0004
vn 0.9955 -0.0937 -0.0150
vn 0.3462 0.9381 0.0026
vn 0.2458 -0.9693 0.0090
vn 0.8425 -0.5380 0.0274
vn 0.0331 -0.9994 -0.0141
vn -0.9996 -0.0158 -0.0247
vn -0.3230 0.9463 -0.0139
vn -0.5903 -0.8070 -0.0183
vn 0.9171 -0.3980 0.0237
vn 0.3448 -0.9384 0.0214
vn -0.9957 -0.0911 0.0139
vn 0.9993 0.0329 -0.0147
vn -0.4576 -0.8885 0.0345
vn -0.5457 0.8374 0.0302
vn 0.9562 -0.2927 0.0070
vn 0.4434 0.8961 0.0211
vn 0.2913 -0.9564 -0.0218
vn -0.0686 0.9971 0.0313
vn 0.9911 -0.1331 0.0082
vn -0.7597 0.6496 0.0290
vn -0.9434 0.3308 -0.0221
vn 0.7842 0.6203 -0.0133
vn 0.9980 -0.0568 0.0286
vn 0.5666 0.8234 0.0322
vn -0.5070 0.8620 0.0039
vn 0.2489 -0.9683 0.0218
vn 0.2779 0.9604 -0.0175
vn 0.9120 -0.4093 0.0253
vn 0.0057 -1.0000 0.0079
vn 0.1751 0.9844 0.0196
vn -0.0062 1.0000 0.0045
vn -0.0000 -1.0000 -0.0000
vn 0.9127 0.4078 0.0270
vn 0.2600 0.9656 -0.0064
vn 1.0000 -0.0000 -0.0000
vn 0.9933 0.1156 -0.0000
vn -0.9128 -0.4085 0.0003
vn -0.0725 -0.9973 -0.0074
vn -0.8188 0.5733 -0.0305
vn 0.2078 -0.9781 0.0150
vn -0.9481 0.3178 -0.0027
vn -0.7583 -0.6519 0.0001
vn -0.1584 0.9872 -0.0201
vn 0.1796 -0.9837 0.0099
vn -0.1957 -0.9806 -0.0085
vn 0.9505 -0.3108 0.0002
vn -0.7461 0.6659 -0.0000
vn -0.0146 0.9999 0.0023
vn 0.9987 0.0496 0.0078
vn -0.5441 -0.8390 -0.0000
vn -0.7863 0.6179 -0.0000
vn -0.9275 -0.3739 -0.0017
vn 0.9971 -0.0750 -0.0145
vn -0.9014 -0.4329 -0.0000
vn -0.0614 -0.9981 0.0002
vn -0.8261 0.5627 -0.0288
vn 0.8382 -0.5454 -0.0001
vn 0.0441 0.9988 -0.0207
vn -0.8286 -0.5599 -0.0000
vn -0.9014 0.4325 0.0219
vn 0.0598 -0.9982 -0.0021
vn -0.0189 -0.9998 0.0010
vn -0.0159 -0.9999 -0.0024
vn -0.9328 0.3604 0.0057
vn 0.8127 0.5827 0.0024
vn -0.1753 -0.9845 -0.0014
vn 0.9666 -0.2554 -0.0197
vn -0.8292 0.5590 -0.0007
vn 0.4647 0.8848 -0.0336
vn -0.9575 -0.2884 0.0002
vn -0.7550 -0.6558 -0.0000
vn -0.9110 -0.4124 -0.0000
vn 0.0737 0.9973 0.0064
vn -0.0000 1.0000 -0.0000
vn -1.0000 0.0010 0.0013
vn -0.8743 0.4853 0.0012
vn -0.2254 -0.9742 0.0120
vn 0.4226 -0.9063 -0.0000
vn -0.0627 0.9980 0.0096
vn 0.3673 0.9299 -0.0165
vn 0.5093 0.8606 0.0048
vn -0.7854 -0.6190 -0.0000
vn -0.0080 -1.0000 -0.0021
vn 0.1555 -0.9878 0.0011
vn 0.9507 -0.3102 -0.0002
vn 0.7558 0.6549 0.0001
vn -0.2740 0.9617 -0.0014
vn -0.4753 -0.8798 0.0014
vn -0.9338 -0.3579 0.0001
vn 0.8824 -0.4703 -0.0102
vn -0.9996 0.0280 0.0012
vn 0.9039 0.4275 -0.0146
vn -0.2605 0.9655 0.0001
vn 0.6722 0.7403 0.0011
vn -0.9309 0.3653 -0.0030
vn 0.9341 0.3570 -0.0000
vn 0.6453 -0.7639 -0.0000
vn -0.5772 -0.8163 0.0203
vn 0.0536 -0.9985 -0.0070
vn -0.5345 -0.8452 0.0049
vn 0.8979 -0.4396 0.0223
vn -0.0586 0.9983 -0.0077
vn 0.8180 0.5751 -0.0058
vn -0.3457 -0.9384 0.0004
vn -0.0265 0.9996 -0.0117
vn 0.3089 0.9511 0.0001
vn 0.9795 0.2002 0.0215
vn -0.3120 0.9501 0.0001
vn -0.9815 -0.1912 -0.0000
vn 0.6590 -0.7519 0.0215
vn 0.3285 -0.9443 -0.0205
vn 0.6576 0.7534 0.0001
vn -0.1663 -0.9861 -0.0018
vn -0.1487 0.9889 0.0007
vn 0.4119 0.9112 -0.0000
vn 0.4341 0.9006 -0.0234
vn 0.8966 0.4428 -0.0000
vn -0.9657 0.2581 0.0293
vn 0.6848 -0.7286 -0.0101
vn 0.0608 0.9982 -0.0000
vn 0.8349 0.5503 0.0001
vn 0.8355 -0.5490 0.0217
vn -0.0128 0.9999 -0.0045
vn -0.7532 -0.6577 0.0048
vn 0.5854 0.8107 -0.0033
vn 0.6542 -0.7558 -0.0290
vn 0.9434 -0.3317 0.0051
vn -0.9168 -0.3987 -0.0242
vn -0.0755 -0.9971 -0.0137
vn 0.1947 -0.9808 0.0078
vn 0.7349 0.6781 -0.0000
vn -0.3111 -0.9504 -0.0000
vn 0.3038 -0.9526 -0.0190
vn -0.5613 -0.8276 0.0019
vn 0.4491 0.8935 -0.0005
vn -0.0254 -0.9997 -0.0032
vn 0.9945 0.1047 -0.0055
vn -0.5027 -0.8644 0.0011
vn -0.0109 0.9999 0.0026
vn -0.9420 -0.3355 -0.0016
vn -0.8116 0.5842 -0.0000
vn 0.0061 1.0000 -0.0068
vn 0.4626 -0.8866 0.0052
vn 0.1568 -0.9874 -0.0220
vn 0.9571 -0.2896 0.0044
vn -0.9135 -0.4068 -0.0000
vn 0.7979 0.6022 -0.0251
vn 0.9329 -0.3596 -0.0214
vn 0.9138 0.4063 -0.0000
vn 0.9243 -0.3817 -0.0000
vn -0.9941 0.1085 -0.0050
vn 0.8497 0.5272 -0.0000
vn 0.8094 0.5873 0.0050
vn 0.5647 -0.8251 0.0186
vn -0.1303 -0.9914 0.0085
vn -0.7850 -0.6195 0.0005
vn -0.0842 0.9964 0.0115
vn 0.9021 0.4313 0.0122
vn -0.9427 0.3321 -0.0310
vn -0.3716 0.9284 -0.0000
vn 0.3979 -0.9174 0.0016
vn -0.5583 -0.8297 0.0002
vn 0.2469 0.9690 -0.0076
vn 0.0402 0.9989 0.0236
vn -0.5434 0.8395 -0.0000
vn -0.4265 -0.9045 -0.0000
vn 0.9960 -0.0876 -0.0182
vn -0.0110 -0.9999 -0.0028
vn -0.5432 0.8396 0.0001
vn -0.7788 -0.6273 0.0036
vn 0.7108 -0.7031 -0.0218
vn 0.9530 0.3024 -0.0204
vn 0.9837 0.1796 -0.0128
vn -0.9385 0.3449 -0.0184
vn -0.1751 0.9841 -0.0315
vn 0.1853 -0.9827 -0.0002
vn -0.1828 -0.9832 0.0001
vn 0.9504 -0.3109 -0.0000
vn -0.9477 -0.3191 -0.0001
vn -0.7499 0.6615 -0.0051
vn -0.7656 0.6432 0.0139
vn 0.9988 -0.0483 0.0086
vn -0.4124 -0.9110 0.0001
vn -0.9421 -0.3333 -0.0367
vn 0.1943 0.9809 -0.0083
vn -0.9981 -0.0620 0.0011
vn -0.6368 0.7710 -0.0070
vn 0.9600 0.2791 -0.0231
vn -0.0672 0.9977 0.0063
vn 0.2776 0.9605 -0.0179
vn -0.9803 0.1964 -0.0184
vn -0.9358 0.3526 -0.0035
vn 0.6546 -0.7559 0.0053
vn 0.9983 -0.0591 -0.0001
vn 0.3743 -0.9273 -0.0000
vn 0.5524 0.8336 -0.0028
vn -0.2868 -0.9580 0.0030
vn -0.9995 -0.0303 -0.0016
vn -0.9448 0.3276 -0.0001
vn -0.5036 0.8638 0.0116
vn -0.7398 -0.6728 0.0001
vn 0.9734 -0.2285 0.0173
vn 0.7496 0.6617 -0.0160
vn -0.9196 0.3928 -0.0000
vn -0.9912 -0.1327 -0.0000
vn 0.6161 0.7875 0.0173
vn 0.9861 0.1661 0.0014
vn -0.0347 -0.9994 -0.0024
vn -0.4904 0.8715 0.0001
vn 0.1749 0.9846 0.0002
vn 1.0000 -0.0028 -0.0028
vn 0.5159 0.8567 0.0014
vn 0.8264 -0.5631 -0.0000
vn 0.9445 0.3278 -0.0224
vn -0.2735 0.9617 -0.0192
vn 0.7591 -0.6509 0.0141
vn -0.9979 0.0642 0.0001
vn 0.5447 0.8386 -0.0000
vn 0.9984 -0.0516 0.0227
vn 0.4225 -0.9063 0.0066
vn 0.4319 0.9019 0.0002
vn -0.5285 0.8487 -0.0197
vn -0.9985 0.0552 0.0057
vn 0.9971 0.0757 0.0110
vn 0.5448 -0.8380 -0.0307
vn 0.0034 -1.0000 0.0019
vn 0.1798 0.9836 -0.0154
vn -0.0037 1.0000 0.0011
vn 0.2640 0.9645 -0.0042
vn 0.9798 0.1998 0.0057
vn -0.9815 0.1917 -0.0000
vn 0.3034 0.9529 -0.0066
vn -0.6502 0.7598 -0.0000
vn 0.3604 0.9328 -0.0001
vn 0.8492 0.5281 0.0017
vn 0.7325 0.6807 -0.0008
vn 0.7091 -0.7051 0.0027
vn 0.0049 -1.0000 0.0032
vn 0.7526 0.6585 -0.0000
vn 0.8194 -0.5730 -0.0179
vn 0.8943 0.4475 0.0022
vn -0.9490 0.3152 -0.0094
vn 0.8234 -0.5674 0.0001
vn -0.1943 0.9807 -0.0194
vn -0.7918 -0.6102 -0.0276
vn 0.0534 0.9986 0.0033
vn -0.3755 0.9267 0.0159
vn 0.5890 0.8079 0.0171
vn -0.6300 -0.7766 0.0002
vn 0.5762 -0.8172 0.0150
vn -0.0442 0.9990 -0.0035
vn 0.0034 1.0000 -0.0017
vn -0.2841 -0.9588 0.0007
vn -0.6026 0.7980 0.0001
vn 0.3832 0.9237 0.0028
vn -0.0039 -1.0000 0.0006
vn 0.6099 0.7924 -0.0122
vn 0.3647 -0.9311 -0.0122
vn -0.9134 -0.4071 -0.0051
vn 0.6873 0.7260 -0.0242
vn 0.1401 0.9901 -0.0077
vn 0.6127 0.7903 -0.0040
vn -0.7011 -0.7128 0.0171
vn -0.9980 0.0628 -0.0076
vn 0.9757 0.2184 0.0174
vn -0.4205 0.9073 -0.0001
vn -0.5904 -0.8071 0.0006
vn 0.2757 0.9610 0.0217
vn 0.6425 -0.7663 -0.0001
vn -0.1332 -0.9911 -0.0007
vn 0.1269 -0.9919 -0.0105
vn -0.9818 -0.1898 0.0026
vn -0.3176 -0.9482 -0.0029
vn -0.6681 0.7439 0.0116
vn -0.3076 0.9515 -0.0001
vn -0.6383 -0.7698 0.0085
vn 0.9018 -0.4321 0.0001
vn -0.4238 0.9052 -0.0305
vn 0.4446 0.8956 0.0138
vn 0.4371 -0.8994 -0.0002
vn 0.9964 -0.0847 -0.0042
vn -0.9971 -0.0761 0.0089
vn -0.2968 -0.9549 0.0015
vn -0.5120 0.8588 0.0184
vn 0.9803 0.1976 0.0002
vn 0.0053 1.0000 -0.0034
vn 0.8998 -0.4363 0.0002
vn -0.9892 0.1464 -0.0004
vn -0.6556 -0.7551 0.0002
vn 0.8636 0.5034 -0.0268
vn -0.4397 -0.8982 -0.0005
vn 0.1051 -0.9943 -0.0161
vn -0.9928 -0.1198 -0.0057
vn 0.9853 0.1708 0.0056
vn 1.0000 0.0005 0.0009
vn -0.4829 0.8755 -0.0153
vn 0.7863 -0.6178 -0.0000
vn 0.5193 0.8545 -0.0074
vn 0.8309 -0.5561 -0.0205
vn 0.9857 0.1684 0.0001
vn 0.6160 -0.7878 -0.0001
vn 0.5134 -0.8581 0.0001
vn -0.2497 0.9682 0.0137
vn 0.9989 0.0468 0.0063
vn -0.5442 -0.8390 0.0001
vn 0.9981 -0.0587 -0.0169
vn 0.9194 -0.3934 -0.0000
vn 0.5327 0.8461 -0.0172
vn -0.7123 0.7018 0.0001
vn 0.1864 -0.9825 0.0003
vn 0.9470 -0.3211 0.0001
vn -0.6332 0.7740 -0.0092
vn -0.8669 -0.4985 -0.0037
vn 0.9980 0.0636 -0.0007
vn -0.3469 -0.9378 0.0102
vn 1.0000 -0.0010 -0.0005
vn -0.4752 -0.8799 0.0017
vn 1.0000 0.0002 -0.0001
vn 0.1915 -0.9815 0.0055
vn 0.9513 -0.3075 0.0221
vn 0.7465 0.6654 0.0020
vn 0.1893 0.9819 0.0072
vn 0.9497 0.3131 -0.0000
vn -0.9556 0.2944 0.0144
vn 0.0052 1.0000 0.0020
vn 0.7499 -0.6609 -0.0293
vn 0.1649 -0.9863 -0.0004
vn 0.4576 -0.8891 0.0028
vn 0.7857 0.6186 -0.0055
vn -0.9770 -0.2117 0.0242
vn -0.9991 -0.0372 -0.0186
vn 0.9983 -0.0545 0.0218
vn 0.4541 -0.8908 0.0139
vn 0.9964 0.0847 0.0043
vn -0.4359 0.8997 0.0208
vn 0.0034 1.0000 -0.0014
vn -0.4492 -0.8931 0.0253
vn 0.1518 0.9884 -0.0009
vn -0.8386 -0.5448 0.0017
vn 0.6253 0.7804 -0.0002
vn 0.1867 -0.9824 -0.0094
vn -0.2096 0.9778 0.0064
vn 0.9803 0.1974 0.0058
vn -0.9972 0.0752 -0.0050
vn 0.2862 0.9582 -0.0000
vn -0.4099 0.9117 -0.0301
vn 0.6425 -0.7662 -0.0000
vn -0.6002 -0.7992 -0.0321
vn 0.4291 -0.9033 0.0043
vn -0.4078 -0.9131 0.0011
vn 0.1486 0.9889 -0.0047
vn 0.8711 -0.4909 0.0137
vn -0.7291 0.6842 0.0150
vn -0.2832 -0.9591 -0.0003
vn 0.1713 0.9852 -0.0011
vn -0.3365 0.9417 -0.0014
vn -0.9995 0.0302 0.0013
vn -0.5619 -0.8272 0.0001
vn -0.1668 -0.9860 -0.0028
vn 0.6946 -0.7194 -0.0102
vn -0.1523 0.9882 -0.0133
vn 0.4202 0.9073 -0.0110
vn -0.6867 -0.7269 -0.0138
vn 0.7532 0.6577 0.0140
vn 0.1601 -0.9870 0.0147
vn -0.2834 -0.9589 -0.0146
vn -0.9890 -0.1479 0.0014
vn 0.9241 -0.3816 0.0195
vn -0.9829 -0.1841 0.0001
vn -0.3371 -0.9415 0.0005
vn 0.4959 0.8682 0.0140
vn 0.1015 0.9948 -0.0021
vn 0.4289 -0.9031 0.0209
vn -0.6371 0.7702 -0.0289
vn -0.1923 0.9813 0.0053
vn -0.5083 0.8612 -0.0020
vn -0.8330 0.5532 -0.0001
vn -0.0614 -0.9981 -0.0001
vn -0.8900 0.4558 -0.0085
vn -0.0825 0.9966 0.0033
vn -0.8111 -0.5847 0.0139
vn -0.2870 -0.9579 0.0017
vn 0.7348 0.6778 -0.0236
vn -0.9792 -0.2025 0.0110
vn 0.2997 -0.9540 -0.0055
vn -0.3171 -0.9484 0.0002
vn 0.6631 -0.7485 -0.0002
vn 0.6283 0.7779 0.0137
vn -0.6483 0.7608 -0.0295
vn -0.9833 0.1805 0.0223
vn -0.6490 -0.7608 -0.0000
vn 0.0001 -1.0000 0.0002
vn 0.8872 0.4614 0.0041
vn -0.9962 0.0849 -0.0200
vn -0.6002 -0.7998 -0.0077
vn -0.0058 -1.0000 -0.0022
vn -0.9396 0.3423 -0.0006
vn -0.8458 -0.5335 0.0002
vn 0.9797 -0.1988 -0.0269
vn 0.6969 0.7165 -0.0303
vn -0.1656 -0.9862 -0.0030
vn 1.0000 0.0003 0.0003
vn 1.0000 -0.0014 -0.0008
vn 0.3613 0.9324 0.0044
vn 0.2488 -0.9685 0.0090
vn -0.7054 0.7086 -0.0170
vn -0.6442 0.7645 -0.0208
vn -0.7857 0.6186 -0.0000
vn 0.7890 0.6144 -0.0000
vn 0.0060 -1.0000 0.0016
vn 0.8222 -0.5692 -0.0001
vn 0.9106 0.4134 0.0002
vn -0.9168 0.3993 -0.0037
vn 0.2796 0.9599 -0.0200
vn 0.7288 -0.6845 -0.0166
vn -0.7721 -0.6355 -0.0011
vn 0.9530 0.3024 -0.0169
vn 0.3094 0.9508 0.0146
vn -1.0000 0.0007 0.0009
vn -0.8970 0.4420 0.0023
vn -0.2346 -0.9720 0.0131
vn 0.3791 0.9252 0.0154
vn 0.9963 -0.0862 -0.0024
vn -0.3933 0.9192 0.0210
vn 0.3684 0.9297 -0.0000
vn -0.0456 0.9990 0.0003
vn 0.6398 0.7685 -0.0056
vn 0.9820 -0.1876 0.0218
vn 0.3436 0.9391 -0.0001
vn 0.2708 -0.9626 -0.0054
vn 0.8929 0.4502 0.0056
vn 0.0829 0.9965 -0.0033
vn -0.9001 -0.4356 -0.0055
vn -0.0355 -0.9993 0.0144
vn 0.8894 -0.4567 -0.0182
vn -0.0039 -1.0000 -0.0008
vn 0.6017 0.7987 -0.0000
vn -0.3798 0.9250 0.0040
vn 0.4036 -0.9149 -0.0078
vn 0.7523 0.6588 -0.0054
vn -0.1785 0.9839 0.0067
vn 0.8203 0.5720 0.0007
vn -0.1854 0.9824 0.0241
vn 0.4530 -0.8915 0.0040
vn -0.0078 1.0000 0.0031
vn 0.4297 -0.9025 -0.0307
vn 0.5220 0.8530 -0.0000
vn -0.9841 -0.1763 -0.0218
vn 0.9982 -0.0562 0.0220
vn 0.4213 -0.9069 -0.0000
vn -0.3490 -0.9364 -0.0364
vn -0.6345 0.7723 -0.0302
vn 0.1158 0.9932 -0.0135
vn -0.1926 0.9811 0.0187
vn 0.7457 0.6661 0.0109
vn -0.2665 -0.9638 -0.0077
vn -0.9891 -0.1469 -0.0035
vn 0.9747 -0.2223 -0.0238
vn -0.9473 0.3204 -0.0000
vn -0.7879 -0.6158 0.0002
vt 0.000000 0.000000
vt 1.000000 0.000000
vt 0.752381 0.000000
vt 0.485714 0.000000
vt 0.742857 0.000000
vt 0.495238 0.000000
vt 0.780210 0.000000
vt 0.716715 0.000000
vt 0.511998 0.000000
vt 0.469052 0.000000
vt 0.690798 0.000000
vt 0.535455 0.000000
vt 0.452095 0.000000
vt 0.022392 0.000000
vt 0.983245 0.000000
vt 0.805203 0.000000
vt 0.243882 0.000000
vt 0.274138 0.000000
vt 0.672059 0.000000
vt 0.966166 0.000000
vt 0.558139 0.000000
vt 0.434060 0.000000
vt 0.948188 0.000000
vt 0.043107 0.000000
vt 0.057143 0.000000
vt 0.925125 0.000000
vt 0.072253 0.000000
vt 0.090339 0.000000
vt 0.892679 0.000000
vt 0.113985 0.000000
vt 0.143134 0.000000
vt 0.862473 0.000000
vt 0.171320 0.000000
vt 0.843670 0.000000
vt 0.195907 0.000000
vt 0.824035 0.000000
vt 0.214038 0.000000
vt 0.653431 0.000000
vt 0.300975 0.000000
vt 0.634674 0.000000
vt 0.323486 0.000000
vt 0.352510 0.000000
vt 0.604887 0.000000
vt 0.377158 0.000000
vt 0.396206 0.000000
vt 0.576859 0.000000
vt 0.415163 0.000000
vt 0.200000 0.000000
vt 0.300000 0.000000
vt 0.400000 0.000000
vt 0.100000 0.000000
vt 0.800000 0.000000
vt 0.900000 0.000000
vt 0.500000 0.000000
vt 0.600000 0.000000
vt 0.700000 0.000000
vt 0.458194 0.000000
vt 0.494952 0.000000
vt 0.504132 0.000000
vt 0.522006 0.000000
vt 0.549609 0.000000
vt 0.206612 0.000000
vt 0.214876 0.000000
vt 0.793388 0.000000
vt 0.198347 0.000000
vt 0.804960 0.000000
vt 0.182535 0.000000
vt 0.831277 0.000000
vt 0.582062 0.000000
vt 0.425328 0.000000
vt 0.395928 0.000000
vt 0.609269 0.000000
vt 0.112542 0.000000
vt 0.863926 0.000000
vt 0.896243 0.000000
vt 0.262986 0.000000
vt 0.774005 0.000000
vt 0.234453 0.000000
vt 0.129050 0.000000
vt 0.223140 0.000000
vt 0.785124 0.000000
vt 0.161913 0.000000
vt 0.145507 0.000000
vt 0.368509 0.000000
vt 0.926772 0.000000
vt 0.089344 0.000000
vt 0.624775 0.000000
vt 0.055012 0.000000
vt 0.979967 0.000000
vt 0.999870 0.000000
vt 0.303566 0.000000
vt 0.335786 0.000000
vt 0.674270 0.000000
vt 0.690747 0.000000
vt 0.702479 0.000000
vt 0.289256 0.000000
vt 0.710744 0.000000
vt 0.719008 0.000000
vt 0.955559 0.000000
vt 0.022026 0.000000
vt 0.641280 0.000000
vt 0.657780 0.000000
vt 0.278899 0.000000
vt 0.731092 0.000000
vt 0.746143 0.000000
vt 0.274115 0.000000
vt 0.294901 0.000000
vt 0.716422 0.000000
vt 0.736035 0.000000
vt 0.253304 0.000000
vt 0.752577 0.000000
vt 0.237113 0.000000
vt 0.769025 0.000000
vt 0.222506 0.000000
vt 0.789582 0.000000
vt 0.201948 0.000000
vt 0.824742 0.000000
vt 0.841052 0.000000
vt 0.164948 0.000000
vt 0.149599 0.000000
vt 0.861646 0.000000
vt 0.379627 0.000000
vt 0.635161 0.000000
vt 0.356424 0.000000
vt 0.885648 0.000000
vt 0.117796 0.000000
vt 0.134021 0.000000
vt 0.655742 0.000000
vt 0.336016 0.000000
vt 0.675398 0.000000
vt 0.315530 0.000000
vt 0.695914 0.000000
vt 0.809239 0.000000
vt 0.181377 0.000000
vt 0.608569 0.000000
vt 0.928784 0.000000
vt 0.084090 0.000000
vt 0.044538 0.000000
vt 0.413766 0.000000
vt 0.574046 0.000000
vt 0.974529 0.000000
vt 0.494675 0.000000
vt 0.505155 0.000000
vt 0.532634 0.000000
vt 0.000044 0.000000
vt 0.449263 0.000000
vt 0.333333 0.000000
vt 0.666667 0.000000
vt 0.142857 0.000000
vt 0.285714 0.000000
vt 0.428571 0.000000
vt 0.857143 0.000000
vt 0.571429 0.000000
vt 0.714286 0.000000
vt 0.963155 0.000000
vt 0.978947 0.000000
vt 0.048354 0.000000
vt 0.027280 0.000000
vt 0.995602 0.000000
vt 0.005264 0.000000
vt 0.511552 0.000000
vt 0.489442 0.000000
vt 0.532569 0.000000
vt 0.469328 0.000000
vt 0.553573 0.000000
vt 0.448281 0.000000
vt 0.922039 0.000000
vt 0.943067 0.000000
vt 0.090391 0.000000
vt 0.574590 0.000000
vt 0.589474 0.000000
vt 0.427261 0.000000
vt 0.410526 0.000000
vt 0.110402 0.000000
vt 0.901021 0.000000
vt 0.131697 0.000000
vt 0.884211 0.000000
vt 0.621053 0.000000
vt 0.394861 0.000000
vt 0.605180 0.000000
vt 0.069396 0.000000
vt 0.153667 0.000000
vt 0.848249 0.000000
vt 0.869265 0.000000
vt 0.374499 0.000000
vt 0.637871 0.000000
vt 0.658914 0.000000
vt 0.353462 0.000000
vt 0.174622 0.000000
vt 0.827224 0.000000
vt 0.679934 0.000000
vt 0.332492 0.000000
vt 0.195617 0.000000
vt 0.215720 0.000000
vt 0.806202 0.000000
vt 0.785193 0.000000
vt 0.231579 0.000000
vt 0.768421 0.000000
vt 0.248271 0.000000
vt 0.752532 0.000000
vt 0.269421 0.000000
vt 0.731525 0.000000
vt 0.290468 0.000000
vt 0.710522 0.000000
vt 0.311496 0.000000
vt 0.694737 0.000000
vt 0.780209 0.000000
vt 0.512637 0.000000
vt 0.465120 0.000000
vt 0.690798 0.000000
vt 0.017337 0.000000
vt 0.983758 0.000000
vt 0.535455 0.000000
vt 0.967043 0.000000
vt 0.033659 0.000000
vt 0.806007 0.000000
vt 0.243922 0.000000
vt 0.268719 0.000000
vt 0.672059 0.000000
vt 0.558138 0.000000
vt 0.443507 0.000000
vt 0.224412 0.000000
vt 0.824889 0.000000
vt 0.205399 0.000000
vt 0.925125 0.000000
vt 0.948189 0.000000
vt 0.052523 0.000000
vt 0.072254 0.000000
vt 0.090339 0.000000
vt 0.892686 0.000000
vt 0.113984 0.000000
vt 0.144301 0.000000
vt 0.862473 0.000000
vt 0.167487 0.000000
vt 0.843671 0.000000
vt 0.186425 0.000000
vt 0.653431 0.000000
vt 0.301785 0.000000
vt 0.634675 0.000000
vt 0.333953 0.000000
vt 0.604886 0.000000
vt 0.358490 0.000000
vt 0.377158 0.000000
vt 0.396206 0.000000
vt 0.576859 0.000000
vt 0.420184 0.000000
vt 0.963156 0.000000
vt 0.984163 0.000000
vt 0.048353 0.000000
vt 0.027280 0.000000
vt 0.006201 0.000000
vt 0.511551 0.000000
vt 0.494737 0.000000
vt 0.478916 0.000000
vt 0.532569 0.000000
vt 0.458803 0.000000
vt 0.553572 0.000000
vt 0.922039 0.000000
vt 0.942133 0.000000
vt 0.090391 0.000000
vt 0.574590 0.000000
vt 0.594671 0.000000
vt 0.416763 0.000000
vt 0.111348 0.000000
vt 0.900083 0.000000
vt 0.615697 0.000000
vt 0.395786 0.000000
vt 0.132635 0.000000
vt 0.878851 0.000000
vt 0.069396 0.000000
vt 0.437767 0.000000
vt 0.153667 0.000000
vt 0.863158 0.000000
vt 0.637871 0.000000
vt 0.658913 0.000000
vt 0.353462 0.000000
vt 0.174622 0.000000
vt 0.831579 0.000000
vt 0.332492 0.000000
vt 0.216662 0.000000
vt 0.795695 0.000000
vt 0.774694 0.000000
vt 0.237738 0.000000
vt 0.757895 0.000000
vt 0.252632 0.000000
vt 0.269421 0.000000
vt 0.742955 0.000000
vt 0.290467 0.000000
vt 0.721961 0.000000
vt 0.311496 0.000000
vt 0.815774 0.000000
vt 0.700953 0.000000
vt 0.021505 0.000000
vt 0.032258 0.000000
vt 0.010753 0.000000
vt 0.064347 0.000000
vt 0.970779 0.000000
vt 0.720430 0.000000
vt 0.092019 0.000000
vt 0.752230 0.000000
vt 0.702247 0.000000
vt 0.683372 0.000000
vt 0.781006 0.000000
vt 0.661943 0.000000
vt 0.117753 0.000000
vt 0.451479 0.000000
vt 0.936370 0.000000
vt 0.193686 0.000000
vt 0.291029 0.000000
vt 0.182796 0.000000
vt 0.152571 0.000000
vt 0.356624 0.000000
vt 0.396448 0.000000
vt 0.426050 0.000000
vt 0.480709 0.000000
vt 0.909830 0.000000
vt 0.517494 0.000000
vt 0.887584 0.000000
vt 0.554634 0.000000
vt 0.851757 0.000000
vt 0.587828 0.000000
vt 0.608677 0.000000
vt 0.811542 0.000000
vt 0.629965 0.000000
vt 0.645161 0.000000
vt 0.490566 0.000000
vt 0.509434 0.000000
vt 0.577707 0.000000
vt 0.458690 0.000000
vt 0.543766 0.000000
vt 0.034135 0.000000
vt 0.967964 0.000000
vt 0.943396 0.000000
vt 0.056604 0.000000
vt 0.086610 0.000000
vt 0.916798 0.000000
vt 0.615118 0.000000
vt 0.407250 0.000000
vt 0.433962 0.000000
vt 0.124241 0.000000
vt 0.160291 0.000000
vt 0.879607 0.000000
vt 0.842060 0.000000
vt 0.188679 0.000000
vt 0.804064 0.000000
vt 0.218696 0.000000
vt 0.765141 0.000000
vt 0.255935 0.000000
vt 0.727580 0.000000
vt 0.294376 0.000000
vt 0.689932 0.000000
vt 0.332213 0.000000
vt 0.652473 0.000000
vt 0.369826 0.000000
vt 0.777778 0.000000
vt 0.555556 0.000000
vt 0.444444 0.000000
vt 0.888889 0.000000
vt 0.222222 0.000000
vt 0.111111 0.000000
vt 0.284527 0.000000
vt 0.305235 0.000000
vt 0.707091 0.000000
vt 0.726676 0.000000
vt 0.263667 0.000000
vt 0.742268 0.000000
vt 0.247423 0.000000
vt 0.758826 0.000000
vt 0.231856 0.000000
vt 0.773196 0.000000
vt 0.216495 0.000000
vt 0.789582 0.000000
vt 0.201948 0.000000
vt 0.346223 0.000000
vt 0.666027 0.000000
vt 0.325788 0.000000
vt 0.686571 0.000000
vt 0.645451 0.000000
vt 0.374469 0.000000
vt 0.360825 0.000000
vt 0.891294 0.000000
vt 0.120801 0.000000
vt 0.865979 0.000000
vt 0.140214 0.000000
vt 0.851350 0.000000
vt 0.160797 0.000000
vt 0.830754 0.000000
vt 0.810160 0.000000
vt 0.181377 0.000000
vt 0.088075 0.000000
vt 0.621811 0.000000
vt 0.408953 0.000000
vt 0.927613 0.000000
vt 0.040269 0.000000
vt 0.584394 0.000000
vt 0.494845 0.000000
vt 0.505293 0.000000
vt 0.542987 0.000000
vt 0.999795 0.000000
vt 0.457048 0.000000
vt 0.958184 0.000000
vt 0.459335 0.000000
vt 0.495185 0.000000
vt 0.526410 0.000000
vt 0.801653 0.000000
vt 0.186505 0.000000
vt 0.819181 0.000000
vt 0.173554 0.000000
vt 0.582063 0.000000
vt 0.409912 0.000000
vt 0.553692 0.000000
vt 0.609269 0.000000
vt 0.262986 0.000000
vt 0.774002 0.000000
vt 0.234453 0.000000
vt 0.117257 0.000000
vt 0.137285 0.000000
vt 0.859994 0.000000
vt 0.888419 0.000000
vt 0.434518 0.000000
vt 0.157145 0.000000
vt 0.839380 0.000000
vt 0.922884 0.000000
vt 0.089344 0.000000
vt 0.384845 0.000000
vt 0.624776 0.000000
vt 0.363412 0.000000
vt 0.047046 0.000000
vt 0.979968 0.000000
vt 0.999870 0.000000
vt 0.000430 0.000000
vt 0.661187 0.000000
vt 0.677686 0.000000
vt 0.334602 0.000000
vt 0.304749 0.000000
vt 0.690747 0.000000
vt 0.955560 0.000000
vt 0.641280 0.000000
vt 0.278899 0.000000
vt 0.731093 0.000000
vt 0.746143 0.000000
vt 0.125000 0.000000
vt 0.250000 0.000000
vt 0.375000 0.000000
vt 0.750000 0.000000
vt 0.875000 0.000000
vt 0.625000 0.000000
vt 0.545455 0.000000
vt 0.636364 0.000000
vt 0.727273 0.000000
vt 0.454545 0.000000
vt 0.272727 0.000000
vt 0.363636 0.000000
vt 0.818182 0.000000
vt 0.909091 0.000000
vt 0.181818 0.000000
vt 0.090909 0.000000
vt 0.054545 0.000000
vt 0.087658 0.000000
vt 0.018182 0.000000
vt 0.036364 0.000000
vt 0.527273 0.000000
vt 0.951584 0.000000
vt 0.570220 0.000000
vt 0.496439 0.000000
vt 0.611141 0.000000
vt 0.464657 0.000000
vt 0.901111 0.000000
vt 0.120485 0.000000
vt 0.192587 0.000000
vt 0.228568 0.000000
vt 0.829125 0.000000
vt 0.793079 0.000000
vt 0.264705 0.000000
vt 0.301772 0.000000
vt 0.737715 0.000000
vt 0.338474 0.000000
vt 0.682869 0.000000
vt 0.374637 0.000000
vt 0.410637 0.000000
vt 0.156606 0.000000
vt 0.865079 0.000000
vt 0.646962 0.000000
vt 0.436364 0.000000
vt 0.778108 0.000000
vt 0.714623 0.000000
vt 0.512228 0.000000
vt 0.463358 0.000000
vt 0.689126 0.000000
vt 0.016154 0.000000
vt 0.977382 0.000000
vt 0.533133 0.000000
vt 0.032790 0.000000
vt 0.955917 0.000000
vt 0.805157 0.000000
vt 0.241028 0.000000
vt 0.670360 0.000000
vt 0.271492 0.000000
vt 0.556440 0.000000
vt 0.441815 0.000000
vt 0.222728 0.000000
vt 0.203712 0.000000
vt 0.824061 0.000000
vt 0.937946 0.000000
vt 0.061969 0.000000
vt 0.047619 0.000000
vt 0.919205 0.000000
vt 0.080017 0.000000
vt 0.889813 0.000000
vt 0.095238 0.000000
vt 0.113984 0.000000
vt 0.137397 0.000000
vt 0.860781 0.000000
vt 0.160734 0.000000
vt 0.841969 0.000000
vt 0.184734 0.000000
vt 0.651731 0.000000
vt 0.308251 0.000000
vt 0.633001 0.000000
vt 0.340950 0.000000
vt 0.602109 0.000000
vt 0.366574 0.000000
vt 0.385000 0.000000
vt 0.404000 0.000000
vt 0.575161 0.000000
vt 0.422919 0.000000
vt 0.495868 0.000000
vt 0.477971 0.000000
vt 0.504580 0.000000
vt 0.541488 0.000000
vt 0.448775 0.000000
vt 0.217424 0.000000
vt 0.807025 0.000000
vt 0.180472 0.000000
vt 0.400517 0.000000
vt 0.576571 0.000000
vt 0.421348 0.000000
vt 0.607935 0.000000
vt 0.111082 0.000000
vt 0.902389 0.000000
vt 0.869873 0.000000
vt 0.127585 0.000000
vt 0.774263 0.000000
vt 0.234891 0.000000
vt 0.836994 0.000000
vt 0.160439 0.000000
vt 0.144037 0.000000
vt 0.932918 0.000000
vt 0.086704 0.000000
vt 0.378729 0.000000
vt 0.623306 0.000000
vt 0.358714 0.000000
vt 0.052673 0.000000
vt 0.303648 0.000000
vt 0.672799 0.000000
vt 0.333412 0.000000
vt 0.689277 0.000000
vt 0.999180 0.000000
vt 0.961399 0.000000
vt 0.019687 0.000000
vt 0.639810 0.000000
vt 0.656309 0.000000
vt 0.280992 0.000000
vt 0.729714 0.000000
vt 0.268103 0.000000
vt 0.745869 0.000000
vt 0.711340 0.000000
vt 0.293071 0.000000
vt 0.725770 0.000000
vt 0.272284 0.000000
vt 0.251475 0.000000
vt 0.757926 0.000000
vt 0.230948 0.000000
vt 0.777466 0.000000
vt 0.210393 0.000000
vt 0.798033 0.000000
vt 0.189829 0.000000
vt 0.664195 0.000000
vt 0.334179 0.000000
vt 0.680412 0.000000
vt 0.829832 0.000000
vt 0.170177 0.000000
vt 0.154639 0.000000
vt 0.643623 0.000000
vt 0.354590 0.000000
vt 0.381811 0.000000
vt 0.882865 0.000000
vt 0.115112 0.000000
vt 0.138383 0.000000
vt 0.849518 0.000000
vt 0.313698 0.000000
vt 0.695919 0.000000
vt 0.814433 0.000000
vt 0.925762 0.000000
vt 0.076537 0.000000
vt 0.613855 0.000000
vt 0.421386 0.000000
vt 0.571119 0.000000
vt 0.971649 0.000000
vt 0.040683 0.000000
vt 0.494567 0.000000
vt 0.529706 0.000000
vt 0.000097 0.000000
vt 0.451853 0.000000
vt 0.046481 0.000000
vt 0.984163 0.000000
vt 0.025408 0.000000
vt 0.801358 0.000000
vt 0.005265 0.000000
vt 0.489446 0.000000
vt 0.520200 0.000000
vt 0.467455 0.000000
vt 0.541195 0.000000
vt 0.446408 0.000000
vt 0.920167 0.000000
vt 0.088518 0.000000
vt 0.941194 0.000000
vt 0.899150 0.000000
vt 0.110415 0.000000
vt 0.131711 0.000000
vt 0.626193 0.000000
vt 0.605188 0.000000
vt 0.383452 0.000000
vt 0.415830 0.000000
vt 0.583228 0.000000
vt 0.067523 0.000000
vt 0.562206 0.000000
vt 0.431579 0.000000
vt 0.642105 0.000000
vt 0.368421 0.000000
vt 0.147368 0.000000
vt 0.867394 0.000000
vt 0.846376 0.000000
vt 0.657042 0.000000
vt 0.351590 0.000000
vt 0.825351 0.000000
vt 0.162268 0.000000
vt 0.330619 0.000000
vt 0.678061 0.000000
vt 0.789474 0.000000
vt 0.204262 0.000000
vt 0.804329 0.000000
vt 0.221053 0.000000
vt 0.773764 0.000000
vt 0.236798 0.000000
vt 0.752542 0.000000
vt 0.267550 0.000000
vt 0.731518 0.000000
vt 0.288595 0.000000
vt 0.715789 0.000000
vt 0.309622 0.000000
vt 0.183240 0.000000
vt 0.699080 0.000000
vt 0.778108 0.000000
vt 0.714623 0.000000
vt 0.511486 0.000000
vt 0.468395 0.000000
vt 0.689126 0.000000
vt 0.451275 0.000000
vt 0.533133 0.000000
vt 0.016154 0.000000
vt 0.982605 0.000000
vt 0.965370 0.000000
vt 0.033625 0.000000
vt 0.804327 0.000000
vt 0.670360 0.000000
vt 0.271492 0.000000
vt 0.556439 0.000000
vt 0.427180 0.000000
vt 0.222729 0.000000
vt 0.203712 0.000000
vt 0.823194 0.000000
vt 0.914713 0.000000
vt 0.057389 0.000000
vt 0.942357 0.000000
vt 0.080017 0.000000
vt 0.113983 0.000000
vt 0.879046 0.000000
vt 0.137398 0.000000
vt 0.160732 0.000000
vt 0.846232 0.000000
vt 0.651731 0.000000
vt 0.303740 0.000000
vt 0.633001 0.000000
vt 0.335704 0.000000
vt 0.602109 0.000000
vt 0.366575 0.000000
vt 0.385000 0.000000
vt 0.404000 0.000000
vt 0.575161 0.000000
vt 0.963156 0.000000
vt 0.046481 0.000000
vt 0.984168 0.000000
vt 0.025408 0.000000
vt 0.757822 0.000000
vt 0.010526 0.000000
vt 0.250080 0.000000
vt 0.520201 0.000000
vt 0.484211 0.000000
vt 0.467455 0.000000
vt 0.541196 0.000000
vt 0.446408 0.000000
vt 0.583228 0.000000
vt 0.425387 0.000000
vt 0.404400 0.000000
vt 0.915789 0.000000
vt 0.900093 0.000000
vt 0.109477 0.000000
vt 0.615686 0.000000
vt 0.130765 0.000000
vt 0.878861 0.000000
vt 0.088518 0.000000
vt 0.930680 0.000000
vt 0.067523 0.000000
vt 0.947368 0.000000
vt 0.562207 0.000000
vt 0.636001 0.000000
vt 0.151795 0.000000
vt 0.856886 0.000000
vt 0.657042 0.000000
vt 0.351590 0.000000
vt 0.836797 0.000000
vt 0.172748 0.000000
vt 0.330619 0.000000
vt 0.193744 0.000000
vt 0.804328 0.000000
vt 0.214790 0.000000
vt 0.783320 0.000000
vt 0.235866 0.000000
vt 0.762325 0.000000
vt 0.267550 0.000000
vt 0.741083 0.000000
vt 0.288595 0.000000
vt 0.720088 0.000000
vt 0.309622 0.000000
vt 0.821053 0.000000
vt 0.067464 0.000000
vt 0.980349 0.000000
vt 0.954629 0.000000
vt 0.108675 0.000000
vt 0.700893 0.000000
vt 0.749869 0.000000
vt 0.929044 0.000000
vt 0.451363 0.000000
vt 0.681474 0.000000
vt 0.660036 0.000000
vt 0.779109 0.000000
vt 0.193549 0.000000
vt 0.276473 0.000000
vt 0.150239 0.000000
vt 0.354429 0.000000
vt 0.393571 0.000000
vt 0.424159 0.000000
vt 0.477676 0.000000
vt 0.907917 0.000000
vt 0.510794 0.000000
vt 0.537404 0.000000
vt 0.877895 0.000000
vt 0.563349 0.000000
vt 0.585976 0.000000
vt 0.833197 0.000000
vt 0.606763 0.000000
vt 0.623656 0.000000
vt 0.639637 0.000000
vt 0.801194 0.000000
vt 0.574365 0.000000
vt 0.541414 0.000000
vt 0.456301 0.000000
vt 0.031684 0.000000
vt 0.965626 0.000000
vt 0.933629 0.000000
vt 0.102054 0.000000
vt 0.064470 0.000000
vt 0.905660 0.000000
vt 0.385192 0.000000
vt 0.611757 0.000000
vt 0.422574 0.000000
vt 0.235483 0.000000
vt 0.761815 0.000000
vt 0.273721 0.000000
vt 0.838734 0.000000
vt 0.139739 0.000000
vt 0.876257 0.000000
vt 0.169811 0.000000
vt 0.198107 0.000000
vt 0.800730 0.000000
vt 0.724239 0.000000
vt 0.309971 0.000000
vt 0.686582 0.000000
vt 0.347693 0.000000
vt 0.649110 0.000000
vt 0.705254 0.000000
vt 0.293071 0.000000
vt 0.726690 0.000000
vt 0.272284 0.000000
vt 0.747347 0.000000
vt 0.252373 0.000000
vt 0.231867 0.000000
vt 0.767190 0.000000
vt 0.210393 0.000000
vt 0.787747 0.000000
vt 0.189829 0.000000
vt 0.664195 0.000000
vt 0.684736 0.000000
vt 0.828920 0.000000
vt 0.169254 0.000000
vt 0.148673 0.000000
vt 0.643623 0.000000
vt 0.354590 0.000000
vt 0.376898 0.000000
vt 0.115113 0.000000
vt 0.869748 0.000000
vt 0.849518 0.000000
vt 0.313697 0.000000
vt 0.808325 0.000000
vt 0.897050 0.000000
vt 0.071776 0.000000
vt 0.613856 0.000000
vt 0.421176 0.000000
vt 0.571119 0.000000
vt 0.927594 0.000000
vt 0.531157 0.000000
vt 0.025707 0.000000
vt 0.999668 0.000000
vt 0.467735 0.000000
vt 0.958215 0.000000
vt 0.473477 0.000000
vt 0.449553 0.000000
vt 0.524093 0.000000
vt 0.217424 0.000000
vt 0.194692 0.000000
vt 0.808090 0.000000
vt 0.177555 0.000000
vt 0.400517 0.000000
vt 0.576571 0.000000
vt 0.425367 0.000000
vt 0.607936 0.000000
vt 0.111806 0.000000
vt 0.890732 0.000000
vt 0.866219 0.000000
vt 0.128338 0.000000
vt 0.548864 0.000000
vt 0.774263 0.000000
vt 0.234891 0.000000
vt 0.838207 0.000000
vt 0.161175 0.000000
vt 0.144037 0.000000
vt 0.920555 0.000000
vt 0.091087 0.000000
vt 0.056783 0.000000
vt 0.379771 0.000000
vt 0.623307 0.000000
vt 0.355231 0.000000
vt 0.978508 0.000000
vt 0.999767 0.000000
vt 0.302565 0.000000
vt 0.676576 0.000000
vt 0.329451 0.000000
vt 0.698605 0.000000
vt 0.953230 0.000000
vt 0.019687 0.000000
vt 0.639810 0.000000
vt 0.656309 0.000000
vt 0.729714 0.000000
vt 0.268103 0.000000
vt 0.745868 0.000000
vt 0.085407 0.000000
vt 0.947562 0.000000
vt 0.566933 0.000000
vt 0.494177 0.000000
vt 0.607907 0.000000
vt 0.461439 0.000000
vt 0.897886 0.000000
vt 0.117277 0.000000
vt 0.189344 0.000000
vt 0.825885 0.000000
vt 0.225332 0.000000
vt 0.789858 0.000000
vt 0.261484 0.000000
vt 0.298546 0.000000
vt 0.732212 0.000000
vt 0.335253 0.000000
vt 0.679644 0.000000
vt 0.371400 0.000000
vt 0.407395 0.000000
vt 0.153376 0.000000
vt 0.861838 0.000000
vt 0.643717 0.000000
s 0
usemtl Material
f 1/1/1 47/2/1 36/3/1
f 23/4/1 1/1/1 36/3/1
f 36/3/1 35/5/1 23/4/1
f 35/5/1 24/6/1 23/4/1
f 37/7/1 34/8/1 36/3/1
f 35/5/1 36/3/1 34/8/1
f 25/9/1 22/10/1 24/6/1
f 23/4/1 24/6/1 22/10/1
f 34/8/1 37/7/1 33/11/1
f 22/10/1 26/12/1 21/13/1
f 47/2/1 1/1/1 2/14/1
f 2/14/1 46/15/1 47/2/1
f 26/12/1 22/10/1 25/9/1
f 38/16/1 12/17/1 37/7/1
f 12/17/1 13/18/1 32/19/1
f 2/14/1 45/20/1 46/15/1
f 33/11/1 37/7/1 12/17/1
f 12/17/1 32/19/1 33/11/1
f 27/21/1 20/22/1 26/12/1
f 20/22/1 21/13/1 26/12/1
f 44/23/1 3/24/1 4/25/1
f 43/26/1 44/23/1 4/25/1
f 4/25/1 5/27/1 43/26/1
f 5/27/1 6/28/1 43/26/1
f 42/29/1 43/26/1 6/28/1
f 6/28/1 7/30/1 42/29/1
f 7/30/1 8/31/1 42/29/1
f 41/32/1 42/29/1 8/31/1
f 8/31/1 9/33/1 41/32/1
f 40/34/1 41/32/1 9/33/1
f 9/33/1 10/35/1 40/34/1
f 39/36/1 40/34/1 10/35/1
f 11/37/1 39/36/1 10/35/1
f 45/20/1 2/14/1 3/24/1
f 44/23/1 45/20/1 3/24/1
f 39/36/1 11/37/1 38/16/1
f 11/37/1 12/17/1 38/16/1
f 31/38/1 32/19/1 13/18/1
f 13/18/1 14/39/1 31/38/1
f 30/40/1 31/38/1 14/39/1
f 14/39/1 15/41/1 30/40/1
f 15/41/1 16/42/1 30/40/1
f 29/43/1 30/40/1 16/42/1
f 16/42/1 17/44/1 29/43/1
f 17/44/1 18/45/1 29/43/1
f 28/46/1 29/43/1 18/45/1
f 18/45/1 19/47/1 28/46/1
f 27/21/1 28/46/1 19/47/1
f 19/47/1 20/22/1 27/21/1
f 50/48/1 51/49/1 52/50/1
f 52/50/1 58/2/1 50/48/1
f 58/2/1 49/51/1 50/48/1
f 48/1/1 56/52/1 57/53/1
f 53/54/1 54/55/1 55/56/1
f 53/54/1 55/56/1 57/53/1
f 48/1/1 57/53/1 55/56/1
f 53/54/1 57/53/1 52/50/1
f 58/2/1 52/50/1 57/53/1
f 49/51/1 58/2/1 56/52/1
f 56/52/1 48/1/1 49/51/1
f 60/48/1 61/50/1 64/2/1
f 64/2/1 61/50/1 62/55/1
f 62/55/1 63/52/1 64/2/1
f 60/48/1 64/2/1 59/1/1
f 87/57/1 88/58/1 89/59/1
f 90/60/1 91/61/1 87/57/1
f 89/59/1 90/60/1 87/57/1
f 75/62/1 76/63/1 106/64/1
f 74/65/1 75/62/1 106/64/1
f 106/64/1 107/66/1 74/65/1
f 73/67/1 74/65/1 107/66/1
f 107/66/1 108/68/1 73/67/1
f 92/69/1 86/70/1 91/61/1
f 85/71/1 86/70/1 92/69/1
f 93/72/1 85/71/1 92/69/1
f 69/73/1 109/74/1 110/75/1
f 79/76/1 104/77/1 78/78/1
f 109/74/1 69/73/1 70/79/1
f 87/57/1 91/61/1 86/70/1
f 77/80/1 78/78/1 104/77/1
f 104/77/1 105/81/1 77/80/1
f 76/63/1 77/80/1 105/81/1
f 106/64/1 76/63/1 105/81/1
f 72/82/1 73/67/1 108/68/1
f 71/83/1 72/82/1 108/68/1
f 108/68/1 109/74/1 71/83/1
f 109/74/1 70/79/1 71/83/1
f 84/84/1 85/71/1 93/72/1
f 111/85/1 68/86/1 110/75/1
f 84/84/1 93/72/1 94/87/1
f 68/86/1 111/85/1 67/88/1
f 113/89/1 114/90/1 65/1/1
f 82/91/1 83/92/1 97/93/1
f 97/93/1 98/94/1 82/91/1
f 98/94/1 99/95/1 82/91/1
f 81/96/1 82/91/1 99/95/1
f 99/95/1 100/97/1 81/96/1
f 100/97/1 101/98/1 81/96/1
f 112/99/1 113/89/1 65/1/1
f 65/1/1 66/100/1 112/99/1
f 84/84/1 94/87/1 95/101/1
f 83/92/1 84/84/1 95/101/1
f 95/101/1 96/102/1 83/92/1
f 96/102/1 97/93/1 83/92/1
f 81/96/1 101/98/1 80/103/1
f 101/98/1 102/104/1 80/103/1
f 79/76/1 80/103/1 102/104/1
f 103/105/1 79/76/1 102/104/1
f 66/100/1 67/88/1 112/99/1
f 111/85/1 112/99/1 67/88/1
f 103/105/1 104/77/1 79/76/1
f 110/75/1 68/86/1 69/73/1
f 127/106/1 128/107/1 144/108/1
f 144/108/1 145/109/1 127/106/1
f 126/110/1 127/106/1 145/109/1
f 145/109/1 146/111/1 126/110/1
f 125/112/1 126/110/1 146/111/1
f 146/111/1 147/113/1 125/112/1
f 124/114/1 125/112/1 147/113/1
f 147/113/1 148/115/1 124/114/1
f 123/116/1 124/114/1 148/115/1
f 150/117/1 151/118/1 121/119/1
f 151/118/1 120/120/1 121/119/1
f 152/121/1 120/120/1 151/118/1
f 132/122/1 140/123/1 131/124/1
f 153/125/1 118/126/1 152/121/1
f 119/127/1 152/121/1 118/126/1
f 131/124/1 140/123/1 141/128/1
f 120/120/1 152/121/1 119/127/1
f 131/124/1 141/128/1 130/129/1
f 142/130/1 130/129/1 141/128/1
f 130/129/1 142/130/1 129/131/1
f 142/130/1 143/132/1 129/131/1
f 128/107/1 129/131/1 143/132/1
f 144/108/1 128/107/1 143/132/1
f 123/116/1 148/115/1 149/133/1
f 122/134/1 123/116/1 149/133/1
f 149/133/1 150/117/1 122/134/1
f 150/117/1 121/119/1 122/134/1
f 132/122/1 139/135/1 140/123/1
f 154/136/1 117/137/1 153/125/1
f 153/125/1 117/137/1 118/126/1
f 117/137/1 154/136/1 116/138/1
f 139/135/1 132/122/1 133/139/1
f 133/139/1 138/140/1 139/135/1
f 155/141/1 116/138/1 154/136/1
f 135/142/1 136/143/1 137/144/1
f 156/2/1 115/145/1 155/141/1
f 137/144/1 138/140/1 134/146/1
f 134/146/1 135/142/1 137/144/1
f 115/145/1 116/138/1 155/141/1
f 138/140/1 133/139/1 134/146/1
f 158/147/1 159/148/1 160/2/1
f 160/2/1 157/1/1 158/147/1
f 162/149/1 163/150/1 164/151/1
f 168/2/1 161/1/1 167/152/1
f 164/151/1 165/153/1 166/154/1
f 166/154/1 167/152/1 164/151/1
f 162/149/1 164/151/1 167/152/1
f 167/152/1 161/1/1 162/149/1
f 218/155/1 219/156/1 171/157/1
f 170/158/1 171/157/1 219/156/1
f 219/156/1 220/159/1 170/158/1
f 169/160/1 170/158/1 220/159/1
f 220/159/1 194/161/1 169/160/1
f 193/162/1 169/160/1 194/161/1
f 194/161/1 195/163/1 193/162/1
f 192/164/1 193/162/1 195/163/1
f 195/163/1 196/165/1 192/164/1
f 191/166/1 192/164/1 196/165/1
f 216/167/1 217/168/1 173/169/1
f 197/170/1 198/171/1 190/172/1
f 198/171/1 189/173/1 190/172/1
f 216/167/1 174/174/1 215/175/1
f 215/175/1 174/174/1 175/176/1
f 175/176/1 214/177/1 215/175/1
f 200/178/1 188/179/1 199/180/1
f 174/174/1 216/167/1 173/169/1
f 189/173/1 198/171/1 199/180/1
f 199/180/1 188/179/1 189/173/1
f 173/169/1 217/168/1 172/181/1
f 217/168/1 218/155/1 172/181/1
f 171/157/1 172/181/1 218/155/1
f 196/165/1 197/170/1 191/166/1
f 190/172/1 191/166/1 197/170/1
f 176/182/1 212/183/1 213/184/1
f 176/182/1 213/184/1 175/176/1
f 187/185/1 201/186/1 202/187/1
f 202/187/1 186/188/1 187/185/1
f 212/183/1 176/182/1 177/189/1
f 211/190/1 212/183/1 177/189/1
f 186/188/1 203/191/1 185/192/1
f 203/191/1 186/188/1 202/187/1
f 178/193/1 179/194/1 210/195/1
f 209/196/1 210/195/1 179/194/1
f 179/194/1 180/197/1 209/196/1
f 208/198/1 209/196/1 180/197/1
f 180/197/1 181/199/1 208/198/1
f 207/200/1 208/198/1 181/199/1
f 181/199/1 182/201/1 207/200/1
f 206/202/1 207/200/1 182/201/1
f 182/201/1 183/203/1 206/202/1
f 205/204/1 206/202/1 183/203/1
f 183/203/1 184/205/1 205/204/1
f 177/189/1 178/193/1 211/190/1
f 210/195/1 211/190/1 178/193/1
f 204/206/1 205/204/1 184/205/1
f 184/205/1 185/192/1 204/206/1
f 203/191/1 204/206/1 185/192/1
f 214/177/1 175/176/1 213/184/1
f 201/186/1 187/185/1 200/178/1
f 188/179/1 200/178/1 187/185/1
f 221/1/1 267/2/1 256/3/1
f 243/4/1 221/1/1 256/3/1
f 256/3/1 255/5/1 243/4/1
f 255/5/1 244/6/1 243/4/1
f 257/207/1 254/8/1 256/3/1
f 255/5/1 256/3/1 254/8/1
f 245/208/1 242/209/1 244/6/1
f 243/4/1 244/6/1 242/209/1
f 254/8/1 257/207/1 253/210/1
f 267/2/1 221/1/1 222/211/1
f 222/211/1 266/212/1 267/2/1
f 246/213/1 242/209/1 245/208/1
f 265/214/1 222/211/1 223/215/1
f 258/216/1 233/217/1 257/207/1
f 233/217/1 234/218/1 252/219/1
f 222/211/1 265/214/1 266/212/1
f 253/210/1 257/207/1 233/217/1
f 233/217/1 252/219/1 253/210/1
f 247/220/1 241/221/1 246/213/1
f 242/209/1 246/213/1 241/221/1
f 232/222/1 259/223/1 231/224/1
f 263/225/1 264/226/1 224/227/1
f 224/227/1 225/228/1 263/225/1
f 225/228/1 226/229/1 263/225/1
f 262/230/1 263/225/1 226/229/1
f 226/229/1 227/231/1 262/230/1
f 227/231/1 228/232/1 262/230/1
f 261/233/1 262/230/1 228/232/1
f 228/232/1 229/234/1 261/233/1
f 260/235/1 261/233/1 229/234/1
f 229/234/1 230/236/1 260/235/1
f 259/223/1 260/235/1 230/236/1
f 230/236/1 231/224/1 259/223/1
f 264/226/1 265/214/1 223/215/1
f 223/215/1 224/227/1 264/226/1
f 259/223/1 232/222/1 258/216/1
f 233/217/1 258/216/1 232/222/1
f 251/237/1 252/219/1 234/218/1
f 234/218/1 235/238/1 251/237/1
f 250/239/1 251/237/1 235/238/1
f 235/238/1 236/240/1 250/239/1
f 249/241/1 250/239/1 236/240/1
f 236/240/1 237/242/1 249/241/1
f 237/242/1 238/243/1 249/241/1
f 238/243/1 239/244/1 249/241/1
f 248/245/1 249/241/1 239/244/1
f 239/244/1 240/246/1 248/245/1
f 247/220/1 248/245/1 240/246/1
f 241/221/1 247/220/1 240/246/1
f 316/247/1 317/248/1 270/249/1
f 269/250/1 270/249/1 317/248/1
f 317/248/1 318/2/1 269/250/1
f 268/251/1 269/250/1 318/2/1
f 318/2/1 293/252/1 268/251/1
f 292/253/1 268/251/1 293/252/1
f 291/254/1 292/253/1 293/252/1
f 293/252/1 294/255/1 291/254/1
f 290/256/1 291/254/1 294/255/1
f 294/255/1 295/257/1 290/256/1
f 314/258/1 315/259/1 272/260/1
f 296/261/1 297/262/1 288/263/1
f 314/258/1 273/264/1 313/265/1
f 298/266/1 287/267/1 297/262/1
f 313/265/1 273/264/1 274/268/1
f 274/268/1 312/269/1 313/265/1
f 273/264/1 314/258/1 272/260/1
f 297/262/1 287/267/1 288/263/1
f 272/260/1 315/259/1 271/270/1
f 315/259/1 316/247/1 271/270/1
f 270/249/1 271/270/1 316/247/1
f 289/271/1 290/256/1 295/257/1
f 295/257/1 296/261/1 289/271/1
f 296/261/1 288/263/1 289/271/1
f 275/272/1 310/183/1 311/273/1
f 275/272/1 311/273/1 274/268/1
f 312/269/1 274/268/1 311/273/1
f 286/185/1 299/274/1 300/275/1
f 300/275/1 285/276/1 286/185/1
f 310/183/1 275/272/1 276/277/1
f 309/278/1 310/183/1 276/277/1
f 285/276/1 301/191/1 284/279/1
f 301/191/1 285/276/1 300/275/1
f 277/193/1 278/280/1 307/281/1
f 306/282/1 307/281/1 278/280/1
f 278/280/1 279/283/1 306/282/1
f 305/284/1 306/282/1 279/283/1
f 279/283/1 280/285/1 305/284/1
f 280/285/1 281/286/1 305/284/1
f 304/287/1 305/284/1 281/286/1
f 281/286/1 282/288/1 304/287/1
f 303/289/1 304/287/1 282/288/1
f 282/288/1 283/290/1 303/289/1
f 308/291/1 309/278/1 276/277/1
f 276/277/1 277/193/1 308/291/1
f 277/193/1 307/281/1 308/291/1
f 303/289/1 283/290/1 302/292/1
f 283/290/1 284/279/1 302/292/1
f 301/191/1 302/292/1 284/279/1
f 299/274/1 286/185/1 298/266/1
f 287/267/1 298/266/1 286/185/1
f 321/293/1 322/294/1 320/295/1
f 322/294/1 353/2/1 320/295/1
f 319/1/1 320/295/1 353/2/1
f 353/2/1 322/294/1 323/296/1
f 323/296/1 352/297/1 353/2/1
f 319/1/1 353/2/1 344/298/1
f 324/299/1 352/297/1 323/296/1
f 344/298/1 345/300/1 343/301/1
f 319/1/1 344/298/1 343/301/1
f 342/302/1 346/303/1 341/304/1
f 324/299/1 325/305/1 333/306/1
f 352/297/1 324/299/1 333/306/1
f 333/306/1 351/307/1 352/297/1
f 346/303/1 342/302/1 345/300/1
f 343/301/1 345/300/1 342/302/1
f 328/308/1 329/309/1 327/310/1
f 327/310/1 329/309/1 326/311/1
f 329/309/1 330/312/1 326/311/1
f 331/313/1 326/311/1 330/312/1
f 331/313/1 332/314/1 326/311/1
f 325/305/1 326/311/1 332/314/1
f 332/314/1 333/306/1 325/305/1
f 351/307/1 333/306/1 334/315/1
f 350/316/1 351/307/1 334/315/1
f 334/315/1 335/317/1 350/316/1
f 349/318/1 350/316/1 335/317/1
f 335/317/1 336/319/1 349/318/1
f 348/320/1 349/318/1 336/319/1
f 336/319/1 337/321/1 348/320/1
f 337/321/1 338/322/1 348/320/1
f 347/323/1 348/320/1 338/322/1
f 338/322/1 339/324/1 347/323/1
f 339/324/1 340/325/1 347/323/1
f 340/325/1 341/304/1 347/323/1
f 346/303/1 347/323/1 341/304/1
f 369/326/1 354/1/1 384/2/1
f 369/326/1 384/2/1 370/327/1
f 372/328/1 368/329/1 371/330/1
f 384/2/1 354/1/1 355/331/1
f 383/332/1 384/2/1 355/331/1
f 370/327/1 371/330/1 368/329/1
f 369/326/1 370/327/1 368/329/1
f 382/333/1 356/334/1 357/335/1
f 357/335/1 381/336/1 382/333/1
f 372/328/1 373/337/1 366/338/1
f 367/339/1 372/328/1 366/338/1
f 383/332/1 355/331/1 356/334/1
f 356/334/1 382/333/1 383/332/1
f 368/329/1 372/328/1 367/339/1
f 358/340/1 359/341/1 380/342/1
f 379/343/1 380/342/1 359/341/1
f 359/341/1 360/344/1 379/343/1
f 378/345/1 379/343/1 360/344/1
f 360/344/1 361/346/1 378/345/1
f 377/347/1 378/345/1 361/346/1
f 361/346/1 362/348/1 377/347/1
f 377/347/1 362/348/1 376/349/1
f 362/348/1 363/350/1 376/349/1
f 375/351/1 376/349/1 363/350/1
f 363/350/1 364/352/1 375/351/1
f 374/353/1 375/351/1 364/352/1
f 364/352/1 365/354/1 374/353/1
f 381/336/1 357/335/1 358/340/1
f 380/342/1 381/336/1 358/340/1
f 373/337/1 374/353/1 365/354/1
f 366/338/1 373/337/1 365/354/1
f 391/148/1 392/355/1 390/356/1
f 389/357/1 390/356/1 392/355/1
f 392/355/1 388/147/1 389/357/1
f 393/358/1 394/2/1 387/359/1
f 394/2/1 385/1/1 387/359/1
f 386/360/1 387/359/1 385/1/1
f 388/147/1 392/355/1 387/359/1
f 393/358/1 387/359/1 392/355/1
f 397/48/1 398/49/1 399/50/1
f 399/50/1 405/2/1 397/48/1
f 405/2/1 396/51/1 397/48/1
f 395/1/1 403/52/1 404/53/1
f 400/54/1 401/55/1 402/56/1
f 400/54/1 402/56/1 404/53/1
f 395/1/1 404/53/1 402/56/1
f 400/54/1 404/53/1 399/50/1
f 405/2/1 399/50/1 404/53/1
f 396/51/1 405/2/1 403/52/1
f 403/52/1 395/1/1 396/51/1
f 407/147/1 408/148/1 409/2/1
f 409/2/1 406/1/1 407/147/1
f 412/48/1 413/49/1 414/50/1
f 414/50/1 420/2/1 412/48/1
f 420/2/1 411/51/1 412/48/1
f 410/1/1 418/52/1 419/53/1
f 415/54/1 416/55/1 417/56/1
f 415/54/1 417/56/1 419/53/1
f 410/1/1 419/53/1 417/56/1
f 415/54/1 419/53/1 414/50/1
f 420/2/1 414/50/1 419/53/1
f 411/51/1 420/2/1 418/52/1
f 418/52/1 410/1/1 411/51/1
f 422/48/1 423/50/1 426/2/1
f 426/2/1 423/50/1 424/55/1
f 424/55/1 425/52/1 426/2/1
f 422/48/1 426/2/1 421/1/1
f 429/48/1 430/49/1 431/50/1
f 431/50/1 437/2/1 429/48/1
f 437/2/1 428/51/1 429/48/1
f 427/1/1 435/52/1 436/53/1
f 432/54/1 433/55/1 434/56/1
f 432/54/1 434/56/1 436/53/1
f 427/1/1 436/53/1 434/56/1
f 432/54/1 436/53/1 431/50/1
f 437/2/1 431/50/1 436/53/1
f 428/51/1 437/2/1 435/52/1
f 435/52/1 427/1/1 428/51/1
f 450/361/1 451/362/1 466/363/1
f 466/363/1 467/364/1 450/361/1
f 449/365/1 450/361/1 467/364/1
f 467/364/1 468/366/1 449/365/1
f 448/367/1 449/365/1 468/366/1
f 468/366/1 469/368/1 448/367/1
f 447/369/1 448/367/1 469/368/1
f 469/368/1 470/370/1 447/369/1
f 446/371/1 447/369/1 470/370/1
f 470/370/1 471/372/1 446/371/1
f 445/373/1 446/371/1 471/372/1
f 453/374/1 464/375/1 452/376/1
f 464/375/1 465/377/1 452/376/1
f 464/375/1 453/374/1 463/378/1
f 455/379/1 463/378/1 454/380/1
f 476/381/1 441/382/1 475/383/1
f 442/384/1 475/383/1 441/382/1
f 463/378/1 453/374/1 454/380/1
f 475/383/1 442/384/1 474/385/1
f 443/386/1 473/387/1 474/385/1
f 474/385/1 442/384/1 443/386/1
f 451/362/1 452/376/1 465/377/1
f 465/377/1 466/363/1 451/362/1
f 445/373/1 471/372/1 472/388/1
f 444/389/1 445/373/1 472/388/1
f 472/388/1 473/387/1 444/389/1
f 473/387/1 443/386/1 444/389/1
f 441/382/1 476/381/1 440/390/1
f 462/391/1 455/379/1 456/392/1
f 440/390/1 477/393/1 439/394/1
f 461/395/1 462/391/1 456/392/1
f 477/393/1 440/390/1 476/381/1
f 458/396/1 459/397/1 460/398/1
f 439/394/1 479/399/1 438/1/1
f 457/400/1 458/396/1 460/398/1
f 479/399/1 439/394/1 478/401/1
f 461/395/1 456/392/1 457/400/1
f 457/400/1 460/398/1 461/395/1
f 478/401/1 439/394/1 477/393/1
f 463/378/1 455/379/1 462/391/1
f 481/147/1 482/148/1 483/2/1
f 483/2/1 480/1/1 481/147/1
f 506/402/1 507/403/1 508/59/1
f 508/59/1 509/404/1 506/402/1
f 493/62/1 494/63/1 525/64/1
f 492/65/1 493/62/1 525/64/1
f 525/64/1 526/405/1 492/65/1
f 491/406/1 492/65/1 526/405/1
f 526/405/1 527/407/1 491/406/1
f 490/408/1 491/406/1 527/407/1
f 511/409/1 504/410/1 510/411/1
f 512/412/1 504/410/1 511/409/1
f 497/413/1 523/414/1 496/415/1
f 487/416/1 488/417/1 529/418/1
f 529/418/1 530/419/1 487/416/1
f 504/410/1 505/420/1 510/411/1
f 509/404/1 510/411/1 505/420/1
f 506/402/1 509/404/1 505/420/1
f 495/80/1 496/415/1 523/414/1
f 523/414/1 524/81/1 495/80/1
f 494/63/1 495/80/1 524/81/1
f 525/64/1 494/63/1 524/81/1
f 489/421/1 490/408/1 527/407/1
f 527/407/1 528/422/1 489/421/1
f 528/422/1 529/418/1 489/421/1
f 488/417/1 489/421/1 529/418/1
f 531/423/1 486/424/1 530/419/1
f 503/425/1 512/412/1 513/426/1
f 502/427/1 503/425/1 513/426/1
f 486/424/1 531/423/1 485/428/1
f 533/429/1 534/430/1 484/431/1
f 515/432/1 516/433/1 501/434/1
f 500/435/1 501/434/1 516/433/1
f 516/433/1 517/436/1 500/435/1
f 517/436/1 518/95/1 500/435/1
f 499/96/1 500/435/1 518/95/1
f 518/95/1 519/97/1 499/96/1
f 519/97/1 520/98/1 499/96/1
f 532/437/1 533/429/1 484/431/1
f 485/428/1 532/437/1 484/431/1
f 502/427/1 513/426/1 514/438/1
f 501/434/1 502/427/1 514/438/1
f 514/438/1 515/432/1 501/434/1
f 499/96/1 520/98/1 498/439/1
f 520/98/1 521/440/1 498/439/1
f 497/413/1 498/439/1 521/440/1
f 522/441/1 497/413/1 521/440/1
f 531/423/1 532/437/1 485/428/1
f 504/410/1 512/412/1 503/425/1
f 522/441/1 523/414/1 497/413/1
f 530/419/1 486/424/1 487/416/1
f 536/442/1 537/443/1 538/444/1
f 543/2/1 541/445/1 542/446/1
f 541/445/1 543/2/1 535/1/1
f 540/447/1 541/445/1 539/54/1
f 538/444/1 539/54/1 541/445/1
f 541/445/1 535/1/1 538/444/1
f 536/442/1 538/444/1 535/1/1
f 550/448/1 551/449/1 552/450/1
f 549/451/1 550/448/1 552/450/1
f 552/450/1 547/452/1 549/451/1
f 547/452/1 548/453/1 549/451/1
f 553/454/1 554/455/1 555/2/1
f 546/456/1 553/454/1 555/2/1
f 555/2/1 544/1/1 546/456/1
f 544/1/1 545/457/1 546/456/1
f 547/452/1 552/450/1 553/454/1
f 553/454/1 546/456/1 547/452/1
f 584/2/1 559/458/1 560/459/1
f 557/460/1 558/461/1 559/458/1
f 559/458/1 584/2/1 557/460/1
f 556/1/1 557/460/1 584/2/1
f 584/2/1 573/462/1 556/1/1
f 584/2/1 560/459/1 583/463/1
f 574/464/1 572/465/1 573/462/1
f 556/1/1 573/462/1 572/465/1
f 575/466/1 571/467/1 574/464/1
f 572/465/1 574/464/1 571/467/1
f 582/468/1 583/463/1 561/469/1
f 583/463/1 560/459/1 561/469/1
f 563/470/1 564/471/1 580/472/1
f 579/473/1 580/472/1 564/471/1
f 564/471/1 565/474/1 579/473/1
f 565/474/1 566/475/1 579/473/1
f 578/476/1 579/473/1 566/475/1
f 566/475/1 567/477/1 578/476/1
f 577/478/1 578/476/1 567/477/1
f 567/477/1 568/479/1 577/478/1
f 568/479/1 569/480/1 577/478/1
f 582/468/1 561/469/1 562/481/1
f 581/482/1 582/468/1 562/481/1
f 562/481/1 563/470/1 581/482/1
f 563/470/1 580/472/1 581/482/1
f 577/478/1 569/480/1 576/483/1
f 569/480/1 570/484/1 576/483/1
f 575/466/1 576/483/1 570/484/1
f 570/484/1 571/467/1 575/466/1
f 585/1/2 621/3/2 632/2/2
f 608/4/2 621/3/2 585/1/2
f 621/3/2 608/4/2 620/5/2
f 620/5/2 608/4/2 609/6/2
f 622/485/2 621/3/2 619/486/2
f 620/5/2 619/486/2 621/3/2
f 610/487/2 609/6/2 607/488/2
f 608/4/2 607/488/2 609/6/2
f 619/486/2 618/489/2 622/485/2
f 632/2/2 586/490/2 585/1/2
f 586/490/2 632/2/2 631/491/2
f 611/492/2 610/487/2 607/488/2
f 631/491/2 587/493/2 586/490/2
f 630/494/2 587/493/2 631/491/2
f 623/495/2 622/485/2 598/496/2
f 598/496/2 617/497/2 599/498/2
f 618/489/2 598/496/2 622/485/2
f 598/496/2 618/489/2 617/497/2
f 612/499/2 611/492/2 606/500/2
f 607/488/2 606/500/2 611/492/2
f 597/501/2 596/502/2 624/503/2
f 629/504/2 589/505/2 588/506/2
f 628/507/2 589/505/2 629/504/2
f 589/505/2 628/507/2 590/508/2
f 627/509/2 590/508/2 628/507/2
f 590/508/2 627/509/2 591/510/2
f 591/510/2 627/509/2 592/511/2
f 592/511/2 627/509/2 593/512/2
f 626/513/2 593/512/2 627/509/2
f 593/512/2 626/513/2 594/514/2
f 625/515/2 594/514/2 626/513/2
f 594/514/2 625/515/2 595/516/2
f 624/503/2 595/516/2 625/515/2
f 595/516/2 624/503/2 596/502/2
f 587/493/2 630/494/2 588/506/2
f 588/506/2 630/494/2 629/504/2
f 624/503/2 623/495/2 597/501/2
f 598/496/2 597/501/2 623/495/2
f 616/517/2 599/498/2 617/497/2
f 599/498/2 616/517/2 600/518/2
f 615/519/2 600/518/2 616/517/2
f 600/518/2 615/519/2 601/520/2
f 614/521/2 601/520/2 615/519/2
f 601/520/2 614/521/2 602/522/2
f 602/522/2 614/521/2 603/523/2
f 603/523/2 614/521/2 604/524/2
f 613/525/2 604/524/2 614/521/2
f 604/524/2 613/525/2 605/526/2
f 612/499/2 605/526/2 613/525/2
f 606/500/2 605/526/2 612/499/2
f 635/48/2 637/50/2 636/49/2
f 637/50/2 635/48/2 643/2/2
f 643/2/2 635/48/2 634/51/2
f 633/1/2 642/53/2 641/52/2
f 638/54/2 640/56/2 639/55/2
f 638/54/2 642/53/2 640/56/2
f 633/1/2 640/56/2 642/53/2
f 638/54/2 637/50/2 642/53/2
f 643/2/2 642/53/2 637/50/2
f 634/51/2 641/52/2 643/2/2
f 641/52/2 634/51/2 633/1/2
f 645/48/2 649/2/2 646/50/2
f 649/2/2 647/55/2 646/50/2
f 647/55/2 649/2/2 648/52/2
f 645/48/2 644/1/2 649/2/2
f 674/527/2 673/528/2 675/529/2
f 676/530/2 675/529/2 672/531/2
f 673/528/2 672/531/2 675/529/2
f 660/62/2 691/64/2 661/532/2
f 659/65/2 691/64/2 660/62/2
f 691/64/2 659/65/2 692/533/2
f 658/534/2 692/533/2 659/65/2
f 670/535/2 677/536/2 671/537/2
f 678/538/2 677/536/2 670/535/2
f 654/539/2 695/540/2 694/541/2
f 694/541/2 655/542/2 654/539/2
f 677/536/2 676/530/2 671/537/2
f 671/537/2 676/530/2 672/531/2
f 661/532/2 689/543/2 662/544/2
f 689/543/2 661/532/2 690/81/2
f 691/64/2 690/81/2 661/532/2
f 658/534/2 693/545/2 692/533/2
f 657/546/2 693/545/2 658/534/2
f 656/547/2 693/545/2 657/546/2
f 693/545/2 656/547/2 694/541/2
f 694/541/2 656/547/2 655/542/2
f 696/548/2 695/540/2 653/549/2
f 669/550/2 679/551/2 678/538/2
f 679/551/2 669/550/2 668/552/2
f 653/549/2 652/553/2 696/548/2
f 666/554/2 682/555/2 667/556/2
f 682/555/2 666/554/2 683/557/2
f 683/557/2 666/554/2 684/95/2
f 665/96/2 684/95/2 666/554/2
f 684/95/2 665/96/2 685/97/2
f 685/97/2 665/96/2 686/98/2
f 698/558/2 697/559/2 650/1/2
f 650/1/2 697/559/2 651/560/2
f 668/552/2 680/561/2 679/551/2
f 667/556/2 680/561/2 668/552/2
f 680/561/2 667/556/2 681/562/2
f 681/562/2 667/556/2 682/555/2
f 665/96/2 664/563/2 686/98/2
f 686/98/2 664/563/2 687/564/2
f 663/565/2 687/564/2 664/563/2
f 688/566/2 687/564/2 663/565/2
f 651/560/2 697/559/2 652/553/2
f 696/548/2 652/553/2 697/559/2
f 670/535/2 669/550/2 678/538/2
f 662/544/2 688/566/2 663/565/2
f 689/543/2 688/566/2 662/544/2
f 695/540/2 654/539/2 653/549/2
f 727/567/2 711/568/2 728/569/2
f 710/570/2 728/569/2 711/568/2
f 728/569/2 710/570/2 729/366/2
f 709/571/2 729/366/2 710/570/2
f 729/366/2 709/571/2 730/572/2
f 708/573/2 730/572/2 709/571/2
f 730/572/2 708/573/2 731/574/2
f 707/575/2 731/574/2 708/573/2
f 731/574/2 707/575/2 732/576/2
f 706/577/2 732/576/2 707/575/2
f 724/578/2 713/579/2 725/580/2
f 734/581/2 705/582/2 704/583/2
f 724/578/2 723/584/2 714/585/2
f 715/586/2 714/585/2 723/584/2
f 737/587/2 736/383/2 702/588/2
f 703/589/2 702/588/2 736/383/2
f 736/383/2 735/590/2 703/589/2
f 714/585/2 713/579/2 724/578/2
f 704/583/2 735/590/2 734/581/2
f 735/590/2 704/583/2 703/589/2
f 713/579/2 712/591/2 725/580/2
f 725/580/2 712/591/2 726/592/2
f 711/568/2 726/592/2 712/591/2
f 727/567/2 726/592/2 711/568/2
f 732/576/2 706/577/2 733/593/2
f 705/582/2 733/593/2 706/577/2
f 733/593/2 705/582/2 734/581/2
f 738/594/2 737/587/2 701/595/2
f 737/587/2 702/588/2 701/595/2
f 715/586/2 722/596/2 716/597/2
f 716/597/2 722/596/2 721/598/2
f 739/599/2 738/594/2 700/600/2
f 718/601/2 720/602/2 719/143/2
f 740/2/2 739/599/2 699/603/2
f 720/602/2 717/604/2 721/598/2
f 717/604/2 720/602/2 718/601/2
f 700/600/2 699/603/2 739/599/2
f 716/597/2 721/598/2 717/604/2
f 701/595/2 700/600/2 738/594/2
f 723/584/2 722/596/2 715/586/2
f 742/147/2 744/2/2 743/148/2
f 744/2/2 742/147/2 741/1/2
f 746/149/2 748/151/2 747/150/2
f 752/2/2 751/152/2 745/1/2
f 748/151/2 750/154/2 749/153/2
f 750/154/2 748/151/2 751/152/2
f 746/149/2 751/152/2 748/151/2
f 751/152/2 746/149/2 745/1/2
f 804/247/2 755/605/2 805/606/2
f 754/607/2 805/606/2 755/605/2
f 805/606/2 754/607/2 780/608/2
f 753/609/2 780/608/2 754/607/2
f 779/610/2 780/608/2 753/609/2
f 780/608/2 779/610/2 781/611/2
f 778/612/2 781/611/2 779/610/2
f 781/611/2 778/612/2 782/613/2
f 777/614/2 782/613/2 778/612/2
f 802/615/2 757/616/2 803/617/2
f 802/615/2 801/618/2 758/619/2
f 801/618/2 759/620/2 758/619/2
f 759/620/2 801/618/2 800/177/2
f 786/621/2 785/622/2 773/623/2
f 774/50/2 773/623/2 785/622/2
f 758/619/2 757/616/2 802/615/2
f 775/624/2 785/622/2 784/625/2
f 785/622/2 775/624/2 774/50/2
f 757/616/2 756/626/2 803/617/2
f 803/617/2 756/626/2 804/247/2
f 755/605/2 804/247/2 756/626/2
f 777/614/2 783/627/2 782/613/2
f 776/628/2 783/627/2 777/614/2
f 783/627/2 776/628/2 784/625/2
f 784/625/2 776/628/2 775/624/2
f 773/623/2 787/629/2 786/621/2
f 787/629/2 773/623/2 772/630/2
f 760/631/2 799/632/2 798/633/2
f 760/631/2 759/620/2 799/632/2
f 772/630/2 788/634/2 787/629/2
f 788/634/2 772/630/2 771/635/2
f 797/636/2 761/637/2 798/633/2
f 771/635/2 770/638/2 789/639/2
f 798/633/2 761/637/2 760/631/2
f 789/639/2 788/634/2 771/635/2
f 795/640/2 763/641/2 796/642/2
f 763/641/2 795/640/2 764/643/2
f 794/644/2 764/643/2 795/640/2
f 764/643/2 794/644/2 765/645/2
f 793/646/2 765/645/2 794/644/2
f 765/645/2 793/646/2 766/285/2
f 766/285/2 793/646/2 767/647/2
f 792/648/2 767/647/2 793/646/2
f 767/647/2 792/648/2 768/649/2
f 791/650/2 768/649/2 792/648/2
f 768/649/2 791/650/2 769/651/2
f 797/636/2 762/652/2 761/637/2
f 796/642/2 762/652/2 797/636/2
f 762/652/2 796/642/2 763/641/2
f 791/650/2 790/653/2 769/651/2
f 769/651/2 790/653/2 770/638/2
f 789/639/2 770/638/2 790/653/2
f 800/177/2 799/632/2 759/620/2
f 806/1/2 841/3/2 851/2/2
f 828/4/2 841/3/2 806/1/2
f 841/3/2 828/4/2 840/5/2
f 840/5/2 828/4/2 829/6/2
f 842/654/2 841/3/2 839/655/2
f 840/5/2 839/655/2 841/3/2
f 830/656/2 829/6/2 827/657/2
f 828/4/2 827/657/2 829/6/2
f 839/655/2 838/658/2 842/654/2
f 827/657/2 826/659/2 831/660/2
f 851/2/2 807/661/2 806/1/2
f 807/661/2 851/2/2 850/662/2
f 831/660/2 830/656/2 827/657/2
f 849/663/2 808/664/2 807/661/2
f 843/665/2 842/654/2 818/496/2
f 818/496/2 837/666/2 819/667/2
f 807/661/2 850/662/2 849/663/2
f 838/658/2 818/496/2 842/654/2
f 818/496/2 838/658/2 837/666/2
f 832/668/2 831/660/2 825/669/2
f 825/669/2 831/660/2 826/659/2
f 817/670/2 816/671/2 844/672/2
f 847/673/2 809/674/2 848/675/2
f 809/674/2 847/673/2 810/676/2
f 810/676/2 847/673/2 811/510/2
f 811/510/2 847/673/2 812/677/2
f 846/678/2 812/677/2 847/673/2
f 812/677/2 846/678/2 813/679/2
f 813/679/2 846/678/2 814/680/2
f 845/681/2 814/680/2 846/678/2
f 814/680/2 845/681/2 815/516/2
f 844/672/2 815/516/2 845/681/2
f 815/516/2 844/672/2 816/671/2
f 848/675/2 808/664/2 849/663/2
f 808/664/2 848/675/2 809/674/2
f 844/672/2 843/665/2 817/670/2
f 818/496/2 817/670/2 843/665/2
f 836/682/2 819/667/2 837/666/2
f 819/667/2 836/682/2 820/683/2
f 835/684/2 820/683/2 836/682/2
f 820/683/2 835/684/2 821/685/2
f 834/686/2 821/685/2 835/684/2
f 821/685/2 834/686/2 822/687/2
f 822/687/2 834/686/2 823/688/2
f 823/688/2 834/686/2 824/689/2
f 833/690/2 824/689/2 834/686/2
f 824/689/2 833/690/2 825/669/2
f 832/668/2 825/669/2 833/690/2
f 902/691/2 855/692/2 903/693/2
f 854/694/2 903/693/2 855/692/2
f 903/693/2 854/694/2 878/695/2
f 853/696/2 878/695/2 854/694/2
f 852/697/2 878/695/2 853/696/2
f 878/695/2 852/697/2 879/698/2
f 877/699/2 879/698/2 852/697/2
f 876/700/2 879/698/2 877/699/2
f 879/698/2 876/700/2 880/701/2
f 875/702/2 880/701/2 876/700/2
f 882/703/2 874/704/2 873/705/2
f 899/706/2 898/707/2 858/708/2
f 884/709/2 883/55/2 873/705/2
f 898/707/2 859/710/2 858/708/2
f 859/710/2 898/707/2 897/711/2
f 873/705/2 872/623/2 884/709/2
f 858/708/2 857/712/2 899/706/2
f 900/713/2 899/706/2 857/712/2
f 873/705/2 883/55/2 882/703/2
f 857/712/2 856/714/2 900/713/2
f 900/713/2 856/714/2 901/715/2
f 901/715/2 856/714/2 902/691/2
f 855/692/2 902/691/2 856/714/2
f 875/702/2 881/716/2 880/701/2
f 874/704/2 881/716/2 875/702/2
f 881/716/2 874/704/2 882/703/2
f 885/717/2 872/623/2 871/630/2
f 860/718/2 859/710/2 896/719/2
f 897/711/2 896/719/2 859/710/2
f 871/630/2 886/720/2 885/717/2
f 886/720/2 871/630/2 870/721/2
f 895/722/2 861/723/2 860/718/2
f 870/721/2 869/724/2 887/639/2
f 860/718/2 896/719/2 895/722/2
f 887/639/2 886/720/2 870/721/2
f 862/725/2 893/726/2 863/727/2
f 892/728/2 863/727/2 893/726/2
f 863/727/2 892/728/2 864/729/2
f 891/730/2 864/729/2 892/728/2
f 864/729/2 891/730/2 865/285/2
f 865/285/2 891/730/2 866/731/2
f 890/732/2 866/731/2 891/730/2
f 866/731/2 890/732/2 867/733/2
f 889/734/2 867/733/2 890/732/2
f 867/733/2 889/734/2 868/735/2
f 894/736/2 861/723/2 895/722/2
f 861/723/2 894/736/2 862/725/2
f 893/726/2 862/725/2 894/736/2
f 889/734/2 888/653/2 868/735/2
f 868/735/2 888/653/2 869/724/2
f 887/639/2 869/724/2 888/653/2
f 885/717/2 884/709/2 872/623/2
f 906/293/2 905/295/2 907/294/2
f 907/294/2 905/295/2 939/2/2
f 904/1/2 939/2/2 905/295/2
f 939/2/2 908/737/2 907/294/2
f 908/737/2 939/2/2 938/738/2
f 904/1/2 929/298/2 939/2/2
f 908/737/2 937/739/2 909/740/2
f 938/738/2 937/739/2 908/737/2
f 929/298/2 928/741/2 930/742/2
f 904/1/2 928/741/2 929/298/2
f 936/743/2 917/744/2 937/739/2
f 927/745/2 926/746/2 931/747/2
f 937/739/2 917/744/2 909/740/2
f 931/747/2 930/742/2 927/745/2
f 928/741/2 927/745/2 930/742/2
f 912/748/2 911/310/2 913/749/2
f 911/310/2 910/750/2 913/749/2
f 913/749/2 910/750/2 914/751/2
f 915/752/2 914/751/2 910/750/2
f 915/752/2 910/750/2 916/753/2
f 909/740/2 916/753/2 910/750/2
f 916/753/2 909/740/2 917/744/2
f 936/743/2 918/754/2 917/744/2
f 935/755/2 918/754/2 936/743/2
f 918/754/2 935/755/2 919/756/2
f 919/756/2 935/755/2 920/757/2
f 934/758/2 920/757/2 935/755/2
f 920/757/2 934/758/2 921/759/2
f 921/759/2 934/758/2 922/760/2
f 934/758/2 933/761/2 922/760/2
f 922/760/2 933/761/2 923/762/2
f 585/1/3 1/1/3 23/4/3 608/4/3
f 923/762/2 933/761/2 924/763/2
f 924/763/2 933/761/2 925/764/2
f 932/765/2 925/764/2 933/761/2
f 925/764/2 932/765/2 926/746/2
f 931/747/2 926/746/2 932/765/2
f 954/326/2 969/2/2 940/1/2
f 954/326/2 955/327/2 969/2/2
f 957/766/2 956/767/2 953/768/2
f 969/2/2 941/769/2 940/1/2
f 968/770/2 941/769/2 969/2/2
f 955/327/2 953/768/2 956/767/2
f 954/326/2 953/768/2 955/327/2
f 967/771/2 943/772/2 942/773/2
f 943/772/2 967/771/2 966/774/2
f 951/775/2 958/776/2 952/777/2
f 957/766/2 952/777/2 958/776/2
f 968/770/2 942/773/2 941/769/2
f 942/773/2 968/770/2 967/771/2
f 953/768/2 952/777/2 957/766/2
f 947/778/2 962/779/2 948/780/2
f 964/781/2 944/782/2 965/783/2
f 944/782/2 964/781/2 945/784/2
f 945/784/2 964/781/2 946/785/2
f 963/786/2 946/785/2 964/781/2
f 946/785/2 963/786/2 947/778/2
f 962/779/2 947/778/2 963/786/2
f 962/779/2 961/787/2 948/780/2
f 948/780/2 961/787/2 949/788/2
f 960/789/2 949/788/2 961/787/2
f 949/788/2 960/789/2 950/790/2
f 959/791/2 950/790/2 960/789/2
f 965/783/2 943/772/2 966/774/2
f 943/772/2 965/783/2 944/782/2
f 950/790/2 959/791/2 951/775/2
f 958/776/2 951/775/2 959/791/2
f 976/148/2 975/356/2 977/355/2
f 974/357/2 977/355/2 975/356/2
f 977/355/2 974/357/2 973/147/2
f 978/358/2 972/359/2 979/2/2
f 979/2/2 972/359/2 970/1/2
f 971/360/2 970/1/2 972/359/2
f 973/147/2 972/359/2 977/355/2
f 978/358/2 977/355/2 972/359/2
f 982/48/2 984/50/2 983/49/2
f 984/50/2 982/48/2 990/2/2
f 990/2/2 982/48/2 981/51/2
f 980/1/2 989/53/2 988/52/2
f 985/54/2 987/56/2 986/55/2
f 985/54/2 989/53/2 987/56/2
f 980/1/2 987/56/2 989/53/2
f 985/54/2 984/50/2 989/53/2
f 990/2/2 989/53/2 984/50/2
f 981/51/2 988/52/2 990/2/2
f 988/52/2 981/51/2 980/1/2
f 992/147/2 994/2/2 993/148/2
f 994/2/2 992/147/2 991/1/2
f 997/48/2 999/50/2 998/49/2
f 999/50/2 997/48/2 1005/2/2
f 1005/2/2 997/48/2 996/51/2
f 995/1/2 1004/53/2 1003/52/2
f 1000/54/2 1002/56/2 1001/55/2
f 1000/54/2 1004/53/2 1002/56/2
f 995/1/2 1002/56/2 1004/53/2
f 1000/54/2 999/50/2 1004/53/2
f 1005/2/2 1004/53/2 999/50/2
f 996/51/2 1003/52/2 1005/2/2
f 1003/52/2 996/51/2 995/1/2
f 1007/48/2 1011/2/2 1008/50/2
f 1011/2/2 1009/55/2 1008/50/2
f 1009/55/2 1011/2/2 1010/52/2
f 1007/48/2 1006/1/2 1011/2/2
f 1014/48/2 1016/50/2 1015/49/2
f 1016/50/2 1014/48/2 1022/2/2
f 1022/2/2 1014/48/2 1013/51/2
f 1012/1/2 1021/53/2 1020/52/2
f 1017/54/2 1019/56/2 1018/55/2
f 1017/54/2 1021/53/2 1019/56/2
f 1012/1/2 1019/56/2 1021/53/2
f 1017/54/2 1016/50/2 1021/53/2
f 1022/2/2 1021/53/2 1016/50/2
f 1013/51/2 1020/52/2 1022/2/2
f 1020/52/2 1013/51/2 1012/1/2
f 1050/792/2 1035/793/2 1051/794/2
f 1034/795/2 1051/794/2 1035/793/2
f 1051/794/2 1034/795/2 1052/796/2
f 1033/797/2 1052/796/2 1034/795/2
f 1032/798/2 1052/796/2 1033/797/2
f 1052/796/2 1032/798/2 1053/799/2
f 1031/800/2 1053/799/2 1032/798/2
f 1053/799/2 1031/800/2 1054/801/2
f 1030/802/2 1054/801/2 1031/800/2
f 1048/803/2 1037/579/2 1049/804/2
f 1056/805/2 1029/806/2 1028/807/2
f 1048/803/2 1047/808/2 1038/809/2
f 1039/810/2 1038/809/2 1047/808/2
f 1027/127/2 1026/811/2 1058/812/2
f 1058/812/2 1057/813/2 1027/127/2
f 1028/807/2 1027/127/2 1057/813/2
f 1038/809/2 1037/579/2 1048/803/2
f 1028/807/2 1057/813/2 1056/805/2
f 1037/579/2 1036/814/2 1049/804/2
f 1049/804/2 1036/814/2 1050/792/2
f 1035/793/2 1050/792/2 1036/814/2
f 1030/802/2 1055/815/2 1054/801/2
f 1029/806/2 1055/815/2 1030/802/2
f 1055/815/2 1029/806/2 1056/805/2
f 1059/816/2 1026/811/2 1025/817/2
f 1046/818/2 1040/819/2 1039/810/2
f 1040/819/2 1046/818/2 1045/820/2
f 1060/821/2 1059/816/2 1025/817/2
f 1042/396/2 1044/822/2 1043/143/2
f 1024/823/2 1023/1/2 1062/824/2
f 1044/822/2 1041/825/2 1045/820/2
f 1041/825/2 1044/822/2 1042/396/2
f 1062/824/2 1061/826/2 1024/823/2
f 1040/819/2 1045/820/2 1041/825/2
f 1061/826/2 1060/821/2 1024/823/2
f 1024/823/2 1060/821/2 1025/817/2
f 1047/808/2 1046/818/2 1039/810/2
f 1059/816/2 1058/812/2 1026/811/2
f 1064/147/2 1066/2/2 1065/148/2
f 1066/2/2 1064/147/2 1063/1/2
f 1091/527/2 1090/827/2 1092/59/2
f 1089/828/2 1093/829/2 1090/827/2
f 1092/59/2 1090/827/2 1093/829/2
f 1077/62/2 1108/64/2 1078/830/2
f 1076/831/2 1108/64/2 1077/62/2
f 1108/64/2 1076/831/2 1109/832/2
f 1075/833/2 1109/832/2 1076/831/2
f 1087/834/2 1095/835/2 1088/836/2
f 1096/837/2 1095/835/2 1087/834/2
f 1071/838/2 1112/839/2 1111/840/2
f 1111/840/2 1072/841/2 1071/838/2
f 1095/835/2 1094/842/2 1088/836/2
f 1093/829/2 1088/836/2 1094/842/2
f 1089/828/2 1088/836/2 1093/829/2
f 1078/830/2 1106/843/2 1079/844/2
f 1106/843/2 1078/830/2 1107/81/2
f 1108/64/2 1107/81/2 1078/830/2
f 1075/833/2 1110/845/2 1109/832/2
f 1074/846/2 1110/845/2 1075/833/2
f 1073/847/2 1110/845/2 1074/846/2
f 1110/845/2 1073/847/2 1111/840/2
f 1111/840/2 1073/847/2 1072/841/2
f 1113/848/2 1112/839/2 1070/849/2
f 1070/849/2 1069/850/2 1113/848/2
f 1086/851/2 1097/852/2 1096/837/2
f 1097/852/2 1086/851/2 1085/853/2
f 1115/854/2 1067/1/2 1116/855/2
f 1083/856/2 1100/857/2 1084/858/2
f 1100/857/2 1083/856/2 1101/859/2
f 1082/96/2 1101/859/2 1083/856/2
f 1101/859/2 1082/96/2 1102/97/2
f 1102/97/2 1082/96/2 1103/98/2
f 1114/860/2 1067/1/2 1115/854/2
f 1067/1/2 1114/860/2 1068/861/2
f 1085/853/2 1098/862/2 1097/852/2
f 1098/862/2 1085/853/2 1099/863/2
f 1084/858/2 1099/863/2 1085/853/2
f 1099/863/2 1084/858/2 1100/857/2
f 1082/96/2 1081/563/2 1103/98/2
f 1103/98/2 1081/563/2 1104/864/2
f 1080/865/2 1104/864/2 1081/563/2
f 1105/866/2 1104/864/2 1080/865/2
f 1068/861/2 1114/860/2 1069/850/2
f 1113/848/2 1069/850/2 1114/860/2
f 1087/834/2 1086/851/2 1096/837/2
f 1079/844/2 1105/866/2 1080/865/2
f 1106/843/2 1105/866/2 1079/844/2
f 1112/839/2 1071/838/2 1070/849/2
f 1118/442/2 1120/444/2 1119/443/2
f 1125/2/2 1124/446/2 1123/445/2
f 1123/445/2 1117/1/2 1125/2/2
f 1122/447/2 1121/54/2 1123/445/2
f 1120/444/2 1123/445/2 1121/54/2
f 1123/445/2 1120/444/2 1117/1/2
f 1118/442/2 1117/1/2 1120/444/2
f 1132/448/2 1134/450/2 1133/449/2
f 1131/451/2 1134/450/2 1132/448/2
f 1134/450/2 1131/451/2 1129/452/2
f 1129/452/2 1131/451/2 1130/453/2
f 1135/454/2 1137/2/2 1136/455/2
f 1128/456/2 1137/2/2 1135/454/2
f 1137/2/2 1128/456/2 1126/1/2
f 1126/1/2 1128/456/2 1127/457/2
f 1129/452/2 1135/454/2 1134/450/2
f 1135/454/2 1129/452/2 1128/456/2
f 1166/2/2 1142/867/2 1141/458/2
f 1139/460/2 1141/458/2 1140/461/2
f 1141/458/2 1139/460/2 1166/2/2
f 1138/1/2 1166/2/2 1139/460/2
f 1166/2/2 1138/1/2 1155/462/2
f 1166/2/2 1165/868/2 1142/867/2
f 1156/869/2 1155/462/2 1154/870/2
f 1138/1/2 1154/870/2 1155/462/2
f 1157/871/2 1156/869/2 1153/872/2
f 1154/870/2 1153/872/2 1156/869/2
f 1164/873/2 1143/874/2 1165/868/2
f 1165/868/2 1143/874/2 1142/867/2
f 1145/875/2 1162/876/2 1146/877/2
f 1161/878/2 1146/877/2 1162/876/2
f 1146/877/2 1161/878/2 1147/879/2
f 1147/879/2 1161/878/2 1148/880/2
f 1160/881/2 1148/880/2 1161/878/2
f 1148/880/2 1160/881/2 1149/882/2
f 1159/883/2 1149/882/2 1160/881/2
f 1149/882/2 1159/883/2 1150/884/2
f 1150/884/2 1159/883/2 1151/885/2
f 1164/873/2 1144/886/2 1143/874/2
f 1163/887/2 1144/886/2 1164/873/2
f 1144/886/2 1163/887/2 1145/875/2
f 1145/875/2 1163/887/2 1162/876/2
f 1159/883/2 1158/888/2 1151/885/2
f 1151/885/2 1158/888/2 1152/484/2
f 1157/871/2 1152/484/2 1158/888/2
f 1152/484/2 1157/871/2 1153/872/2
f 5/27/4 590/508/4 6/28/4
f 14/39/5 600/518/5 15/41/5
f 17/44/6 603/523/6 18/45/6
f 89/59/7 675/529/7 90/60/7
f 78/78/8 662/544/8 79/76/8
f 86/70/9 672/531/9 87/57/9
f 112/99/10 697/559/10 113/89/10
f 147/113/11 731/574/11 148/115/11
f 219/156/12 805/606/12 220/159/12
f 196/165/13 783/627/13 197/170/13
f 234/218/14 819/667/14 235/238/14
f 240/246/15 825/669/15 241/221/15
f 294/255/16 880/701/16 295/257/16
f 347/323/17 932/765/17 933/761/17
f 339/324/18 925/764/18 340/325/18
f 362/348/19 947/778/19 948/780/19
f 357/335/20 943/772/20 358/340/20
f 449/365/21 1034/795/21 450/361/21
f 469/368/22 1053/799/22 470/370/22
f 453/374/23 1038/809/23 454/380/23
f 444/389/24 1030/802/24 445/373/24
f 461/395/25 1046/818/25 462/391/25
f 459/397/26 1044/822/26 460/398/26
f 527/407/27 1110/845/27 528/422/27
f 502/427/28 1085/853/28 1086/851/28
f 517/436/29 1101/859/29 518/95/29
f 43/26/30 628/507/30 629/504/30
f 108/68/31 693/545/31 109/74/31
f 84/84/32 669/550/32 85/71/32
f 110/75/33 695/540/33 111/85/33
f 123/116/34 707/575/34 124/114/34
f 180/197/35 765/645/35 181/199/35
f 224/227/36 809/674/36 225/228/36
f 237/242/37 822/687/37 238/243/37
f 290/256/38 876/700/38 291/254/38
f 307/281/39 893/726/39 308/291/39
f 286/185/40 872/623/40 287/267/40
f 366/338/41 952/777/41 367/339/41
f 362/348/42 948/780/42 363/350/42
f 490/408/43 1075/833/43 491/406/43
f 496/415/8 1079/844/8 497/413/8
f 502/427/44 1086/851/44 503/425/44
f 43/26/45 629/504/45 44/23/45
f 18/45/46 604/524/46 19/47/46
f 90/60/47 675/529/47 676/530/47
f 113/89/48 698/558/48 114/90/48
f 119/127/49 703/589/49 120/120/49
f 148/115/50 732/576/50 149/133/50
f 197/170/51 784/625/51 198/171/51
f 189/173/52 775/624/52 190/172/52
f 176/182/53 761/637/53 177/189/53
f 241/221/54 826/659/54 242/209/54
f 262/230/55 847/673/55 263/225/55
f 295/257/13 881/716/13 296/261/13
f 358/340/56 944/782/56 359/341/56
f 450/361/57 1035/793/57 451/362/57
f 445/373/58 1031/800/58 446/371/58
f 475/383/59 1058/812/59 476/381/59
f 487/416/60 1071/838/60 1072/841/60
f 528/422/61 1110/845/61 529/418/61
f 9/33/62 595/516/62 10/35/62
f 2/14/63 587/493/63 3/24/63
f 90/60/64 676/530/64 91/61/64
f 79/76/65 663/565/65 80/103/65
f 124/114/66 708/573/66 125/112/66
f 140/123/67 723/584/67 141/128/67
f 116/138/68 701/595/68 117/137/68
f 132/122/69 715/586/69 133/139/69
f 220/159/70 780/608/70 194/161/70
f 225/228/4 810/676/4 226/229/4
f 228/232/71 814/680/71 229/234/71
f 238/243/6 823/688/6 239/244/6
f 287/267/72 873/705/72 288/263/72
f 381/336/73 966/774/73 967/771/73
f 363/350/74 949/788/74 364/352/74
f 455/379/75 1039/810/75 456/392/75
f 476/381/76 1058/812/76 1059/816/76
f 491/406/77 1076/831/77 492/65/77
f 487/416/78 1072/841/78 488/417/78
f 44/23/79 630/494/79 45/20/79
f 19/47/80 605/526/80 20/22/80
f 111/85/81 696/548/81 112/99/81
f 194/161/82 781/611/82 195/163/82
f 208/198/83 794/644/83 209/196/83
f 177/189/84 762/652/84 178/193/84
f 263/225/85 847/673/85 848/675/85
f 260/235/86 845/681/86 261/233/86
f 296/261/87 882/703/87 297/262/87
f 309/278/88 895/722/88 310/183/88
f 323/296/89 908/737/89 324/299/89
f 328/308/90 913/749/90 329/309/90
f 348/320/91 933/761/91 934/758/91
f 381/336/92 967/771/92 382/333/92
f 442/384/93 1028/807/93 443/386/93
f 451/362/94 1036/814/94 452/376/94
f 439/394/95 1025/817/95 440/390/95
f 460/398/96 1045/820/96 461/395/96
f 485/428/97 1069/850/97 486/424/97
f 497/413/65 1080/865/65 498/439/65
f 10/35/98 596/502/98 11/37/98
f 107/66/99 692/533/99 108/68/99
f 109/74/100 694/541/100 110/75/100
f 76/63/101 661/532/101 77/80/101
f 150/117/102 734/581/102 151/118/102
f 141/128/103 724/578/103 142/130/103
f 121/119/104 705/582/104 122/134/104
f 204/206/105 790/653/105 205/204/105
f 263/225/106 848/675/106 264/226/106
f 239/244/107 824/689/107 240/246/107
f 318/2/108 878/695/108 293/252/108
f 292/253/109 852/697/109 268/251/109
f 314/258/110 900/713/110 315/259/110
f 288/263/111 874/704/111 289/271/111
f 305/284/112 891/730/112 306/282/112
f 351/307/113 937/739/113 352/297/113
f 335/317/114 919/756/114 920/757/114
f 360/344/115 946/785/115 361/346/115
f 364/352/116 950/790/116 365/354/116
f 506/402/117 1090/827/117 507/403/117
f 526/405/118 1109/832/118 527/407/118
f 504/410/119 1087/834/119 1088/836/119
f 529/418/120 1111/840/120 530/419/120
f 488/417/121 1073/847/121 489/421/121
f 20/22/122 606/500/122 21/13/122
f 4/25/123 589/505/123 5/27/123
f 16/42/124 602/522/124 17/44/124
f 103/105/125 688/566/125 104/77/125
f 146/111/126 730/572/126 147/113/126
f 115/145/127 699/603/127 116/138/127
f 133/139/128 716/597/128 134/146/128
f 195/163/16 782/613/16 196/165/16
f 178/193/129 763/641/129 179/194/129
f 200/178/130 786/621/130 201/186/130
f 261/233/131 846/678/131 262/230/131
f 293/252/82 879/698/82 294/255/82
f 310/183/132 896/719/132 311/273/132
f 324/299/133 909/740/133 325/305/133
f 335/317/134 920/757/134 336/319/134
f 356/334/135 942/773/135 357/335/135
f 448/367/136 1033/797/136 449/365/136
f 468/366/137 1052/796/137 469/368/137
f 452/376/138 1037/579/138 453/374/138
f 443/386/139 1029/806/139 444/389/139
f 494/63/101 1078/830/101 495/80/101
f 516/433/140 1100/857/140 517/436/140
f 484/431/141 1068/861/141 485/428/141
f 151/118/142 735/590/142 152/121/142
f 122/134/24 706/577/24 123/116/24
f 187/185/143 773/623/143 188/179/143
f 236/240/144 821/685/144 237/242/144
f 289/271/145 875/702/145 290/256/145
f 306/282/146 892/728/146 307/281/146
f 339/324/147 924/763/147 925/764/147
f 361/346/148 947/778/148 362/348/148
f 365/354/149 951/775/149 366/338/149
f 459/397/150 1043/143/150 1044/822/150
f 456/392/151 1040/819/151 457/400/151
f 504/410/152 1088/836/152 505/420/152
f 527/407/153 1109/832/153 1110/845/153
f 522/441/125 1105/866/125 523/414/125
f 586/490/154 2/14/154 1/1/154 585/1/154
f 22/10/155 21/13/155 607/488/155
f 632/2/156 47/2/156 46/15/156 631/491/156
f 640/56/157 55/56/157 54/55/157 639/55/157
f 9/33/158 8/31/158 594/514/158
f 12/17/159 597/501/159 598/496/159
f 648/52/160 63/52/160 62/55/160 647/55/160
f 685/97/161 100/97/161 99/95/161 684/95/161
f 711/568/162 128/107/162 127/106/162 710/570/162
f 715/586/163 132/122/163 131/124/163 714/585/163
f 123/116/164 706/577/164 707/575/164
f 743/148/3 159/148/3 158/147/3 742/147/3
f 152/121/165 735/590/165 736/383/165
f 751/152/160 167/152/160 166/154/160 750/154/160
f 779/610/166 193/162/166 192/164/166 778/612/166
f 756/626/167 172/181/167 171/157/167 755/605/167
f 188/179/168 773/623/168 774/50/168
f 760/631/169 176/182/169 175/176/169 759/620/169
f 788/634/170 202/187/170 201/186/170 787/629/170
f 764/643/171 765/645/171 180/197/171 179/194/171
f 797/636/172 211/190/172 210/195/172 796/642/172
f 840/5/173 255/5/173 254/8/173 839/655/173
f 813/679/174 228/232/174 227/231/174 812/677/174
f 844/672/175 259/223/175 258/216/175 843/665/175
f 837/666/176 252/219/176 251/237/176 836/682/176
f 834/686/177 249/241/177 248/245/177 833/690/177
f 237/242/178 821/685/178 822/687/178
f 855/692/179 270/249/179 269/250/179 854/694/179
f 859/710/180 274/268/180 273/264/180 858/708/180
f 290/256/181 875/702/181 876/700/181
f 863/727/182 278/280/182 277/193/182 862/725/182
f 286/185/183 871/630/183 872/623/183
f 889/734/184 303/289/184 302/292/184 888/653/184
f 307/281/185 892/728/185 893/726/185
f 885/717/186 299/274/186 298/266/186 884/709/186
f 908/737/187 323/296/187 322/294/187 907/294/187
f 929/298/160 344/298/160 353/2/160 939/2/160
f 930/742/188 345/300/188 344/298/188 929/298/188
f 935/755/189 350/316/189 349/318/189 934/758/189
f 328/308/190 912/748/190 913/749/190
f 957/766/191 372/328/191 371/330/191 956/767/191
f 336/319/192 920/757/192 921/759/192
f 965/783/193 380/342/193 379/343/193 964/781/193
f 366/338/194 951/775/194 952/777/194
f 961/787/195 376/349/195 375/351/195 960/789/195
f 978/358/196 393/358/196 392/355/196 977/355/196
f 986/55/197 401/55/197 400/54/197 985/54/197
f 994/2/157 409/2/157 408/148/157 993/148/157
f 1002/56/157 417/56/157 416/55/157 1001/55/157
f 1010/52/160 425/52/160 424/55/160 1009/55/160
f 1018/55/197 433/55/197 432/54/197 1017/54/197
f 1063/1/160 480/1/160 483/2/160 1066/2/160
f 441/382/198 440/390/198 1026/811/198
f 1064/147/199 481/147/199 480/1/199 1063/1/199
f 1092/59/200 508/59/200 507/403/200 1091/527/200
f 1074/846/201 1075/833/201 490/408/201 489/421/201
f 511/409/202 510/411/202 1095/835/202
f 1098/862/203 514/438/203 513/426/203 1097/852/203
f 1071/838/204 487/416/204 486/424/204 1070/849/204
f 485/428/205 1068/861/205 1069/850/205
f 523/414/206 1105/866/206 1106/843/206
f 1120/444/207 538/444/207 537/443/207 1119/443/207
f 1136/455/3 554/455/3 553/454/3 1135/454/3
f 1128/456/3 546/456/3 545/457/3 1127/457/3
f 1155/462/160 573/462/160 584/2/160 1166/2/160
f 1156/869/208 574/464/208 573/462/208 1155/462/208
f 1143/874/209 561/469/209 560/459/209 1142/867/209
f 1147/879/210 565/474/210 564/471/210 1146/877/210
f 1151/885/211 569/480/211 568/479/211 1150/884/211
f 619/486/212 34/8/212 33/11/212 618/489/212
f 612/499/213 27/21/213 26/12/213 611/492/213
f 626/513/214 41/32/214 40/34/214 625/515/214
f 6/28/215 590/508/215 591/510/215
f 615/519/216 30/40/216 29/43/216 614/521/216
f 649/2/199 64/2/199 63/52/199 648/52/199
f 18/45/217 603/523/217 604/524/217
f 655/542/218 70/79/218 69/73/218 654/539/218
f 690/81/219 105/81/219 104/77/219 689/543/219
f 667/556/220 83/92/220 82/91/220 666/554/220
f 686/98/221 101/98/221 100/97/221 685/97/221
f 681/562/222 96/102/222 95/101/222 680/561/222
f 113/89/223 697/559/223 698/558/223
f 737/587/224 153/125/224 152/121/224 736/383/224
f 79/76/225 662/544/225 663/565/225
f 148/115/226 731/574/226 732/576/226
f 703/589/227 119/127/227 118/126/227 702/588/227
f 727/567/228 144/108/228 143/132/228 726/592/228
f 739/599/229 155/141/229 154/136/229 738/594/229
f 140/123/230 139/135/230 722/596/230
f 744/2/157 160/2/157 159/148/157 743/148/157
f 752/2/157 168/2/157 167/152/157 751/152/157
f 802/615/231 216/167/231 215/175/231 801/618/231
f 220/159/232 805/606/232 780/608/232
f 774/50/233 775/624/233 189/173/233 188/179/233
f 793/646/234 207/200/234 206/202/234 792/648/234
f 197/170/235 783/627/235 784/625/235
f 176/182/236 760/631/236 761/637/236
f 770/638/237 185/192/237 184/205/237 769/651/237
f 831/660/238 246/213/238 245/208/238 830/656/238
f 850/662/239 266/212/239 265/214/239 849/663/239
f 817/670/240 232/222/240 231/224/240 816/671/240
f 241/221/241 825/669/241 826/659/241
f 903/693/242 317/248/242 316/247/242 902/691/242
f 262/230/243 846/678/243 847/673/243
f 235/238/244 819/667/244 820/683/244
f 897/711/245 898/707/245 313/265/245 312/269/245
f 868/735/246 283/290/246 282/288/246 867/733/246
f 295/257/247 880/701/247 881/716/247
f 939/2/248 353/2/248 352/297/248 938/738/248
f 910/750/249 326/311/249 325/305/249 909/740/249
f 926/746/250 341/304/250 340/325/250 925/764/250
f 979/2/157 394/2/157 393/358/157 978/358/157
f 358/340/251 943/772/251 944/782/251
f 970/1/160 385/1/160 394/2/160 979/2/160
f 971/360/199 386/360/199 385/1/199 970/1/199
f 987/56/157 402/56/157 401/55/157 986/55/157
f 1011/2/199 426/2/199 425/52/199 1010/52/199
f 1019/56/157 434/56/157 433/55/157 1018/55/157
f 1054/801/252 471/372/252 470/370/252 1053/799/252
f 450/361/253 1034/795/253 1035/793/253
f 1039/810/254 455/379/254 454/380/254 1038/809/254
f 445/373/164 1030/802/164 1031/800/164
f 1058/812/255 475/383/255 474/385/255 1057/813/255
f 1050/792/256 466/363/256 465/377/256 1049/804/256
f 1060/821/257 1061/826/257 478/401/257 477/393/257
f 457/400/258 1040/819/258 1041/825/258
f 1065/148/3 482/148/3 481/147/3 1064/147/3
f 1093/829/259 509/404/259 508/59/259 1092/59/259
f 1089/828/260 506/402/260 505/420/260 1088/836/260
f 1113/848/261 531/423/261 530/419/261 1112/839/261
f 1102/97/262 519/97/262 518/95/262 1101/859/262
f 1115/854/263 533/429/263 532/437/263 1114/860/263
f 1121/54/3 539/54/3 538/444/3 1120/444/3
f 1137/2/157 555/2/157 554/455/157 1136/455/157
f 1129/452/199 547/452/199 546/456/199 1128/456/199
f 1166/2/264 584/2/264 583/463/264 1165/868/264
f 1160/881/265 578/476/265 577/478/265 1159/883/265
f 1163/887/266 581/482/266 580/472/266 1162/876/266
f 608/4/267 23/4/267 22/10/267 607/488/267
f 599/498/268 13/18/268 12/17/268 598/496/268
f 2/14/269 586/490/269 587/493/269
f 591/510/270 592/511/270 7/30/270 6/28/270
f 642/53/271 57/53/271 56/52/271 641/52/271
f 9/33/272 594/514/272 595/516/272
f 15/41/273 600/518/273 601/520/273
f 633/1/274 48/1/274 55/56/274 640/56/274
f 641/52/275 56/52/275 58/2/275 643/2/275
f 634/51/199 49/51/199 48/1/199 633/1/199
f 659/65/276 74/65/276 73/67/276 658/534/276
f 691/64/277 106/64/277 105/81/277 690/81/277
f 687/564/278 102/104/278 101/98/278 686/98/278
f 109/74/279 693/545/279 694/541/279
f 111/85/280 695/540/280 696/548/280
f 712/591/281 129/131/281 128/107/281 711/568/281
f 85/71/282 669/550/282 670/535/282
f 144/108/283 727/567/283 728/569/283
f 124/114/284 707/575/284 708/573/284
f 721/598/285 138/140/285 137/144/285 720/602/285
f 718/601/286 135/142/286 134/146/286 717/604/286
f 757/616/287 173/169/287 172/181/287 756/626/287
f 116/138/288 700/600/288 701/595/288
f 140/123/289 722/596/289 723/584/289
f 798/633/290 212/183/290 211/190/290 797/636/290
f 789/639/291 203/191/291 202/187/291 788/634/291
f 841/3/160 256/3/160 267/2/160 851/2/160
f 181/199/292 765/645/292 766/285/292
f 842/654/293 257/207/293 256/3/293 841/3/293
f 838/658/294 253/210/294 252/219/294 837/666/294
f 845/681/295 260/235/295 259/223/295 844/672/295
f 225/228/296 809/674/296 810/676/296
f 228/232/297 813/679/297 814/680/297
f 856/714/167 271/270/167 270/249/167 855/692/167
f 238/243/298 822/687/298 823/688/298
f 291/254/299 876/700/299 877/699/299
f 287/267/300 872/623/300 873/705/300
f 860/718/301 275/272/301 274/268/301 859/710/301
f 886/720/302 300/275/302 299/274/302 885/717/302
f 864/729/303 279/283/303 278/280/303 863/727/303
f 890/732/304 304/287/304 303/289/304 889/734/304
f 936/743/305 351/307/305 350/316/305 935/755/305
f 308/291/306 893/726/306 894/736/306
f 922/760/307 337/321/307 336/319/307 921/759/307
f 958/776/308 373/337/308 372/328/308 957/766/308
f 348/320/309 347/323/309 933/761/309
f 953/768/310 368/329/310 367/339/310 952/777/310
f 962/779/311 377/347/311 376/349/311 961/787/311
f 966/774/312 381/336/312 380/342/312 965/783/312
f 363/350/313 948/780/313 949/788/313
f 972/359/3 387/359/3 386/360/3 971/360/3
f 1004/53/271 419/53/271 418/52/271 1003/52/271
f 995/1/274 410/1/274 417/56/274 1002/56/274
f 1003/52/275 418/52/275 420/2/275 1005/2/275
f 996/51/199 411/51/199 410/1/199 995/1/199
f 1027/127/314 442/384/314 441/382/314 1026/811/314
f 1066/2/157 483/2/157 482/148/157 1065/148/157
f 439/394/315 1024/823/315 1025/817/315
f 1107/81/219 524/81/219 523/414/219 1106/843/219
f 491/406/316 1075/833/316 1076/831/316
f 1084/858/317 501/434/317 500/435/317 1083/856/317
f 1103/98/221 520/98/221 519/97/221 1102/97/221
f 1099/863/318 515/432/318 514/438/318 1098/862/318
f 1122/447/157 540/447/157 539/54/157 1121/54/157
f 497/413/225 1079/844/225 1080/865/225
f 1130/453/160 548/453/160 547/452/160 1129/452/160
f 1148/880/319 566/475/319 565/474/319 1147/879/319
f 1144/886/320 562/481/320 561/469/320 1143/874/320
f 1152/484/321 570/484/321 569/480/321 1151/885/321
f 623/495/322 38/16/322 37/7/322 622/485/322
f 627/509/323 42/29/323 41/32/323 626/513/323
f 616/517/324 31/38/324 30/40/324 615/519/324
f 44/23/325 629/504/325 630/494/325
f 613/525/326 28/46/326 27/21/326 612/499/326
f 16/42/327 15/41/327 601/520/327
f 19/47/328 604/524/328 605/526/328
f 635/48/329 50/48/329 49/51/329 634/51/329
f 643/2/199 58/2/199 57/53/199 642/53/199
f 660/62/330 75/62/330 74/65/330 659/65/330
f 87/57/331 672/531/331 673/528/331
f 692/533/332 107/66/332 106/64/332 691/64/332
f 678/538/333 93/72/333 92/69/333 677/536/333
f 656/547/334 71/83/334 70/79/334 655/542/334
f 653/549/335 68/86/335 67/88/335 652/553/335
f 650/1/336 65/1/336 114/90/336 698/558/336
f 651/560/337 66/100/337 65/1/337 650/1/337
f 682/555/338 97/93/338 96/102/338 681/562/338
f 745/1/160 161/1/160 168/2/160 752/2/160
f 145/109/339 144/108/339 728/569/339
f 120/120/340 703/589/340 704/583/340
f 149/133/341 732/576/341 733/593/341
f 746/149/199 162/149/199 161/1/199 745/1/199
f 779/610/342 753/609/342 169/160/342 193/162/342
f 803/617/343 217/168/343 216/167/343 802/615/343
f 194/161/344 780/608/344 781/611/344
f 785/622/345 199/180/345 198/171/345 784/625/345
f 771/635/346 186/188/346 185/192/346 770/638/346
f 190/172/347 775/624/347 776/628/347
f 793/646/348 794/644/348 208/198/348 207/200/348
f 767/647/349 182/201/349 181/199/349 766/285/349
f 806/1/3 221/1/3 243/4/3 828/4/3
f 177/189/350 761/637/350 762/652/350
f 807/661/351 222/211/351 221/1/351 806/1/351
f 242/209/352 826/659/352 827/657/352
f 851/2/353 267/2/353 266/212/353 850/662/353
f 818/496/354 233/217/354 232/222/354 817/670/354
f 903/693/355 878/695/355 318/2/355 317/248/355
f 877/699/356 852/697/356 292/253/356 291/254/356
f 899/706/357 314/258/357 313/265/357 898/707/357
f 894/736/358 895/722/358 309/278/358 308/291/358
f 296/261/235 881/716/235 882/703/235
f 869/724/237 284/279/237 283/290/237 868/735/237
f 927/745/359 342/302/359 341/304/359 926/746/359
f 914/751/360 330/312/360 329/309/360 913/749/360
f 916/753/361 332/314/361 331/313/361 915/752/361
f 919/756/362 335/317/362 334/315/362 918/754/362
f 940/1/3 354/1/3 369/326/3 954/326/3
f 941/769/363 355/331/363 354/1/363 940/1/363
f 973/147/364 388/147/364 387/359/364 972/359/364
f 359/341/365 944/782/365 945/784/365
f 988/52/271 989/53/271 404/53/271 403/52/271
f 980/1/274 395/1/274 402/56/274 987/56/274
f 988/52/275 403/52/275 405/2/275 990/2/275
f 981/51/199 396/51/199 395/1/199 980/1/199
f 997/48/329 412/48/329 411/51/329 996/51/329
f 1005/2/199 420/2/199 419/53/199 1004/53/199
f 1021/53/271 436/53/271 435/52/271 1020/52/271
f 1012/1/274 427/1/274 434/56/274 1019/56/274
f 1020/52/275 435/52/275 437/2/275 1022/2/275
f 1013/51/199 428/51/199 427/1/199 1012/1/199
f 1051/794/366 467/364/366 466/363/366 1050/792/366
f 1032/798/367 447/369/367 446/371/367 1031/800/367
f 1055/815/368 472/388/368 471/372/368 1054/801/368
f 442/384/369 1027/127/369 1028/807/369
f 451/362/370 1035/793/370 1036/814/370
f 1047/808/371 463/378/371 462/391/371 1046/818/371
f 460/398/372 1044/822/372 1045/820/372
f 1108/64/277 525/64/277 524/81/277 1107/81/277
f 506/402/373 1089/828/373 1090/827/373
f 1116/855/374 534/430/374 533/429/374 1115/854/374
f 529/418/375 1110/845/375 1111/840/375
f 1104/864/278 521/440/278 520/98/278 1103/98/278
f 1087/834/376 504/410/376 503/425/376 1086/851/376
f 1123/445/160 541/445/160 540/447/160 1122/447/160
f 1131/451/199 549/451/199 548/453/199 1130/453/199
f 1139/460/3 557/460/3 556/1/3 1138/1/3
f 1138/1/377 556/1/377 572/465/377 1154/870/377
f 1157/871/378 575/466/378 574/464/378 1156/869/378
f 1164/873/379 582/468/379 581/482/379 1163/887/379
f 1153/872/380 571/467/380 570/484/380 1152/484/380
f 609/6/160 24/6/160 35/5/160 620/5/160
f 609/6/381 610/487/381 25/9/381 24/6/381
f 636/49/157 51/49/157 50/48/157 635/48/157
f 10/35/382 595/516/382 596/502/382
f 3/24/383 587/493/383 588/506/383
f 661/532/384 76/63/384 75/62/384 660/62/384
f 88/58/385 87/57/385 673/528/385
f 670/535/386 671/537/386 86/70/386 85/71/386
f 688/566/387 103/105/387 102/104/387 687/564/387
f 80/103/388 663/565/388 664/563/388
f 709/571/389 126/110/389 125/112/389 708/573/389
f 145/109/390 728/569/390 729/366/390
f 704/583/391 705/582/391 121/119/391 120/120/391
f 713/579/392 130/129/392 129/131/392 712/591/392
f 141/128/393 723/584/393 724/578/393
f 733/593/394 734/581/394 150/117/394 149/133/394
f 738/594/395 154/136/395 153/125/395 737/587/395
f 747/150/3 163/150/3 162/149/3 746/149/3
f 133/139/396 715/586/396 716/597/396
f 754/607/397 170/158/397 169/160/397 753/609/397
f 758/619/398 174/174/398 173/169/398 757/616/398
f 777/614/399 191/166/399 190/172/399 776/628/399
f 799/632/400 213/184/400 212/183/400 798/633/400
f 790/653/401 204/206/401 203/191/401 789/639/401
f 839/655/212 254/8/212 253/210/212 838/658/212
f 832/668/213 247/220/213 246/213/213 831/660/213
f 821/685/402 236/240/402 235/238/402 820/683/402
f 226/229/215 810/676/215 811/510/215
f 835/684/216 250/239/216 249/241/216 834/686/216
f 857/712/287 272/260/287 271/270/287 856/714/287
f 239/244/217 823/688/217 824/689/217
f 288/263/403 873/705/403 874/704/403
f 314/258/404 899/706/404 900/713/404
f 861/723/405 276/277/405 275/272/405 860/718/405
f 887/639/291 301/191/291 300/275/291 886/720/291
f 865/285/406 280/285/406 279/283/406 864/729/406
f 891/730/407 305/284/407 304/287/407 890/732/407
f 931/747/408 346/303/408 345/300/408 930/742/408
f 351/307/409 936/743/409 937/739/409
f 923/762/410 338/322/410 337/321/410 922/760/410
f 954/326/411 369/326/411 368/329/411 953/768/411
f 945/784/412 946/785/412 360/344/412 359/341/412
f 963/786/413 378/345/413 377/347/413 962/779/413
f 959/791/414 374/353/414 373/337/414 958/776/414
f 364/352/415 949/788/415 950/790/415
f 974/357/199 389/357/199 388/147/199 973/147/199
f 982/48/329 397/48/329 396/51/329 981/51/329
f 990/2/199 405/2/199 404/53/199 989/53/199
f 998/49/157 413/49/157 412/48/157 997/48/157
f 1014/48/329 429/48/329 428/51/329 1013/51/329
f 1022/2/199 437/2/199 436/53/199 1021/53/199
f 1062/824/416 479/399/416 478/401/416 1061/826/416
f 456/392/417 1039/810/417 1040/819/417
f 1077/62/418 493/62/418 492/65/418 1076/831/418
f 1109/832/419 526/405/419 525/64/419 1108/64/419
f 1096/837/333 512/412/333 511/409/333 1095/835/333
f 1067/1/420 484/431/420 534/430/420 1116/855/420
f 488/417/421 1072/841/421 1073/847/421
f 1124/446/422 542/446/422 541/445/422 1123/445/422
f 484/431/423 1067/1/423 1068/861/423
f 515/432/424 1099/863/424 1100/857/424
f 1132/448/3 550/448/3 549/451/3 1131/451/3
f 1140/461/157 558/461/157 557/460/157 1139/460/157
f 1149/882/425 567/477/425 566/475/425 1148/880/425
f 1145/875/426 563/470/426 562/481/426 1144/886/426
f 620/5/173 35/5/173 34/8/173 619/486/173
f 588/506/427 589/505/427 4/25/427 3/24/427
f 45/20/428 630/494/428 631/491/428
f 593/512/429 8/31/429 7/30/429 592/511/429
f 623/495/430 624/503/430 39/36/430 38/16/430
f 617/497/176 32/19/176 31/38/176 616/517/176
f 614/521/177 29/43/177 28/46/177 613/525/177
f 16/42/431 601/520/431 602/522/431
f 637/50/432 52/50/432 51/49/432 636/49/432
f 20/22/433 605/526/433 606/500/433
f 645/48/199 60/48/199 59/1/199 644/1/199
f 644/1/160 59/1/160 64/2/160 649/2/160
f 657/546/434 72/82/434 71/83/434 656/547/434
f 679/551/435 94/87/435 93/72/435 678/538/435
f 683/557/436 98/94/436 97/93/436 682/555/436
f 668/552/437 84/84/437 83/92/437 667/556/437
f 665/96/438 81/96/438 80/103/438 664/563/438
f 729/366/439 730/572/439 146/111/439 145/109/439
f 112/99/440 696/548/440 697/559/440
f 719/143/441 136/143/441 135/142/441 718/601/441
f 740/2/442 156/2/442 155/141/442 739/599/442
f 699/603/443 115/145/443 156/2/443 740/2/443
f 748/151/157 164/151/157 163/150/157 747/150/157
f 785/622/444 786/621/444 200/178/444 199/180/444
f 195/163/445 781/611/445 782/613/445
f 804/247/446 218/155/446 217/168/446 803/617/446
f 772/630/447 187/185/447 186/188/447 771/635/447
f 768/649/448 183/203/448 182/201/448 767/647/448
f 209/196/449 794/644/449 795/640/449
f 828/4/450 243/4/450 242/209/450 827/657/450
f 178/193/451 762/652/451 763/641/451
f 808/664/452 223/215/452 222/211/452 807/661/452
f 819/667/453 234/218/453 233/217/453 818/496/453
f 811/510/270 812/677/270 227/231/270 226/229/270
f 815/516/454 230/236/454 229/234/454 814/680/454
f 261/233/455 845/681/455 846/678/455
f 870/721/346 285/276/346 284/279/346 869/724/346
f 268/251/456 852/697/456 853/696/456
f 293/252/457 878/695/457 879/698/457
f 297/262/458 882/703/458 883/55/458
f 866/731/459 281/286/459 280/285/459 865/285/459
f 310/183/460 895/722/460 896/719/460
f 905/295/3 320/295/3 319/1/3 904/1/3
f 904/1/461 319/1/461 343/301/461 928/741/461
f 324/299/462 908/737/462 909/740/462
f 928/741/463 343/301/463 342/302/463 927/745/463
f 911/310/464 327/310/464 326/311/464 910/750/464
f 917/744/465 333/306/465 332/314/465 916/753/465
f 942/773/466 356/334/466 355/331/466 941/769/466
f 968/770/467 383/332/467 382/333/467 967/771/467
f 975/356/3 390/356/3 389/357/3 974/357/3
f 983/49/157 398/49/157 397/48/157 982/48/157
f 999/50/432 414/50/432 413/49/432 998/49/432
f 1007/48/199 422/48/199 421/1/199 1006/1/199
f 1006/1/160 421/1/160 426/2/160 1011/2/160
f 1015/49/157 430/49/157 429/48/157 1014/48/157
f 1051/794/468 1052/796/468 468/366/468 467/364/468
f 1032/798/469 1033/797/469 448/367/469 447/369/469
f 1048/803/470 464/375/470 463/378/470 1047/808/470
f 443/386/471 1028/807/471 1029/806/471
f 1056/805/472 473/387/472 472/388/472 1055/815/472
f 452/376/473 1036/814/473 1037/579/473
f 1041/825/474 1042/396/474 458/396/474 457/400/474
f 1078/830/384 494/63/384 493/62/384 1077/62/384
f 1094/842/475 510/411/475 509/404/475 1093/829/475
f 1105/866/387 522/441/387 521/440/387 1104/864/387
f 486/424/476 1069/850/476 1070/849/476
f 516/433/477 515/432/477 1100/857/477
f 501/434/478 1084/858/478 1085/853/478
f 498/439/388 1080/865/388 1081/563/388
f 1114/860/479 532/437/479 531/423/479 1113/848/479
f 1125/2/199 543/2/199 542/446/199 1124/446/199
f 1133/449/157 551/449/157 550/448/157 1132/448/157
f 1141/458/160 559/458/160 558/461/160 1140/461/160
f 1154/870/480 572/465/480 571/467/480 1153/872/480
f 1165/868/481 583/463/481 582/468/481 1164/873/481
f 1161/878/482 579/473/482 578/476/482 1160/881/482
f 1158/888/483 576/483/483 575/466/483 1157/871/483
f 611/492/484 26/12/484 25/9/484 610/487/484
f 600/518/485 14/39/485 13/18/485 599/498/485
f 46/15/486 45/20/486 631/491/486
f 11/37/487 596/502/487 597/501/487
f 638/54/157 53/54/157 52/50/157 637/50/157
f 646/50/3 61/50/3 60/48/3 645/48/3
f 662/544/488 78/78/488 77/80/488 661/532/488
f 88/58/489 673/528/489 674/527/489
f 110/75/490 694/541/490 695/540/490
f 91/61/491 676/530/491 677/536/491
f 665/96/492 666/554/492 82/91/492 81/96/492
f 108/68/493 692/533/493 693/545/493
f 710/570/494 127/106/494 126/110/494 709/571/494
f 714/585/495 131/124/495 130/129/495 713/579/495
f 142/130/496 724/578/496 725/580/496
f 702/588/497 118/126/497 117/137/497 701/595/497
f 151/118/498 734/581/498 735/590/498
f 122/134/499 705/582/499 706/577/499
f 722/596/500 139/135/500 138/140/500 721/598/500
f 720/602/501 137/144/501 136/143/501 719/143/501
f 749/153/3 165/153/3 164/151/3 748/151/3
f 755/605/179 171/157/179 170/158/179 754/607/179
f 778/612/502 192/164/502 191/166/502 777/614/502
f 758/619/503 759/620/503 175/176/503 174/174/503
f 796/642/504 210/195/504 209/196/504 795/640/504
f 187/185/183 772/630/183 773/623/183
f 800/177/505 214/177/505 213/184/505 799/632/505
f 205/204/506 790/653/506 791/650/506
f 843/665/507 258/216/507 257/207/507 842/654/507
f 836/682/324 251/237/324 250/239/324 835/684/324
f 833/690/326 248/245/326 247/220/326 832/668/326
f 240/246/508 824/689/508 825/669/508
f 854/694/509 269/250/509 268/251/509 853/696/509
f 883/55/510 884/709/510 298/266/510 297/262/510
f 858/708/511 273/264/511 272/260/511 857/712/511
f 862/725/512 277/193/512 276/277/512 861/723/512
f 315/259/513 900/713/513 901/715/513
f 289/271/514 874/704/514 875/702/514
f 306/282/515 891/730/515 892/728/515
f 888/653/516 302/292/516 301/191/516 887/639/516
f 906/293/157 321/293/157 320/295/157 905/295/157
f 912/748/517 328/308/517 327/310/517 911/310/517
f 924/763/518 339/324/518 338/322/518 923/762/518
f 349/318/519 348/320/519 934/758/519
f 932/765/520 347/323/520 346/303/520 931/747/520
f 955/327/160 370/327/160 384/2/160 969/2/160
f 956/767/521 371/330/521 370/327/521 955/327/521
f 964/781/522 379/343/522 378/345/522 963/786/522
f 960/789/523 375/351/523 374/353/523 959/791/523
f 361/346/524 946/785/524 947/778/524
f 976/148/157 391/148/157 390/356/157 975/356/157
f 365/354/525 950/790/525 951/775/525
f 984/50/432 399/50/432 398/49/432 983/49/432
f 991/1/160 406/1/160 409/2/160 994/2/160
f 992/147/199 407/147/199 406/1/199 991/1/199
f 1000/54/157 415/54/157 414/50/157 999/50/157
f 1008/50/3 423/50/3 422/48/3 1007/48/3
f 1016/50/432 431/50/432 430/49/432 1015/49/432
f 1060/821/526 477/393/526 476/381/526 1059/816/526
f 1043/143/527 459/397/527 458/396/527 1042/396/527
f 1023/1/528 438/1/528 479/399/528 1062/824/528
f 1024/823/529 439/394/529 438/1/529 1023/1/529
f 1097/852/435 513/426/435 512/412/435 1096/837/435
f 530/419/530 1111/840/530 1112/839/530
f 489/421/531 1073/847/531 1074/846/531
f 1082/96/438 499/96/438 498/439/438 1081/563/438
f 502/427/532 501/434/532 1085/853/532
f 1117/1/533 535/1/533 543/2/533 1125/2/533
f 1118/442/534 536/442/534 535/1/534 1117/1/534
f 1134/450/160 552/450/160 551/449/160 1133/449/160
f 1142/867/535 560/459/535 559/458/535 1141/458/535
f 1146/877/536 564/471/536 563/470/536 1145/875/536
f 1150/884/537 568/479/537 567/477/537 1149/882/537
f 621/3/160 36/3/160 47/2/160 632/2/160
f 622/485/293 37/7/293 36/3/293 621/3/293
f 618/489/294 33/11/294 32/19/294 617/497/294
f 628/507/538 43/26/538 42/29/538 627/509/538
f 21/13/539 606/500/539 607/488/539
f 5/27/540 589/505/540 590/508/540
f 625/515/541 40/34/541 39/36/541 624/503/541
f 8/31/542 593/512/542 594/514/542
f 639/55/197 54/55/197 53/54/197 638/54/197
f 12/17/543 11/37/543 597/501/543
f 17/44/298 602/522/298 603/523/298
f 647/55/157 62/55/157 61/50/157 646/50/157
f 675/529/544 89/59/544 88/58/544 674/527/544
f 658/534/545 73/67/545 72/82/545 657/546/545
f 92/69/546 91/61/546 677/536/546
f 86/70/547 671/537/547 672/531/547
f 684/95/548 99/95/548 98/94/548 683/557/548
f 84/84/549 668/552/549 669/550/549
f 680/561/203 95/101/203 94/87/203 679/551/203
f 652/553/550 67/88/550 66/100/550 651/560/550
f 654/539/551 69/73/551 68/86/551 653/549/551
f 104/77/206 688/566/206 689/543/206
f 725/580/552 726/592/552 143/132/552 142/130/552
f 147/113/553 730/572/553 731/574/553
f 741/1/160 157/1/160 160/2/160 744/2/160
f 116/138/554 699/603/554 700/600/554
f 134/146/555 716/597/555 717/604/555
f 742/147/199 158/147/199 157/1/199 741/1/199
f 750/154/157 166/154/157 165/153/157 749/153/157
f 804/247/556 805/606/556 219/156/556 218/155/556
f 801/618/557 215/175/557 214/177/557 800/177/557
f 791/650/558 792/648/558 206/202/558 205/204/558
f 196/165/247 782/613/247 783/627/247
f 201/186/559 786/621/559 787/629/559
f 179/194/560 763/641/560 764/643/560
f 769/651/246 184/205/246 183/203/246 768/649/246
f 829/6/160 244/6/160 255/5/160 840/5/160
f 830/656/561 245/208/561 244/6/561 829/6/561
f 816/671/562 231/224/562 230/236/562 815/516/562
f 849/663/563 265/214/563 264/226/563 848/675/563
f 808/664/564 809/674/564 224/227/564 223/215/564
f 901/715/565 902/691/565 316/247/565 315/259/565
f 294/255/445 879/698/445 880/701/445
f 897/711/566 312/269/566 311/273/566 896/719/566
f 871/630/447 286/185/447 285/276/447 870/721/447
f 867/733/448 282/288/448 281/286/448 866/731/448
f 907/294/160 322/294/160 321/293/160 906/293/160
f 915/752/567 331/313/567 330/312/567 914/751/567
f 352/297/568 937/739/568 938/738/568
f 918/754/569 334/315/569 333/306/569 917/744/569
f 969/2/570 384/2/570 383/332/570 968/770/570
f 977/355/160 392/355/160 391/148/160 976/148/160
f 357/335/571 942/773/571 943/772/571
f 985/54/157 400/54/157 399/50/157 984/50/157
f 993/148/3 408/148/3 407/147/3 992/147/3
f 1001/55/197 416/55/197 415/54/197 1000/54/197
f 1009/55/157 424/55/157 423/50/157 1008/50/157
f 1017/54/157 432/54/157 431/50/157 1016/50/157
f 1049/804/572 465/377/572 464/375/572 1048/803/572
f 449/365/573 1033/797/573 1034/795/573
f 469/368/574 1052/796/574 1053/799/574
f 1057/813/575 474/385/575 473/387/575 1056/805/575
f 453/374/576 1037/579/576 1038/809/576
f 1079/844/488 496/415/488 495/80/488 1078/830/488
f 444/389/577 1029/806/577 1030/802/577
f 440/390/578 1025/817/578 1026/811/578
f 461/395/579 1045/820/579 1046/818/579
f 507/403/580 1090/827/580 1091/527/580
f 510/411/581 1094/842/581 1095/835/581
f 1083/856/582 500/435/582 499/96/582 1082/96/582
f 517/436/583 1100/857/583 1101/859/583
f 1119/443/199 537/443/199 536/442/199 1118/442/199
f 1126/1/160 544/1/160 555/2/160 1137/2/160
f 1127/457/199 545/457/199 544/1/199 1126/1/199
f 1135/454/157 553/454/157 552/450/157 1134/450/157
f 1162/876/584 580/472/584 579/473/584 1161/878/584
f 1159/883/585 577/478/585 576/483/585 1158/888/585
