# Blender 5.1.1
# www.blender.org
mtllib screen.mtl
o temp_tripo_mesh_d417ecab
v 0.248199 0.137037 0.036415
v 0.246283 0.135120 0.034499
v 0.248199 0.137037 0.042165
v -0.439224 -0.019674 0.486369
v -0.439224 -0.019674 0.967458
v 0.248199 0.127454 0.034499
v 0.250116 0.125537 0.036415
v 0.250116 0.125537 0.042165
v 0.438880 -0.019674 0.486369
v 0.248199 0.137037 0.047915
v 0.246283 0.135120 0.049832
v 0.438880 -0.019674 0.967458
v 0.248199 0.127454 0.049832
v 0.250116 0.125537 0.047915
v 0.246283 0.135120 0.170577
v 0.248199 0.133204 0.170577
v 0.248199 0.131287 0.170577
v 0.252033 0.135120 0.178244
v 0.250116 0.137037 0.180160
v 0.248199 0.135120 0.180160
v 0.252033 0.133204 0.178244
v 0.250116 0.131287 0.180160
v 0.248199 0.133204 0.180160
v 0.246283 0.129370 0.170577
v 0.252033 0.138953 0.187827
v 0.257782 0.138953 0.197410
v 0.255866 0.138953 0.197410
v 0.253949 0.138953 0.197410
v 0.261616 0.140870 0.206993
v 0.259699 0.140870 0.206993
v 0.257782 0.138953 0.206993
v 0.253949 0.137037 0.187827
v 0.255866 0.135120 0.187827
v 0.253949 0.133204 0.187827
v 0.250116 0.137037 0.189743
v 0.252033 0.133204 0.189743
v 0.257782 0.137037 0.197410
v 0.257782 0.135120 0.197410
v 0.261616 0.137037 0.206993
v 0.253949 0.135120 0.199326
v 0.257782 0.137037 0.206993
v 0.259699 0.135120 0.206993
v 0.261616 0.142787 0.216576
v 0.263532 0.140870 0.214659
v 0.263532 0.138953 0.216576
v 0.267365 0.142787 0.224242
v 0.263532 0.144703 0.226159
v 0.261616 0.142787 0.226159
v 0.267365 0.140870 0.224242
v 0.265449 0.138953 0.226159
v 0.263532 0.138953 0.226159
v 0.259699 0.140870 0.216576
v 0.259699 0.138953 0.216576
v 0.269282 0.144703 0.233825
v 0.269282 0.140870 0.233825
v 0.267365 0.144703 0.235742
v 0.265449 0.142787 0.235742
v 0.265449 0.140870 0.235742
v 0.267365 0.138953 0.235742
v 0.271199 0.144703 0.243408
v 0.271199 0.142787 0.243408
v 0.269282 0.140870 0.243408
v 0.263532 0.137037 0.216576
v 0.248199 0.112121 0.034499
v 0.250116 0.110204 0.036415
v 0.250116 0.110204 0.042165
v 0.248199 0.112121 0.049832
v 0.250116 0.110204 0.047915
v 0.250116 0.092955 0.036415
v 0.248199 0.094872 0.034499
v 0.250116 0.092955 0.042165
v 0.250116 0.092955 0.047915
v 0.248199 0.094872 0.049832
v 0.250116 0.071872 0.036415
v 0.248199 0.071872 0.034499
v 0.250116 0.071872 0.042165
v 0.250116 0.071872 0.047915
v 0.248199 0.071872 0.049832
v 0.250116 0.008625 0.036415
v 0.248199 0.008625 0.034499
v 0.250116 0.008625 0.042165
v 0.250116 0.008625 0.047915
v 0.248199 0.008625 0.049832
v 0.240533 0.142787 0.036415
v 0.240533 0.138953 0.034499
v 0.236700 0.144703 0.036415
v 0.236700 0.142787 0.034499
v 0.230950 0.142787 0.034499
v 0.240533 0.142787 0.042165
v 0.236700 0.144703 0.042165
v 0.229033 0.144703 0.036415
v 0.225200 0.144703 0.036415
v 0.225200 0.142787 0.034499
v 0.229033 0.144703 0.042165
v 0.225200 0.144703 0.042165
v 0.240533 0.142787 0.047915
v 0.240533 0.138953 0.049832
v 0.236700 0.144703 0.047915
v 0.236700 0.142787 0.049832
v 0.230950 0.142787 0.049832
v 0.229033 0.144703 0.047915
v 0.225200 0.144703 0.047915
v 0.225200 0.142787 0.049832
v 0.236700 0.131287 0.032582
v 0.230950 0.131287 0.032582
v 0.240533 0.129370 0.032582
v 0.227117 0.131287 0.032582
v 0.223284 0.123621 0.030666
v 0.236700 0.131287 0.049832
v 0.230950 0.133204 0.049832
v 0.240533 0.129370 0.049832
v 0.227117 0.133204 0.049832
v 0.213701 0.144703 0.036415
v 0.213701 0.142787 0.034499
v 0.202201 0.144703 0.036415
v 0.202201 0.142787 0.034499
v 0.213701 0.144703 0.042165
v 0.202201 0.144703 0.042165
v 0.188785 0.144703 0.036415
v 0.188785 0.142787 0.034499
v 0.188785 0.144703 0.042165
v 0.213701 0.144703 0.047915
v 0.213701 0.142787 0.049832
v 0.202201 0.144703 0.047915
v 0.202201 0.142787 0.049832
v 0.188785 0.144703 0.047915
v 0.188785 0.142787 0.049832
v 0.213701 0.135120 0.032582
v 0.202201 0.131287 0.032582
v 0.213701 0.127454 0.030666
v 0.206034 0.123621 0.030666
v 0.188785 0.131287 0.032582
v 0.213701 0.133204 0.049832
v 0.202201 0.133204 0.049832
v 0.188785 0.133204 0.049832
v 0.161953 0.123621 0.026832
v 0.148536 0.127454 0.026832
v 0.146620 0.123621 0.026832
v 0.171536 0.144703 0.036415
v 0.171536 0.142787 0.034499
v 0.171536 0.144703 0.042165
v 0.171536 0.144703 0.047915
v 0.171536 0.142787 0.049832
v 0.171536 0.131287 0.032582
v 0.165786 0.125537 0.030666
v 0.171536 0.133204 0.049832
v 0.150453 0.144703 0.036415
v 0.150453 0.142787 0.034499
v 0.150453 0.144703 0.042165
v 0.150453 0.144703 0.047915
v 0.150453 0.142787 0.049832
v 0.150453 0.135120 0.032582
v 0.150453 0.131287 0.030666
v 0.150453 0.133204 0.049832
v 0.223284 0.123621 0.097746
v 0.230950 0.123621 0.114996
v 0.227117 0.123621 0.107329
v 0.225200 0.125537 0.107329
v 0.225200 0.123621 0.107329
v 0.223284 0.123621 0.107329
v 0.229033 0.125537 0.114996
v 0.227117 0.125537 0.114996
v 0.225200 0.125537 0.116912
v 0.098705 0.127454 0.026832
v 0.098705 0.123621 0.026832
v 0.098705 0.144703 0.036415
v 0.098705 0.142787 0.034499
v 0.098705 0.144703 0.042165
v 0.098705 0.144703 0.047915
v 0.098705 0.142787 0.049832
v 0.098705 0.135120 0.032582
v 0.098705 0.131287 0.030666
v 0.098705 0.133204 0.049832
v 0.232867 0.127454 0.124579
v 0.230950 0.127454 0.124579
v 0.232867 0.123621 0.124579
v 0.234783 0.127454 0.134162
v 0.232867 0.129370 0.134162
v 0.230950 0.127454 0.134162
v 0.236700 0.125537 0.134162
v 0.234783 0.123621 0.134162
v 0.230950 0.125537 0.134162
v 0.229033 0.125537 0.126495
v 0.229033 0.123621 0.126495
v 0.236700 0.131287 0.143745
v 0.242450 0.131287 0.151411
v 0.238616 0.131287 0.151411
v 0.238616 0.129370 0.141828
v 0.238616 0.127454 0.143745
v 0.234783 0.129370 0.143745
v 0.234783 0.127454 0.143745
v 0.236700 0.125537 0.143745
v 0.242450 0.129370 0.151411
v 0.236700 0.131287 0.153328
v 0.244366 0.133204 0.160994
v 0.242450 0.133204 0.160994
v 0.240533 0.131287 0.162911
v 0.240533 0.127454 0.153328
v 0.238616 0.127454 0.153328
v 0.244366 0.129370 0.160994
v 0.244366 0.127454 0.160994
v 0.240533 0.129370 0.162911
v 0.244366 0.133204 0.170577
v 0.244366 0.131287 0.170577
v 0.215617 0.115954 0.021083
v 0.223284 0.115954 0.028749
v 0.221367 0.121704 0.028749
v 0.219450 0.119787 0.026832
v 0.221367 0.115954 0.026832
v 0.215617 0.112121 0.021083
v 0.219450 0.112121 0.026832
v 0.215617 0.110204 0.022999
v 0.221367 0.110204 0.028749
v 0.206034 0.108288 0.011500
v 0.202201 0.108288 0.011500
v 0.200284 0.108288 0.013416
v 0.209867 0.115954 0.021083
v 0.213701 0.121704 0.028749
v 0.213701 0.119787 0.026832
v 0.207951 0.121704 0.028749
v 0.207951 0.117871 0.026832
v 0.207951 0.115954 0.026832
v 0.206034 0.115954 0.022999
v 0.206034 0.115954 0.028749
v 0.209867 0.112121 0.015333
v 0.209867 0.108288 0.015333
v 0.206034 0.112121 0.015333
v 0.202201 0.112121 0.017249
v 0.202201 0.108288 0.017249
v 0.207951 0.112121 0.026832
v 0.209867 0.108288 0.022999
v 0.213701 0.110204 0.026832
v 0.213701 0.108288 0.028749
v 0.207951 0.110204 0.028749
v 0.204118 0.112121 0.022999
v 0.206034 0.110204 0.022999
v 0.206034 0.106371 0.009583
v 0.202201 0.104455 0.009583
v 0.206034 0.104455 0.011500
v 0.200284 0.106371 0.013416
v 0.200284 0.104455 0.013416
v 0.202201 0.102538 0.011500
v 0.209867 0.106371 0.015333
v 0.206034 0.104455 0.017249
v 0.202201 0.106371 0.017249
v 0.240533 0.114038 0.032582
v 0.236700 0.114038 0.032582
v 0.230950 0.114038 0.032582
v 0.229033 0.114038 0.032582
v 0.225200 0.114038 0.030666
v 0.238616 0.117871 0.051748
v 0.236700 0.119787 0.051748
v 0.236700 0.117871 0.051748
v 0.236700 0.115954 0.051748
v 0.230950 0.115954 0.049832
v 0.240533 0.119787 0.053665
v 0.238616 0.119787 0.053665
v 0.238616 0.119787 0.055581
v 0.240533 0.115954 0.053665
v 0.238616 0.115954 0.053665
v 0.238616 0.115954 0.055581
v 0.236700 0.115954 0.053665
v 0.240533 0.114038 0.049832
v 0.236700 0.114038 0.049832
v 0.227117 0.115954 0.049832
v 0.240533 0.094872 0.032582
v 0.236700 0.094872 0.032582
v 0.230950 0.094872 0.032582
v 0.223284 0.104455 0.030666
v 0.227117 0.094872 0.032582
v 0.240533 0.094872 0.049832
v 0.236700 0.096788 0.049832
v 0.230950 0.096788 0.049832
v 0.227117 0.096788 0.049832
v 0.204118 0.114038 0.030666
v 0.200284 0.114038 0.032582
v 0.188785 0.114038 0.032582
v 0.213701 0.115954 0.051748
v 0.202201 0.115954 0.051748
v 0.188785 0.115954 0.051748
v 0.213701 0.102538 0.030666
v 0.206034 0.106371 0.030666
v 0.213701 0.092955 0.032582
v 0.202201 0.094872 0.032582
v 0.188785 0.094872 0.032582
v 0.213701 0.098705 0.049832
v 0.202201 0.098705 0.049832
v 0.188785 0.100621 0.049832
v 0.240533 0.073789 0.032582
v 0.236700 0.073789 0.032582
v 0.230950 0.073789 0.032582
v 0.227117 0.073789 0.032582
v 0.240533 0.073789 0.049832
v 0.236700 0.073789 0.049832
v 0.230950 0.075706 0.049832
v 0.227117 0.075706 0.049832
v 0.202201 0.079539 0.049832
v 0.200284 0.083372 0.053665
v 0.200284 0.079539 0.053665
v 0.200284 0.079539 0.057498
v 0.198368 0.085289 0.051748
v 0.186868 0.085289 0.051748
v 0.198368 0.077622 0.055581
v 0.198368 0.079539 0.059415
v 0.186868 0.077622 0.055581
v 0.186868 0.077622 0.059415
v 0.213701 0.073789 0.032582
v 0.202201 0.073789 0.032582
v 0.188785 0.073789 0.032582
v 0.213701 0.075706 0.049832
v 0.200284 0.071872 0.051748
v 0.198368 0.069956 0.055581
v 0.186868 0.069956 0.055581
v 0.158119 0.121704 0.026832
v 0.165786 0.114038 0.026832
v 0.160036 0.114038 0.026832
v 0.161953 0.102538 0.026832
v 0.158119 0.104455 0.026832
v 0.146620 0.114038 0.026832
v 0.146620 0.102538 0.026832
v 0.148536 0.098705 0.026832
v 0.177285 0.114038 0.032582
v 0.169619 0.114038 0.030666
v 0.171536 0.115954 0.051748
v 0.171536 0.094872 0.032582
v 0.165786 0.100621 0.030666
v 0.171536 0.100621 0.049832
v 0.150453 0.115954 0.051748
v 0.150453 0.096788 0.030666
v 0.150453 0.092955 0.032582
v 0.150453 0.100621 0.049832
v 0.177285 0.085289 0.051748
v 0.171536 0.079539 0.049832
v 0.177285 0.077622 0.055581
v 0.177285 0.079539 0.059415
v 0.175369 0.083372 0.053665
v 0.175369 0.079539 0.053665
v 0.175369 0.079539 0.057498
v 0.171536 0.073789 0.032582
v 0.175369 0.071872 0.051748
v 0.177285 0.069956 0.055581
v 0.150453 0.077622 0.049832
v 0.150453 0.073789 0.032582
v 0.234783 0.119787 0.061331
v 0.236700 0.119787 0.063248
v 0.232867 0.119787 0.061331
v 0.236700 0.117871 0.063248
v 0.234783 0.115954 0.061331
v 0.232867 0.115954 0.061331
v 0.230950 0.121704 0.070914
v 0.232867 0.119787 0.070914
v 0.230950 0.119787 0.070914
v 0.232867 0.117871 0.070914
v 0.230950 0.115954 0.070914
v 0.229033 0.119787 0.068998
v 0.229033 0.115954 0.068998
v 0.227117 0.121704 0.078581
v 0.225200 0.119787 0.078581
v 0.229033 0.121704 0.080497
v 0.227117 0.115954 0.078581
v 0.225200 0.117871 0.078581
v 0.229033 0.117871 0.080497
v 0.225200 0.121704 0.088164
v 0.223284 0.121704 0.088164
v 0.225200 0.117871 0.088164
v 0.221367 0.119787 0.088164
v 0.221367 0.117871 0.088164
v 0.227117 0.119787 0.097746
v 0.225200 0.121704 0.097746
v 0.225200 0.117871 0.097746
v 0.221367 0.121704 0.097746
v 0.221367 0.119787 0.097746
v 0.227117 0.121704 0.107329
v 0.227117 0.119787 0.107329
v 0.223284 0.119787 0.107329
v 0.229033 0.121704 0.116912
v 0.227117 0.121704 0.116912
v 0.240533 0.008625 0.032582
v 0.236700 0.008625 0.032582
v 0.230950 0.008625 0.032582
v 0.227117 0.008625 0.032582
v 0.240533 0.008625 0.049832
v 0.236700 0.008625 0.049832
v 0.230950 0.010541 0.049832
v 0.227117 0.010541 0.049832
v 0.213701 0.008625 0.032582
v 0.202201 0.008625 0.032582
v 0.188785 0.008625 0.032582
v 0.213701 0.010541 0.049832
v 0.204118 0.010541 0.049832
v 0.200284 0.010541 0.051748
v 0.198368 0.010541 0.055581
v 0.186868 0.010541 0.055581
v 0.171536 0.008625 0.032582
v 0.175369 0.010541 0.051748
v 0.169619 0.010541 0.049832
v 0.177285 0.010541 0.055581
v 0.150453 0.008625 0.032582
v 0.150453 0.010541 0.049832
v 0.098705 0.114038 0.026832
v 0.098705 0.102538 0.026832
v 0.098705 0.098705 0.026832
v 0.098705 0.115954 0.051748
v 0.098705 0.096788 0.030666
v 0.098705 0.092955 0.032582
v 0.098705 0.100621 0.049832
v 0.098705 0.077622 0.049832
v 0.098705 0.073789 0.032582
v 0.098705 0.008625 0.032582
v 0.098705 0.010541 0.049832
v 0.230950 0.121704 0.124579
v 0.276948 0.146620 0.274074
v 0.276948 0.142787 0.274074
v 0.269282 0.146620 0.245325
v 0.271199 0.146620 0.254908
v 0.267365 0.144703 0.245325
v 0.267365 0.140870 0.245325
v 0.273115 0.144703 0.252991
v 0.273115 0.142787 0.252991
v 0.269282 0.144703 0.254908
v 0.269282 0.142787 0.254908
v 0.271199 0.140870 0.252991
v 0.275032 0.146620 0.262574
v 0.271199 0.146620 0.264491
v 0.273115 0.146620 0.274074
v 0.275032 0.142787 0.264491
v 0.269282 0.144703 0.264491
v 0.271199 0.142787 0.264491
v 0.273115 0.140870 0.264491
v 0.271199 0.144703 0.274074
v 0.271199 0.142787 0.274074
v 0.275032 0.140870 0.274074
v 0.276948 0.146620 0.283657
v 0.276948 0.142787 0.283657
v 0.278865 0.146620 0.293239
v 0.278865 0.146620 0.302822
v 0.276948 0.146620 0.304739
v 0.278865 0.142787 0.293239
v 0.276948 0.140870 0.293239
v 0.278865 0.142787 0.302822
v 0.276948 0.140870 0.302822
v 0.275032 0.146620 0.283657
v 0.273115 0.144703 0.283657
v 0.273115 0.142787 0.283657
v 0.275032 0.140870 0.283657
v 0.275032 0.146620 0.293239
v 0.273115 0.144703 0.293239
v 0.273115 0.142787 0.293239
v 0.275032 0.144703 0.304739
v 0.275032 0.142787 0.304739
v 0.276948 0.146620 0.314322
v 0.280782 0.142787 0.314322
v 0.278865 0.144703 0.314322
v 0.278865 0.140870 0.314322
v 0.276948 0.146620 0.323905
v 0.280782 0.144703 0.323905
v 0.280782 0.142787 0.323905
v 0.278865 0.140870 0.323905
v 0.280782 0.144703 0.333488
v 0.276948 0.144703 0.333488
v 0.280782 0.140870 0.333488
v 0.278865 0.138953 0.333488
v 0.275032 0.144703 0.314322
v 0.275032 0.142787 0.314322
v 0.275032 0.144703 0.323905
v 0.275032 0.140870 0.323905
v 0.275032 0.142787 0.333488
v 0.275032 0.140870 0.333488
v 0.280782 0.140870 0.343071
v 0.278865 0.138953 0.343071
v 0.280782 0.142787 0.344988
v 0.278865 0.144703 0.344988
v 0.276948 0.142787 0.344988
v 0.276948 0.140870 0.344988
v 0.280782 0.142787 0.354571
v 0.278865 0.142787 0.354571
v 0.280782 0.138953 0.354571
v 0.276948 0.140870 0.354571
v 0.276948 0.138953 0.354571
v 0.278865 0.142787 0.364154
v 0.282698 0.140870 0.364154
v 0.276948 0.140870 0.364154
v 0.278865 0.137037 0.354571
v 0.282698 0.137037 0.364154
v 0.280782 0.135120 0.364154
v 0.276948 0.137037 0.364154
v 0.282698 0.138953 0.373737
v 0.276948 0.138953 0.373737
v 0.278865 0.140870 0.375653
v 0.282698 0.135120 0.373737
v 0.276948 0.135120 0.373737
v 0.280782 0.133204 0.373737
v 0.282698 0.137037 0.385236
v 0.280782 0.137037 0.385236
v 0.278865 0.135120 0.385236
v 0.282698 0.133204 0.383320
v 0.280782 0.131287 0.383320
v 0.278865 0.133204 0.383320
v 0.284615 0.131287 0.392903
v 0.284615 0.133204 0.394819
v 0.280782 0.135120 0.394819
v 0.278865 0.131287 0.392903
v 0.278865 0.133204 0.394819
v 0.282698 0.129370 0.392903
v 0.282698 0.131287 0.404402
v 0.284615 0.129370 0.404402
v 0.284615 0.127454 0.402486
v 0.280782 0.129370 0.404402
v 0.278865 0.127454 0.402486
v 0.282698 0.125537 0.402486
v 0.286531 0.123621 0.412069
v 0.280782 0.123621 0.412069
v 0.286531 0.125537 0.413985
v 0.282698 0.127454 0.413985
v 0.280782 0.125537 0.413985
v 0.430276 0.008625 0.479149
v 0.434109 0.008625 0.484899
v 0.418777 0.033540 0.484899
v 0.420693 0.033540 0.488732
v 0.413027 0.035457 0.488732
v 0.413027 0.033540 0.484899
v 0.399611 0.035457 0.488732
v 0.399611 0.033540 0.484899
v 0.384278 0.035457 0.488732
v 0.384278 0.033540 0.484899
v 0.368945 0.035457 0.488732
v 0.368945 0.033540 0.484899
v 0.422610 0.027791 0.486816
v 0.418777 0.027791 0.482983
v 0.414943 0.027791 0.482983
v 0.401527 0.027791 0.482983
v 0.426443 0.008625 0.477233
v 0.420693 0.008625 0.475316
v 0.407277 0.008625 0.475316
v 0.386194 0.027791 0.482983
v 0.368945 0.027791 0.482983
v 0.390028 0.008625 0.475316
v 0.374695 0.008625 0.475316
v 0.284615 0.121704 0.410152
v 0.286531 0.117871 0.419735
v 0.284615 0.115954 0.419735
v 0.286531 0.121704 0.421652
v 0.286531 0.121704 0.423568
v 0.284615 0.121704 0.423568
v 0.282698 0.119787 0.421652
v 0.282698 0.117871 0.421652
v 0.286531 0.112121 0.427401
v 0.288448 0.115954 0.431235
v 0.286531 0.117871 0.431235
v 0.286531 0.115954 0.431235
v 0.284615 0.115954 0.431235
v 0.288448 0.114038 0.429318
v 0.282698 0.112121 0.429318
v 0.288448 0.112121 0.438901
v 0.286531 0.112121 0.438901
v 0.290365 0.110204 0.438901
v 0.290365 0.108288 0.436984
v 0.284615 0.110204 0.438901
v 0.284615 0.108288 0.436984
v 0.288448 0.106371 0.435068
v 0.292281 0.104455 0.446567
v 0.292281 0.098705 0.454234
v 0.292281 0.096788 0.452317
v 0.286531 0.104455 0.446567
v 0.288448 0.106371 0.448484
v 0.290365 0.104455 0.448484
v 0.290365 0.102538 0.444651
v 0.288448 0.100621 0.444651
v 0.286531 0.102538 0.444651
v 0.290365 0.100621 0.456150
v 0.288448 0.098705 0.454234
v 0.286531 0.096788 0.452317
v 0.290365 0.094872 0.452317
v 0.294198 0.092955 0.461900
v 0.292281 0.092955 0.461900
v 0.288448 0.092955 0.461900
v 0.290365 0.092955 0.463817
v 0.294198 0.091038 0.459984
v 0.292281 0.089122 0.459984
v 0.296114 0.087205 0.469566
v 0.294198 0.087205 0.471483
v 0.292281 0.087205 0.471483
v 0.292281 0.081455 0.465733
v 0.296114 0.083372 0.467650
v 0.288448 0.089122 0.459984
v 0.290365 0.085289 0.469566
v 0.290365 0.083372 0.467650
v 0.296114 0.081455 0.477233
v 0.294198 0.081455 0.479149
v 0.296114 0.079539 0.477233
v 0.296114 0.077622 0.475316
v 0.292281 0.079539 0.477233
v 0.290365 0.077622 0.475316
v 0.294198 0.075706 0.473400
v 0.296114 0.069956 0.481066
v 0.298031 0.073789 0.484899
v 0.296114 0.073789 0.484899
v 0.294198 0.075706 0.484899
v 0.292281 0.073789 0.484899
v 0.298031 0.071872 0.482983
v 0.292281 0.071872 0.482983
v 0.298031 0.066123 0.488732
v 0.294198 0.066123 0.488732
v 0.296114 0.064206 0.488732
v 0.353612 0.035457 0.488732
v 0.353612 0.033540 0.484899
v 0.338280 0.035457 0.488732
v 0.338280 0.033540 0.484899
v 0.322947 0.035457 0.488732
v 0.322947 0.033540 0.484899
v 0.309531 0.035457 0.488732
v 0.309531 0.033540 0.484899
v 0.353612 0.027791 0.482983
v 0.338280 0.027791 0.482983
v 0.357445 0.008625 0.475316
v 0.342113 0.008625 0.475316
v 0.324863 0.027791 0.482983
v 0.309531 0.027791 0.482983
v 0.326780 0.008625 0.475316
v 0.311447 0.008625 0.475316
v 0.294198 0.035457 0.488732
v 0.292281 0.033540 0.484899
v 0.276948 0.035457 0.488732
v 0.275032 0.033540 0.484899
v 0.261616 0.035457 0.488732
v 0.253949 0.035457 0.488732
v 0.259699 0.033540 0.484899
v 0.253949 0.033540 0.484899
v 0.248199 0.035457 0.488732
v 0.248199 0.033540 0.484899
v 0.292281 0.027791 0.482983
v 0.294198 0.008625 0.475316
v 0.275032 0.027791 0.482983
v 0.261616 0.027791 0.482983
v 0.253949 0.027791 0.482983
v 0.248199 0.027791 0.482983
v 0.275032 0.008625 0.475316
v 0.263532 0.008625 0.475316
v 0.255866 0.008625 0.475316
v 0.250116 0.008625 0.475316
v 0.190701 0.062289 0.274074
v 0.181119 0.062289 0.274074
v 0.169619 0.062289 0.274074
v 0.158119 0.073789 0.281740
v 0.158119 0.069956 0.281740
v 0.158119 0.073789 0.283657
v 0.158119 0.073789 0.289406
v 0.163869 0.062289 0.281740
v 0.158119 0.066123 0.281740
v 0.163869 0.064206 0.283657
v 0.163869 0.064206 0.289406
v 0.156203 0.073789 0.295156
v 0.154286 0.071872 0.297073
v 0.163869 0.064206 0.295156
v 0.160036 0.062289 0.297073
v 0.144703 0.077622 0.281740
v 0.144703 0.079539 0.283657
v 0.144703 0.079539 0.289406
v 0.142787 0.077622 0.295156
v 0.144703 0.075706 0.281740
v 0.144703 0.069956 0.281740
v 0.148536 0.068039 0.289406
v 0.140870 0.066123 0.287490
v 0.137037 0.069956 0.287490
v 0.140870 0.075706 0.297073
v 0.138953 0.071872 0.295156
v 0.150453 0.068039 0.291323
v 0.150453 0.068039 0.295156
v 0.137037 0.071872 0.291323
v 0.192618 0.060373 0.274074
v 0.192618 0.058456 0.274074
v 0.192618 0.056540 0.274074
v 0.190701 0.054623 0.272157
v 0.192618 0.056540 0.281740
v 0.192618 0.054623 0.281740
v 0.192618 0.058456 0.283657
v 0.192618 0.056540 0.289406
v 0.192618 0.054623 0.287490
v 0.190701 0.060373 0.283657
v 0.190701 0.056540 0.289406
v 0.190701 0.052706 0.279823
v 0.192618 0.052706 0.285573
v 0.192618 0.050790 0.289406
v 0.192618 0.048873 0.287490
v 0.190701 0.050790 0.283657
v 0.190701 0.048873 0.285573
v 0.192618 0.050790 0.291323
v 0.190701 0.052706 0.293239
v 0.192618 0.039290 0.287490
v 0.192618 0.039290 0.289406
v 0.190701 0.039290 0.285573
v 0.192618 0.041207 0.293239
v 0.188785 0.045040 0.295156
v 0.190701 0.043123 0.295156
v 0.188785 0.039290 0.297073
v 0.192618 0.035457 0.297073
v 0.190701 0.037374 0.297073
v 0.188785 0.037374 0.302822
v 0.190701 0.035457 0.302822
v 0.190701 0.033540 0.302822
v 0.192618 0.016291 0.297073
v 0.190701 0.018208 0.302822
v 0.192618 0.012458 0.287490
v 0.192618 0.012458 0.289406
v 0.190701 0.012458 0.285573
v 0.192618 0.010541 0.293239
v 0.190701 0.012458 0.297073
v 0.188785 0.014374 0.302822
v 0.190701 0.006708 0.295156
v 0.181119 0.054623 0.272157
v 0.171536 0.054623 0.272157
v 0.167702 0.060373 0.274074
v 0.167702 0.058456 0.274074
v 0.167702 0.056540 0.274074
v 0.179202 0.060373 0.283657
v 0.179202 0.056540 0.289406
v 0.169619 0.060373 0.283657
v 0.169619 0.056540 0.289406
v 0.181119 0.052706 0.279823
v 0.169619 0.052706 0.279823
v 0.179202 0.050790 0.283657
v 0.179202 0.048873 0.283657
v 0.169619 0.050790 0.283657
v 0.169619 0.048873 0.283657
v 0.163869 0.060373 0.281740
v 0.167702 0.054623 0.281740
v 0.163869 0.056540 0.281740
v 0.167702 0.056540 0.283657
v 0.167702 0.056540 0.289406
v 0.154286 0.060373 0.287490
v 0.156203 0.054623 0.287490
v 0.163869 0.046957 0.281740
v 0.158119 0.052706 0.281740
v 0.167702 0.052706 0.283657
v 0.179202 0.052706 0.293239
v 0.171536 0.052706 0.293239
v 0.156203 0.060373 0.291323
v 0.158119 0.060373 0.295156
v 0.167702 0.052706 0.293239
v 0.163869 0.052706 0.295156
v 0.165786 0.046957 0.295156
v 0.158119 0.052706 0.291323
v 0.160036 0.052706 0.295156
v 0.179202 0.039290 0.283657
v 0.169619 0.041207 0.283657
v 0.158119 0.045040 0.287490
v 0.179202 0.045040 0.295156
v 0.179202 0.039290 0.297073
v 0.171536 0.045040 0.295156
v 0.169619 0.045040 0.295156
v 0.171536 0.039290 0.297073
v 0.169619 0.039290 0.297073
v 0.179202 0.037374 0.302822
v 0.171536 0.037374 0.302822
v 0.169619 0.035457 0.302822
v 0.169619 0.033540 0.302822
v 0.161953 0.043123 0.295156
v 0.160036 0.043123 0.291323
v 0.167702 0.037374 0.297073
v 0.146620 0.056540 0.279823
v 0.140870 0.060373 0.287490
v 0.142787 0.048873 0.287490
v 0.169619 0.018208 0.302822
v 0.167702 0.016291 0.297073
v 0.179202 0.012458 0.283657
v 0.169619 0.012458 0.283657
v 0.163869 0.012458 0.281740
v 0.158119 0.012458 0.281740
v 0.158119 0.012458 0.287490
v 0.179202 0.012458 0.297073
v 0.169619 0.012458 0.297073
v 0.179202 0.014374 0.302822
v 0.171536 0.014374 0.302822
v 0.179202 0.006708 0.295156
v 0.169619 0.006708 0.295156
v 0.165786 0.010541 0.295156
v 0.160036 0.012458 0.291323
v 0.146620 0.012458 0.279823
v 0.142787 0.012458 0.287490
v 0.096788 0.079539 0.281740
v 0.096788 0.079539 0.283657
v 0.096788 0.079539 0.289406
v 0.094872 0.079539 0.295156
v 0.096788 0.075706 0.281740
v 0.096788 0.071872 0.281740
v 0.092955 0.066123 0.287490
v 0.092955 0.062289 0.287490
v 0.092955 0.075706 0.297073
v 0.092955 0.071872 0.295156
v 0.091038 0.071872 0.287490
v 0.091038 0.071872 0.291323
v 0.096788 0.056540 0.279823
v 0.092955 0.048873 0.287490
v 0.096788 0.012458 0.279823
v 0.094872 0.012458 0.287490
v 0.236700 0.035457 0.488732
v 0.236700 0.033540 0.484899
v 0.223284 0.035457 0.488732
v 0.223284 0.033540 0.484899
v 0.209867 0.035457 0.488732
v 0.209867 0.033540 0.484899
v 0.188785 0.039290 0.479149
v 0.188785 0.039290 0.482983
v 0.188785 0.039290 0.488732
v 0.196451 0.031624 0.481066
v 0.192618 0.033540 0.481066
v 0.190701 0.037374 0.479149
v 0.190701 0.033540 0.477233
v 0.194535 0.035457 0.488732
v 0.194535 0.033540 0.484899
v 0.190701 0.035457 0.482983
v 0.190701 0.037374 0.488732
v 0.236700 0.029707 0.482983
v 0.223284 0.029707 0.481066
v 0.238616 0.008625 0.475316
v 0.225200 0.008625 0.475316
v 0.190701 0.018208 0.473400
v 0.188785 0.016291 0.473400
v 0.209867 0.029707 0.481066
v 0.192618 0.016291 0.477233
v 0.211784 0.008625 0.475316
v 0.194535 0.010541 0.475316
v 0.190701 0.014374 0.475316
v 0.184952 0.008625 0.475316
v 0.181119 0.039290 0.479149
v 0.171536 0.039290 0.479149
v 0.181119 0.039290 0.482983
v 0.181119 0.039290 0.488732
v 0.171536 0.039290 0.482983
v 0.171536 0.039290 0.488732
v 0.169619 0.037374 0.479149
v 0.169619 0.033540 0.477233
v 0.169619 0.035457 0.482983
v 0.169619 0.037374 0.488732
v 0.167702 0.033540 0.481066
v 0.163869 0.031624 0.481066
v 0.165786 0.035457 0.488732
v 0.165786 0.033540 0.484899
v 0.156203 0.035457 0.488732
v 0.156203 0.033540 0.484899
v 0.148536 0.035457 0.488732
v 0.148536 0.033540 0.484899
v 0.135120 0.035457 0.488732
v 0.135120 0.033540 0.484899
v 0.181119 0.016291 0.473400
v 0.169619 0.018208 0.473400
v 0.171536 0.016291 0.473400
v 0.156203 0.029707 0.481066
v 0.167702 0.016291 0.477233
v 0.181119 0.014374 0.475316
v 0.169619 0.014374 0.475316
v 0.173452 0.008625 0.475316
v 0.167702 0.010541 0.475316
v 0.156203 0.008625 0.475316
v 0.148536 0.029707 0.481066
v 0.135120 0.029707 0.481066
v 0.148536 0.008625 0.475316
v 0.135120 0.008625 0.475316
v 0.050790 0.046957 0.415902
v 0.050790 0.046957 0.419735
v 0.050790 0.046957 0.423568
v 0.056540 0.043123 0.413985
v 0.056540 0.043123 0.415902
v 0.056540 0.043123 0.419735
v 0.054623 0.041207 0.413985
v 0.050790 0.045040 0.413985
v 0.050790 0.043123 0.413985
v 0.052706 0.041207 0.413985
v 0.050790 0.039290 0.415902
v 0.048873 0.041207 0.413985
v 0.048873 0.041207 0.415902
v 0.050790 0.039290 0.419735
v 0.048873 0.041207 0.419735
v 0.056540 0.043123 0.423568
v 0.056540 0.043123 0.425485
v 0.054623 0.041207 0.425485
v 0.050790 0.045040 0.425485
v 0.050790 0.043123 0.425485
v 0.050790 0.039290 0.423568
v 0.048873 0.041207 0.423568
v 0.052706 0.041207 0.425485
v 0.048873 0.041207 0.425485
v 0.058456 0.037374 0.415902
v 0.056540 0.037374 0.413985
v 0.054623 0.037374 0.413985
v 0.058456 0.037374 0.419735
v 0.058456 0.033540 0.415902
v 0.056540 0.033540 0.413985
v 0.054623 0.033540 0.413985
v 0.056540 0.031624 0.413985
v 0.054623 0.031624 0.413985
v 0.056540 0.031624 0.415902
v 0.058456 0.033540 0.419735
v 0.058456 0.031624 0.419735
v 0.052706 0.035457 0.413985
v 0.052706 0.035457 0.415902
v 0.052706 0.035457 0.419735
v 0.052706 0.033540 0.413985
v 0.052706 0.033540 0.415902
v 0.052706 0.031624 0.413985
v 0.052706 0.031624 0.415902
v 0.052706 0.033540 0.419735
v 0.052706 0.031624 0.419735
v 0.058456 0.037374 0.423568
v 0.056540 0.037374 0.425485
v 0.054623 0.037374 0.425485
v 0.058456 0.033540 0.423568
v 0.056540 0.031624 0.423568
v 0.056540 0.033540 0.425485
v 0.054623 0.033540 0.425485
v 0.056540 0.031624 0.425485
v 0.054623 0.031624 0.425485
v 0.052706 0.035457 0.423568
v 0.052706 0.035457 0.425485
v 0.052706 0.033540 0.423568
v 0.052706 0.031624 0.423568
v 0.052706 0.033540 0.425485
v 0.052706 0.031624 0.425485
v 0.018208 0.046957 0.415902
v 0.018208 0.046957 0.419735
v 0.018208 0.046957 0.423568
v 0.012458 0.046957 0.415902
v 0.008625 0.046957 0.415902
v 0.012458 0.046957 0.419735
v 0.008625 0.046957 0.419735
v 0.012458 0.046957 0.423568
v 0.008625 0.046957 0.423568
v 0.018208 0.045040 0.413985
v 0.018208 0.043123 0.413985
v 0.018208 0.041207 0.413985
v 0.018208 0.041207 0.415902
v 0.018208 0.041207 0.419735
v 0.018208 0.045040 0.425485
v 0.018208 0.043123 0.425485
v 0.018208 0.041207 0.423568
v 0.018208 0.041207 0.425485
v 0.012458 0.045040 0.413985
v 0.012458 0.043123 0.413985
v 0.008625 0.045040 0.413985
v 0.008625 0.043123 0.413985
v 0.012458 0.041207 0.413985
v 0.012458 0.041207 0.415902
v 0.008625 0.041207 0.413985
v 0.008625 0.041207 0.415902
v 0.012458 0.041207 0.419735
v 0.008625 0.039290 0.417818
v 0.008625 0.039290 0.419735
v 0.012458 0.045040 0.425485
v 0.012458 0.043123 0.427401
v 0.008625 0.045040 0.425485
v 0.008625 0.043123 0.427401
v 0.012458 0.039290 0.421652
v 0.012458 0.041207 0.427401
v 0.012458 0.039290 0.425485
v 0.008625 0.037374 0.419735
v 0.008625 0.033540 0.419735
v 0.012458 0.037374 0.421652
v 0.010541 0.037374 0.427401
v 0.010541 0.035457 0.427401
v 0.010541 0.033540 0.423568
v 0.056540 0.029707 0.413985
v 0.054623 0.029707 0.413985
v 0.056540 0.029707 0.415902
v 0.056540 0.027791 0.413985
v 0.054623 0.027791 0.413985
v 0.056540 0.027791 0.415902
v 0.058456 0.029707 0.419735
v 0.058456 0.027791 0.419735
v 0.056540 0.025874 0.413985
v 0.054623 0.025874 0.413985
v 0.056540 0.025874 0.415902
v 0.058456 0.025874 0.419735
v 0.052706 0.029707 0.413985
v 0.052706 0.029707 0.415902
v 0.052706 0.027791 0.413985
v 0.050790 0.027791 0.415902
v 0.052706 0.029707 0.419735
v 0.050790 0.027791 0.419735
v 0.048873 0.027791 0.419735
v 0.052706 0.025874 0.413985
v 0.048873 0.025874 0.415902
v 0.048873 0.023957 0.413985
v 0.056540 0.029707 0.423568
v 0.056540 0.027791 0.423568
v 0.056540 0.029707 0.425485
v 0.054623 0.029707 0.425485
v 0.056540 0.027791 0.425485
v 0.054623 0.027791 0.425485
v 0.056540 0.025874 0.423568
v 0.056540 0.025874 0.425485
v 0.054623 0.025874 0.425485
v 0.052706 0.029707 0.423568
v 0.050790 0.027791 0.423568
v 0.048873 0.027791 0.423568
v 0.052706 0.029707 0.425485
v 0.052706 0.027791 0.425485
v 0.052706 0.025874 0.425485
v 0.048873 0.025874 0.425485
v 0.056540 0.020124 0.413985
v 0.054623 0.020124 0.413985
v 0.056540 0.020124 0.415902
v 0.058456 0.020124 0.419735
v 0.056540 0.018208 0.413985
v 0.054623 0.018208 0.413985
v 0.056540 0.018208 0.415902
v 0.056540 0.016291 0.413985
v 0.054623 0.016291 0.413985
v 0.056540 0.016291 0.415902
v 0.058456 0.018208 0.419735
v 0.058456 0.016291 0.419735
v 0.052706 0.020124 0.413985
v 0.048873 0.020124 0.413985
v 0.052706 0.018208 0.413985
v 0.050790 0.018208 0.415902
v 0.052706 0.016291 0.413985
v 0.052706 0.016291 0.415902
v 0.048873 0.018208 0.415902
v 0.050790 0.018208 0.419735
v 0.052706 0.016291 0.419735
v 0.048873 0.018208 0.419735
v 0.056540 0.020124 0.423568
v 0.056540 0.020124 0.425485
v 0.054623 0.020124 0.425485
v 0.056540 0.018208 0.423568
v 0.056540 0.016291 0.423568
v 0.056540 0.018208 0.425485
v 0.054623 0.018208 0.425485
v 0.056540 0.016291 0.425485
v 0.054623 0.016291 0.425485
v 0.052706 0.020124 0.425485
v 0.048873 0.020124 0.425485
v 0.050790 0.018208 0.423568
v 0.052706 0.016291 0.423568
v 0.048873 0.018208 0.423568
v 0.052706 0.018208 0.425485
v 0.052706 0.016291 0.425485
v 0.058456 0.014374 0.415902
v 0.058456 0.012458 0.415902
v 0.056540 0.014374 0.413985
v 0.054623 0.014374 0.413985
v 0.056540 0.012458 0.413985
v 0.054623 0.012458 0.413985
v 0.058456 0.014374 0.419735
v 0.058456 0.012458 0.419735
v 0.054623 0.008625 0.413985
v 0.052706 0.014374 0.413985
v 0.052706 0.014374 0.415902
v 0.052706 0.012458 0.413985
v 0.052706 0.014374 0.419735
v 0.050790 0.010541 0.415902
v 0.052706 0.008625 0.413985
v 0.048873 0.008625 0.413985
v 0.048873 0.008625 0.415902
v 0.050790 0.010541 0.419735
v 0.048873 0.008625 0.419735
v 0.058456 0.014374 0.423568
v 0.058456 0.012458 0.423568
v 0.056540 0.014374 0.425485
v 0.054623 0.014374 0.425485
v 0.056540 0.012458 0.425485
v 0.054623 0.012458 0.425485
v 0.054623 0.008625 0.425485
v 0.052706 0.014374 0.423568
v 0.052706 0.014374 0.425485
v 0.052706 0.012458 0.425485
v 0.050790 0.010541 0.423568
v 0.048873 0.008625 0.423568
v 0.052706 0.008625 0.425485
v 0.048873 0.008625 0.425485
v 0.056540 0.006708 0.413985
v 0.056540 0.006708 0.415902
v 0.056540 0.006708 0.419735
v 0.050790 0.006708 0.413985
v 0.050790 0.004791 0.413985
v 0.050790 0.002875 0.415902
v 0.050790 0.002875 0.419735
v 0.056540 0.006708 0.423568
v 0.056540 0.006708 0.425485
v 0.050790 0.006708 0.425485
v 0.050790 0.004791 0.425485
v 0.050790 0.002875 0.423568
v 0.018208 0.027791 0.419735
v 0.018208 0.025874 0.415902
v 0.018208 0.023957 0.413985
v 0.018208 0.027791 0.423568
v 0.018208 0.025874 0.425485
v 0.018208 0.020124 0.413985
v 0.018208 0.018208 0.415902
v 0.018208 0.018208 0.419735
v 0.018208 0.020124 0.425485
v 0.018208 0.018208 0.423568
v 0.012458 0.027791 0.415902
v 0.008625 0.027791 0.415902
v 0.008625 0.029707 0.419735
v 0.008625 0.027791 0.419735
v 0.012458 0.025874 0.413985
v 0.008625 0.025874 0.413985
v 0.012458 0.029707 0.421652
v 0.012458 0.027791 0.421652
v 0.012458 0.027791 0.425485
v 0.010541 0.029707 0.427401
v 0.012458 0.025874 0.427401
v 0.012458 0.020124 0.413985
v 0.008625 0.020124 0.413985
v 0.012458 0.018208 0.415902
v 0.008625 0.018208 0.415902
v 0.012458 0.018208 0.419735
v 0.008625 0.018208 0.419735
v 0.012458 0.020124 0.427401
v 0.012458 0.018208 0.423568
v 0.008625 0.018208 0.423568
v 0.012458 0.018208 0.425485
v 0.008625 0.018208 0.425485
v 0.008625 0.018208 0.427401
v 0.016291 0.008625 0.413985
v 0.016291 0.008625 0.415902
v 0.016291 0.008625 0.419735
v 0.016291 0.008625 0.423568
v 0.016291 0.008625 0.425485
v 0.016291 0.006708 0.413985
v 0.016291 0.004791 0.413985
v 0.016291 0.002875 0.415902
v 0.016291 0.002875 0.419735
v 0.016291 0.006708 0.425485
v 0.016291 0.004791 0.425485
v 0.016291 0.002875 0.423568
v 0.012458 0.008625 0.413985
v 0.012458 0.008625 0.415902
v 0.008625 0.008625 0.413985
v 0.008625 0.008625 0.415902
v 0.012458 0.008625 0.419735
v 0.008625 0.008625 0.419735
v 0.012458 0.008625 0.423568
v 0.008625 0.008625 0.423568
v 0.012458 0.008625 0.425485
v 0.008625 0.008625 0.425485
v 0.012458 0.006708 0.413985
v 0.012458 0.004791 0.413985
v 0.008625 0.006708 0.413985
v 0.008625 0.004791 0.413985
v 0.012458 0.002875 0.415902
v 0.008625 0.002875 0.415902
v 0.012458 0.002875 0.419735
v 0.008625 0.002875 0.419735
v 0.012458 0.006708 0.425485
v 0.012458 0.004791 0.425485
v 0.008625 0.006708 0.425485
v 0.008625 0.004791 0.425485
v 0.012458 0.002875 0.423568
v 0.008625 0.002875 0.423568
v 0.117871 0.035457 0.488732
v 0.117871 0.033540 0.484899
v 0.112121 0.035457 0.488732
v 0.110204 0.035457 0.488732
v 0.112121 0.033540 0.484899
v 0.110204 0.033540 0.484899
v 0.104455 0.035457 0.488732
v 0.104455 0.033540 0.484899
v 0.098705 0.035457 0.488732
v 0.098705 0.033540 0.484899
v 0.071872 0.035457 0.488732
v 0.071872 0.033540 0.484899
v 0.117871 0.029707 0.481066
v 0.112121 0.029707 0.481066
v 0.108288 0.029707 0.481066
v 0.104455 0.029707 0.481066
v 0.098705 0.029707 0.481066
v 0.117871 0.008625 0.475316
v 0.112121 0.008625 0.475316
v 0.108288 0.008625 0.475316
v 0.104455 0.008625 0.475316
v 0.096788 0.008625 0.475316
v 0.071872 0.029707 0.481066
v 0.071872 0.008625 0.475316
v 0.008625 0.041207 0.433151
v 0.010541 0.039290 0.433151
v 0.010541 0.037374 0.433151
v 0.010541 0.035457 0.433151
v 0.010541 0.031624 0.433151
v 0.048873 0.035457 0.488732
v 0.048873 0.033540 0.484899
v 0.022041 0.035457 0.488732
v 0.022041 0.033540 0.484899
v 0.008625 0.039290 0.479149
v 0.008625 0.039290 0.482983
v 0.008625 0.039290 0.488732
v 0.010541 0.035457 0.477233
v 0.010541 0.037374 0.479149
v 0.010541 0.035457 0.481066
v 0.010541 0.031624 0.477233
v 0.010541 0.031624 0.479149
v 0.010541 0.037374 0.482983
v 0.012458 0.035457 0.488732
v 0.010541 0.037374 0.488732
v 0.012458 0.033540 0.484899
v 0.010541 0.027791 0.433151
v 0.010541 0.022041 0.433151
v 0.008625 0.020124 0.433151
v 0.048873 0.029707 0.481066
v 0.048873 0.008625 0.475316
v 0.010541 0.020124 0.473400
v 0.008625 0.018208 0.473400
v 0.022041 0.029707 0.481066
v 0.014374 0.029707 0.481066
v 0.010541 0.018208 0.477233
v 0.022041 0.008625 0.475316
v 0.008625 0.014374 0.475316
v 0.012458 0.010541 0.475316
v -0.000958 0.127454 0.026832
v -0.000958 0.123621 0.026832
v -0.000958 0.144703 0.036415
v -0.000958 0.142787 0.034499
v -0.000958 0.144703 0.042165
v -0.000958 0.144703 0.047915
v -0.000958 0.142787 0.049832
v -0.000958 0.135120 0.032582
v -0.000958 0.131287 0.030666
v -0.000958 0.133204 0.049832
v -0.098705 0.127454 0.026832
v -0.098705 0.123621 0.026832
v -0.098705 0.144703 0.036415
v -0.098705 0.142787 0.034499
v -0.098705 0.144703 0.042165
v -0.098705 0.144703 0.047915
v -0.098705 0.142787 0.049832
v -0.098705 0.135120 0.032582
v -0.098705 0.131287 0.030666
v -0.098705 0.133204 0.049832
v -0.148536 0.127454 0.026832
v -0.146620 0.123621 0.026832
v -0.161953 0.123621 0.026832
v -0.152370 0.144703 0.036415
v -0.152370 0.142787 0.034499
v -0.152370 0.144703 0.042165
v -0.152370 0.144703 0.047915
v -0.152370 0.142787 0.049832
v -0.150453 0.135120 0.032582
v -0.150453 0.131287 0.030666
v -0.152370 0.133204 0.049832
v -0.171536 0.144703 0.036415
v -0.171536 0.142787 0.034499
v -0.171536 0.144703 0.042165
v -0.171536 0.144703 0.047915
v -0.171536 0.142787 0.049832
v -0.165786 0.125537 0.030666
v -0.171536 0.131287 0.032582
v -0.171536 0.133204 0.049832
v -0.206034 0.123621 0.000000
v -0.206034 0.125537 0.005750
v -0.209867 0.123621 0.001917
v -0.213701 0.125537 0.005750
v -0.200284 0.123621 0.011500
v -0.207951 0.127454 0.011500
v -0.202201 0.123621 0.017249
v -0.211784 0.127454 0.017249
v -0.217534 0.127454 0.011500
v -0.219450 0.127454 0.017249
v -0.215617 0.125537 0.022999
v -0.217534 0.125537 0.028749
v -0.223284 0.125537 0.022999
v -0.225200 0.125537 0.028749
v -0.188785 0.144703 0.036415
v -0.188785 0.142787 0.034499
v -0.188785 0.144703 0.042165
v -0.202201 0.144703 0.036415
v -0.202201 0.142787 0.034499
v -0.202201 0.144703 0.042165
v -0.188785 0.144703 0.047915
v -0.188785 0.142787 0.049832
v -0.202201 0.144703 0.047915
v -0.202201 0.142787 0.049832
v -0.188785 0.131287 0.032582
v -0.202201 0.131287 0.032582
v -0.209867 0.123621 0.030666
v -0.188785 0.133204 0.049832
v -0.202201 0.133204 0.049832
v -0.217534 0.144703 0.036415
v -0.217534 0.142787 0.034499
v -0.229033 0.144703 0.036415
v -0.229033 0.142787 0.034499
v -0.217534 0.144703 0.042165
v -0.229033 0.144703 0.042165
v -0.234783 0.144703 0.036415
v -0.234783 0.142787 0.034499
v -0.240533 0.142787 0.036415
v -0.240533 0.138953 0.034499
v -0.234783 0.144703 0.042165
v -0.240533 0.142787 0.042165
v -0.217534 0.144703 0.047915
v -0.217534 0.142787 0.049832
v -0.229033 0.144703 0.047915
v -0.229033 0.142787 0.049832
v -0.234783 0.144703 0.047915
v -0.234783 0.142787 0.049832
v -0.240533 0.142787 0.047915
v -0.240533 0.138953 0.049832
v -0.217534 0.135120 0.032582
v -0.219450 0.127454 0.030666
v -0.227117 0.127454 0.030666
v -0.230950 0.131287 0.032582
v -0.234783 0.131287 0.032582
v -0.240533 0.129370 0.032582
v -0.217534 0.133204 0.049832
v -0.230950 0.133204 0.049832
v -0.234783 0.131287 0.049832
v -0.240533 0.129370 0.049832
v -0.000958 0.114038 0.026832
v -0.000958 0.102538 0.026832
v -0.000958 0.098705 0.026832
v -0.000958 0.115954 0.051748
v -0.000958 0.096788 0.030666
v -0.000958 0.092955 0.032582
v -0.000958 0.100621 0.049832
v -0.000958 0.077622 0.049832
v -0.000958 0.073789 0.032582
v -0.098705 0.114038 0.026832
v -0.098705 0.102538 0.026832
v -0.098705 0.098705 0.026832
v -0.098705 0.115954 0.051748
v -0.098705 0.096788 0.030666
v -0.098705 0.092955 0.032582
v -0.098705 0.100621 0.049832
v -0.098705 0.077622 0.049832
v -0.098705 0.073789 0.032582
v -0.000958 0.008625 0.032582
v -0.000958 0.010541 0.049832
v -0.098705 0.008625 0.032582
v -0.098705 0.010541 0.049832
v -0.146620 0.114038 0.026832
v -0.146620 0.102538 0.026832
v -0.148536 0.098705 0.026832
v -0.158119 0.121704 0.026832
v -0.160036 0.114038 0.026832
v -0.165786 0.114038 0.026832
v -0.158119 0.104455 0.026832
v -0.161953 0.102538 0.026832
v -0.152370 0.115954 0.051748
v -0.150453 0.096788 0.030666
v -0.150453 0.092955 0.032582
v -0.150453 0.100621 0.049832
v -0.169619 0.114038 0.030666
v -0.177285 0.114038 0.032582
v -0.171536 0.115954 0.051748
v -0.165786 0.100621 0.030666
v -0.171536 0.094872 0.032582
v -0.171536 0.100621 0.049832
v -0.150453 0.077622 0.049832
v -0.150453 0.073789 0.032582
v -0.177285 0.085289 0.051748
v -0.171536 0.079539 0.049832
v -0.175369 0.083372 0.053665
v -0.175369 0.079539 0.053665
v -0.175369 0.079539 0.057498
v -0.177285 0.077622 0.055581
v -0.177285 0.079539 0.059415
v -0.171536 0.073789 0.032582
v -0.175369 0.071872 0.051748
v -0.177285 0.069956 0.055581
v -0.198368 0.114038 0.005750
v -0.196451 0.114038 0.011500
v -0.202201 0.119787 0.001917
v -0.200284 0.121704 0.005750
v -0.202201 0.115954 0.000000
v -0.206034 0.115954 0.000000
v -0.211784 0.117871 0.000000
v -0.202201 0.110204 0.001917
v -0.202201 0.108288 0.005750
v -0.211784 0.112121 0.001917
v -0.207951 0.110204 0.000000
v -0.198368 0.114038 0.017249
v -0.207951 0.121704 0.022999
v -0.211784 0.121704 0.028749
v -0.204118 0.114038 0.022999
v -0.206034 0.108288 0.022999
v -0.207951 0.114038 0.028749
v -0.209867 0.108288 0.028749
v -0.207951 0.106371 0.005750
v -0.200284 0.106371 0.011500
v -0.209867 0.106371 0.011500
v -0.202201 0.106371 0.017249
v -0.211784 0.106371 0.017249
v -0.215617 0.119787 0.005750
v -0.221367 0.119787 0.011500
v -0.215617 0.112121 0.005750
v -0.219450 0.110204 0.011500
v -0.223284 0.119787 0.017249
v -0.225200 0.119787 0.022999
v -0.227117 0.119787 0.028749
v -0.221367 0.112121 0.017249
v -0.215617 0.108288 0.022999
v -0.217534 0.108288 0.028749
v -0.223284 0.112121 0.022999
v -0.225200 0.112121 0.028749
v -0.188785 0.114038 0.032582
v -0.200284 0.114038 0.032582
v -0.206034 0.114038 0.030666
v -0.188785 0.115954 0.051748
v -0.202201 0.115954 0.051748
v -0.188785 0.094872 0.032582
v -0.209867 0.104455 0.030666
v -0.202201 0.094872 0.032582
v -0.188785 0.100621 0.049832
v -0.202201 0.098705 0.049832
v -0.229033 0.117871 0.030666
v -0.227117 0.108288 0.030666
v -0.232867 0.115954 0.032582
v -0.236700 0.115954 0.032582
v -0.240533 0.114038 0.032582
v -0.217534 0.115954 0.051748
v -0.230950 0.115954 0.051748
v -0.234783 0.115954 0.051748
v -0.240533 0.114038 0.049832
v -0.219450 0.104455 0.030666
v -0.217534 0.092955 0.032582
v -0.230950 0.096788 0.032582
v -0.234783 0.096788 0.032582
v -0.240533 0.094872 0.032582
v -0.217534 0.098705 0.051748
v -0.230950 0.096788 0.049832
v -0.234783 0.096788 0.049832
v -0.240533 0.094872 0.049832
v -0.186868 0.085289 0.051748
v -0.198368 0.085289 0.051748
v -0.186868 0.077622 0.055581
v -0.186868 0.077622 0.059415
v -0.198368 0.077622 0.055581
v -0.198368 0.079539 0.059415
v -0.202201 0.077622 0.049832
v -0.200284 0.083372 0.053665
v -0.200284 0.079539 0.053665
v -0.200284 0.079539 0.057498
v -0.188785 0.073789 0.032582
v -0.202201 0.073789 0.032582
v -0.186868 0.069956 0.055581
v -0.198368 0.069956 0.055581
v -0.200284 0.071872 0.051748
v -0.217534 0.073789 0.032582
v -0.230950 0.073789 0.032582
v -0.234783 0.073789 0.032582
v -0.240533 0.073789 0.032582
v -0.217534 0.075706 0.049832
v -0.230950 0.075706 0.049832
v -0.234783 0.073789 0.049832
v -0.240533 0.073789 0.049832
v -0.150453 0.008625 0.032582
v -0.150453 0.010541 0.049832
v -0.171536 0.008625 0.032582
v -0.169619 0.010541 0.049832
v -0.175369 0.010541 0.051748
v -0.177285 0.010541 0.055581
v -0.188785 0.008625 0.032582
v -0.202201 0.008625 0.032582
v -0.186868 0.010541 0.055581
v -0.198368 0.010541 0.055581
v -0.200284 0.010541 0.051748
v -0.204118 0.010541 0.049832
v -0.217534 0.008625 0.032582
v -0.230950 0.008625 0.032582
v -0.234783 0.008625 0.032582
v -0.240533 0.008625 0.032582
v -0.217534 0.010541 0.049832
v -0.230950 0.010541 0.049832
v -0.234783 0.008625 0.049832
v -0.240533 0.008625 0.049832
v -0.246283 0.137037 0.036415
v -0.246283 0.135120 0.034499
v -0.248199 0.137037 0.042165
v -0.248199 0.127454 0.034499
v -0.250116 0.125537 0.036415
v -0.250116 0.125537 0.042165
v -0.246283 0.137037 0.047915
v -0.246283 0.135120 0.049832
v -0.248199 0.127454 0.049832
v -0.250116 0.125537 0.047915
v -0.248199 0.112121 0.034499
v -0.250116 0.110204 0.036415
v -0.250116 0.110204 0.042165
v -0.248199 0.112121 0.049832
v -0.250116 0.110204 0.047915
v -0.248199 0.094872 0.034499
v -0.250116 0.092955 0.036415
v -0.250116 0.092955 0.042165
v -0.250116 0.092955 0.047915
v -0.248199 0.094872 0.049832
v -0.248199 0.071872 0.034499
v -0.250116 0.071872 0.036415
v -0.250116 0.071872 0.042165
v -0.250116 0.071872 0.047915
v -0.248199 0.071872 0.049832
v -0.248199 0.008625 0.034499
v -0.250116 0.008625 0.036415
v -0.250116 0.008625 0.042165
v -0.250116 0.008625 0.047915
v -0.248199 0.008625 0.049832
v -0.000958 0.079539 0.281740
v -0.000958 0.079539 0.283657
v -0.000958 0.079539 0.289406
v -0.000958 0.079539 0.295156
v -0.000958 0.075706 0.281740
v -0.000958 0.071872 0.281740
v -0.000958 0.071872 0.287490
v -0.000958 0.066123 0.287490
v -0.000958 0.062289 0.287490
v -0.000958 0.075706 0.297073
v -0.000958 0.073789 0.295156
v -0.000958 0.071872 0.291323
v -0.091038 0.071872 0.287490
v -0.091038 0.071872 0.291323
v -0.096788 0.079539 0.281740
v -0.096788 0.079539 0.283657
v -0.096788 0.079539 0.289406
v -0.094872 0.079539 0.295156
v -0.096788 0.075706 0.281740
v -0.096788 0.071872 0.281740
v -0.092955 0.066123 0.287490
v -0.092955 0.062289 0.287490
v -0.092955 0.075706 0.297073
v -0.092955 0.071872 0.295156
v -0.000958 0.056540 0.279823
v -0.000958 0.048873 0.287490
v -0.000958 0.012458 0.279823
v -0.000958 0.012458 0.287490
v -0.096788 0.056540 0.279823
v -0.092955 0.048873 0.287490
v -0.096788 0.012458 0.279823
v -0.094872 0.012458 0.287490
v -0.169619 0.062289 0.274074
v -0.181119 0.062289 0.274074
v -0.144703 0.077622 0.281740
v -0.144703 0.079539 0.283657
v -0.144703 0.079539 0.289406
v -0.142787 0.077622 0.295156
v -0.137037 0.069956 0.287490
v -0.144703 0.075706 0.281740
v -0.144703 0.069956 0.281740
v -0.140870 0.066123 0.287490
v -0.148536 0.068039 0.289406
v -0.137037 0.071872 0.291323
v -0.140870 0.075706 0.297073
v -0.138953 0.071872 0.295156
v -0.150453 0.068039 0.291323
v -0.150453 0.068039 0.295156
v -0.158119 0.073789 0.281740
v -0.158119 0.069956 0.281740
v -0.158119 0.073789 0.283657
v -0.158119 0.073789 0.289406
v -0.158119 0.066123 0.281740
v -0.163869 0.062289 0.281740
v -0.163869 0.064206 0.283657
v -0.163869 0.064206 0.289406
v -0.156203 0.073789 0.295156
v -0.154286 0.071872 0.297073
v -0.160036 0.062289 0.297073
v -0.163869 0.064206 0.295156
v -0.190701 0.062289 0.274074
v -0.167702 0.060373 0.274074
v -0.167702 0.058456 0.274074
v -0.167702 0.056540 0.274074
v -0.171536 0.054623 0.272157
v -0.181119 0.054623 0.272157
v -0.146620 0.056540 0.279823
v -0.140870 0.060373 0.287490
v -0.142787 0.048873 0.287490
v -0.163869 0.060373 0.281740
v -0.163869 0.056540 0.281740
v -0.167702 0.054623 0.281740
v -0.154286 0.060373 0.287490
v -0.156203 0.054623 0.287490
v -0.167702 0.056540 0.283657
v -0.167702 0.056540 0.289406
v -0.158119 0.052706 0.281740
v -0.163869 0.046957 0.281740
v -0.167702 0.052706 0.283657
v -0.169619 0.060373 0.283657
v -0.169619 0.056540 0.289406
v -0.179202 0.060373 0.283657
v -0.179202 0.056540 0.289406
v -0.169619 0.052706 0.279823
v -0.181119 0.052706 0.279823
v -0.169619 0.050790 0.283657
v -0.169619 0.048873 0.283657
v -0.179202 0.050790 0.283657
v -0.179202 0.048873 0.283657
v -0.156203 0.060373 0.291323
v -0.158119 0.060373 0.295156
v -0.158119 0.052706 0.291323
v -0.160036 0.052706 0.295156
v -0.167702 0.052706 0.293239
v -0.163869 0.052706 0.295156
v -0.165786 0.046957 0.295156
v -0.171536 0.052706 0.293239
v -0.179202 0.052706 0.293239
v -0.158119 0.045040 0.287490
v -0.169619 0.041207 0.283657
v -0.179202 0.039290 0.283657
v -0.160036 0.043123 0.291323
v -0.161953 0.043123 0.295156
v -0.167702 0.037374 0.297073
v -0.169619 0.045040 0.295156
v -0.171536 0.045040 0.295156
v -0.169619 0.039290 0.297073
v -0.171536 0.039290 0.297073
v -0.179202 0.045040 0.295156
v -0.179202 0.039290 0.297073
v -0.171536 0.037374 0.302822
v -0.169619 0.035457 0.302822
v -0.169619 0.033540 0.302822
v -0.179202 0.037374 0.302822
v -0.146620 0.012458 0.279823
v -0.142787 0.012458 0.287490
v -0.167702 0.016291 0.297073
v -0.169619 0.018208 0.302822
v -0.158119 0.012458 0.281740
v -0.163869 0.012458 0.281740
v -0.158119 0.012458 0.287490
v -0.169619 0.012458 0.283657
v -0.179202 0.012458 0.283657
v -0.160036 0.012458 0.291323
v -0.165786 0.010541 0.295156
v -0.169619 0.012458 0.297073
v -0.179202 0.012458 0.297073
v -0.171536 0.014374 0.302822
v -0.179202 0.014374 0.302822
v -0.169619 0.006708 0.295156
v -0.179202 0.006708 0.295156
v -0.190701 0.054623 0.274074
v -0.192618 0.060373 0.274074
v -0.192618 0.058456 0.274074
v -0.192618 0.056540 0.274074
v -0.192618 0.056540 0.281740
v -0.192618 0.054623 0.281740
v -0.190701 0.060373 0.283657
v -0.190701 0.056540 0.289406
v -0.192618 0.058456 0.283657
v -0.192618 0.056540 0.289406
v -0.192618 0.054623 0.287490
v -0.190701 0.052706 0.281740
v -0.190701 0.050790 0.283657
v -0.190701 0.048873 0.285573
v -0.192618 0.052706 0.285573
v -0.192618 0.050790 0.289406
v -0.192618 0.048873 0.287490
v -0.192618 0.048873 0.289406
v -0.190701 0.052706 0.293239
v -0.192618 0.050790 0.291323
v -0.190701 0.039290 0.285573
v -0.192618 0.039290 0.287490
v -0.192618 0.039290 0.289406
v -0.188785 0.045040 0.295156
v -0.190701 0.043123 0.295156
v -0.188785 0.039290 0.297073
v -0.192618 0.041207 0.293239
v -0.190701 0.037374 0.297073
v -0.192618 0.035457 0.297073
v -0.188785 0.037374 0.302822
v -0.190701 0.035457 0.302822
v -0.190701 0.033540 0.302822
v -0.192618 0.016291 0.297073
v -0.190701 0.018208 0.302822
v -0.190701 0.012458 0.285573
v -0.192618 0.012458 0.287490
v -0.192618 0.012458 0.289406
v -0.190701 0.012458 0.297073
v -0.192618 0.010541 0.293239
v -0.188785 0.014374 0.302822
v -0.190701 0.006708 0.295156
v -0.000958 0.046957 0.415902
v -0.000958 0.046957 0.419735
v -0.008625 0.046957 0.415902
v -0.012458 0.046957 0.415902
v -0.008625 0.046957 0.419735
v -0.012458 0.046957 0.419735
v -0.000958 0.046957 0.423568
v -0.008625 0.046957 0.423568
v -0.012458 0.046957 0.423568
v -0.018208 0.046957 0.415902
v -0.018208 0.046957 0.419735
v -0.018208 0.046957 0.423568
v -0.000958 0.045040 0.413985
v -0.000958 0.043123 0.413985
v -0.000958 0.041207 0.413985
v -0.000958 0.041207 0.415902
v -0.000958 0.039290 0.417818
v -0.008625 0.045040 0.413985
v -0.008625 0.043123 0.413985
v -0.012458 0.045040 0.413985
v -0.012458 0.043123 0.413985
v -0.008625 0.041207 0.413985
v -0.008625 0.041207 0.415902
v -0.012458 0.041207 0.413985
v -0.012458 0.041207 0.415902
v -0.008625 0.039290 0.417818
v -0.008625 0.039290 0.419735
v -0.012458 0.041207 0.419735
v -0.000958 0.045040 0.425485
v -0.000958 0.043123 0.427401
v -0.008625 0.045040 0.425485
v -0.008625 0.043123 0.427401
v -0.012458 0.045040 0.425485
v -0.012458 0.043123 0.427401
v -0.012458 0.039290 0.421652
v -0.012458 0.041207 0.427401
v -0.012458 0.039290 0.425485
v -0.000958 0.037374 0.419735
v -0.000958 0.033540 0.419735
v -0.008625 0.037374 0.419735
v -0.008625 0.033540 0.419735
v -0.012458 0.037374 0.421652
v -0.012458 0.037374 0.427401
v -0.012458 0.035457 0.425485
v -0.012458 0.033540 0.421652
v -0.018208 0.045040 0.413985
v -0.018208 0.043123 0.413985
v -0.018208 0.041207 0.413985
v -0.018208 0.041207 0.415902
v -0.018208 0.041207 0.419735
v -0.018208 0.045040 0.425485
v -0.018208 0.043123 0.425485
v -0.018208 0.041207 0.423568
v -0.018208 0.041207 0.425485
v -0.050790 0.046957 0.415902
v -0.050790 0.046957 0.419735
v -0.050790 0.046957 0.423568
v -0.050790 0.045040 0.413985
v -0.050790 0.043123 0.413985
v -0.048873 0.041207 0.413985
v -0.048873 0.041207 0.415902
v -0.052706 0.041207 0.413985
v -0.050790 0.039290 0.415902
v -0.048873 0.041207 0.419735
v -0.050790 0.039290 0.419735
v -0.056540 0.043123 0.413985
v -0.056540 0.043123 0.415902
v -0.056540 0.043123 0.419735
v -0.054623 0.041207 0.413985
v -0.050790 0.045040 0.425485
v -0.050790 0.043123 0.425485
v -0.048873 0.041207 0.423568
v -0.050790 0.039290 0.423568
v -0.048873 0.041207 0.425485
v -0.052706 0.041207 0.425485
v -0.056540 0.043123 0.423568
v -0.056540 0.043123 0.425485
v -0.054623 0.041207 0.425485
v -0.052706 0.035457 0.413985
v -0.052706 0.035457 0.415902
v -0.052706 0.035457 0.419735
v -0.052706 0.033540 0.413985
v -0.052706 0.033540 0.415902
v -0.052706 0.031624 0.413985
v -0.052706 0.031624 0.415902
v -0.052706 0.033540 0.419735
v -0.052706 0.031624 0.419735
v -0.054623 0.037374 0.413985
v -0.056540 0.037374 0.413985
v -0.058456 0.037374 0.415902
v -0.058456 0.037374 0.419735
v -0.054623 0.033540 0.413985
v -0.056540 0.033540 0.413985
v -0.054623 0.031624 0.413985
v -0.056540 0.031624 0.413985
v -0.058456 0.033540 0.415902
v -0.058456 0.031624 0.415902
v -0.058456 0.033540 0.419735
v -0.058456 0.031624 0.419735
v -0.052706 0.035457 0.423568
v -0.052706 0.035457 0.425485
v -0.052706 0.033540 0.423568
v -0.052706 0.031624 0.423568
v -0.052706 0.033540 0.425485
v -0.052706 0.031624 0.425485
v -0.058456 0.037374 0.423568
v -0.054623 0.037374 0.425485
v -0.056540 0.037374 0.425485
v -0.056540 0.031624 0.423568
v -0.058456 0.033540 0.423568
v -0.054623 0.033540 0.425485
v -0.056540 0.033540 0.425485
v -0.054623 0.031624 0.425485
v -0.056540 0.031624 0.425485
v -0.000958 0.027791 0.415902
v -0.000958 0.029707 0.419735
v -0.000958 0.027791 0.419735
v -0.000958 0.025874 0.413985
v -0.008625 0.027791 0.415902
v -0.012458 0.027791 0.415902
v -0.008625 0.029707 0.419735
v -0.008625 0.027791 0.419735
v -0.008625 0.025874 0.413985
v -0.012458 0.025874 0.413985
v -0.012458 0.029707 0.421652
v -0.012458 0.027791 0.421652
v -0.012458 0.029707 0.425485
v -0.012458 0.027791 0.425485
v -0.012458 0.025874 0.427401
v -0.000958 0.020124 0.413985
v -0.000958 0.018208 0.415902
v -0.000958 0.018208 0.419735
v -0.008625 0.020124 0.413985
v -0.012458 0.020124 0.413985
v -0.008625 0.018208 0.415902
v -0.012458 0.018208 0.415902
v -0.008625 0.018208 0.419735
v -0.012458 0.018208 0.419735
v -0.000958 0.018208 0.423568
v -0.000958 0.018208 0.425485
v -0.000958 0.018208 0.427401
v -0.012458 0.020124 0.427401
v -0.008625 0.018208 0.423568
v -0.012458 0.018208 0.423568
v -0.008625 0.018208 0.425485
v -0.008625 0.018208 0.427401
v -0.012458 0.018208 0.425485
v -0.018208 0.027791 0.419735
v -0.018208 0.025874 0.415902
v -0.018208 0.023957 0.413985
v -0.018208 0.027791 0.423568
v -0.018208 0.025874 0.425485
v -0.018208 0.020124 0.413985
v -0.018208 0.018208 0.415902
v -0.018208 0.018208 0.419735
v -0.018208 0.020124 0.425485
v -0.018208 0.018208 0.423568
v -0.000958 0.008625 0.413985
v -0.000958 0.008625 0.415902
v -0.000958 0.008625 0.419735
v -0.008625 0.008625 0.413985
v -0.008625 0.008625 0.415902
v -0.012458 0.008625 0.413985
v -0.012458 0.008625 0.415902
v -0.008625 0.008625 0.419735
v -0.012458 0.008625 0.419735
v -0.000958 0.008625 0.423568
v -0.000958 0.008625 0.425485
v -0.008625 0.008625 0.423568
v -0.012458 0.008625 0.423568
v -0.008625 0.008625 0.425485
v -0.012458 0.008625 0.425485
v -0.000958 0.006708 0.413985
v -0.000958 0.004791 0.413985
v -0.000958 0.002875 0.415902
v -0.000958 0.002875 0.419735
v -0.008625 0.006708 0.413985
v -0.008625 0.004791 0.413985
v -0.012458 0.006708 0.413985
v -0.012458 0.004791 0.413985
v -0.008625 0.002875 0.415902
v -0.012458 0.002875 0.415902
v -0.008625 0.002875 0.419735
v -0.012458 0.002875 0.419735
v -0.000958 0.006708 0.425485
v -0.000958 0.004791 0.425485
v -0.000958 0.002875 0.423568
v -0.008625 0.006708 0.425485
v -0.008625 0.004791 0.425485
v -0.012458 0.006708 0.425485
v -0.012458 0.004791 0.425485
v -0.008625 0.002875 0.423568
v -0.012458 0.002875 0.423568
v -0.016291 0.008625 0.413985
v -0.016291 0.008625 0.415902
v -0.016291 0.008625 0.419735
v -0.016291 0.008625 0.423568
v -0.016291 0.008625 0.425485
v -0.016291 0.006708 0.413985
v -0.016291 0.004791 0.413985
v -0.016291 0.002875 0.415902
v -0.016291 0.002875 0.419735
v -0.016291 0.006708 0.425485
v -0.016291 0.004791 0.425485
v -0.016291 0.002875 0.423568
v -0.052706 0.029707 0.413985
v -0.052706 0.029707 0.415902
v -0.052706 0.027791 0.413985
v -0.050790 0.027791 0.415902
v -0.048873 0.027791 0.419735
v -0.052706 0.029707 0.419735
v -0.050790 0.027791 0.419735
v -0.048873 0.025874 0.413985
v -0.048873 0.025874 0.415902
v -0.052706 0.025874 0.413985
v -0.054623 0.029707 0.413985
v -0.056540 0.029707 0.413985
v -0.056540 0.029707 0.415902
v -0.054623 0.027791 0.413985
v -0.056540 0.027791 0.413985
v -0.056540 0.027791 0.415902
v -0.058456 0.029707 0.419735
v -0.058456 0.027791 0.419735
v -0.054623 0.025874 0.413985
v -0.056540 0.025874 0.413985
v -0.056540 0.025874 0.415902
v -0.058456 0.025874 0.419735
v -0.048873 0.027791 0.423568
v -0.052706 0.029707 0.423568
v -0.050790 0.027791 0.423568
v -0.052706 0.029707 0.425485
v -0.052706 0.027791 0.425485
v -0.048873 0.025874 0.425485
v -0.052706 0.025874 0.425485
v -0.056540 0.029707 0.423568
v -0.056540 0.027791 0.423568
v -0.054623 0.029707 0.425485
v -0.056540 0.029707 0.425485
v -0.054623 0.027791 0.425485
v -0.056540 0.027791 0.425485
v -0.056540 0.025874 0.423568
v -0.054623 0.025874 0.425485
v -0.056540 0.025874 0.425485
v -0.048873 0.020124 0.413985
v -0.052706 0.020124 0.413985
v -0.048873 0.018208 0.415902
v -0.052706 0.018208 0.413985
v -0.050790 0.018208 0.415902
v -0.052706 0.016291 0.413985
v -0.052706 0.016291 0.415902
v -0.048873 0.018208 0.419735
v -0.050790 0.018208 0.419735
v -0.052706 0.016291 0.419735
v -0.054623 0.020124 0.413985
v -0.056540 0.020124 0.413985
v -0.056540 0.020124 0.415902
v -0.058456 0.020124 0.419735
v -0.054623 0.018208 0.413985
v -0.056540 0.018208 0.413985
v -0.056540 0.018208 0.415902
v -0.054623 0.016291 0.413985
v -0.056540 0.016291 0.413985
v -0.058456 0.016291 0.415902
v -0.058456 0.018208 0.419735
v -0.058456 0.016291 0.419735
v -0.048873 0.020124 0.425485
v -0.052706 0.020124 0.425485
v -0.048873 0.018208 0.423568
v -0.050790 0.018208 0.423568
v -0.052706 0.016291 0.423568
v -0.052706 0.018208 0.425485
v -0.052706 0.016291 0.425485
v -0.056540 0.020124 0.423568
v -0.054623 0.020124 0.425485
v -0.056540 0.020124 0.425485
v -0.056540 0.018208 0.423568
v -0.056540 0.016291 0.423568
v -0.054623 0.018208 0.425485
v -0.056540 0.018208 0.425485
v -0.054623 0.016291 0.425485
v -0.056540 0.016291 0.425485
v -0.052706 0.014374 0.413985
v -0.052706 0.014374 0.415902
v -0.052706 0.012458 0.413985
v -0.052706 0.014374 0.419735
v -0.048873 0.008625 0.413985
v -0.048873 0.008625 0.415902
v -0.050790 0.010541 0.415902
v -0.052706 0.008625 0.413985
v -0.048873 0.008625 0.419735
v -0.050790 0.010541 0.419735
v -0.054623 0.014374 0.413985
v -0.056540 0.014374 0.413985
v -0.054623 0.012458 0.413985
v -0.056540 0.012458 0.413985
v -0.058456 0.014374 0.415902
v -0.058456 0.012458 0.415902
v -0.058456 0.014374 0.419735
v -0.058456 0.012458 0.419735
v -0.054623 0.008625 0.413985
v -0.052706 0.014374 0.423568
v -0.052706 0.014374 0.425485
v -0.052706 0.012458 0.425485
v -0.048873 0.008625 0.423568
v -0.050790 0.010541 0.423568
v -0.048873 0.008625 0.425485
v -0.052706 0.008625 0.425485
v -0.058456 0.014374 0.423568
v -0.058456 0.012458 0.423568
v -0.054623 0.014374 0.425485
v -0.056540 0.014374 0.425485
v -0.054623 0.012458 0.425485
v -0.056540 0.012458 0.425485
v -0.054623 0.008625 0.425485
v -0.050790 0.006708 0.413985
v -0.050790 0.004791 0.413985
v -0.050790 0.002875 0.415902
v -0.050790 0.002875 0.419735
v -0.056540 0.006708 0.413985
v -0.056540 0.006708 0.415902
v -0.056540 0.006708 0.419735
v -0.050790 0.006708 0.425485
v -0.050790 0.004791 0.425485
v -0.050790 0.002875 0.423568
v -0.056540 0.006708 0.423568
v -0.056540 0.006708 0.425485
v -0.000958 0.041207 0.433151
v -0.008625 0.041207 0.433151
v -0.010541 0.039290 0.433151
v -0.010541 0.035457 0.433151
v -0.012458 0.037374 0.433151
v -0.010541 0.031624 0.433151
v -0.000958 0.041207 0.479149
v -0.008625 0.039290 0.479149
v -0.000958 0.041207 0.482983
v -0.000958 0.041207 0.488732
v -0.008625 0.039290 0.482983
v -0.008625 0.039290 0.488732
v -0.012458 0.035457 0.477233
v -0.010541 0.037374 0.479149
v -0.012458 0.035457 0.481066
v -0.010541 0.033540 0.477233
v -0.012458 0.031624 0.479149
v -0.012458 0.037374 0.482983
v -0.012458 0.037374 0.488732
v -0.014374 0.035457 0.488732
v -0.014374 0.033540 0.482983
v -0.020124 0.035457 0.488732
v -0.020124 0.033540 0.484899
v -0.046957 0.035457 0.488732
v -0.046957 0.033540 0.484899
v -0.012458 0.027791 0.433151
v -0.000958 0.020124 0.433151
v -0.008625 0.020124 0.433151
v -0.012458 0.022041 0.433151
v -0.000958 0.018208 0.473400
v -0.012458 0.020124 0.473400
v -0.008625 0.018208 0.473400
v -0.014374 0.029707 0.481066
v -0.012458 0.018208 0.477233
v -0.020124 0.029707 0.481066
v -0.000958 0.014374 0.475316
v -0.010541 0.014374 0.475316
v -0.012458 0.010541 0.475316
v -0.020124 0.008625 0.475316
v -0.046957 0.029707 0.481066
v -0.046957 0.008625 0.475316
v -0.083372 0.035457 0.488732
v -0.083372 0.033540 0.484899
v -0.083372 0.029707 0.481066
v -0.083372 0.008625 0.475316
v -0.123621 0.035457 0.488732
v -0.123621 0.033540 0.484899
v -0.167702 0.033540 0.481066
v -0.165786 0.031624 0.481066
v -0.156203 0.035457 0.488732
v -0.156203 0.033540 0.484899
v -0.167702 0.035457 0.482983
v -0.167702 0.037374 0.488732
v -0.165786 0.035457 0.488732
v -0.165786 0.033540 0.484899
v -0.171536 0.039290 0.479149
v -0.179202 0.039290 0.479149
v -0.171536 0.039290 0.482983
v -0.171536 0.039290 0.488732
v -0.179202 0.039290 0.482983
v -0.179202 0.039290 0.488732
v -0.169619 0.037374 0.479149
v -0.169619 0.033540 0.477233
v -0.123621 0.029707 0.481066
v -0.123621 0.008625 0.475316
v -0.169619 0.018208 0.473400
v -0.171536 0.016291 0.473400
v -0.179202 0.016291 0.473400
v -0.156203 0.029707 0.481066
v -0.167702 0.016291 0.477233
v -0.158119 0.008625 0.475316
v -0.167702 0.010541 0.475316
v -0.169619 0.014374 0.475316
v -0.179202 0.014374 0.475316
v -0.179202 0.008625 0.475316
v -0.188785 0.039290 0.479149
v -0.188785 0.039290 0.482983
v -0.188785 0.039290 0.488732
v -0.190701 0.037374 0.479149
v -0.190701 0.033540 0.477233
v -0.190701 0.033540 0.481066
v -0.190701 0.035457 0.482983
v -0.190701 0.037374 0.488732
v -0.192618 0.035457 0.488732
v -0.192618 0.033540 0.484899
v -0.204118 0.035457 0.488732
v -0.204118 0.033540 0.484899
v -0.238616 0.035457 0.488732
v -0.238616 0.033540 0.484899
v -0.190701 0.018208 0.473400
v -0.188785 0.016291 0.473400
v -0.192618 0.029707 0.482983
v -0.190701 0.016291 0.477233
v -0.204118 0.029707 0.482983
v -0.188785 0.014374 0.475316
v -0.192618 0.010541 0.475316
v -0.204118 0.008625 0.475316
v -0.240533 0.029707 0.482983
v -0.242450 0.008625 0.475316
v -0.257782 0.035457 0.488732
v -0.257782 0.033540 0.484899
v -0.278865 0.035457 0.488732
v -0.278865 0.033540 0.484899
v -0.257782 0.029707 0.482983
v -0.261616 0.008625 0.475316
v -0.278865 0.029707 0.482983
v -0.282698 0.008625 0.475316
v -0.315280 0.035457 0.488732
v -0.315280 0.033540 0.484899
v -0.351696 0.035457 0.488732
v -0.351696 0.033540 0.484899
v -0.317197 0.029707 0.482983
v -0.321030 0.008625 0.475316
v -0.353612 0.029707 0.482983
v -0.359362 0.008625 0.475316
v -0.376611 0.035457 0.488732
v -0.378528 0.033540 0.484899
v -0.399611 0.033540 0.484899
v -0.413027 0.033540 0.484899
v -0.418777 0.033540 0.484899
v -0.420693 0.033540 0.488732
v -0.378528 0.029707 0.482983
v -0.384278 0.008625 0.475316
v -0.401527 0.029707 0.482983
v -0.414943 0.029707 0.482983
v -0.418777 0.029707 0.482983
v -0.422610 0.029707 0.486816
v -0.407277 0.008625 0.475316
v -0.420693 0.008625 0.475316
v -0.426443 0.008625 0.477233
v -0.430276 0.008625 0.479149
v -0.434109 0.008625 0.484899
v 0.434109 0.008625 0.490649
v 0.434109 0.008625 0.504065
v 0.434109 0.008625 0.523231
v 0.434109 0.008625 0.548147
v 0.424526 0.033540 0.492566
v 0.420693 0.035457 0.490649
v 0.416860 0.035457 0.490649
v 0.424526 0.033540 0.498315
v 0.420693 0.035457 0.498315
v 0.416860 0.035457 0.498315
v 0.413027 0.035457 0.498315
v 0.399611 0.035457 0.498315
v 0.424526 0.033540 0.511732
v 0.420693 0.035457 0.511732
v 0.416860 0.035457 0.511732
v 0.413027 0.035457 0.511732
v 0.399611 0.035457 0.511732
v 0.384278 0.035457 0.498315
v 0.368945 0.035457 0.498315
v 0.384278 0.035457 0.511732
v 0.368945 0.035457 0.511732
v 0.424526 0.033540 0.530898
v 0.420693 0.035457 0.530898
v 0.416860 0.035457 0.530898
v 0.413027 0.035457 0.530898
v 0.399611 0.035457 0.530898
v 0.384278 0.035457 0.530898
v 0.368945 0.035457 0.530898
v 0.426443 0.027791 0.490649
v 0.426443 0.027791 0.496399
v 0.426443 0.027791 0.509815
v 0.426443 0.027791 0.528981
v 0.434109 0.008625 0.559647
v 0.434109 0.008625 0.576896
v 0.434109 0.008625 0.597979
v 0.434109 0.008625 0.607562
v 0.424526 0.033540 0.553897
v 0.420693 0.035457 0.553897
v 0.416860 0.035457 0.555813
v 0.424526 0.033540 0.565396
v 0.420693 0.035457 0.565396
v 0.416860 0.035457 0.565396
v 0.413027 0.035457 0.555813
v 0.399611 0.035457 0.553897
v 0.413027 0.035457 0.565396
v 0.399611 0.035457 0.565396
v 0.384278 0.035457 0.553897
v 0.384278 0.035457 0.565396
v 0.368945 0.035457 0.553897
v 0.368945 0.035457 0.565396
v 0.424526 0.033540 0.582646
v 0.420693 0.035457 0.582646
v 0.416860 0.035457 0.584562
v 0.413027 0.035457 0.584562
v 0.399611 0.035457 0.584562
v 0.424526 0.033540 0.601812
v 0.420693 0.035457 0.603728
v 0.416860 0.035457 0.603728
v 0.424526 0.033540 0.611395
v 0.420693 0.035457 0.611395
v 0.416860 0.035457 0.611395
v 0.413027 0.035457 0.603728
v 0.399611 0.035457 0.603728
v 0.413027 0.035457 0.611395
v 0.399611 0.035457 0.611395
v 0.384278 0.035457 0.582646
v 0.368945 0.035457 0.582646
v 0.384278 0.035457 0.603728
v 0.384278 0.035457 0.611395
v 0.368945 0.035457 0.603728
v 0.368945 0.035457 0.611395
v 0.426443 0.027791 0.553897
v 0.426443 0.027791 0.565396
v 0.426443 0.027791 0.582646
v 0.426443 0.027791 0.601812
v 0.426443 0.027791 0.611395
v 0.296114 0.069956 0.492566
v 0.299948 0.068039 0.490649
v 0.298031 0.068039 0.492566
v 0.294198 0.068039 0.490649
v 0.299948 0.062289 0.498315
v 0.298031 0.064206 0.498315
v 0.294198 0.062289 0.498315
v 0.353612 0.035457 0.498315
v 0.338280 0.035457 0.500232
v 0.353612 0.035457 0.511732
v 0.338280 0.035457 0.513648
v 0.322947 0.035457 0.504065
v 0.322947 0.035457 0.515565
v 0.307614 0.039290 0.519398
v 0.309531 0.035457 0.507898
v 0.311447 0.035457 0.519398
v 0.353612 0.035457 0.530898
v 0.338280 0.035457 0.530898
v 0.322947 0.035457 0.532814
v 0.307614 0.035457 0.530898
v 0.299948 0.060373 0.496399
v 0.298031 0.058456 0.494482
v 0.294198 0.060373 0.496399
v 0.299948 0.058456 0.504065
v 0.301864 0.056540 0.504065
v 0.301864 0.054623 0.502149
v 0.298031 0.058456 0.504065
v 0.296114 0.056540 0.504065
v 0.296114 0.054623 0.502149
v 0.299948 0.052706 0.500232
v 0.299948 0.052706 0.509815
v 0.301864 0.050790 0.509815
v 0.299948 0.048873 0.505982
v 0.301864 0.048873 0.507898
v 0.296114 0.050790 0.509815
v 0.296114 0.048873 0.507898
v 0.301864 0.046957 0.515565
v 0.299948 0.046957 0.515565
v 0.294198 0.035457 0.504065
v 0.303781 0.043123 0.511732
v 0.299948 0.043123 0.509815
v 0.298031 0.043123 0.511732
v 0.294198 0.039290 0.511732
v 0.303781 0.045040 0.513648
v 0.303781 0.041207 0.515565
v 0.305697 0.039290 0.513648
v 0.303781 0.039290 0.513648
v 0.303781 0.041207 0.519398
v 0.303781 0.039290 0.517481
v 0.301864 0.041207 0.517481
v 0.299948 0.041207 0.519398
v 0.298031 0.045040 0.513648
v 0.294198 0.041207 0.513648
v 0.298031 0.039290 0.517481
v 0.294198 0.041207 0.519398
v 0.303781 0.035457 0.515565
v 0.301864 0.037374 0.513648
v 0.303781 0.035457 0.519398
v 0.301864 0.037374 0.519398
v 0.301864 0.033540 0.515565
v 0.301864 0.033540 0.519398
v 0.298031 0.037374 0.515565
v 0.298031 0.035457 0.519398
v 0.298031 0.033540 0.517481
v 0.286531 0.041207 0.515565
v 0.282698 0.039290 0.513648
v 0.282698 0.041207 0.519398
v 0.280782 0.039290 0.519398
v 0.278865 0.035457 0.507898
v 0.276948 0.035457 0.519398
v 0.261616 0.035457 0.504065
v 0.261616 0.035457 0.519398
v 0.253949 0.035457 0.519398
v 0.301864 0.041207 0.523231
v 0.303781 0.039290 0.525148
v 0.294198 0.041207 0.523231
v 0.294198 0.039290 0.527064
v 0.301864 0.037374 0.521315
v 0.294198 0.035457 0.534731
v 0.286531 0.041207 0.523231
v 0.282698 0.039290 0.525148
v 0.278865 0.035457 0.530898
v 0.261616 0.035457 0.530898
v 0.248199 0.035457 0.527064
v 0.253949 0.035457 0.530898
v 0.259699 0.035457 0.550064
v 0.253949 0.035457 0.550064
v 0.248199 0.035457 0.550064
v 0.353612 0.035457 0.553897
v 0.353612 0.035457 0.565396
v 0.338280 0.035457 0.553897
v 0.338280 0.035457 0.565396
v 0.322947 0.035457 0.553897
v 0.322947 0.035457 0.565396
v 0.309531 0.035457 0.551980
v 0.309531 0.035457 0.563480
v 0.353612 0.035457 0.582646
v 0.338280 0.035457 0.582646
v 0.353612 0.035457 0.601812
v 0.353612 0.035457 0.611395
v 0.338280 0.035457 0.601812
v 0.338280 0.035457 0.611395
v 0.322947 0.035457 0.582646
v 0.309531 0.035457 0.582646
v 0.322947 0.035457 0.601812
v 0.322947 0.035457 0.611395
v 0.309531 0.035457 0.601812
v 0.309531 0.035457 0.611395
v 0.290365 0.035457 0.551980
v 0.290365 0.035457 0.563480
v 0.273115 0.035457 0.551980
v 0.273115 0.035457 0.563480
v 0.259699 0.035457 0.563480
v 0.252033 0.035457 0.561563
v 0.246283 0.035457 0.561563
v 0.252033 0.035457 0.580729
v 0.246283 0.035457 0.580729
v 0.290365 0.035457 0.582646
v 0.290365 0.035457 0.601812
v 0.290365 0.035457 0.611395
v 0.273115 0.035457 0.582646
v 0.259699 0.035457 0.582646
v 0.273115 0.035457 0.601812
v 0.273115 0.035457 0.611395
v 0.259699 0.035457 0.601812
v 0.252033 0.035457 0.601812
v 0.246283 0.035457 0.601812
v 0.259699 0.035457 0.611395
v 0.252033 0.035457 0.611395
v 0.246283 0.035457 0.611395
v 0.434109 0.008625 0.632477
v 0.434109 0.008625 0.657393
v 0.434109 0.008625 0.666976
v 0.424526 0.033540 0.636311
v 0.420693 0.035457 0.636311
v 0.416860 0.035457 0.636311
v 0.413027 0.035457 0.636311
v 0.399611 0.035457 0.636311
v 0.384278 0.035457 0.636311
v 0.368945 0.035457 0.636311
v 0.424526 0.033540 0.659310
v 0.420693 0.035457 0.659310
v 0.416860 0.035457 0.659310
v 0.424526 0.033540 0.668893
v 0.420693 0.035457 0.668893
v 0.416860 0.035457 0.668893
v 0.413027 0.035457 0.659310
v 0.399611 0.035457 0.659310
v 0.413027 0.035457 0.668893
v 0.399611 0.035457 0.668893
v 0.384278 0.035457 0.659310
v 0.384278 0.035457 0.668893
v 0.368945 0.035457 0.659310
v 0.368945 0.035457 0.668893
v 0.426443 0.027791 0.636311
v 0.426443 0.027791 0.659310
v 0.426443 0.027791 0.668893
v 0.434109 0.008625 0.684225
v 0.434109 0.008625 0.709141
v 0.434109 0.008625 0.720641
v 0.424526 0.033540 0.686142
v 0.420693 0.035457 0.686142
v 0.416860 0.035457 0.686142
v 0.413027 0.035457 0.686142
v 0.399611 0.035457 0.686142
v 0.384278 0.035457 0.686142
v 0.368945 0.035457 0.686142
v 0.424526 0.033540 0.709141
v 0.420693 0.035457 0.709141
v 0.416860 0.035457 0.709141
v 0.413027 0.035457 0.709141
v 0.399611 0.035457 0.709141
v 0.424526 0.033540 0.720641
v 0.420693 0.035457 0.720641
v 0.416860 0.035457 0.720641
v 0.413027 0.035457 0.720641
v 0.399611 0.035457 0.720641
v 0.384278 0.035457 0.709141
v 0.368945 0.035457 0.709141
v 0.384278 0.035457 0.720641
v 0.368945 0.035457 0.720641
v 0.426443 0.027791 0.686142
v 0.426443 0.027791 0.709141
v 0.426443 0.027791 0.720641
v 0.353612 0.035457 0.636311
v 0.338280 0.035457 0.636311
v 0.322947 0.035457 0.636311
v 0.309531 0.035457 0.636311
v 0.353612 0.035457 0.659310
v 0.353612 0.035457 0.668893
v 0.338280 0.035457 0.659310
v 0.338280 0.035457 0.668893
v 0.322947 0.035457 0.659310
v 0.322947 0.035457 0.668893
v 0.309531 0.035457 0.659310
v 0.309531 0.035457 0.668893
v 0.290365 0.035457 0.636311
v 0.273115 0.035457 0.636311
v 0.259699 0.035457 0.636311
v 0.252033 0.035457 0.636311
v 0.246283 0.035457 0.636311
v 0.290365 0.035457 0.659310
v 0.290365 0.035457 0.668893
v 0.273115 0.035457 0.659310
v 0.273115 0.035457 0.670809
v 0.259699 0.035457 0.659310
v 0.252033 0.035457 0.659310
v 0.246283 0.035457 0.659310
v 0.259699 0.035457 0.670809
v 0.252033 0.035457 0.670809
v 0.246283 0.035457 0.670809
v 0.353612 0.035457 0.686142
v 0.338280 0.035457 0.684225
v 0.322947 0.035457 0.684225
v 0.309531 0.035457 0.684225
v 0.353612 0.035457 0.707225
v 0.338280 0.035457 0.707225
v 0.353612 0.035457 0.720641
v 0.338280 0.035457 0.720641
v 0.322947 0.035457 0.707225
v 0.322947 0.035457 0.718724
v 0.309531 0.035457 0.707225
v 0.309531 0.035457 0.718724
v 0.290365 0.035457 0.684225
v 0.273115 0.035457 0.684225
v 0.259699 0.035457 0.684225
v 0.252033 0.035457 0.686142
v 0.246283 0.035457 0.686142
v 0.290365 0.035457 0.707225
v 0.290365 0.035457 0.718724
v 0.273115 0.035457 0.707225
v 0.273115 0.035457 0.718724
v 0.259699 0.035457 0.707225
v 0.252033 0.035457 0.707225
v 0.248199 0.035457 0.707225
v 0.259699 0.035457 0.718724
v 0.252033 0.035457 0.718724
v 0.248199 0.035457 0.718724
v 0.259699 0.035457 0.734057
v 0.252033 0.035457 0.734057
v 0.248199 0.035457 0.734057
v 0.236700 0.035457 0.527064
v 0.223284 0.035457 0.527064
v 0.236700 0.035457 0.550064
v 0.223284 0.035457 0.550064
v 0.209867 0.035457 0.527064
v 0.188785 0.039290 0.523231
v 0.192618 0.037374 0.525148
v 0.194535 0.035457 0.527064
v 0.209867 0.035457 0.550064
v 0.186868 0.039290 0.538564
v 0.194535 0.035457 0.550064
v 0.190701 0.037374 0.544314
v 0.181119 0.039290 0.523231
v 0.171536 0.039290 0.523231
v 0.169619 0.037374 0.525148
v 0.165786 0.035457 0.527064
v 0.156203 0.035457 0.527064
v 0.181119 0.039290 0.540481
v 0.173452 0.039290 0.538564
v 0.181119 0.037374 0.546230
v 0.181119 0.035457 0.550064
v 0.169619 0.037374 0.544314
v 0.165786 0.035457 0.550064
v 0.156203 0.035457 0.550064
v 0.148536 0.035457 0.527064
v 0.135120 0.035457 0.527064
v 0.148536 0.035457 0.550064
v 0.135120 0.035457 0.550064
v 0.236700 0.035457 0.561563
v 0.223284 0.035457 0.561563
v 0.236700 0.035457 0.580729
v 0.223284 0.035457 0.580729
v 0.209867 0.035457 0.561563
v 0.188785 0.035457 0.561563
v 0.209867 0.035457 0.580729
v 0.188785 0.035457 0.580729
v 0.236700 0.035457 0.601812
v 0.236700 0.035457 0.611395
v 0.223284 0.035457 0.601812
v 0.223284 0.035457 0.611395
v 0.211784 0.035457 0.601812
v 0.211784 0.035457 0.611395
v 0.188785 0.035457 0.601812
v 0.188785 0.035457 0.611395
v 0.167702 0.035457 0.561563
v 0.156203 0.035457 0.561563
v 0.165786 0.035457 0.580729
v 0.148536 0.035457 0.561563
v 0.135120 0.035457 0.561563
v 0.150453 0.035457 0.580729
v 0.137037 0.035457 0.580729
v 0.163869 0.035457 0.601812
v 0.163869 0.035457 0.609478
v 0.150453 0.035457 0.601812
v 0.150453 0.035457 0.611395
v 0.137037 0.035457 0.601812
v 0.137037 0.035457 0.611395
v 0.119787 0.035457 0.527064
v 0.112121 0.035457 0.527064
v 0.110204 0.035457 0.527064
v 0.106371 0.035457 0.527064
v 0.098705 0.035457 0.527064
v 0.119787 0.035457 0.550064
v 0.112121 0.035457 0.550064
v 0.110204 0.035457 0.550064
v 0.106371 0.035457 0.550064
v 0.100621 0.035457 0.550064
v 0.073789 0.035457 0.527064
v 0.073789 0.035457 0.550064
v 0.048873 0.035457 0.527064
v 0.048873 0.035457 0.550064
v 0.022041 0.035457 0.527064
v 0.008625 0.039290 0.523231
v 0.012458 0.035457 0.527064
v 0.010541 0.037374 0.525148
v 0.022041 0.035457 0.550064
v 0.006708 0.039290 0.538564
v 0.010541 0.037374 0.544314
v 0.012458 0.035457 0.550064
v 0.119787 0.035457 0.561563
v 0.114038 0.035457 0.561563
v 0.110204 0.035457 0.561563
v 0.106371 0.035457 0.561563
v 0.100621 0.035457 0.561563
v 0.119787 0.035457 0.580729
v 0.114038 0.035457 0.580729
v 0.110204 0.035457 0.580729
v 0.106371 0.035457 0.580729
v 0.100621 0.035457 0.580729
v 0.073789 0.035457 0.561563
v 0.073789 0.035457 0.580729
v 0.119787 0.035457 0.601812
v 0.114038 0.035457 0.601812
v 0.112121 0.035457 0.601812
v 0.119787 0.035457 0.611395
v 0.114038 0.035457 0.611395
v 0.112121 0.035457 0.611395
v 0.106371 0.035457 0.601812
v 0.100621 0.035457 0.601812
v 0.106371 0.035457 0.611395
v 0.100621 0.035457 0.611395
v 0.073789 0.035457 0.601812
v 0.073789 0.035457 0.611395
v 0.048873 0.035457 0.561563
v 0.048873 0.035457 0.580729
v 0.022041 0.035457 0.561563
v 0.010541 0.035457 0.561563
v 0.022041 0.035457 0.580729
v 0.010541 0.035457 0.580729
v 0.048873 0.035457 0.601812
v 0.048873 0.035457 0.611395
v 0.022041 0.035457 0.601812
v 0.022041 0.035457 0.611395
v 0.010541 0.035457 0.601812
v 0.010541 0.035457 0.611395
v 0.240533 0.062289 0.711058
v 0.236700 0.062289 0.709141
v 0.232867 0.062289 0.711058
v 0.240533 0.066123 0.726391
v 0.242450 0.062289 0.726391
v 0.236700 0.068039 0.726391
v 0.232867 0.066123 0.726391
v 0.232867 0.062289 0.726391
v 0.140870 0.062289 0.711058
v 0.137037 0.062289 0.709141
v 0.133204 0.062289 0.711058
v 0.140870 0.066123 0.726391
v 0.142787 0.062289 0.726391
v 0.137037 0.068039 0.726391
v 0.133204 0.066123 0.726391
v 0.131287 0.062289 0.726391
v 0.236700 0.035457 0.634394
v 0.223284 0.035457 0.634394
v 0.211784 0.035457 0.634394
v 0.186868 0.035457 0.634394
v 0.236700 0.035457 0.659310
v 0.223284 0.035457 0.659310
v 0.211784 0.035457 0.657393
v 0.186868 0.035457 0.657393
v 0.163869 0.035457 0.634394
v 0.150453 0.035457 0.634394
v 0.137037 0.035457 0.634394
v 0.163869 0.035457 0.657393
v 0.150453 0.035457 0.657393
v 0.137037 0.035457 0.659310
v 0.240533 0.048873 0.703391
v 0.236700 0.048873 0.701475
v 0.232867 0.048873 0.703391
v 0.221367 0.046957 0.697642
v 0.236700 0.035457 0.674643
v 0.236700 0.035457 0.688059
v 0.225200 0.035457 0.676559
v 0.240533 0.039290 0.701475
v 0.236700 0.039290 0.699558
v 0.236700 0.035457 0.695725
v 0.242450 0.035457 0.697642
v 0.230950 0.037374 0.699558
v 0.232867 0.037374 0.701475
v 0.223284 0.045040 0.695725
v 0.225200 0.037374 0.693808
v 0.211784 0.046957 0.695725
v 0.186868 0.046957 0.693808
v 0.211784 0.035457 0.678476
v 0.186868 0.035457 0.678476
v 0.186868 0.037374 0.688059
v 0.211784 0.045040 0.691892
v 0.211784 0.037374 0.689975
v 0.186868 0.045040 0.689975
v 0.242450 0.058456 0.714891
v 0.240533 0.056540 0.716808
v 0.232867 0.058456 0.714891
v 0.236700 0.054623 0.718724
v 0.232867 0.054623 0.716808
v 0.242450 0.046957 0.707225
v 0.230950 0.046957 0.707225
v 0.240533 0.046957 0.712974
v 0.236700 0.046957 0.714891
v 0.232867 0.046957 0.712974
v 0.223284 0.046957 0.705308
v 0.225200 0.046957 0.718724
v 0.240533 0.058456 0.726391
v 0.232867 0.058456 0.726391
v 0.236700 0.056540 0.728307
v 0.225200 0.046957 0.732140
v 0.240533 0.039290 0.712974
v 0.236700 0.039290 0.714891
v 0.242450 0.037374 0.707225
v 0.244366 0.035457 0.707225
v 0.230950 0.037374 0.707225
v 0.242450 0.035457 0.712974
v 0.236700 0.035457 0.714891
v 0.232867 0.037374 0.712974
v 0.230950 0.037374 0.712974
v 0.236700 0.035457 0.718724
v 0.230950 0.037374 0.716808
v 0.227117 0.045040 0.705308
v 0.229033 0.045040 0.718724
v 0.229033 0.037374 0.705308
v 0.229033 0.035457 0.705308
v 0.236700 0.035457 0.734057
v 0.230950 0.037374 0.734057
v 0.229033 0.045040 0.734057
v 0.211784 0.046957 0.705308
v 0.211784 0.046957 0.718724
v 0.186868 0.046957 0.705308
v 0.186868 0.046957 0.718724
v 0.211784 0.046957 0.732140
v 0.186868 0.046957 0.732140
v 0.163869 0.046957 0.695725
v 0.154286 0.046957 0.697642
v 0.163869 0.035457 0.678476
v 0.163869 0.045040 0.691892
v 0.163869 0.037374 0.689975
v 0.140870 0.048873 0.703391
v 0.137037 0.048873 0.701475
v 0.133204 0.048873 0.703391
v 0.150453 0.035457 0.676559
v 0.137037 0.035457 0.674643
v 0.137037 0.035457 0.688059
v 0.150453 0.045040 0.695725
v 0.150453 0.037374 0.693808
v 0.142787 0.035457 0.699558
v 0.140870 0.037374 0.701475
v 0.137037 0.039290 0.699558
v 0.137037 0.035457 0.695725
v 0.131287 0.035457 0.697642
v 0.133204 0.037374 0.701475
v 0.163869 0.046957 0.705308
v 0.163869 0.046957 0.718724
v 0.163869 0.046957 0.732140
v 0.142787 0.058456 0.712974
v 0.140870 0.056540 0.716808
v 0.150453 0.046957 0.705308
v 0.142787 0.046957 0.707225
v 0.150453 0.046957 0.718724
v 0.140870 0.046957 0.712974
v 0.131287 0.058456 0.714891
v 0.137037 0.054623 0.718724
v 0.133204 0.054623 0.716808
v 0.131287 0.046957 0.707225
v 0.137037 0.046957 0.714891
v 0.133204 0.046957 0.712974
v 0.140870 0.058456 0.726391
v 0.150453 0.046957 0.732140
v 0.133204 0.058456 0.726391
v 0.137037 0.056540 0.728307
v 0.146620 0.045040 0.705308
v 0.144703 0.045040 0.718724
v 0.144703 0.037374 0.705308
v 0.142787 0.037374 0.707225
v 0.144703 0.035457 0.705308
v 0.140870 0.037374 0.711058
v 0.142787 0.035457 0.712974
v 0.142787 0.037374 0.718724
v 0.137037 0.039290 0.714891
v 0.131287 0.037374 0.707225
v 0.129370 0.035457 0.705308
v 0.137037 0.035457 0.714891
v 0.133204 0.037374 0.712974
v 0.131287 0.035457 0.712974
v 0.137037 0.035457 0.718724
v 0.144703 0.045040 0.734057
v 0.142787 0.037374 0.734057
v 0.137037 0.035457 0.734057
v 0.119787 0.035457 0.634394
v 0.114038 0.035457 0.634394
v 0.112121 0.035457 0.634394
v 0.106371 0.035457 0.634394
v 0.100621 0.035457 0.634394
v 0.073789 0.035457 0.634394
v 0.121704 0.035457 0.659310
v 0.114038 0.035457 0.659310
v 0.112121 0.035457 0.659310
v 0.121704 0.035457 0.672726
v 0.112121 0.035457 0.670809
v 0.114038 0.035457 0.672726
v 0.106371 0.035457 0.659310
v 0.100621 0.035457 0.659310
v 0.106371 0.035457 0.670809
v 0.100621 0.035457 0.670809
v 0.073789 0.035457 0.659310
v 0.073789 0.035457 0.670809
v 0.048873 0.035457 0.634394
v 0.022041 0.035457 0.636311
v 0.010541 0.035457 0.636311
v 0.048873 0.035457 0.659310
v 0.048873 0.035457 0.668893
v 0.022041 0.035457 0.659310
v 0.022041 0.035457 0.668893
v 0.010541 0.035457 0.659310
v 0.010541 0.035457 0.668893
v 0.121704 0.035457 0.684225
v 0.114038 0.035457 0.684225
v 0.112121 0.035457 0.684225
v 0.106371 0.035457 0.684225
v 0.100621 0.035457 0.684225
v 0.073789 0.035457 0.684225
v 0.121704 0.035457 0.705308
v 0.114038 0.035457 0.707225
v 0.112121 0.035457 0.707225
v 0.121704 0.035457 0.718724
v 0.114038 0.035457 0.718724
v 0.112121 0.035457 0.718724
v 0.106371 0.035457 0.707225
v 0.100621 0.035457 0.707225
v 0.106371 0.035457 0.718724
v 0.100621 0.035457 0.718724
v 0.121704 0.035457 0.734057
v 0.114038 0.035457 0.734057
v 0.112121 0.035457 0.734057
v 0.106371 0.035457 0.734057
v 0.100621 0.035457 0.734057
v 0.073789 0.035457 0.707225
v 0.073789 0.035457 0.718724
v 0.073789 0.035457 0.734057
v 0.050790 0.035457 0.684225
v 0.022041 0.035457 0.684225
v 0.010541 0.035457 0.684225
v 0.050790 0.035457 0.707225
v 0.050790 0.035457 0.718724
v 0.050790 0.035457 0.734057
v 0.022041 0.035457 0.707225
v 0.022041 0.035457 0.718724
v 0.010541 0.035457 0.707225
v 0.010541 0.035457 0.718724
v 0.023957 0.035457 0.734057
v 0.434109 0.008625 0.737890
v 0.434109 0.008625 0.772389
v 0.434109 0.008625 0.781972
v 0.434109 0.008625 0.793472
v 0.424526 0.033540 0.735974
v 0.420693 0.035457 0.735974
v 0.416860 0.035457 0.735974
v 0.413027 0.035457 0.735974
v 0.399611 0.035457 0.735974
v 0.384278 0.035457 0.735974
v 0.368945 0.035457 0.735974
v 0.424526 0.033540 0.770472
v 0.420693 0.035457 0.770472
v 0.416860 0.035457 0.770472
v 0.424526 0.033540 0.780055
v 0.420693 0.035457 0.778139
v 0.416860 0.035457 0.778139
v 0.413027 0.035457 0.768556
v 0.399611 0.035457 0.768556
v 0.413027 0.035457 0.778139
v 0.399611 0.035457 0.778139
v 0.424526 0.033540 0.791555
v 0.420693 0.035457 0.791555
v 0.416860 0.035457 0.791555
v 0.413027 0.035457 0.791555
v 0.399611 0.035457 0.791555
v 0.384278 0.035457 0.768556
v 0.384278 0.035457 0.778139
v 0.368945 0.035457 0.768556
v 0.368945 0.035457 0.778139
v 0.384278 0.035457 0.791555
v 0.368945 0.035457 0.791555
v 0.426443 0.027791 0.735974
v 0.426443 0.027791 0.770472
v 0.426443 0.027791 0.780055
v 0.426443 0.027791 0.791555
v 0.434109 0.008625 0.810721
v 0.434109 0.008625 0.826054
v 0.434109 0.008625 0.837553
v 0.424526 0.033540 0.810721
v 0.420693 0.035457 0.810721
v 0.416860 0.035457 0.808804
v 0.413027 0.035457 0.808804
v 0.399611 0.035457 0.808804
v 0.424526 0.033540 0.824137
v 0.420693 0.035457 0.824137
v 0.416860 0.035457 0.824137
v 0.413027 0.035457 0.824137
v 0.399611 0.035457 0.824137
v 0.384278 0.035457 0.810721
v 0.368945 0.035457 0.810721
v 0.384278 0.035457 0.824137
v 0.368945 0.035457 0.824137
v 0.424526 0.033540 0.833720
v 0.420693 0.035457 0.833720
v 0.416860 0.035457 0.833720
v 0.413027 0.035457 0.833720
v 0.399611 0.035457 0.833720
v 0.384278 0.035457 0.833720
v 0.368945 0.035457 0.833720
v 0.426443 0.027791 0.810721
v 0.426443 0.027791 0.826054
v 0.426443 0.027791 0.835637
v 0.353612 0.035457 0.735974
v 0.338280 0.035457 0.735974
v 0.322947 0.035457 0.735974
v 0.309531 0.035457 0.735974
v 0.353612 0.035457 0.768556
v 0.353612 0.035457 0.778139
v 0.338280 0.035457 0.768556
v 0.338280 0.035457 0.778139
v 0.353612 0.035457 0.791555
v 0.338280 0.035457 0.791555
v 0.322947 0.035457 0.768556
v 0.322947 0.035457 0.778139
v 0.309531 0.035457 0.768556
v 0.309531 0.035457 0.778139
v 0.322947 0.035457 0.791555
v 0.309531 0.035457 0.791555
v 0.290365 0.035457 0.735974
v 0.273115 0.035457 0.735974
v 0.290365 0.035457 0.768556
v 0.290365 0.035457 0.778139
v 0.290365 0.035457 0.791555
v 0.273115 0.035457 0.766639
v 0.273115 0.035457 0.778139
v 0.259699 0.035457 0.766639
v 0.252033 0.035457 0.766639
v 0.248199 0.035457 0.766639
v 0.259699 0.035457 0.778139
v 0.252033 0.035457 0.778139
v 0.248199 0.035457 0.778139
v 0.273115 0.035457 0.791555
v 0.259699 0.035457 0.791555
v 0.252033 0.035457 0.791555
v 0.248199 0.035457 0.791555
v 0.353612 0.035457 0.810721
v 0.338280 0.035457 0.810721
v 0.353612 0.035457 0.826054
v 0.338280 0.035457 0.826054
v 0.322947 0.035457 0.810721
v 0.309531 0.035457 0.810721
v 0.322947 0.035457 0.826054
v 0.309531 0.035457 0.826054
v 0.353612 0.035457 0.833720
v 0.338280 0.035457 0.835637
v 0.322947 0.035457 0.835637
v 0.309531 0.035457 0.835637
v 0.290365 0.035457 0.810721
v 0.290365 0.035457 0.826054
v 0.273115 0.035457 0.810721
v 0.259699 0.035457 0.810721
v 0.252033 0.035457 0.810721
v 0.248199 0.035457 0.810721
v 0.273115 0.035457 0.826054
v 0.259699 0.035457 0.826054
v 0.252033 0.035457 0.826054
v 0.246283 0.035457 0.826054
v 0.290365 0.035457 0.835637
v 0.273115 0.035457 0.835637
v 0.259699 0.035457 0.835637
v 0.252033 0.035457 0.835637
v 0.246283 0.035457 0.835637
v 0.434109 0.008625 0.864386
v 0.434109 0.008625 0.891218
v 0.434109 0.008625 0.918050
v 0.424526 0.033540 0.858636
v 0.420693 0.035457 0.858636
v 0.416860 0.035457 0.858636
v 0.413027 0.035457 0.858636
v 0.399611 0.035457 0.858636
v 0.424526 0.033540 0.883552
v 0.420693 0.035457 0.883552
v 0.416860 0.035457 0.883552
v 0.413027 0.035457 0.883552
v 0.399611 0.035457 0.883552
v 0.384278 0.035457 0.858636
v 0.368945 0.035457 0.858636
v 0.384278 0.035457 0.883552
v 0.368945 0.035457 0.883552
v 0.424526 0.033540 0.912301
v 0.420693 0.035457 0.912301
v 0.416860 0.035457 0.912301
v 0.413027 0.035457 0.912301
v 0.399611 0.035457 0.912301
v 0.384278 0.035457 0.912301
v 0.368945 0.035457 0.912301
v 0.426443 0.027791 0.858636
v 0.426443 0.027791 0.885468
v 0.426443 0.029707 0.912301
v 0.434109 0.008625 0.941050
v 0.434109 0.008625 0.950633
v 0.434109 0.008625 0.956382
v 0.430276 0.008625 0.962132
v 0.424526 0.033540 0.933383
v 0.420693 0.035457 0.933383
v 0.416860 0.035457 0.933383
v 0.413027 0.035457 0.933383
v 0.399611 0.035457 0.933383
v 0.424526 0.033540 0.944883
v 0.424526 0.033540 0.948716
v 0.420693 0.035457 0.944883
v 0.416860 0.035457 0.944883
v 0.413027 0.035457 0.944883
v 0.399611 0.035457 0.944883
v 0.384278 0.035457 0.933383
v 0.368945 0.035457 0.933383
v 0.384278 0.035457 0.944883
v 0.368945 0.035457 0.944883
v 0.420693 0.035457 0.950633
v 0.416860 0.035457 0.950633
v 0.420693 0.033540 0.952549
v 0.418777 0.033540 0.956382
v 0.413027 0.035457 0.950633
v 0.413027 0.033540 0.956382
v 0.399611 0.035457 0.950633
v 0.399611 0.033540 0.956382
v 0.384278 0.035457 0.950633
v 0.384278 0.033540 0.956382
v 0.368945 0.035457 0.952549
v 0.368945 0.033540 0.956382
v 0.426443 0.029707 0.935300
v 0.426443 0.029707 0.944883
v 0.426443 0.029707 0.950633
v 0.422610 0.029707 0.954466
v 0.418777 0.029707 0.958299
v 0.414943 0.029707 0.958299
v 0.401527 0.029707 0.958299
v 0.426443 0.008625 0.964049
v 0.420693 0.008625 0.964049
v 0.407277 0.008625 0.964049
v 0.386194 0.029707 0.958299
v 0.368945 0.027791 0.958299
v 0.390028 0.008625 0.964049
v 0.374695 0.008625 0.964049
v 0.353612 0.035457 0.858636
v 0.338280 0.035457 0.858636
v 0.353612 0.035457 0.883552
v 0.338280 0.035457 0.883552
v 0.322947 0.035457 0.858636
v 0.309531 0.035457 0.858636
v 0.322947 0.035457 0.883552
v 0.309531 0.035457 0.885468
v 0.353612 0.035457 0.912301
v 0.338280 0.035457 0.912301
v 0.322947 0.035457 0.912301
v 0.309531 0.035457 0.912301
v 0.290365 0.035457 0.858636
v 0.290365 0.035457 0.885468
v 0.273115 0.035457 0.858636
v 0.259699 0.035457 0.858636
v 0.252033 0.035457 0.858636
v 0.246283 0.035457 0.858636
v 0.273115 0.035457 0.885468
v 0.259699 0.035457 0.885468
v 0.252033 0.035457 0.885468
v 0.246283 0.035457 0.885468
v 0.290365 0.035457 0.912301
v 0.273115 0.035457 0.912301
v 0.259699 0.035457 0.912301
v 0.252033 0.035457 0.912301
v 0.246283 0.035457 0.912301
v 0.353612 0.035457 0.933383
v 0.338280 0.035457 0.933383
v 0.353612 0.035457 0.944883
v 0.338280 0.035457 0.944883
v 0.322947 0.035457 0.933383
v 0.309531 0.035457 0.933383
v 0.322947 0.035457 0.944883
v 0.309531 0.035457 0.944883
v 0.353612 0.035457 0.952549
v 0.353612 0.033540 0.956382
v 0.338280 0.035457 0.952549
v 0.338280 0.033540 0.956382
v 0.322947 0.035457 0.952549
v 0.322947 0.033540 0.956382
v 0.309531 0.035457 0.952549
v 0.309531 0.033540 0.956382
v 0.353612 0.027791 0.958299
v 0.338280 0.027791 0.958299
v 0.357445 0.008625 0.964049
v 0.342113 0.008625 0.964049
v 0.324863 0.027791 0.958299
v 0.309531 0.027791 0.958299
v 0.326780 0.008625 0.964049
v 0.311447 0.008625 0.964049
v 0.290365 0.035457 0.933383
v 0.290365 0.035457 0.944883
v 0.273115 0.035457 0.935300
v 0.273115 0.035457 0.944883
v 0.259699 0.035457 0.935300
v 0.252033 0.035457 0.935300
v 0.246283 0.035457 0.935300
v 0.259699 0.035457 0.944883
v 0.252033 0.035457 0.944883
v 0.246283 0.035457 0.944883
v 0.290365 0.035457 0.952549
v 0.290365 0.033540 0.956382
v 0.273115 0.035457 0.952549
v 0.273115 0.033540 0.956382
v 0.259699 0.035457 0.952549
v 0.259699 0.033540 0.956382
v 0.253949 0.033540 0.956382
v 0.252033 0.035457 0.952549
v 0.246283 0.035457 0.952549
v 0.248199 0.033540 0.956382
v 0.292281 0.027791 0.958299
v 0.294198 0.008625 0.964049
v 0.273115 0.027791 0.958299
v 0.261616 0.027791 0.958299
v 0.253949 0.027791 0.958299
v 0.248199 0.027791 0.958299
v 0.275032 0.008625 0.964049
v 0.261616 0.008625 0.964049
v 0.255866 0.008625 0.964049
v 0.250116 0.008625 0.964049
v 0.240533 0.066123 0.783889
v 0.242450 0.062289 0.783889
v 0.236700 0.068039 0.783889
v 0.232867 0.066123 0.783889
v 0.232867 0.062289 0.783889
v 0.140870 0.066123 0.783889
v 0.142787 0.062289 0.783889
v 0.137037 0.068039 0.783889
v 0.133204 0.066123 0.783889
v 0.131287 0.062289 0.783889
v 0.240533 0.062289 0.799221
v 0.232867 0.062289 0.799221
v 0.236700 0.062289 0.801138
v 0.140870 0.062289 0.799221
v 0.133204 0.062289 0.799221
v 0.137037 0.062289 0.801138
v 0.223284 0.046957 0.764723
v 0.227117 0.045040 0.764723
v 0.229033 0.037374 0.764723
v 0.211784 0.046957 0.764723
v 0.186868 0.046957 0.764723
v 0.221367 0.046957 0.770472
v 0.240533 0.058456 0.781972
v 0.232867 0.058456 0.781972
v 0.236700 0.056540 0.781972
v 0.240533 0.054623 0.793472
v 0.236700 0.054623 0.793472
v 0.232867 0.054623 0.793472
v 0.236700 0.035457 0.766639
v 0.236700 0.035457 0.778139
v 0.223284 0.045040 0.774306
v 0.225200 0.037374 0.776222
v 0.236700 0.035457 0.791555
v 0.236700 0.035457 0.793472
v 0.225200 0.035457 0.791555
v 0.211784 0.046957 0.774306
v 0.186868 0.046957 0.774306
v 0.211784 0.045040 0.778139
v 0.211784 0.037374 0.780055
v 0.186868 0.045040 0.780055
v 0.186868 0.037374 0.780055
v 0.211784 0.035457 0.791555
v 0.186868 0.035457 0.791555
v 0.163869 0.046957 0.764723
v 0.150453 0.046957 0.764723
v 0.146620 0.045040 0.764723
v 0.144703 0.037374 0.764723
v 0.154286 0.046957 0.770472
v 0.163869 0.046957 0.774306
v 0.163869 0.045040 0.778139
v 0.163869 0.037374 0.780055
v 0.163869 0.035457 0.791555
v 0.140870 0.058456 0.781972
v 0.140870 0.056540 0.793472
v 0.133204 0.058456 0.781972
v 0.137037 0.056540 0.781972
v 0.137037 0.054623 0.793472
v 0.133204 0.056540 0.793472
v 0.150453 0.045040 0.774306
v 0.150453 0.037374 0.776222
v 0.137037 0.035457 0.766639
v 0.137037 0.035457 0.778139
v 0.150453 0.035457 0.791555
v 0.137037 0.035457 0.791555
v 0.137037 0.035457 0.793472
v 0.242450 0.058456 0.797305
v 0.232867 0.058456 0.797305
v 0.240533 0.046957 0.799221
v 0.242450 0.046957 0.803055
v 0.236700 0.046957 0.797305
v 0.232867 0.046957 0.799221
v 0.232867 0.046957 0.803055
v 0.240533 0.048873 0.806888
v 0.232867 0.048873 0.806888
v 0.236700 0.048873 0.808804
v 0.242450 0.035457 0.797305
v 0.240533 0.037374 0.799221
v 0.236700 0.037374 0.797305
v 0.232867 0.037374 0.799221
v 0.230950 0.035457 0.797305
v 0.242450 0.037374 0.804971
v 0.244366 0.035457 0.804971
v 0.242450 0.035457 0.810721
v 0.240533 0.037374 0.808804
v 0.230950 0.037374 0.804971
v 0.236700 0.037374 0.810721
v 0.232867 0.037374 0.808804
v 0.230950 0.035457 0.810721
v 0.229033 0.035457 0.804971
v 0.225200 0.035457 0.810721
v 0.236700 0.035457 0.812638
v 0.236700 0.035457 0.814554
v 0.236700 0.035457 0.826054
v 0.223284 0.035457 0.826054
v 0.211784 0.035457 0.810721
v 0.186868 0.035457 0.810721
v 0.211784 0.035457 0.826054
v 0.186868 0.035457 0.826054
v 0.236700 0.035457 0.835637
v 0.223284 0.035457 0.835637
v 0.211784 0.035457 0.835637
v 0.186868 0.035457 0.835637
v 0.163869 0.035457 0.810721
v 0.163869 0.035457 0.826054
v 0.142787 0.058456 0.797305
v 0.140870 0.046957 0.799221
v 0.142787 0.046957 0.803055
v 0.140870 0.048873 0.806888
v 0.131287 0.058456 0.797305
v 0.137037 0.046957 0.797305
v 0.133204 0.046957 0.799221
v 0.131287 0.046957 0.803055
v 0.133204 0.048873 0.806888
v 0.137037 0.048873 0.808804
v 0.142787 0.035457 0.797305
v 0.140870 0.037374 0.799221
v 0.150453 0.035457 0.810721
v 0.142787 0.037374 0.804971
v 0.144703 0.035457 0.804971
v 0.142787 0.035457 0.810721
v 0.140870 0.037374 0.808804
v 0.137037 0.037374 0.797305
v 0.133204 0.037374 0.799221
v 0.131287 0.035457 0.797305
v 0.131287 0.037374 0.804971
v 0.137037 0.037374 0.810721
v 0.133204 0.037374 0.808804
v 0.131287 0.035457 0.810721
v 0.129370 0.035457 0.804971
v 0.150453 0.035457 0.826054
v 0.137037 0.035457 0.812638
v 0.137037 0.035457 0.814554
v 0.137037 0.035457 0.826054
v 0.163869 0.035457 0.835637
v 0.150453 0.035457 0.835637
v 0.137037 0.035457 0.835637
v 0.121704 0.035457 0.766639
v 0.114038 0.035457 0.768556
v 0.112121 0.035457 0.768556
v 0.121704 0.035457 0.778139
v 0.114038 0.035457 0.778139
v 0.112121 0.035457 0.778139
v 0.106371 0.035457 0.768556
v 0.100621 0.035457 0.768556
v 0.106371 0.035457 0.778139
v 0.100621 0.035457 0.778139
v 0.121704 0.035457 0.791555
v 0.114038 0.035457 0.791555
v 0.112121 0.035457 0.791555
v 0.106371 0.035457 0.791555
v 0.100621 0.035457 0.791555
v 0.073789 0.035457 0.768556
v 0.073789 0.035457 0.778139
v 0.073789 0.035457 0.791555
v 0.010541 0.035457 0.735974
v 0.050790 0.035457 0.768556
v 0.050790 0.035457 0.780055
v 0.050790 0.035457 0.791555
v 0.023957 0.035457 0.770472
v 0.023957 0.035457 0.780055
v 0.012458 0.035457 0.770472
v 0.012458 0.035457 0.780055
v 0.023957 0.035457 0.793472
v 0.012458 0.035457 0.793472
v 0.121704 0.035457 0.810721
v 0.114038 0.035457 0.810721
v 0.112121 0.035457 0.810721
v 0.106371 0.035457 0.810721
v 0.100621 0.035457 0.810721
v 0.121704 0.035457 0.826054
v 0.073789 0.035457 0.810721
v 0.114038 0.035457 0.827970
v 0.112121 0.035457 0.827970
v 0.121704 0.035457 0.835637
v 0.114038 0.035457 0.835637
v 0.112121 0.035457 0.835637
v 0.106371 0.035457 0.827970
v 0.100621 0.035457 0.827970
v 0.106371 0.035457 0.835637
v 0.100621 0.035457 0.835637
v 0.073789 0.035457 0.827970
v 0.073789 0.035457 0.835637
v 0.050790 0.035457 0.812638
v 0.023957 0.035457 0.812638
v 0.012458 0.035457 0.812638
v 0.050790 0.035457 0.827970
v 0.050790 0.035457 0.837553
v 0.023957 0.035457 0.827970
v 0.023957 0.035457 0.837553
v 0.012458 0.035457 0.827970
v 0.010541 0.035457 0.837553
v 0.236700 0.035457 0.858636
v 0.223284 0.035457 0.858636
v 0.236700 0.035457 0.885468
v 0.223284 0.035457 0.885468
v 0.211784 0.035457 0.858636
v 0.186868 0.035457 0.858636
v 0.211784 0.035457 0.885468
v 0.186868 0.035457 0.885468
v 0.236700 0.035457 0.912301
v 0.223284 0.035457 0.912301
v 0.211784 0.035457 0.912301
v 0.186868 0.035457 0.912301
v 0.163869 0.035457 0.858636
v 0.161953 0.035457 0.885468
v 0.150453 0.035457 0.860552
v 0.137037 0.035457 0.860552
v 0.150453 0.035457 0.885468
v 0.137037 0.035457 0.885468
v 0.161953 0.035457 0.912301
v 0.150453 0.035457 0.912301
v 0.135120 0.035457 0.912301
v 0.236700 0.035457 0.935300
v 0.236700 0.035457 0.944883
v 0.223284 0.035457 0.935300
v 0.223284 0.035457 0.944883
v 0.211784 0.035457 0.935300
v 0.211784 0.035457 0.944883
v 0.186868 0.035457 0.935300
v 0.186868 0.035457 0.946799
v 0.236700 0.035457 0.952549
v 0.236700 0.033540 0.956382
v 0.223284 0.035457 0.952549
v 0.223284 0.033540 0.956382
v 0.211784 0.035457 0.952549
v 0.211784 0.033540 0.956382
v 0.186868 0.035457 0.952549
v 0.186868 0.033540 0.956382
v 0.236700 0.027791 0.958299
v 0.223284 0.027791 0.958299
v 0.238616 0.008625 0.964049
v 0.225200 0.008625 0.964049
v 0.211784 0.027791 0.958299
v 0.186868 0.027791 0.958299
v 0.211784 0.008625 0.964049
v 0.188785 0.008625 0.964049
v 0.161953 0.035457 0.935300
v 0.161953 0.035457 0.946799
v 0.150453 0.035457 0.935300
v 0.150453 0.035457 0.946799
v 0.135120 0.035457 0.935300
v 0.135120 0.035457 0.946799
v 0.161953 0.035457 0.952549
v 0.161953 0.033540 0.956382
v 0.156203 0.035457 0.952549
v 0.156203 0.033540 0.956382
v 0.150453 0.035457 0.950633
v 0.148536 0.035457 0.952549
v 0.148536 0.033540 0.956382
v 0.135120 0.035457 0.952549
v 0.135120 0.033540 0.956382
v 0.161953 0.027791 0.958299
v 0.156203 0.027791 0.958299
v 0.161953 0.008625 0.964049
v 0.156203 0.008625 0.964049
v 0.148536 0.027791 0.958299
v 0.135120 0.027791 0.958299
v 0.148536 0.008625 0.964049
v 0.135120 0.008625 0.964049
v 0.119787 0.035457 0.860552
v 0.114038 0.035457 0.860552
v 0.112121 0.035457 0.860552
v 0.106371 0.035457 0.860552
v 0.100621 0.035457 0.860552
v 0.119787 0.035457 0.885468
v 0.114038 0.035457 0.885468
v 0.110204 0.035457 0.885468
v 0.106371 0.035457 0.885468
v 0.100621 0.035457 0.885468
v 0.073789 0.035457 0.860552
v 0.073789 0.035457 0.885468
v 0.119787 0.035457 0.912301
v 0.114038 0.035457 0.912301
v 0.110204 0.035457 0.912301
v 0.106371 0.035457 0.912301
v 0.098705 0.035457 0.912301
v 0.073789 0.035457 0.914217
v 0.050790 0.035457 0.860552
v 0.048873 0.035457 0.885468
v 0.022041 0.035457 0.860552
v 0.010541 0.035457 0.860552
v 0.022041 0.035457 0.885468
v 0.010541 0.035457 0.885468
v 0.048873 0.035457 0.914217
v 0.022041 0.035457 0.914217
v 0.010541 0.035457 0.914217
v 0.119787 0.035457 0.935300
v 0.114038 0.035457 0.935300
v 0.110204 0.035457 0.935300
v 0.119787 0.035457 0.946799
v 0.114038 0.035457 0.946799
v 0.110204 0.035457 0.946799
v 0.104455 0.035457 0.935300
v 0.098705 0.035457 0.935300
v 0.104455 0.035457 0.946799
v 0.098705 0.035457 0.946799
v 0.071872 0.035457 0.935300
v 0.071872 0.035457 0.946799
v 0.119787 0.035457 0.952549
v 0.117871 0.033540 0.956382
v 0.112121 0.035457 0.952549
v 0.110204 0.035457 0.952549
v 0.112121 0.033540 0.956382
v 0.110204 0.033540 0.956382
v 0.104455 0.035457 0.952549
v 0.104455 0.033540 0.956382
v 0.098705 0.035457 0.952549
v 0.098705 0.033540 0.956382
v 0.071872 0.035457 0.952549
v 0.071872 0.033540 0.956382
v 0.117871 0.027791 0.958299
v 0.112121 0.027791 0.958299
v 0.108288 0.027791 0.958299
v 0.104455 0.027791 0.958299
v 0.098705 0.027791 0.958299
v 0.117871 0.008625 0.964049
v 0.112121 0.008625 0.964049
v 0.108288 0.008625 0.964049
v 0.104455 0.008625 0.964049
v 0.096788 0.008625 0.965965
v 0.071872 0.027791 0.958299
v 0.071872 0.008625 0.965965
v 0.048873 0.035457 0.935300
v 0.048873 0.035457 0.946799
v 0.022041 0.035457 0.935300
v 0.022041 0.035457 0.946799
v 0.010541 0.035457 0.935300
v 0.010541 0.035457 0.946799
v 0.048873 0.035457 0.952549
v 0.048873 0.033540 0.956382
v 0.022041 0.035457 0.952549
v 0.022041 0.033540 0.956382
v 0.010541 0.035457 0.952549
v 0.010541 0.033540 0.956382
v 0.048873 0.027791 0.958299
v 0.048873 0.008625 0.965965
v 0.022041 0.027791 0.958299
v 0.010541 0.027791 0.958299
v 0.022041 0.008625 0.964049
v 0.010541 0.008625 0.964049
v -0.000958 0.041207 0.523231
v -0.008625 0.039290 0.523231
v -0.012458 0.037374 0.525148
v -0.014374 0.035457 0.527064
v -0.020124 0.035457 0.527064
v -0.000958 0.039290 0.540481
v -0.008625 0.039290 0.538564
v -0.000958 0.039290 0.546230
v -0.010541 0.037374 0.544314
v -0.012458 0.035457 0.550064
v -0.020124 0.035457 0.550064
v -0.046957 0.035457 0.527064
v -0.046957 0.035457 0.550064
v -0.083372 0.035457 0.527064
v -0.083372 0.035457 0.550064
v -0.010541 0.035457 0.561563
v -0.020124 0.035457 0.561563
v -0.010541 0.035457 0.580729
v -0.020124 0.035457 0.580729
v -0.046957 0.035457 0.561563
v -0.046957 0.035457 0.580729
v -0.010541 0.035457 0.601812
v -0.010541 0.035457 0.611395
v -0.020124 0.035457 0.601812
v -0.020124 0.035457 0.611395
v -0.046957 0.035457 0.601812
v -0.046957 0.035457 0.611395
v -0.083372 0.035457 0.561563
v -0.083372 0.035457 0.580729
v -0.083372 0.035457 0.601812
v -0.083372 0.035457 0.611395
v -0.123621 0.035457 0.527064
v -0.123621 0.035457 0.550064
v -0.156203 0.035457 0.527064
v -0.167702 0.037374 0.525148
v -0.165786 0.035457 0.527064
v -0.169619 0.039290 0.523231
v -0.179202 0.039290 0.523231
v -0.156203 0.035457 0.550064
v -0.167702 0.037374 0.544314
v -0.165786 0.035457 0.550064
v -0.171536 0.039290 0.540481
v -0.179202 0.039290 0.540481
v -0.179202 0.037374 0.546230
v -0.238616 0.035457 0.513648
v -0.186868 0.039290 0.523231
v -0.190701 0.037374 0.525148
v -0.192618 0.035457 0.527064
v -0.204118 0.035457 0.527064
v -0.186868 0.039290 0.540481
v -0.188785 0.037374 0.544314
v -0.192618 0.035457 0.550064
v -0.204118 0.035457 0.550064
v -0.238616 0.035457 0.528981
v -0.123621 0.035457 0.561563
v -0.160036 0.035457 0.561563
v -0.179202 0.035457 0.551980
v -0.175369 0.035457 0.561563
v -0.123621 0.035457 0.582646
v -0.123621 0.035457 0.601812
v -0.123621 0.035457 0.611395
v -0.160036 0.035457 0.582646
v -0.175369 0.035457 0.582646
v -0.160036 0.035457 0.601812
v -0.160036 0.035457 0.611395
v -0.175369 0.035457 0.601812
v -0.175369 0.035457 0.611395
v -0.188785 0.035457 0.561563
v -0.204118 0.035457 0.563480
v -0.238616 0.035457 0.551980
v -0.238616 0.035457 0.563480
v -0.190701 0.035457 0.582646
v -0.204118 0.035457 0.582646
v -0.190701 0.035457 0.601812
v -0.190701 0.035457 0.611395
v -0.204118 0.035457 0.601812
v -0.204118 0.035457 0.611395
v -0.238616 0.035457 0.582646
v -0.238616 0.035457 0.601812
v -0.238616 0.035457 0.611395
v -0.010541 0.035457 0.636311
v -0.020124 0.035457 0.636311
v -0.046957 0.035457 0.636311
v -0.010541 0.035457 0.659310
v -0.010541 0.035457 0.668893
v -0.020124 0.035457 0.659310
v -0.020124 0.035457 0.668893
v -0.046957 0.035457 0.659310
v -0.046957 0.035457 0.668893
v -0.083372 0.035457 0.636311
v -0.083372 0.035457 0.659310
v -0.083372 0.035457 0.668893
v -0.010541 0.035457 0.684225
v -0.020124 0.035457 0.684225
v -0.046957 0.035457 0.684225
v -0.010541 0.035457 0.707225
v -0.010541 0.035457 0.718724
v -0.020124 0.035457 0.707225
v -0.020124 0.035457 0.718724
v -0.046957 0.035457 0.707225
v -0.046957 0.035457 0.718724
v -0.083372 0.035457 0.684225
v -0.083372 0.035457 0.707225
v -0.083372 0.035457 0.718724
v -0.123621 0.035457 0.636311
v -0.160036 0.035457 0.636311
v -0.175369 0.035457 0.636311
v -0.123621 0.035457 0.659310
v -0.123621 0.035457 0.668893
v -0.160036 0.035457 0.659310
v -0.160036 0.035457 0.668893
v -0.175369 0.035457 0.659310
v -0.175369 0.035457 0.668893
v -0.190701 0.035457 0.636311
v -0.204118 0.035457 0.636311
v -0.238616 0.035457 0.636311
v -0.190701 0.035457 0.659310
v -0.190701 0.035457 0.668893
v -0.204118 0.035457 0.659310
v -0.204118 0.035457 0.668893
v -0.238616 0.035457 0.659310
v -0.238616 0.035457 0.668893
v -0.123621 0.035457 0.684225
v -0.160036 0.035457 0.686142
v -0.175369 0.035457 0.686142
v -0.123621 0.035457 0.707225
v -0.123621 0.035457 0.718724
v -0.160036 0.035457 0.709141
v -0.160036 0.035457 0.718724
v -0.175369 0.035457 0.709141
v -0.175369 0.035457 0.718724
v -0.190701 0.035457 0.686142
v -0.204118 0.035457 0.686142
v -0.238616 0.035457 0.686142
v -0.190701 0.035457 0.709141
v -0.190701 0.035457 0.718724
v -0.204118 0.035457 0.709141
v -0.204118 0.035457 0.718724
v -0.240533 0.035457 0.709141
v -0.240533 0.035457 0.718724
v -0.257782 0.035457 0.513648
v -0.278865 0.035457 0.511732
v -0.257782 0.035457 0.528981
v -0.278865 0.035457 0.528981
v -0.315280 0.035457 0.509815
v -0.351696 0.035457 0.509815
v -0.315280 0.035457 0.528981
v -0.351696 0.035457 0.528981
v -0.257782 0.035457 0.551980
v -0.257782 0.035457 0.563480
v -0.278865 0.035457 0.551980
v -0.278865 0.035457 0.563480
v -0.257782 0.035457 0.582646
v -0.257782 0.035457 0.601812
v -0.257782 0.035457 0.611395
v -0.278865 0.035457 0.582646
v -0.278865 0.035457 0.601812
v -0.278865 0.035457 0.611395
v -0.315280 0.035457 0.551980
v -0.315280 0.035457 0.563480
v -0.351696 0.035457 0.553897
v -0.351696 0.035457 0.565396
v -0.315280 0.035457 0.582646
v -0.315280 0.035457 0.601812
v -0.315280 0.035457 0.611395
v -0.351696 0.035457 0.582646
v -0.351696 0.035457 0.601812
v -0.351696 0.035457 0.611395
v -0.376611 0.035457 0.507898
v -0.399611 0.035457 0.490649
v -0.413027 0.035457 0.490649
v -0.416860 0.035457 0.492566
v -0.420693 0.035457 0.494482
v -0.424526 0.033540 0.492566
v -0.424526 0.033540 0.498315
v -0.399611 0.035457 0.507898
v -0.413027 0.035457 0.509815
v -0.416860 0.035457 0.509815
v -0.420693 0.035457 0.509815
v -0.424526 0.033540 0.511732
v -0.376611 0.035457 0.530898
v -0.399611 0.035457 0.530898
v -0.413027 0.035457 0.530898
v -0.416860 0.035457 0.530898
v -0.420693 0.035457 0.530898
v -0.424526 0.033540 0.530898
v -0.426443 0.027791 0.490649
v -0.426443 0.029707 0.496399
v -0.426443 0.029707 0.509815
v -0.426443 0.029707 0.528981
v -0.434109 0.008625 0.490649
v -0.434109 0.008625 0.504065
v -0.434109 0.008625 0.523231
v -0.434109 0.008625 0.548147
v -0.376611 0.035457 0.553897
v -0.376611 0.035457 0.565396
v -0.399611 0.035457 0.553897
v -0.413027 0.035457 0.553897
v -0.399611 0.035457 0.565396
v -0.413027 0.035457 0.565396
v -0.416860 0.035457 0.553897
v -0.420693 0.035457 0.553897
v -0.424526 0.033540 0.553897
v -0.416860 0.035457 0.565396
v -0.420693 0.035457 0.565396
v -0.424526 0.033540 0.565396
v -0.376611 0.035457 0.582646
v -0.376611 0.035457 0.601812
v -0.376611 0.035457 0.611395
v -0.399611 0.035457 0.582646
v -0.413027 0.035457 0.582646
v -0.416860 0.035457 0.582646
v -0.420693 0.035457 0.582646
v -0.424526 0.033540 0.582646
v -0.399611 0.035457 0.601812
v -0.413027 0.035457 0.601812
v -0.399611 0.035457 0.611395
v -0.413027 0.035457 0.611395
v -0.416860 0.035457 0.603728
v -0.420693 0.035457 0.601812
v -0.424526 0.033540 0.601812
v -0.416860 0.035457 0.611395
v -0.420693 0.035457 0.611395
v -0.424526 0.033540 0.611395
v -0.426443 0.027791 0.553897
v -0.426443 0.027791 0.565396
v -0.426443 0.027791 0.582646
v -0.426443 0.027791 0.601812
v -0.426443 0.027791 0.611395
v -0.434109 0.008625 0.559647
v -0.434109 0.008625 0.576896
v -0.434109 0.008625 0.597979
v -0.434109 0.008625 0.607562
v -0.257782 0.035457 0.636311
v -0.278865 0.035457 0.636311
v -0.257782 0.035457 0.659310
v -0.257782 0.035457 0.668893
v -0.278865 0.035457 0.659310
v -0.278865 0.035457 0.668893
v -0.315280 0.035457 0.636311
v -0.351696 0.035457 0.636311
v -0.315280 0.035457 0.659310
v -0.315280 0.035457 0.668893
v -0.351696 0.035457 0.659310
v -0.351696 0.035457 0.668893
v -0.257782 0.035457 0.686142
v -0.278865 0.035457 0.686142
v -0.257782 0.035457 0.709141
v -0.257782 0.035457 0.720641
v -0.278865 0.035457 0.709141
v -0.278865 0.035457 0.720641
v -0.315280 0.035457 0.686142
v -0.351696 0.035457 0.686142
v -0.315280 0.035457 0.709141
v -0.315280 0.035457 0.720641
v -0.351696 0.035457 0.709141
v -0.351696 0.035457 0.718724
v -0.376611 0.035457 0.636311
v -0.399611 0.035457 0.636311
v -0.413027 0.035457 0.636311
v -0.416860 0.035457 0.636311
v -0.420693 0.035457 0.636311
v -0.424526 0.033540 0.636311
v -0.376611 0.035457 0.659310
v -0.376611 0.035457 0.668893
v -0.399611 0.035457 0.659310
v -0.413027 0.035457 0.659310
v -0.399611 0.035457 0.668893
v -0.413027 0.035457 0.668893
v -0.416860 0.035457 0.659310
v -0.420693 0.035457 0.659310
v -0.424526 0.033540 0.659310
v -0.416860 0.035457 0.668893
v -0.420693 0.035457 0.668893
v -0.424526 0.033540 0.668893
v -0.426443 0.027791 0.636311
v -0.426443 0.027791 0.659310
v -0.426443 0.027791 0.668893
v -0.434109 0.008625 0.632477
v -0.434109 0.008625 0.657393
v -0.434109 0.008625 0.666976
v -0.376611 0.035457 0.686142
v -0.399611 0.035457 0.686142
v -0.413027 0.035457 0.686142
v -0.416860 0.035457 0.686142
v -0.420693 0.035457 0.686142
v -0.424526 0.033540 0.686142
v -0.376611 0.035457 0.709141
v -0.376611 0.035457 0.718724
v -0.399611 0.035457 0.709141
v -0.413027 0.035457 0.709141
v -0.416860 0.035457 0.709141
v -0.420693 0.035457 0.709141
v -0.424526 0.033540 0.709141
v -0.399611 0.035457 0.720641
v -0.413027 0.035457 0.720641
v -0.416860 0.035457 0.720641
v -0.420693 0.035457 0.720641
v -0.424526 0.033540 0.720641
v -0.426443 0.027791 0.686142
v -0.426443 0.027791 0.709141
v -0.426443 0.027791 0.720641
v -0.434109 0.008625 0.684225
v -0.434109 0.008625 0.709141
v -0.434109 0.008625 0.720641
v -0.010541 0.035457 0.735974
v -0.020124 0.035457 0.735974
v -0.046957 0.035457 0.735974
v -0.010541 0.035457 0.770472
v -0.010541 0.035457 0.780055
v -0.020124 0.035457 0.770472
v -0.020124 0.035457 0.780055
v -0.010541 0.035457 0.793472
v -0.020124 0.035457 0.793472
v -0.046957 0.035457 0.770472
v -0.046957 0.035457 0.780055
v -0.046957 0.035457 0.793472
v -0.083372 0.035457 0.735974
v -0.083372 0.035457 0.770472
v -0.083372 0.035457 0.780055
v -0.083372 0.035457 0.793472
v -0.010541 0.035457 0.812638
v -0.020124 0.035457 0.812638
v -0.046957 0.035457 0.812638
v -0.010541 0.035457 0.827970
v -0.010541 0.035457 0.837553
v -0.020124 0.035457 0.827970
v -0.020124 0.035457 0.837553
v -0.046957 0.035457 0.827970
v -0.046957 0.035457 0.837553
v -0.083372 0.035457 0.812638
v -0.083372 0.035457 0.827970
v -0.083372 0.035457 0.837553
v -0.123621 0.035457 0.735974
v -0.160036 0.035457 0.735974
v -0.175369 0.035457 0.735974
v -0.123621 0.035457 0.770472
v -0.123621 0.035457 0.780055
v -0.123621 0.035457 0.793472
v -0.160036 0.035457 0.770472
v -0.160036 0.035457 0.780055
v -0.175369 0.035457 0.770472
v -0.175369 0.035457 0.780055
v -0.160036 0.035457 0.793472
v -0.175369 0.035457 0.793472
v -0.190701 0.035457 0.735974
v -0.204118 0.035457 0.735974
v -0.240533 0.035457 0.735974
v -0.190701 0.035457 0.770472
v -0.190701 0.035457 0.780055
v -0.204118 0.035457 0.770472
v -0.204118 0.035457 0.780055
v -0.190701 0.035457 0.793472
v -0.204118 0.035457 0.793472
v -0.240533 0.035457 0.770472
v -0.240533 0.035457 0.780055
v -0.240533 0.035457 0.793472
v -0.123621 0.035457 0.812638
v -0.160036 0.035457 0.812638
v -0.175369 0.035457 0.812638
v -0.123621 0.035457 0.827970
v -0.123621 0.035457 0.837553
v -0.160036 0.035457 0.827970
v -0.160036 0.035457 0.835637
v -0.175369 0.035457 0.827970
v -0.175369 0.035457 0.835637
v -0.190701 0.035457 0.812638
v -0.204118 0.035457 0.812638
v -0.240533 0.035457 0.812638
v -0.240533 0.035457 0.826054
v -0.190701 0.035457 0.827970
v -0.190701 0.035457 0.835637
v -0.204118 0.035457 0.827970
v -0.204118 0.035457 0.835637
v -0.240533 0.035457 0.835637
v -0.010541 0.035457 0.860552
v -0.020124 0.035457 0.860552
v -0.010541 0.035457 0.885468
v -0.020124 0.035457 0.885468
v -0.046957 0.035457 0.860552
v -0.046957 0.035457 0.885468
v -0.010541 0.035457 0.914217
v -0.020124 0.035457 0.914217
v -0.046957 0.035457 0.914217
v -0.083372 0.035457 0.860552
v -0.083372 0.035457 0.885468
v -0.083372 0.035457 0.914217
v -0.010541 0.035457 0.935300
v -0.010541 0.035457 0.946799
v -0.020124 0.035457 0.935300
v -0.020124 0.035457 0.946799
v -0.046957 0.035457 0.935300
v -0.046957 0.035457 0.946799
v -0.010541 0.035457 0.952549
v -0.010541 0.033540 0.956382
v -0.020124 0.035457 0.952549
v -0.020124 0.033540 0.956382
v -0.046957 0.035457 0.952549
v -0.046957 0.033540 0.956382
v -0.010541 0.027791 0.958299
v -0.020124 0.027791 0.958299
v -0.010541 0.008625 0.964049
v -0.020124 0.008625 0.964049
v -0.046957 0.027791 0.958299
v -0.046957 0.008625 0.965965
v -0.083372 0.035457 0.935300
v -0.083372 0.035457 0.946799
v -0.083372 0.035457 0.952549
v -0.083372 0.033540 0.956382
v -0.083372 0.027791 0.958299
v -0.083372 0.008625 0.965965
v -0.123621 0.035457 0.860552
v -0.123621 0.035457 0.885468
v -0.160036 0.035457 0.860552
v -0.175369 0.035457 0.860552
v -0.160036 0.035457 0.885468
v -0.175369 0.035457 0.885468
v -0.123621 0.035457 0.914217
v -0.160036 0.035457 0.914217
v -0.175369 0.035457 0.914217
v -0.190701 0.035457 0.860552
v -0.204118 0.035457 0.860552
v -0.190701 0.035457 0.885468
v -0.204118 0.035457 0.885468
v -0.238616 0.035457 0.860552
v -0.238616 0.035457 0.885468
v -0.190701 0.035457 0.914217
v -0.204118 0.035457 0.914217
v -0.238616 0.035457 0.914217
v -0.123621 0.035457 0.935300
v -0.123621 0.035457 0.946799
v -0.160036 0.035457 0.935300
v -0.160036 0.035457 0.946799
v -0.175369 0.035457 0.935300
v -0.175369 0.035457 0.946799
v -0.123621 0.035457 0.952549
v -0.123621 0.033540 0.956382
v -0.160036 0.035457 0.952549
v -0.160036 0.033540 0.956382
v -0.175369 0.035457 0.952549
v -0.175369 0.033540 0.956382
v -0.123621 0.027791 0.958299
v -0.123621 0.008625 0.965965
v -0.160036 0.027791 0.958299
v -0.175369 0.027791 0.958299
v -0.158119 0.008625 0.965965
v -0.173452 0.008625 0.965965
v -0.190701 0.035457 0.935300
v -0.190701 0.035457 0.946799
v -0.204118 0.035457 0.935300
v -0.204118 0.035457 0.946799
v -0.238616 0.035457 0.935300
v -0.238616 0.035457 0.946799
v -0.190701 0.035457 0.952549
v -0.190701 0.033540 0.956382
v -0.204118 0.035457 0.952549
v -0.204118 0.033540 0.956382
v -0.238616 0.035457 0.952549
v -0.238616 0.033540 0.956382
v -0.190701 0.027791 0.958299
v -0.204118 0.027791 0.958299
v -0.188785 0.008625 0.965965
v -0.204118 0.008625 0.965965
v -0.240533 0.027791 0.958299
v -0.242450 0.008625 0.965965
v -0.257782 0.035457 0.735974
v -0.278865 0.035457 0.735974
v -0.257782 0.035457 0.770472
v -0.257782 0.035457 0.780055
v -0.257782 0.035457 0.793472
v -0.278865 0.035457 0.770472
v -0.278865 0.035457 0.780055
v -0.278865 0.035457 0.793472
v -0.315280 0.035457 0.735974
v -0.351696 0.035457 0.735974
v -0.315280 0.035457 0.770472
v -0.315280 0.035457 0.780055
v -0.315280 0.035457 0.791555
v -0.351696 0.035457 0.770472
v -0.351696 0.035457 0.780055
v -0.351696 0.035457 0.791555
v -0.257782 0.035457 0.812638
v -0.257782 0.035457 0.826054
v -0.278865 0.035457 0.812638
v -0.278865 0.035457 0.826054
v -0.257782 0.035457 0.835637
v -0.278865 0.035457 0.835637
v -0.315280 0.035457 0.810721
v -0.315280 0.035457 0.826054
v -0.351696 0.035457 0.810721
v -0.351696 0.035457 0.826054
v -0.315280 0.035457 0.835637
v -0.351696 0.035457 0.835637
v -0.376611 0.035457 0.735974
v -0.399611 0.035457 0.735974
v -0.413027 0.035457 0.735974
v -0.416860 0.035457 0.735974
v -0.420693 0.035457 0.735974
v -0.424526 0.033540 0.735974
v -0.376611 0.035457 0.770472
v -0.376611 0.035457 0.780055
v -0.376611 0.035457 0.791555
v -0.399611 0.035457 0.770472
v -0.413027 0.035457 0.770472
v -0.399611 0.035457 0.780055
v -0.413027 0.035457 0.780055
v -0.416860 0.035457 0.770472
v -0.420693 0.035457 0.770472
v -0.424526 0.033540 0.770472
v -0.416860 0.035457 0.780055
v -0.420693 0.035457 0.780055
v -0.424526 0.033540 0.780055
v -0.399611 0.035457 0.791555
v -0.413027 0.035457 0.791555
v -0.416860 0.035457 0.791555
v -0.420693 0.035457 0.791555
v -0.424526 0.033540 0.791555
v -0.426443 0.027791 0.735974
v -0.426443 0.027791 0.770472
v -0.426443 0.027791 0.780055
v -0.426443 0.027791 0.791555
v -0.434109 0.008625 0.737890
v -0.434109 0.008625 0.772389
v -0.434109 0.008625 0.781972
v -0.434109 0.008625 0.793472
v -0.376611 0.035457 0.810721
v -0.376611 0.035457 0.826054
v -0.399611 0.035457 0.810721
v -0.413027 0.035457 0.810721
v -0.416860 0.035457 0.810721
v -0.420693 0.035457 0.810721
v -0.424526 0.033540 0.810721
v -0.399611 0.035457 0.824137
v -0.413027 0.035457 0.824137
v -0.416860 0.035457 0.824137
v -0.420693 0.035457 0.824137
v -0.424526 0.033540 0.824137
v -0.376611 0.035457 0.833720
v -0.399611 0.035457 0.833720
v -0.413027 0.035457 0.833720
v -0.416860 0.035457 0.833720
v -0.420693 0.035457 0.833720
v -0.424526 0.033540 0.833720
v -0.426443 0.027791 0.810721
v -0.426443 0.027791 0.826054
v -0.426443 0.027791 0.835637
v -0.434109 0.008625 0.810721
v -0.434109 0.008625 0.826054
v -0.434109 0.008625 0.837553
v -0.257782 0.035457 0.860552
v -0.257782 0.035457 0.885468
v -0.278865 0.035457 0.860552
v -0.278865 0.035457 0.885468
v -0.257782 0.035457 0.914217
v -0.278865 0.035457 0.912301
v -0.315280 0.035457 0.858636
v -0.315280 0.035457 0.885468
v -0.351696 0.035457 0.858636
v -0.351696 0.035457 0.885468
v -0.315280 0.035457 0.912301
v -0.351696 0.035457 0.912301
v -0.257782 0.035457 0.935300
v -0.257782 0.035457 0.946799
v -0.278865 0.035457 0.935300
v -0.278865 0.035457 0.946799
v -0.257782 0.035457 0.952549
v -0.257782 0.033540 0.956382
v -0.278865 0.035457 0.952549
v -0.278865 0.033540 0.956382
v -0.257782 0.027791 0.958299
v -0.261616 0.008625 0.965965
v -0.278865 0.027791 0.958299
v -0.282698 0.008625 0.965965
v -0.315280 0.035457 0.935300
v -0.315280 0.035457 0.946799
v -0.351696 0.035457 0.935300
v -0.351696 0.035457 0.944883
v -0.315280 0.035457 0.952549
v -0.315280 0.033540 0.956382
v -0.351696 0.035457 0.952549
v -0.351696 0.033540 0.956382
v -0.317197 0.027791 0.958299
v -0.321030 0.008625 0.964049
v -0.353612 0.027791 0.958299
v -0.359362 0.008625 0.964049
v -0.376611 0.035457 0.858636
v -0.376611 0.035457 0.885468
v -0.399611 0.035457 0.858636
v -0.413027 0.035457 0.858636
v -0.416860 0.035457 0.858636
v -0.420693 0.035457 0.858636
v -0.424526 0.033540 0.858636
v -0.399611 0.035457 0.883552
v -0.413027 0.035457 0.883552
v -0.416860 0.035457 0.883552
v -0.420693 0.035457 0.883552
v -0.424526 0.033540 0.883552
v -0.376611 0.035457 0.912301
v -0.399611 0.035457 0.912301
v -0.413027 0.035457 0.912301
v -0.416860 0.035457 0.912301
v -0.420693 0.035457 0.912301
v -0.424526 0.033540 0.912301
v -0.426443 0.027791 0.858636
v -0.426443 0.027791 0.885468
v -0.426443 0.029707 0.912301
v -0.434109 0.008625 0.864386
v -0.434109 0.008625 0.891218
v -0.434109 0.008625 0.918050
v -0.376611 0.035457 0.935300
v -0.376611 0.035457 0.944883
v -0.413027 0.035457 0.933383
v -0.416860 0.035457 0.933383
v -0.420693 0.035457 0.933383
v -0.424526 0.033540 0.933383
v -0.399611 0.035457 0.935300
v -0.399611 0.035457 0.944883
v -0.413027 0.035457 0.944883
v -0.416860 0.035457 0.944883
v -0.420693 0.035457 0.944883
v -0.424526 0.033540 0.944883
v -0.424526 0.033540 0.948716
v -0.376611 0.035457 0.952549
v -0.378528 0.033540 0.956382
v -0.399611 0.035457 0.952549
v -0.399611 0.033540 0.956382
v -0.413027 0.035457 0.952549
v -0.413027 0.033540 0.956382
v -0.416860 0.035457 0.950633
v -0.420693 0.035457 0.950633
v -0.420693 0.033540 0.952549
v -0.418777 0.033540 0.956382
v -0.426443 0.029707 0.935300
v -0.426443 0.029707 0.944883
v -0.378528 0.029707 0.958299
v -0.384278 0.008625 0.964049
v -0.401527 0.029707 0.958299
v -0.426443 0.029707 0.950633
v -0.422610 0.029707 0.954466
v -0.414943 0.029707 0.958299
v -0.418777 0.029707 0.958299
v -0.407277 0.008625 0.964049
v -0.420693 0.008625 0.964049
v -0.426443 0.008625 0.964049
v -0.434109 0.008625 0.941050
v -0.434109 0.008625 0.952549
v -0.434109 0.008625 0.956382
v -0.430276 0.008625 0.962132
v 0.250116 -0.052706 0.036415
v 0.250116 -0.052706 0.042165
v 0.248199 -0.054623 0.034499
v 0.250116 -0.052706 0.047915
v 0.248199 -0.054623 0.049832
v 0.250116 -0.075706 0.036415
v 0.248199 -0.075706 0.034499
v 0.250116 -0.073789 0.042165
v 0.250116 -0.075706 0.047915
v 0.248199 -0.075706 0.049832
v 0.250116 -0.092955 0.036415
v 0.248199 -0.092955 0.034499
v 0.250116 -0.092955 0.042165
v 0.250116 -0.092955 0.047915
v 0.248199 -0.092955 0.049832
v 0.250116 -0.108288 0.036415
v 0.248199 -0.110204 0.034499
v 0.250116 -0.108288 0.042165
v 0.248199 -0.117871 0.036415
v 0.246283 -0.121704 0.036415
v 0.250116 -0.115954 0.042165
v 0.248199 -0.119787 0.042165
v 0.250116 -0.108288 0.047915
v 0.248199 -0.108288 0.049832
v 0.246283 -0.114038 0.049832
v 0.248199 -0.117871 0.047915
v 0.246283 -0.121704 0.047915
v 0.240533 -0.054623 0.032582
v 0.236700 -0.056540 0.032582
v 0.230950 -0.056540 0.032582
v 0.227117 -0.056540 0.032582
v 0.240533 -0.054623 0.049832
v 0.236700 -0.056540 0.049832
v 0.230950 -0.056540 0.049832
v 0.227117 -0.056540 0.049832
v 0.213701 -0.056540 0.032582
v 0.202201 -0.056540 0.032582
v 0.188785 -0.056540 0.032582
v 0.200284 -0.048873 0.051748
v 0.213701 -0.056540 0.049832
v 0.202201 -0.056540 0.049832
v 0.200284 -0.056540 0.053665
v 0.200284 -0.056540 0.057498
v 0.200284 -0.058456 0.055581
v 0.198368 -0.046957 0.055581
v 0.186868 -0.046957 0.055581
v 0.186868 -0.052706 0.057498
v 0.198368 -0.054623 0.055581
v 0.198368 -0.054623 0.059415
v 0.198368 -0.060373 0.057498
v 0.186868 -0.054623 0.059415
v 0.186868 -0.060373 0.057498
v 0.171536 -0.056540 0.032582
v 0.175369 -0.048873 0.051748
v 0.177285 -0.046957 0.055581
v 0.171536 -0.056540 0.049832
v 0.177285 -0.054623 0.055581
v 0.177285 -0.054623 0.059415
v 0.177285 -0.060373 0.057498
v 0.175369 -0.056540 0.053665
v 0.175369 -0.056540 0.057498
v 0.175369 -0.058456 0.055581
v 0.150453 -0.056540 0.032582
v 0.150453 -0.056540 0.049832
v 0.202201 -0.087205 0.011500
v 0.206034 -0.091038 0.009583
v 0.202201 -0.089122 0.009583
v 0.206034 -0.089122 0.011500
v 0.200284 -0.089122 0.013416
v 0.200284 -0.091038 0.013416
v 0.209867 -0.091038 0.015333
v 0.206034 -0.089122 0.017249
v 0.202201 -0.091038 0.017249
v 0.240533 -0.077622 0.032582
v 0.236700 -0.079539 0.032582
v 0.230950 -0.079539 0.032582
v 0.227117 -0.079539 0.032582
v 0.223284 -0.089122 0.030666
v 0.240533 -0.077622 0.049832
v 0.236700 -0.077622 0.049832
v 0.230950 -0.077622 0.049832
v 0.227117 -0.077622 0.049832
v 0.198368 -0.062289 0.051748
v 0.186868 -0.064206 0.051748
v 0.213701 -0.077622 0.032582
v 0.202201 -0.079539 0.032582
v 0.213701 -0.087205 0.030666
v 0.206034 -0.089122 0.030666
v 0.188785 -0.079539 0.032582
v 0.213701 -0.077622 0.051748
v 0.202201 -0.077622 0.049832
v 0.188785 -0.079539 0.049832
v 0.215617 -0.096788 0.021083
v 0.223284 -0.098705 0.028749
v 0.215617 -0.092955 0.022999
v 0.221367 -0.092955 0.028749
v 0.219450 -0.094872 0.026832
v 0.221367 -0.098705 0.026832
v 0.215617 -0.100621 0.021083
v 0.219450 -0.102538 0.026832
v 0.221367 -0.104455 0.028749
v 0.206034 -0.092955 0.011500
v 0.202201 -0.092955 0.011500
v 0.200284 -0.092955 0.013416
v 0.209867 -0.092955 0.015333
v 0.209867 -0.094872 0.015333
v 0.202201 -0.092955 0.017249
v 0.202201 -0.094872 0.017249
v 0.206034 -0.096788 0.015333
v 0.209867 -0.092955 0.022999
v 0.213701 -0.092955 0.028749
v 0.213701 -0.094872 0.026832
v 0.207951 -0.094872 0.026832
v 0.207951 -0.094872 0.028749
v 0.207951 -0.098705 0.026832
v 0.206034 -0.092955 0.022999
v 0.204118 -0.096788 0.022999
v 0.206034 -0.098705 0.022999
v 0.206034 -0.098705 0.028749
v 0.209867 -0.100621 0.021083
v 0.207951 -0.102538 0.026832
v 0.213701 -0.104455 0.026832
v 0.213701 -0.106371 0.028749
v 0.207951 -0.104455 0.028749
v 0.240533 -0.096788 0.032582
v 0.236700 -0.098705 0.032582
v 0.230950 -0.098705 0.032582
v 0.229033 -0.098705 0.032582
v 0.225200 -0.098705 0.030666
v 0.240533 -0.094872 0.049832
v 0.236700 -0.096788 0.051748
v 0.230950 -0.096788 0.051748
v 0.227117 -0.096788 0.051748
v 0.240533 -0.114038 0.032582
v 0.236700 -0.115954 0.032582
v 0.230950 -0.115954 0.032582
v 0.223284 -0.108288 0.030666
v 0.227117 -0.115954 0.032582
v 0.240533 -0.112121 0.049832
v 0.236700 -0.114038 0.051748
v 0.230950 -0.114038 0.051748
v 0.240533 -0.119787 0.049832
v 0.236700 -0.121704 0.049832
v 0.230950 -0.121704 0.049832
v 0.227117 -0.114038 0.051748
v 0.225200 -0.121704 0.049832
v 0.204118 -0.098705 0.030666
v 0.200284 -0.098705 0.032582
v 0.188785 -0.098705 0.032582
v 0.213701 -0.096788 0.051748
v 0.202201 -0.096788 0.051748
v 0.188785 -0.096788 0.051748
v 0.213701 -0.110204 0.030666
v 0.206034 -0.108288 0.030666
v 0.213701 -0.117871 0.032582
v 0.202201 -0.115954 0.032582
v 0.188785 -0.115954 0.032582
v 0.213701 -0.114038 0.051748
v 0.202201 -0.114038 0.051748
v 0.213701 -0.121704 0.049832
v 0.202201 -0.121704 0.049832
v 0.188785 -0.114038 0.051748
v 0.188785 -0.121704 0.049832
v 0.161953 -0.089122 0.026832
v 0.158119 -0.091038 0.026832
v 0.148536 -0.085289 0.026832
v 0.146620 -0.089122 0.026832
v 0.177285 -0.062289 0.051748
v 0.171536 -0.079539 0.032582
v 0.165786 -0.087205 0.030666
v 0.171536 -0.077622 0.049832
v 0.150453 -0.077622 0.032582
v 0.150453 -0.081455 0.030666
v 0.150453 -0.079539 0.049832
v 0.165786 -0.098705 0.026832
v 0.160036 -0.098705 0.026832
v 0.161953 -0.110204 0.026832
v 0.158119 -0.108288 0.026832
v 0.146620 -0.098705 0.026832
v 0.146620 -0.110204 0.026832
v 0.148536 -0.114038 0.026832
v 0.177285 -0.098705 0.032582
v 0.169619 -0.098705 0.030666
v 0.171536 -0.096788 0.051748
v 0.171536 -0.115954 0.032582
v 0.165786 -0.112121 0.030666
v 0.171536 -0.114038 0.051748
v 0.171536 -0.121704 0.049832
v 0.150453 -0.096788 0.051748
v 0.150453 -0.115954 0.030666
v 0.150453 -0.119787 0.032582
v 0.150453 -0.114038 0.051748
v 0.150453 -0.121704 0.049832
v 0.098705 -0.056540 0.032582
v 0.098705 -0.056540 0.049832
v 0.098705 -0.085289 0.026832
v 0.098705 -0.089122 0.026832
v 0.098705 -0.077622 0.032582
v 0.098705 -0.081455 0.030666
v 0.098705 -0.079539 0.049832
v 0.098705 -0.098705 0.026832
v 0.098705 -0.110204 0.026832
v 0.098705 -0.114038 0.026832
v 0.098705 -0.096788 0.051748
v 0.098705 -0.115954 0.030666
v 0.098705 -0.119787 0.032582
v 0.098705 -0.114038 0.051748
v 0.098705 -0.121704 0.049832
v 0.240533 -0.123621 0.034499
v 0.240533 -0.125537 0.036415
v 0.236700 -0.125537 0.034499
v 0.230950 -0.125537 0.034499
v 0.236700 -0.127454 0.036415
v 0.240533 -0.125537 0.042165
v 0.236700 -0.129370 0.042165
v 0.225200 -0.125537 0.034499
v 0.229033 -0.127454 0.036415
v 0.225200 -0.127454 0.036415
v 0.229033 -0.129370 0.042165
v 0.225200 -0.129370 0.042165
v 0.240533 -0.125537 0.047915
v 0.240533 -0.123621 0.049832
v 0.236700 -0.125537 0.049832
v 0.230950 -0.125537 0.049832
v 0.236700 -0.127454 0.047915
v 0.225200 -0.125537 0.049832
v 0.229033 -0.127454 0.047915
v 0.225200 -0.127454 0.047915
v 0.213701 -0.125537 0.034499
v 0.213701 -0.127454 0.036415
v 0.202201 -0.125537 0.034499
v 0.202201 -0.127454 0.036415
v 0.213701 -0.129370 0.042165
v 0.202201 -0.129370 0.042165
v 0.188785 -0.125537 0.034499
v 0.188785 -0.127454 0.036415
v 0.188785 -0.129370 0.042165
v 0.213701 -0.125537 0.049832
v 0.213701 -0.127454 0.047915
v 0.202201 -0.125537 0.049832
v 0.202201 -0.127454 0.047915
v 0.188785 -0.125537 0.049832
v 0.188785 -0.127454 0.047915
v 0.171536 -0.125537 0.034499
v 0.171536 -0.127454 0.036415
v 0.171536 -0.129370 0.042165
v 0.171536 -0.125537 0.049832
v 0.171536 -0.127454 0.047915
v 0.150453 -0.125537 0.034499
v 0.150453 -0.127454 0.036415
v 0.150453 -0.129370 0.042165
v 0.150453 -0.125537 0.049832
v 0.150453 -0.127454 0.047915
v 0.098705 -0.125537 0.034499
v 0.098705 -0.127454 0.036415
v 0.098705 -0.129370 0.042165
v 0.098705 -0.125537 0.049832
v 0.098705 -0.127454 0.047915
v 0.445609 -0.023957 0.473400
v 0.437943 -0.023957 0.465733
v 0.430276 -0.023957 0.463817
v 0.443692 -0.023957 0.467650
v 0.445609 -0.023957 0.479149
v 0.445609 -0.033540 0.465733
v 0.449442 -0.031624 0.469566
v 0.447526 -0.041207 0.463817
v 0.449442 -0.039290 0.469566
v 0.441776 -0.033540 0.461900
v 0.432193 -0.033540 0.461900
v 0.441776 -0.041207 0.461900
v 0.434109 -0.041207 0.461900
v 0.449442 -0.031624 0.477233
v 0.449442 -0.039290 0.475316
v 0.439859 -0.039290 0.484899
v 0.439859 -0.039290 0.488732
v 0.437943 -0.043123 0.482983
v 0.439859 -0.043123 0.484899
v 0.439859 -0.043123 0.488732
v 0.436026 -0.039290 0.484899
v 0.447526 -0.046957 0.465733
v 0.449442 -0.046957 0.469566
v 0.449442 -0.048873 0.471483
v 0.445609 -0.050790 0.467650
v 0.441776 -0.048873 0.461900
v 0.441776 -0.050790 0.463817
v 0.434109 -0.048873 0.461900
v 0.432193 -0.050790 0.463817
v 0.449442 -0.046957 0.475316
v 0.449442 -0.048873 0.477233
v 0.441776 -0.048873 0.481066
v 0.441776 -0.050790 0.477233
v 0.437943 -0.050790 0.475316
v 0.430276 -0.050790 0.475316
v 0.437943 -0.046957 0.482983
v 0.439859 -0.046957 0.484899
v 0.441776 -0.048873 0.486816
v 0.439859 -0.046957 0.488732
v 0.414943 -0.023957 0.463817
v 0.397694 -0.023957 0.463817
v 0.380445 -0.023957 0.463817
v 0.418777 -0.033540 0.461900
v 0.418777 -0.041207 0.461900
v 0.399611 -0.033540 0.461900
v 0.401527 -0.041207 0.461900
v 0.428360 -0.039290 0.484899
v 0.428360 -0.043123 0.482983
v 0.414943 -0.039290 0.484899
v 0.414943 -0.043123 0.482983
v 0.418777 -0.048873 0.461900
v 0.418777 -0.050790 0.463817
v 0.401527 -0.048873 0.461900
v 0.399611 -0.050790 0.463817
v 0.416860 -0.050790 0.475316
v 0.428360 -0.046957 0.482983
v 0.414943 -0.046957 0.482983
v 0.399611 -0.050790 0.475316
v 0.384278 -0.041207 0.461900
v 0.382361 -0.033540 0.461900
v 0.397694 -0.039290 0.484899
v 0.397694 -0.043123 0.482983
v 0.380445 -0.039290 0.484899
v 0.380445 -0.043123 0.482983
v 0.384278 -0.048873 0.461900
v 0.382361 -0.050790 0.463817
v 0.397694 -0.048873 0.482983
v 0.382361 -0.050790 0.475316
v 0.380445 -0.048873 0.482983
v 0.365112 -0.023957 0.463817
v 0.347863 -0.023957 0.463817
v 0.332530 -0.023957 0.463817
v 0.317197 -0.023957 0.463817
v 0.367028 -0.033540 0.461900
v 0.367028 -0.041207 0.461900
v 0.349779 -0.033540 0.461900
v 0.349779 -0.041207 0.461900
v 0.363195 -0.039290 0.484899
v 0.363195 -0.043123 0.482983
v 0.347863 -0.039290 0.484899
v 0.347863 -0.043123 0.482983
v 0.367028 -0.048873 0.461900
v 0.367028 -0.050790 0.463817
v 0.349779 -0.048873 0.461900
v 0.349779 -0.050790 0.463817
v 0.365112 -0.050790 0.475316
v 0.365112 -0.048873 0.482983
v 0.347863 -0.050790 0.475316
v 0.347863 -0.048873 0.482983
v 0.332530 -0.033540 0.461900
v 0.332530 -0.041207 0.461900
v 0.317197 -0.033540 0.461900
v 0.317197 -0.041207 0.461900
v 0.330613 -0.039290 0.484899
v 0.330613 -0.043123 0.482983
v 0.315280 -0.039290 0.484899
v 0.315280 -0.043123 0.482983
v 0.332530 -0.048873 0.461900
v 0.332530 -0.050790 0.463817
v 0.317197 -0.048873 0.461900
v 0.317197 -0.050790 0.463817
v 0.332530 -0.050790 0.475316
v 0.332530 -0.048873 0.482983
v 0.317197 -0.050790 0.475316
v 0.315280 -0.048873 0.482983
v 0.296114 -0.023957 0.463817
v 0.276948 -0.023957 0.463817
v 0.265449 -0.023957 0.463817
v 0.257782 -0.023957 0.463817
v 0.252033 -0.023957 0.463817
v 0.298031 -0.033540 0.461900
v 0.298031 -0.041207 0.461900
v 0.278865 -0.033540 0.461900
v 0.278865 -0.041207 0.461900
v 0.296114 -0.039290 0.484899
v 0.296114 -0.043123 0.482983
v 0.276948 -0.039290 0.484899
v 0.276948 -0.043123 0.482983
v 0.298031 -0.048873 0.461900
v 0.298031 -0.050790 0.463817
v 0.278865 -0.048873 0.461900
v 0.278865 -0.050790 0.463817
v 0.296114 -0.050790 0.475316
v 0.296114 -0.048873 0.482983
v 0.278865 -0.050790 0.475316
v 0.276948 -0.048873 0.482983
v 0.265449 -0.033540 0.461900
v 0.265449 -0.041207 0.461900
v 0.257782 -0.033540 0.461900
v 0.252033 -0.033540 0.461900
v 0.257782 -0.041207 0.461900
v 0.252033 -0.041207 0.461900
v 0.265449 -0.039290 0.484899
v 0.265449 -0.043123 0.482983
v 0.259699 -0.041207 0.484899
v 0.259699 -0.043123 0.482983
v 0.252033 -0.043123 0.484899
v 0.252033 -0.045040 0.482983
v 0.265449 -0.048873 0.461900
v 0.265449 -0.050790 0.463817
v 0.257782 -0.048873 0.461900
v 0.257782 -0.050790 0.463817
v 0.252033 -0.048873 0.461900
v 0.252033 -0.050790 0.463817
v 0.265449 -0.050790 0.475316
v 0.265449 -0.048873 0.482983
v 0.257782 -0.050790 0.475316
v 0.252033 -0.050790 0.475316
v 0.257782 -0.048873 0.482983
v 0.252033 -0.048873 0.482983
v 0.190701 -0.029707 0.274074
v 0.192618 -0.018208 0.287490
v 0.192618 -0.018208 0.289406
v 0.190701 -0.018208 0.285573
v 0.190701 -0.029707 0.281740
v 0.192618 -0.025874 0.287490
v 0.192618 -0.025874 0.289406
v 0.192618 -0.029707 0.285573
v 0.192618 -0.029707 0.287490
v 0.190701 -0.025874 0.285573
v 0.190701 -0.027791 0.283657
v 0.192618 -0.018208 0.293239
v 0.190701 -0.018208 0.293239
v 0.192618 -0.027791 0.291323
v 0.190701 -0.027791 0.293239
v 0.192618 -0.031624 0.274074
v 0.192618 -0.033540 0.274074
v 0.192618 -0.035457 0.274074
v 0.190701 -0.037374 0.274074
v 0.192618 -0.031624 0.281740
v 0.192618 -0.033540 0.283657
v 0.192618 -0.031624 0.289406
v 0.190701 -0.033540 0.289406
v 0.190701 -0.035457 0.283657
v 0.181119 -0.029707 0.274074
v 0.171536 -0.029707 0.274074
v 0.179202 -0.018208 0.283657
v 0.169619 -0.018208 0.283657
v 0.181119 -0.027791 0.279823
v 0.169619 -0.029707 0.281740
v 0.179202 -0.023957 0.283657
v 0.179202 -0.027791 0.283657
v 0.169619 -0.025874 0.283657
v 0.169619 -0.027791 0.283657
v 0.158119 -0.020124 0.287490
v 0.163869 -0.023957 0.281740
v 0.158119 -0.029707 0.281740
v 0.167702 -0.029707 0.283657
v 0.156203 -0.029707 0.287490
v 0.179202 -0.020124 0.295156
v 0.179202 -0.027791 0.293239
v 0.169619 -0.029707 0.293239
v 0.161953 -0.020124 0.293239
v 0.167702 -0.022041 0.295156
v 0.160036 -0.020124 0.291323
v 0.163869 -0.029707 0.295156
v 0.158119 -0.027791 0.291323
v 0.160036 -0.027791 0.293239
v 0.146620 -0.029707 0.279823
v 0.142787 -0.023957 0.287490
v 0.181119 -0.037374 0.274074
v 0.169619 -0.037374 0.274074
v 0.167702 -0.031624 0.274074
v 0.167702 -0.033540 0.274074
v 0.167702 -0.035457 0.274074
v 0.179202 -0.033540 0.289406
v 0.179202 -0.035457 0.283657
v 0.169619 -0.033540 0.289406
v 0.169619 -0.035457 0.283657
v 0.167702 -0.031624 0.281740
v 0.167702 -0.033540 0.281740
v 0.163869 -0.033540 0.281740
v 0.163869 -0.037374 0.281740
v 0.167702 -0.035457 0.283657
v 0.167702 -0.035457 0.289406
v 0.154286 -0.035457 0.287490
v 0.163869 -0.039290 0.281740
v 0.158119 -0.039290 0.281740
v 0.158119 -0.043123 0.281740
v 0.163869 -0.041207 0.283657
v 0.163869 -0.041207 0.287490
v 0.165786 -0.033540 0.293239
v 0.158119 -0.035457 0.293239
v 0.160036 -0.037374 0.293239
v 0.156203 -0.035457 0.291323
v 0.163869 -0.039290 0.291323
v 0.154286 -0.045040 0.293239
v 0.158119 -0.046957 0.281740
v 0.158119 -0.048873 0.283657
v 0.158119 -0.048873 0.287490
v 0.156203 -0.046957 0.291323
v 0.140870 -0.033540 0.287490
v 0.140870 -0.037374 0.287490
v 0.144703 -0.043123 0.279823
v 0.148536 -0.039290 0.289406
v 0.137037 -0.043123 0.287490
v 0.150453 -0.041207 0.291323
v 0.150453 -0.041207 0.293239
v 0.138953 -0.045040 0.291323
v 0.137037 -0.043123 0.291323
v 0.144703 -0.046957 0.281740
v 0.144703 -0.050790 0.281740
v 0.144703 -0.050790 0.283657
v 0.144703 -0.050790 0.287490
v 0.140870 -0.046957 0.293239
v 0.142787 -0.050790 0.291323
v 0.092955 -0.023957 0.287490
v 0.096788 -0.031624 0.279823
v 0.092955 -0.033540 0.287490
v 0.092955 -0.037374 0.287490
v 0.096788 -0.043123 0.279823
v 0.092955 -0.045040 0.291323
v 0.096788 -0.046957 0.281740
v 0.096788 -0.050790 0.281740
v 0.096788 -0.052706 0.283657
v 0.096788 -0.052706 0.287490
v 0.092955 -0.046957 0.291323
v 0.094872 -0.050790 0.291323
v 0.091038 -0.043123 0.287490
v 0.091038 -0.043123 0.291323
v 0.240533 -0.023957 0.463817
v 0.227117 -0.023957 0.463817
v 0.213701 -0.023957 0.463817
v 0.200284 -0.023957 0.463817
v 0.186868 -0.022041 0.465733
v 0.240533 -0.033540 0.461900
v 0.240533 -0.041207 0.461900
v 0.227117 -0.033540 0.461900
v 0.227117 -0.041207 0.461900
v 0.240533 -0.043123 0.484899
v 0.240533 -0.045040 0.482983
v 0.227117 -0.043123 0.484899
v 0.227117 -0.045040 0.482983
v 0.215617 -0.043123 0.484899
v 0.215617 -0.045040 0.482983
v 0.240533 -0.048873 0.461900
v 0.240533 -0.050790 0.463817
v 0.227117 -0.048873 0.461900
v 0.227117 -0.050790 0.463817
v 0.240533 -0.050790 0.475316
v 0.240533 -0.048873 0.482983
v 0.227117 -0.050790 0.475316
v 0.227117 -0.048873 0.482983
v 0.215617 -0.048873 0.482983
v 0.213701 -0.033540 0.461900
v 0.200284 -0.033540 0.461900
v 0.213701 -0.041207 0.461900
v 0.200284 -0.041207 0.461900
v 0.188785 -0.033540 0.461900
v 0.188785 -0.041207 0.461900
v 0.209867 -0.041207 0.484899
v 0.207951 -0.043123 0.482983
v 0.204118 -0.039290 0.484899
v 0.202201 -0.043123 0.482983
v 0.188785 -0.039290 0.484899
v 0.188785 -0.043123 0.482983
v 0.213701 -0.048873 0.461900
v 0.213701 -0.050790 0.463817
v 0.202201 -0.048873 0.461900
v 0.202201 -0.050790 0.463817
v 0.188785 -0.048873 0.461900
v 0.188785 -0.050790 0.463817
v 0.213701 -0.050790 0.475316
v 0.207951 -0.050790 0.475316
v 0.202201 -0.050790 0.475316
v 0.207951 -0.048873 0.482983
v 0.202201 -0.048873 0.482983
v 0.188785 -0.050790 0.475316
v 0.188785 -0.048873 0.482983
v 0.175369 -0.022041 0.465733
v 0.167702 -0.022041 0.465733
v 0.158119 -0.022041 0.465733
v 0.148536 -0.022041 0.465733
v 0.133204 -0.022041 0.465733
v 0.175369 -0.033540 0.461900
v 0.175369 -0.041207 0.461900
v 0.167702 -0.033540 0.461900
v 0.158119 -0.033540 0.461900
v 0.167702 -0.041207 0.461900
v 0.158119 -0.041207 0.461900
v 0.173452 -0.039290 0.484899
v 0.173452 -0.043123 0.482983
v 0.167702 -0.041207 0.484899
v 0.167702 -0.043123 0.482983
v 0.160036 -0.043123 0.484899
v 0.160036 -0.045040 0.482983
v 0.175369 -0.048873 0.461900
v 0.175369 -0.050790 0.463817
v 0.167702 -0.048873 0.461900
v 0.167702 -0.050790 0.463817
v 0.158119 -0.048873 0.461900
v 0.158119 -0.050790 0.463817
v 0.175369 -0.050790 0.475316
v 0.173452 -0.048873 0.482983
v 0.167702 -0.050790 0.475316
v 0.158119 -0.050790 0.475316
v 0.167702 -0.048873 0.482983
v 0.160036 -0.048873 0.482983
v 0.146620 -0.033540 0.461900
v 0.146620 -0.041207 0.461900
v 0.133204 -0.033540 0.461900
v 0.133204 -0.041207 0.461900
v 0.148536 -0.043123 0.484899
v 0.148536 -0.045040 0.482983
v 0.135120 -0.045040 0.482983
v 0.133204 -0.043123 0.484899
v 0.148536 -0.048873 0.461900
v 0.148536 -0.050790 0.463817
v 0.133204 -0.048873 0.461900
v 0.133204 -0.050790 0.463817
v 0.148536 -0.050790 0.475316
v 0.148536 -0.048873 0.482983
v 0.133204 -0.050790 0.475316
v 0.133204 -0.048873 0.482983
v 0.117871 -0.022041 0.465733
v 0.112121 -0.022041 0.465733
v 0.106371 -0.022041 0.465733
v 0.102538 -0.022041 0.465733
v 0.096788 -0.022041 0.465733
v 0.071872 -0.022041 0.465733
v 0.117871 -0.033540 0.461900
v 0.112121 -0.033540 0.461900
v 0.117871 -0.041207 0.461900
v 0.112121 -0.041207 0.461900
v 0.106371 -0.033540 0.461900
v 0.102538 -0.033540 0.461900
v 0.096788 -0.033540 0.461900
v 0.106371 -0.041207 0.461900
v 0.102538 -0.041207 0.461900
v 0.096788 -0.041207 0.461900
v 0.115954 -0.041207 0.484899
v 0.121704 -0.043123 0.484899
v 0.121704 -0.045040 0.482983
v 0.115954 -0.043123 0.482983
v 0.112121 -0.041207 0.482983
v 0.110204 -0.039290 0.484899
v 0.110204 -0.043123 0.482983
v 0.102538 -0.039290 0.484899
v 0.102538 -0.043123 0.482983
v 0.096788 -0.039290 0.484899
v 0.096788 -0.043123 0.482983
v 0.117871 -0.048873 0.461900
v 0.119787 -0.050790 0.463817
v 0.112121 -0.048873 0.461900
v 0.108288 -0.048873 0.461900
v 0.114038 -0.050790 0.463817
v 0.108288 -0.050790 0.463817
v 0.102538 -0.048873 0.461900
v 0.104455 -0.050790 0.463817
v 0.096788 -0.048873 0.461900
v 0.096788 -0.050790 0.463817
v 0.119787 -0.050790 0.475316
v 0.114038 -0.050790 0.475316
v 0.108288 -0.050790 0.475316
v 0.121704 -0.048873 0.482983
v 0.115954 -0.048873 0.482983
v 0.110204 -0.048873 0.482983
v 0.102538 -0.050790 0.475316
v 0.096788 -0.050790 0.475316
v 0.102538 -0.048873 0.482983
v 0.096788 -0.048873 0.482983
v 0.071872 -0.033540 0.461900
v 0.071872 -0.041207 0.461900
v 0.071872 -0.039290 0.484899
v 0.071872 -0.043123 0.482983
v 0.071872 -0.048873 0.461900
v 0.071872 -0.050790 0.463817
v 0.071872 -0.050790 0.475316
v 0.071872 -0.048873 0.482983
v 0.048873 -0.022041 0.465733
v 0.022041 -0.022041 0.465733
v 0.012458 -0.022041 0.465733
v 0.048873 -0.033540 0.461900
v 0.048873 -0.041207 0.461900
v 0.048873 -0.039290 0.484899
v 0.048873 -0.043123 0.482983
v 0.048873 -0.048873 0.461900
v 0.048873 -0.050790 0.463817
v 0.048873 -0.050790 0.475316
v 0.048873 -0.046957 0.482983
v 0.022041 -0.033540 0.461900
v 0.022041 -0.041207 0.461900
v 0.012458 -0.033540 0.461900
v 0.012458 -0.041207 0.461900
v 0.022041 -0.039290 0.484899
v 0.022041 -0.043123 0.482983
v 0.012458 -0.039290 0.484899
v 0.012458 -0.043123 0.482983
v 0.022041 -0.048873 0.461900
v 0.022041 -0.050790 0.463817
v 0.012458 -0.048873 0.461900
v 0.012458 -0.050790 0.463817
v 0.022041 -0.050790 0.475316
v 0.022041 -0.046957 0.482983
v 0.012458 -0.050790 0.475316
v 0.012458 -0.046957 0.482983
v -0.000958 -0.056540 0.032582
v -0.000958 -0.056540 0.049832
v -0.098705 -0.056540 0.032582
v -0.098705 -0.056540 0.049832
v -0.000958 -0.085289 0.026832
v -0.000958 -0.089122 0.026832
v -0.000958 -0.077622 0.032582
v -0.000958 -0.081455 0.030666
v -0.000958 -0.079539 0.049832
v -0.000958 -0.098705 0.026832
v -0.000958 -0.110204 0.026832
v -0.000958 -0.114038 0.026832
v -0.000958 -0.096788 0.051748
v -0.000958 -0.115954 0.030666
v -0.000958 -0.119787 0.032582
v -0.000958 -0.114038 0.051748
v -0.000958 -0.121704 0.049832
v -0.098705 -0.085289 0.026832
v -0.098705 -0.089122 0.026832
v -0.098705 -0.077622 0.032582
v -0.098705 -0.081455 0.030666
v -0.098705 -0.079539 0.049832
v -0.098705 -0.098705 0.026832
v -0.098705 -0.110204 0.026832
v -0.098705 -0.114038 0.026832
v -0.098705 -0.096788 0.051748
v -0.098705 -0.115954 0.030666
v -0.098705 -0.119787 0.032582
v -0.098705 -0.114038 0.051748
v -0.098705 -0.121704 0.049832
v -0.150453 -0.056540 0.032582
v -0.150453 -0.056540 0.049832
v -0.171536 -0.056540 0.032582
v -0.175369 -0.048873 0.051748
v -0.177285 -0.046957 0.055581
v -0.171536 -0.056540 0.049832
v -0.175369 -0.056540 0.053665
v -0.175369 -0.056540 0.057498
v -0.175369 -0.058456 0.055581
v -0.177285 -0.054623 0.055581
v -0.177285 -0.054623 0.059415
v -0.177285 -0.060373 0.057498
v -0.188785 -0.056540 0.032582
v -0.202201 -0.056540 0.032582
v -0.186868 -0.046957 0.055581
v -0.186868 -0.052706 0.057498
v -0.198368 -0.046957 0.055581
v -0.186868 -0.054623 0.059415
v -0.186868 -0.060373 0.057498
v -0.198368 -0.054623 0.055581
v -0.198368 -0.054623 0.059415
v -0.198368 -0.060373 0.057498
v -0.200284 -0.048873 0.051748
v -0.202201 -0.056540 0.049832
v -0.200284 -0.056540 0.053665
v -0.200284 -0.056540 0.057498
v -0.200284 -0.058456 0.055581
v -0.217534 -0.056540 0.032582
v -0.230950 -0.056540 0.032582
v -0.234783 -0.056540 0.032582
v -0.240533 -0.054623 0.032582
v -0.217534 -0.056540 0.049832
v -0.230950 -0.056540 0.049832
v -0.234783 -0.056540 0.049832
v -0.240533 -0.054623 0.049832
v -0.148536 -0.085289 0.026832
v -0.146620 -0.089122 0.026832
v -0.158119 -0.091038 0.026832
v -0.161953 -0.089122 0.026832
v -0.150453 -0.077622 0.032582
v -0.150453 -0.081455 0.030666
v -0.150453 -0.079539 0.049832
v -0.177285 -0.062289 0.051748
v -0.165786 -0.087205 0.030666
v -0.171536 -0.079539 0.032582
v -0.171536 -0.077622 0.049832
v -0.146620 -0.098705 0.026832
v -0.146620 -0.110204 0.026832
v -0.148536 -0.114038 0.026832
v -0.160036 -0.098705 0.026832
v -0.165786 -0.098705 0.026832
v -0.158119 -0.108288 0.026832
v -0.161953 -0.110204 0.026832
v -0.152370 -0.096788 0.051748
v -0.150453 -0.115954 0.030666
v -0.150453 -0.119787 0.032582
v -0.152370 -0.114038 0.051748
v -0.152370 -0.121704 0.049832
v -0.169619 -0.098705 0.030666
v -0.177285 -0.098705 0.032582
v -0.171536 -0.096788 0.051748
v -0.165786 -0.112121 0.030666
v -0.171536 -0.115954 0.032582
v -0.171536 -0.114038 0.051748
v -0.171536 -0.121704 0.049832
v -0.206034 -0.089122 0.005750
v -0.213701 -0.091038 0.005750
v -0.200284 -0.091038 0.011500
v -0.207951 -0.087205 0.011500
v -0.202201 -0.091038 0.017249
v -0.211784 -0.087205 0.017249
v -0.217534 -0.089122 0.011500
v -0.219450 -0.089122 0.017249
v -0.215617 -0.089122 0.022999
v -0.217534 -0.089122 0.028749
v -0.223284 -0.091038 0.022999
v -0.225200 -0.091038 0.028749
v -0.186868 -0.064206 0.051748
v -0.198368 -0.062289 0.051748
v -0.188785 -0.079539 0.032582
v -0.202201 -0.079539 0.032582
v -0.209867 -0.089122 0.030666
v -0.188785 -0.079539 0.049832
v -0.202201 -0.077622 0.049832
v -0.217534 -0.077622 0.032582
v -0.219450 -0.085289 0.030666
v -0.227117 -0.089122 0.030666
v -0.230950 -0.079539 0.032582
v -0.234783 -0.079539 0.032582
v -0.240533 -0.077622 0.032582
v -0.217534 -0.077622 0.051748
v -0.230950 -0.077622 0.049832
v -0.234783 -0.077622 0.049832
v -0.240533 -0.077622 0.049832
v -0.198368 -0.100621 0.005750
v -0.196451 -0.100621 0.011500
v -0.202201 -0.094872 0.001917
v -0.206034 -0.092955 0.000000
v -0.200284 -0.092955 0.005750
v -0.206034 -0.098705 0.000000
v -0.209867 -0.092955 0.001917
v -0.211784 -0.098705 0.000000
v -0.202201 -0.100621 0.000000
v -0.202201 -0.106371 0.001917
v -0.207951 -0.106371 0.000000
v -0.211784 -0.104455 0.001917
v -0.198368 -0.100621 0.017249
v -0.207951 -0.092955 0.022999
v -0.211784 -0.092955 0.028749
v -0.204118 -0.100621 0.022999
v -0.207951 -0.100621 0.028749
v -0.202201 -0.108288 0.005750
v -0.207951 -0.110204 0.005750
v -0.200284 -0.110204 0.011500
v -0.209867 -0.112121 0.011500
v -0.202201 -0.110204 0.017249
v -0.211784 -0.112121 0.017249
v -0.206034 -0.108288 0.022999
v -0.209867 -0.108288 0.028749
v -0.215617 -0.098705 0.005750
v -0.221367 -0.098705 0.011500
v -0.215617 -0.106371 0.005750
v -0.223284 -0.098705 0.017249
v -0.225200 -0.098705 0.022999
v -0.227117 -0.098705 0.028749
v -0.219450 -0.108288 0.011500
v -0.221367 -0.108288 0.017249
v -0.215617 -0.110204 0.022999
v -0.217534 -0.110204 0.028749
v -0.223284 -0.108288 0.022999
v -0.225200 -0.108288 0.028749
v -0.188785 -0.098705 0.032582
v -0.200284 -0.098705 0.032582
v -0.206034 -0.098705 0.030666
v -0.188785 -0.096788 0.051748
v -0.202201 -0.096788 0.051748
v -0.188785 -0.115954 0.032582
v -0.209867 -0.110204 0.030666
v -0.202201 -0.115954 0.032582
v -0.188785 -0.114038 0.051748
v -0.188785 -0.121704 0.049832
v -0.202201 -0.114038 0.051748
v -0.202201 -0.121704 0.049832
v -0.229033 -0.098705 0.030666
v -0.232867 -0.098705 0.032582
v -0.236700 -0.098705 0.032582
v -0.240533 -0.096788 0.032582
v -0.217534 -0.096788 0.051748
v -0.230950 -0.096788 0.051748
v -0.234783 -0.096788 0.051748
v -0.240533 -0.094872 0.049832
v -0.217534 -0.114038 0.030666
v -0.227117 -0.110204 0.030666
v -0.217534 -0.117871 0.032582
v -0.240533 -0.114038 0.032582
v -0.230950 -0.115954 0.032582
v -0.234783 -0.115954 0.032582
v -0.217534 -0.114038 0.051748
v -0.217534 -0.121704 0.049832
v -0.229033 -0.121704 0.049832
v -0.230950 -0.114038 0.051748
v -0.234783 -0.114038 0.051748
v -0.240533 -0.112121 0.049832
v -0.234783 -0.121704 0.049832
v -0.240533 -0.119787 0.049832
v -0.000958 -0.125537 0.034499
v -0.000958 -0.127454 0.036415
v -0.000958 -0.129370 0.042165
v -0.000958 -0.125537 0.049832
v -0.000958 -0.127454 0.047915
v -0.098705 -0.125537 0.034499
v -0.098705 -0.127454 0.036415
v -0.098705 -0.129370 0.042165
v -0.098705 -0.125537 0.049832
v -0.098705 -0.127454 0.047915
v -0.152370 -0.125537 0.034499
v -0.152370 -0.127454 0.036415
v -0.152370 -0.129370 0.042165
v -0.152370 -0.125537 0.049832
v -0.152370 -0.127454 0.047915
v -0.171536 -0.125537 0.034499
v -0.171536 -0.127454 0.036415
v -0.171536 -0.129370 0.042165
v -0.171536 -0.125537 0.049832
v -0.171536 -0.127454 0.047915
v -0.188785 -0.125537 0.034499
v -0.188785 -0.127454 0.036415
v -0.188785 -0.129370 0.042165
v -0.202201 -0.125537 0.034499
v -0.202201 -0.127454 0.036415
v -0.202201 -0.129370 0.042165
v -0.188785 -0.125537 0.049832
v -0.188785 -0.127454 0.047915
v -0.202201 -0.125537 0.049832
v -0.202201 -0.127454 0.047915
v -0.217534 -0.125537 0.034499
v -0.217534 -0.127454 0.036415
v -0.229033 -0.125537 0.034499
v -0.229033 -0.127454 0.036415
v -0.217534 -0.129370 0.042165
v -0.229033 -0.129370 0.042165
v -0.234783 -0.125537 0.034499
v -0.234783 -0.127454 0.036415
v -0.240533 -0.123621 0.034499
v -0.240533 -0.125537 0.036415
v -0.234783 -0.129370 0.042165
v -0.240533 -0.125537 0.042165
v -0.217534 -0.125537 0.049832
v -0.217534 -0.127454 0.047915
v -0.229033 -0.125537 0.049832
v -0.229033 -0.127454 0.047915
v -0.234783 -0.125537 0.049832
v -0.234783 -0.127454 0.047915
v -0.240533 -0.125537 0.047915
v -0.240533 -0.123621 0.049832
v -0.250116 -0.052706 0.036415
v -0.250116 -0.052706 0.042165
v -0.248199 -0.054623 0.034499
v -0.250116 -0.052706 0.047915
v -0.248199 -0.054623 0.049832
v -0.248199 -0.075706 0.034499
v -0.250116 -0.075706 0.036415
v -0.250116 -0.073789 0.042165
v -0.250116 -0.075706 0.047915
v -0.248199 -0.075706 0.049832
v -0.248199 -0.092955 0.034499
v -0.250116 -0.092955 0.036415
v -0.250116 -0.092955 0.042165
v -0.250116 -0.092955 0.047915
v -0.248199 -0.092955 0.049832
v -0.248199 -0.110204 0.034499
v -0.250116 -0.108288 0.036415
v -0.250116 -0.108288 0.042165
v -0.248199 -0.117871 0.036415
v -0.246283 -0.121704 0.036415
v -0.250116 -0.115954 0.042165
v -0.248199 -0.119787 0.042165
v -0.250116 -0.108288 0.047915
v -0.248199 -0.108288 0.049832
v -0.246283 -0.114038 0.049832
v -0.248199 -0.117871 0.047915
v -0.246283 -0.121704 0.047915
v -0.000958 -0.023957 0.287490
v -0.000958 -0.031624 0.279823
v -0.000958 -0.035457 0.287490
v -0.000958 -0.037374 0.287490
v -0.000958 -0.043123 0.279823
v -0.000958 -0.043123 0.287490
v -0.000958 -0.043123 0.291323
v -0.000958 -0.045040 0.291323
v -0.000958 -0.046957 0.279823
v -0.000958 -0.050790 0.281740
v -0.000958 -0.052706 0.283657
v -0.000958 -0.052706 0.287490
v -0.000958 -0.048873 0.291323
v -0.000958 -0.050790 0.291323
v -0.092955 -0.023957 0.287490
v -0.091038 -0.043123 0.287490
v -0.091038 -0.043123 0.291323
v -0.096788 -0.031624 0.279823
v -0.092955 -0.033540 0.287490
v -0.092955 -0.037374 0.287490
v -0.096788 -0.043123 0.279823
v -0.092955 -0.045040 0.291323
v -0.096788 -0.046957 0.281740
v -0.096788 -0.050790 0.281740
v -0.096788 -0.052706 0.283657
v -0.096788 -0.052706 0.287490
v -0.092955 -0.046957 0.291323
v -0.094872 -0.050790 0.291323
v -0.171536 -0.029707 0.274074
v -0.181119 -0.029707 0.274074
v -0.146620 -0.029707 0.279823
v -0.142787 -0.023957 0.287490
v -0.158119 -0.020124 0.287490
v -0.158119 -0.029707 0.281740
v -0.163869 -0.023957 0.281740
v -0.156203 -0.029707 0.287490
v -0.167702 -0.029707 0.283657
v -0.169619 -0.018208 0.283657
v -0.179202 -0.018208 0.283657
v -0.169619 -0.029707 0.281740
v -0.181119 -0.027791 0.279823
v -0.169619 -0.025874 0.283657
v -0.169619 -0.027791 0.283657
v -0.179202 -0.023957 0.283657
v -0.179202 -0.027791 0.283657
v -0.160036 -0.020124 0.291323
v -0.161953 -0.020124 0.293239
v -0.167702 -0.022041 0.295156
v -0.158119 -0.027791 0.291323
v -0.160036 -0.027791 0.293239
v -0.163869 -0.029707 0.295156
v -0.179202 -0.020124 0.295156
v -0.169619 -0.029707 0.293239
v -0.179202 -0.027791 0.293239
v -0.167702 -0.031624 0.274074
v -0.167702 -0.033540 0.274074
v -0.167702 -0.035457 0.274074
v -0.169619 -0.037374 0.274074
v -0.181119 -0.037374 0.274074
v -0.137037 -0.043123 0.287490
v -0.140870 -0.033540 0.287490
v -0.140870 -0.037374 0.287490
v -0.144703 -0.043123 0.279823
v -0.148536 -0.039290 0.289406
v -0.137037 -0.043123 0.291323
v -0.138953 -0.045040 0.291323
v -0.150453 -0.041207 0.291323
v -0.150453 -0.041207 0.293239
v -0.144703 -0.046957 0.281740
v -0.144703 -0.050790 0.281740
v -0.144703 -0.050790 0.283657
v -0.144703 -0.050790 0.287490
v -0.140870 -0.046957 0.293239
v -0.142787 -0.050790 0.291323
v -0.163869 -0.033540 0.281740
v -0.167702 -0.031624 0.281740
v -0.167702 -0.033540 0.281740
v -0.163869 -0.037374 0.281740
v -0.154286 -0.035457 0.287490
v -0.167702 -0.035457 0.283657
v -0.167702 -0.035457 0.289406
v -0.158119 -0.039290 0.281740
v -0.158119 -0.043123 0.281740
v -0.163869 -0.039290 0.281740
v -0.163869 -0.041207 0.283657
v -0.163869 -0.041207 0.287490
v -0.169619 -0.033540 0.289406
v -0.169619 -0.035457 0.283657
v -0.179202 -0.033540 0.289406
v -0.179202 -0.035457 0.283657
v -0.156203 -0.035457 0.291323
v -0.158119 -0.035457 0.293239
v -0.160036 -0.037374 0.293239
v -0.165786 -0.033540 0.293239
v -0.154286 -0.045040 0.293239
v -0.163869 -0.039290 0.291323
v -0.158119 -0.046957 0.281740
v -0.158119 -0.048873 0.283657
v -0.158119 -0.048873 0.287490
v -0.156203 -0.046957 0.291323
v -0.190701 -0.029707 0.274074
v -0.190701 -0.018208 0.285573
v -0.192618 -0.018208 0.287490
v -0.192618 -0.018208 0.289406
v -0.190701 -0.029707 0.281740
v -0.190701 -0.025874 0.285573
v -0.190701 -0.027791 0.283657
v -0.192618 -0.025874 0.287490
v -0.192618 -0.025874 0.289406
v -0.192618 -0.029707 0.285573
v -0.192618 -0.029707 0.287490
v -0.190701 -0.018208 0.293239
v -0.192618 -0.018208 0.293239
v -0.190701 -0.027791 0.293239
v -0.192618 -0.027791 0.291323
v -0.190701 -0.037374 0.274074
v -0.192618 -0.031624 0.274074
v -0.192618 -0.033540 0.274074
v -0.192618 -0.035457 0.274074
v -0.192618 -0.031624 0.281740
v -0.190701 -0.033540 0.289406
v -0.190701 -0.035457 0.283657
v -0.192618 -0.033540 0.283657
v -0.192618 -0.031624 0.289406
v -0.010541 -0.023957 0.463817
v -0.020124 -0.023957 0.463817
v -0.046957 -0.023957 0.463817
v -0.010541 -0.033540 0.461900
v -0.010541 -0.041207 0.461900
v -0.020124 -0.033540 0.461900
v -0.020124 -0.041207 0.461900
v -0.010541 -0.039290 0.484899
v -0.010541 -0.043123 0.482983
v -0.020124 -0.039290 0.484899
v -0.020124 -0.043123 0.482983
v -0.010541 -0.048873 0.461900
v -0.010541 -0.050790 0.463817
v -0.020124 -0.048873 0.461900
v -0.020124 -0.050790 0.463817
v -0.010541 -0.050790 0.475316
v -0.010541 -0.046957 0.482983
v -0.020124 -0.050790 0.475316
v -0.020124 -0.046957 0.482983
v -0.046957 -0.033540 0.461900
v -0.046957 -0.041207 0.461900
v -0.046957 -0.039290 0.484899
v -0.046957 -0.043123 0.482983
v -0.046957 -0.048873 0.461900
v -0.046957 -0.050790 0.463817
v -0.046957 -0.050790 0.475316
v -0.046957 -0.046957 0.482983
v -0.081455 -0.023957 0.463817
v -0.121704 -0.023957 0.463817
v -0.081455 -0.033540 0.461900
v -0.081455 -0.041207 0.461900
v -0.081455 -0.039290 0.484899
v -0.081455 -0.043123 0.482983
v -0.081455 -0.048873 0.461900
v -0.081455 -0.050790 0.463817
v -0.081455 -0.050790 0.475316
v -0.081455 -0.046957 0.482983
v -0.121704 -0.033540 0.461900
v -0.121704 -0.041207 0.461900
v -0.119787 -0.039290 0.484899
v -0.121704 -0.043123 0.482983
v -0.121704 -0.048873 0.461900
v -0.121704 -0.050790 0.463817
v -0.121704 -0.050790 0.475316
v -0.121704 -0.046957 0.482983
v -0.156203 -0.023957 0.463817
v -0.169619 -0.023957 0.463817
v -0.179202 -0.023957 0.463817
v -0.156203 -0.033540 0.461900
v -0.156203 -0.041207 0.461900
v -0.169619 -0.033540 0.461900
v -0.169619 -0.041207 0.461900
v -0.156203 -0.039290 0.484899
v -0.156203 -0.043123 0.482983
v -0.169619 -0.039290 0.484899
v -0.169619 -0.043123 0.482983
v -0.183035 -0.039290 0.484899
v -0.183035 -0.043123 0.482983
v -0.156203 -0.048873 0.461900
v -0.156203 -0.050790 0.463817
v -0.169619 -0.048873 0.461900
v -0.169619 -0.050790 0.463817
v -0.156203 -0.050790 0.475316
v -0.156203 -0.046957 0.482983
v -0.169619 -0.050790 0.475316
v -0.169619 -0.046957 0.482983
v -0.190701 -0.023957 0.463817
v -0.204118 -0.023957 0.463817
v -0.244366 -0.023958 0.463817
v -0.184952 -0.033540 0.461900
v -0.184952 -0.041207 0.461900
v -0.204118 -0.033540 0.461900
v -0.202201 -0.041207 0.461900
v -0.202201 -0.039290 0.484899
v -0.202201 -0.043123 0.482983
v -0.184952 -0.048873 0.461900
v -0.184952 -0.050790 0.463817
v -0.202201 -0.048873 0.461900
v -0.202201 -0.050790 0.463817
v -0.184952 -0.050790 0.475316
v -0.184952 -0.046957 0.482983
v -0.202201 -0.050790 0.475316
v -0.202201 -0.048873 0.482983
v -0.265449 -0.023958 0.463817
v -0.288448 -0.023958 0.463817
v -0.246283 -0.033540 0.461900
v -0.246283 -0.041207 0.461900
v -0.267365 -0.033540 0.461900
v -0.263532 -0.041207 0.461900
v -0.246283 -0.039290 0.484899
v -0.246283 -0.043123 0.482983
v -0.259699 -0.039290 0.484899
v -0.259699 -0.043123 0.482983
v -0.246283 -0.048873 0.461900
v -0.246283 -0.050790 0.463817
v -0.261616 -0.048873 0.461900
v -0.261616 -0.050790 0.463817
v -0.246283 -0.050790 0.475316
v -0.246283 -0.048873 0.482983
v -0.261616 -0.050790 0.475316
v -0.261616 -0.046957 0.482983
v -0.290365 -0.033540 0.461900
v -0.290365 -0.041207 0.461900
v -0.290365 -0.039290 0.484899
v -0.290365 -0.043123 0.482983
v -0.290365 -0.050790 0.463817
v -0.292281 -0.048873 0.461900
v -0.290365 -0.050790 0.475316
v -0.290365 -0.046957 0.482983
v -0.328697 -0.023958 0.463817
v -0.367028 -0.023958 0.463817
v -0.330613 -0.033540 0.461900
v -0.330613 -0.041207 0.461900
v -0.330613 -0.039290 0.484899
v -0.330613 -0.043123 0.482983
v -0.330613 -0.048873 0.461900
v -0.330613 -0.050790 0.463817
v -0.330613 -0.050790 0.475316
v -0.330613 -0.046957 0.482983
v -0.393861 -0.023958 0.463817
v -0.414943 -0.023958 0.463817
v -0.370862 -0.033541 0.461900
v -0.370862 -0.041207 0.461900
v -0.395777 -0.033541 0.461900
v -0.397694 -0.041207 0.461900
v -0.368945 -0.039290 0.484899
v -0.368945 -0.043123 0.482983
v -0.395777 -0.039290 0.484899
v -0.395777 -0.043123 0.482983
v -0.370862 -0.048873 0.461900
v -0.370862 -0.050790 0.463817
v -0.397694 -0.048873 0.461900
v -0.397694 -0.050790 0.463817
v -0.368945 -0.050790 0.475316
v -0.368945 -0.046957 0.482983
v -0.395777 -0.050790 0.475316
v -0.395777 -0.046957 0.482983
v -0.418777 -0.033541 0.461900
v -0.418777 -0.041207 0.461900
v -0.416860 -0.039290 0.484899
v -0.416860 -0.043123 0.482983
v -0.418777 -0.048873 0.461900
v -0.418777 -0.050790 0.463817
v -0.416860 -0.050790 0.475316
v -0.416860 -0.046957 0.482983
v -0.430276 -0.023958 0.463817
v -0.437943 -0.023958 0.465733
v -0.443692 -0.023958 0.467650
v -0.445609 -0.023958 0.473400
v -0.445609 -0.023958 0.479149
v -0.432193 -0.033541 0.461900
v -0.441776 -0.033541 0.461900
v -0.434109 -0.041207 0.461900
v -0.441776 -0.041207 0.461900
v -0.445609 -0.033541 0.465733
v -0.449442 -0.031624 0.469566
v -0.447526 -0.041207 0.463817
v -0.449442 -0.039290 0.469566
v -0.430276 -0.039290 0.484899
v -0.430276 -0.043123 0.482983
v -0.437943 -0.039290 0.484899
v -0.439859 -0.039290 0.484899
v -0.439859 -0.039290 0.488732
v -0.437943 -0.043123 0.482983
v -0.439859 -0.043123 0.484899
v -0.439859 -0.043123 0.488732
v -0.449442 -0.031624 0.477233
v -0.449442 -0.039290 0.475316
v -0.434109 -0.048873 0.461900
v -0.432193 -0.050790 0.463817
v -0.441776 -0.048873 0.461900
v -0.441776 -0.050790 0.463817
v -0.447526 -0.046957 0.465733
v -0.449442 -0.046957 0.469566
v -0.449442 -0.048873 0.471483
v -0.445609 -0.050790 0.467650
v -0.430276 -0.050790 0.475316
v -0.441776 -0.048873 0.481066
v -0.437943 -0.050790 0.477233
v -0.441776 -0.050790 0.479149
v -0.430276 -0.046957 0.482983
v -0.437943 -0.046957 0.482983
v -0.439859 -0.046957 0.484899
v -0.439859 -0.046957 0.488732
v -0.441776 -0.048873 0.486816
v -0.449442 -0.046957 0.475316
v -0.449442 -0.048873 0.477233
v 0.445609 -0.023957 0.492566
v 0.445609 -0.023957 0.513648
v 0.445609 -0.023957 0.538564
v 0.449442 -0.031624 0.490649
v 0.449442 -0.039290 0.490649
v 0.439859 -0.039290 0.500232
v 0.439859 -0.043123 0.500232
v 0.449442 -0.031624 0.511732
v 0.449442 -0.039290 0.509815
v 0.449442 -0.045040 0.509815
v 0.439859 -0.039290 0.515565
v 0.439859 -0.043123 0.515565
v 0.449442 -0.046957 0.490649
v 0.449442 -0.048873 0.490649
v 0.441776 -0.048873 0.498315
v 0.439859 -0.046957 0.500232
v 0.449442 -0.048873 0.511732
v 0.441776 -0.048873 0.515565
v 0.439859 -0.046957 0.515565
v 0.449442 -0.031624 0.536647
v 0.449442 -0.031624 0.550064
v 0.449442 -0.039290 0.536647
v 0.449442 -0.045040 0.536647
v 0.449442 -0.039290 0.548147
v 0.449442 -0.045040 0.548147
v 0.439859 -0.039290 0.536647
v 0.439859 -0.043123 0.536647
v 0.439859 -0.043123 0.550064
v 0.449442 -0.048873 0.536647
v 0.449442 -0.048873 0.548147
v 0.441776 -0.048873 0.536647
v 0.439859 -0.046957 0.536647
v 0.441776 -0.048873 0.550064
v 0.439859 -0.046957 0.550064
v 0.445609 -0.023957 0.551980
v 0.445609 -0.023957 0.567313
v 0.445609 -0.023957 0.590312
v 0.445609 -0.023957 0.603728
v 0.449442 -0.031624 0.565396
v 0.449442 -0.039290 0.565396
v 0.449442 -0.045040 0.565396
v 0.439859 -0.039290 0.551980
v 0.439859 -0.039290 0.565396
v 0.439859 -0.043123 0.565396
v 0.449442 -0.048873 0.565396
v 0.441776 -0.048873 0.565396
v 0.439859 -0.046957 0.565396
v 0.449442 -0.031624 0.590312
v 0.449442 -0.045040 0.588396
v 0.449442 -0.039290 0.590312
v 0.439859 -0.039290 0.590312
v 0.439859 -0.043123 0.590312
v 0.449442 -0.031624 0.601812
v 0.449442 -0.039290 0.601812
v 0.449442 -0.045040 0.601812
v 0.439859 -0.039290 0.603728
v 0.439859 -0.043123 0.603728
v 0.449442 -0.048873 0.588396
v 0.441776 -0.048873 0.590312
v 0.439859 -0.046957 0.590312
v 0.449442 -0.048873 0.601812
v 0.441776 -0.048873 0.603728
v 0.439859 -0.046957 0.603728
v 0.445609 -0.023957 0.628644
v 0.445609 -0.023957 0.655477
v 0.445609 -0.023957 0.665060
v 0.449442 -0.031624 0.628644
v 0.449442 -0.039290 0.628644
v 0.449442 -0.045040 0.628644
v 0.439859 -0.039290 0.628644
v 0.439859 -0.043123 0.628644
v 0.449442 -0.048873 0.628644
v 0.441776 -0.048873 0.628644
v 0.439859 -0.046957 0.628644
v 0.449442 -0.031624 0.653560
v 0.449442 -0.039290 0.653560
v 0.449442 -0.045040 0.653560
v 0.439859 -0.039290 0.653560
v 0.439859 -0.043123 0.653560
v 0.449442 -0.031624 0.663143
v 0.449442 -0.039290 0.663143
v 0.449442 -0.045040 0.663143
v 0.439859 -0.039290 0.663143
v 0.439859 -0.043123 0.663143
v 0.449442 -0.048873 0.653560
v 0.441776 -0.048873 0.653560
v 0.439859 -0.046957 0.653560
v 0.449442 -0.048873 0.663143
v 0.441776 -0.048873 0.663143
v 0.439859 -0.046957 0.663143
v 0.445609 -0.023957 0.684225
v 0.445609 -0.023957 0.709141
v 0.445609 -0.023957 0.720641
v 0.449442 -0.031624 0.682309
v 0.449442 -0.039290 0.682309
v 0.449442 -0.045040 0.682309
v 0.439859 -0.039290 0.682309
v 0.439859 -0.043123 0.682309
v 0.449442 -0.048873 0.682309
v 0.441776 -0.048873 0.682309
v 0.439859 -0.046957 0.682309
v 0.449442 -0.031624 0.709141
v 0.449442 -0.039290 0.709141
v 0.449442 -0.045040 0.709141
v 0.439859 -0.039290 0.709141
v 0.439859 -0.043123 0.709141
v 0.449442 -0.031624 0.720641
v 0.449442 -0.039290 0.720641
v 0.449442 -0.045040 0.720641
v 0.439859 -0.039290 0.720641
v 0.439859 -0.043123 0.720641
v 0.449442 -0.048873 0.709141
v 0.441776 -0.048873 0.709141
v 0.439859 -0.046957 0.709141
v 0.449442 -0.048873 0.720641
v 0.441776 -0.048873 0.720641
v 0.439859 -0.046957 0.720641
v 0.445609 -0.023957 0.737890
v 0.445609 -0.023957 0.774306
v 0.445609 -0.023957 0.783889
v 0.449442 -0.031624 0.737890
v 0.449442 -0.039290 0.737890
v 0.449442 -0.045040 0.737890
v 0.439859 -0.039290 0.737890
v 0.439859 -0.043123 0.737890
v 0.449442 -0.048873 0.737890
v 0.441776 -0.048873 0.737890
v 0.439859 -0.046957 0.737890
v 0.449442 -0.031624 0.774306
v 0.449442 -0.039290 0.774306
v 0.449442 -0.045040 0.774306
v 0.439859 -0.039290 0.774306
v 0.439859 -0.043123 0.774306
v 0.449442 -0.031624 0.783889
v 0.449442 -0.039290 0.783889
v 0.449442 -0.045040 0.783889
v 0.439859 -0.039290 0.783889
v 0.439859 -0.043123 0.783889
v 0.439859 -0.039290 0.795388
v 0.439859 -0.043123 0.795388
v 0.449442 -0.048873 0.774306
v 0.441776 -0.048873 0.774306
v 0.439859 -0.046957 0.774306
v 0.449442 -0.048873 0.783889
v 0.441776 -0.048873 0.783889
v 0.439859 -0.046957 0.783889
v 0.441776 -0.048873 0.795388
v 0.439859 -0.046957 0.795388
v 0.445609 -0.023957 0.797305
v 0.445609 -0.023957 0.810721
v 0.445609 -0.023957 0.824137
v 0.445609 -0.023957 0.833720
v 0.445609 -0.023957 0.845220
v 0.449442 -0.031624 0.797305
v 0.449442 -0.039290 0.797305
v 0.449442 -0.045040 0.797305
v 0.449442 -0.031624 0.812638
v 0.449442 -0.031624 0.824137
v 0.449442 -0.039290 0.812638
v 0.449442 -0.045040 0.812638
v 0.449442 -0.039290 0.824137
v 0.449442 -0.045040 0.824137
v 0.439859 -0.039290 0.812638
v 0.439859 -0.043123 0.812638
v 0.439859 -0.039290 0.824137
v 0.439859 -0.043123 0.824137
v 0.449442 -0.048873 0.797305
v 0.449442 -0.048873 0.812638
v 0.449442 -0.048873 0.824137
v 0.441776 -0.048873 0.812638
v 0.439859 -0.046957 0.812638
v 0.441776 -0.048873 0.824137
v 0.439859 -0.046957 0.824137
v 0.449442 -0.031624 0.835637
v 0.449442 -0.039290 0.835637
v 0.449442 -0.045040 0.835637
v 0.439859 -0.039290 0.835637
v 0.439859 -0.043123 0.835637
v 0.449442 -0.031624 0.845220
v 0.449442 -0.039290 0.847136
v 0.449442 -0.045040 0.847136
v 0.439859 -0.039290 0.845220
v 0.439859 -0.043123 0.845220
v 0.449442 -0.048873 0.835637
v 0.441776 -0.048873 0.835637
v 0.439859 -0.046957 0.835637
v 0.449442 -0.048873 0.847136
v 0.441776 -0.048873 0.845220
v 0.439859 -0.046957 0.845220
v 0.445609 -0.023957 0.872052
v 0.445609 -0.023957 0.898884
v 0.449442 -0.031624 0.873969
v 0.449442 -0.039290 0.873969
v 0.449442 -0.045040 0.873969
v 0.439859 -0.039290 0.873969
v 0.439859 -0.043123 0.873969
v 0.449442 -0.048873 0.873969
v 0.441776 -0.046957 0.873969
v 0.439859 -0.046957 0.873969
v 0.449442 -0.031624 0.902718
v 0.449442 -0.039290 0.902718
v 0.449442 -0.045040 0.902718
v 0.439859 -0.039290 0.900801
v 0.439859 -0.041207 0.900801
v 0.449442 -0.048873 0.902718
v 0.441776 -0.046957 0.900801
v 0.439859 -0.046957 0.900801
v 0.445609 -0.023957 0.929550
v 0.445609 -0.023957 0.952549
v 0.445609 -0.023957 0.962132
v 0.445609 -0.023957 0.969799
v 0.443692 -0.023957 0.973632
v 0.437943 -0.023957 0.975548
v 0.430276 -0.023957 0.975548
v 0.449442 -0.031624 0.931467
v 0.449442 -0.039290 0.931467
v 0.449442 -0.045040 0.931467
v 0.439859 -0.039290 0.927633
v 0.439859 -0.041207 0.927633
v 0.439859 -0.039290 0.946799
v 0.439859 -0.041207 0.946799
v 0.449442 -0.048873 0.931467
v 0.441776 -0.046957 0.927633
v 0.439859 -0.046957 0.927633
v 0.441776 -0.046957 0.946799
v 0.439859 -0.046957 0.946799
v 0.449442 -0.031624 0.954466
v 0.449442 -0.039290 0.954466
v 0.449442 -0.045040 0.954466
v 0.439859 -0.039290 0.956382
v 0.439859 -0.041207 0.956382
v 0.439859 -0.039290 0.962132
v 0.439859 -0.041207 0.962132
v 0.449442 -0.031624 0.965965
v 0.449442 -0.031624 0.971715
v 0.445609 -0.031624 0.975548
v 0.449442 -0.039290 0.965965
v 0.449442 -0.045040 0.965965
v 0.449442 -0.039290 0.973632
v 0.447526 -0.039290 0.977465
v 0.449442 -0.045040 0.973632
v 0.447526 -0.045040 0.977465
v 0.441776 -0.031624 0.979382
v 0.432193 -0.031624 0.979382
v 0.439859 -0.039290 0.965965
v 0.439859 -0.041207 0.965965
v 0.439859 -0.045040 0.965965
v 0.436026 -0.041207 0.967882
v 0.441776 -0.039290 0.979382
v 0.441776 -0.045040 0.979382
v 0.434109 -0.039290 0.979382
v 0.434109 -0.045040 0.979382
v 0.449442 -0.048873 0.954466
v 0.439859 -0.046957 0.956382
v 0.441776 -0.046957 0.958299
v 0.441776 -0.046957 0.964049
v 0.439859 -0.046957 0.962132
v 0.449442 -0.046957 0.965965
v 0.449442 -0.046957 0.971715
v 0.445609 -0.046957 0.975548
v 0.441776 -0.046957 0.967882
v 0.437943 -0.046957 0.967882
v 0.437943 -0.046957 0.969799
v 0.441776 -0.046957 0.977465
v 0.432193 -0.046957 0.977465
v 0.414943 -0.023957 0.975548
v 0.397694 -0.023957 0.975548
v 0.380445 -0.023957 0.975548
v 0.418777 -0.031624 0.979382
v 0.428360 -0.039290 0.967882
v 0.428360 -0.041207 0.967882
v 0.414943 -0.039290 0.967882
v 0.414943 -0.043123 0.967882
v 0.418777 -0.039290 0.979382
v 0.418777 -0.045040 0.979382
v 0.399611 -0.031624 0.979382
v 0.401527 -0.039290 0.979382
v 0.401527 -0.045040 0.979382
v 0.428360 -0.046957 0.967882
v 0.428360 -0.046957 0.969799
v 0.414943 -0.046957 0.967882
v 0.414943 -0.048873 0.969799
v 0.418777 -0.048873 0.979382
v 0.399611 -0.048873 0.979382
v 0.397694 -0.039290 0.967882
v 0.397694 -0.043123 0.967882
v 0.384278 -0.039290 0.979382
v 0.384278 -0.045040 0.979382
v 0.382361 -0.031624 0.979382
v 0.380445 -0.039290 0.967882
v 0.380445 -0.043123 0.967882
v 0.397694 -0.046957 0.969799
v 0.397694 -0.048873 0.971715
v 0.380445 -0.046957 0.969799
v 0.382361 -0.048873 0.971715
v 0.382361 -0.048873 0.979382
v 0.365112 -0.023957 0.975548
v 0.347863 -0.023957 0.975548
v 0.332530 -0.023957 0.975548
v 0.317197 -0.023957 0.975548
v 0.367028 -0.031624 0.979382
v 0.363195 -0.039290 0.967882
v 0.363195 -0.043123 0.967882
v 0.367028 -0.039290 0.979382
v 0.367028 -0.045040 0.979382
v 0.349779 -0.031624 0.979382
v 0.347863 -0.039290 0.967882
v 0.347863 -0.043123 0.967882
v 0.349779 -0.039290 0.979382
v 0.349779 -0.045040 0.979382
v 0.365112 -0.046957 0.969799
v 0.365112 -0.048873 0.971715
v 0.367028 -0.048873 0.979382
v 0.347863 -0.046957 0.969799
v 0.347863 -0.048873 0.971715
v 0.349779 -0.048873 0.979382
v 0.332530 -0.031624 0.979382
v 0.330613 -0.039290 0.967882
v 0.330613 -0.043123 0.967882
v 0.332530 -0.039290 0.979382
v 0.332530 -0.045040 0.979382
v 0.317197 -0.031624 0.979382
v 0.315280 -0.039290 0.967882
v 0.315280 -0.043123 0.967882
v 0.317197 -0.039290 0.979382
v 0.317197 -0.045040 0.979382
v 0.332530 -0.046957 0.969799
v 0.332530 -0.048873 0.971715
v 0.332530 -0.048873 0.979382
v 0.315280 -0.046957 0.969799
v 0.315280 -0.048873 0.971715
v 0.317197 -0.048873 0.979382
v 0.296114 -0.023957 0.975548
v 0.276948 -0.023957 0.975548
v 0.265449 -0.023957 0.975548
v 0.257782 -0.023957 0.975548
v 0.252033 -0.023957 0.975548
v 0.298031 -0.031624 0.979382
v 0.296114 -0.039290 0.967882
v 0.296114 -0.043123 0.967882
v 0.298031 -0.039290 0.979382
v 0.298031 -0.045040 0.979382
v 0.278865 -0.031624 0.979382
v 0.276948 -0.039290 0.967882
v 0.276948 -0.043123 0.967882
v 0.278865 -0.039290 0.979382
v 0.278865 -0.045040 0.979382
v 0.296114 -0.046957 0.969799
v 0.296114 -0.048873 0.971715
v 0.298031 -0.048873 0.979382
v 0.276948 -0.046957 0.969799
v 0.276948 -0.048873 0.971715
v 0.278865 -0.048873 0.979382
v 0.265449 -0.031624 0.979382
v 0.265449 -0.039290 0.967882
v 0.265449 -0.043123 0.967882
v 0.265449 -0.039290 0.979382
v 0.265449 -0.045040 0.979382
v 0.257782 -0.031624 0.979382
v 0.252033 -0.031624 0.979382
v 0.257782 -0.039290 0.967882
v 0.257782 -0.043123 0.967882
v 0.252033 -0.039290 0.967882
v 0.252033 -0.043123 0.967882
v 0.257782 -0.039290 0.979382
v 0.257782 -0.045040 0.979382
v 0.252033 -0.039290 0.979382
v 0.252033 -0.045040 0.979382
v 0.265449 -0.046957 0.969799
v 0.265449 -0.048873 0.971715
v 0.265449 -0.048873 0.979382
v 0.257782 -0.046957 0.969799
v 0.257782 -0.048873 0.971715
v 0.252033 -0.046957 0.969799
v 0.252033 -0.048873 0.971715
v 0.257782 -0.048873 0.979382
v 0.252033 -0.048873 0.979382
v 0.240533 -0.023957 0.975548
v 0.227117 -0.023957 0.975548
v 0.213701 -0.023957 0.975548
v 0.202201 -0.023957 0.975548
v 0.188785 -0.023957 0.975548
v 0.240533 -0.031624 0.979382
v 0.240533 -0.039290 0.967882
v 0.240533 -0.043123 0.967882
v 0.240533 -0.039290 0.979382
v 0.240533 -0.045040 0.979382
v 0.227117 -0.031624 0.979382
v 0.227117 -0.039290 0.967882
v 0.227117 -0.043123 0.967882
v 0.227117 -0.039290 0.979382
v 0.227117 -0.045040 0.979382
v 0.240533 -0.046957 0.969799
v 0.240533 -0.048873 0.971715
v 0.240533 -0.048873 0.979382
v 0.227117 -0.046957 0.969799
v 0.227117 -0.048873 0.971715
v 0.227117 -0.048873 0.979382
v 0.213701 -0.031624 0.979382
v 0.202201 -0.031624 0.979382
v 0.213701 -0.039290 0.967882
v 0.213701 -0.043123 0.967882
v 0.200284 -0.039290 0.967882
v 0.200284 -0.043123 0.967882
v 0.213701 -0.039290 0.979382
v 0.213701 -0.045040 0.979382
v 0.202201 -0.039290 0.979382
v 0.202201 -0.045040 0.979382
v 0.188785 -0.031624 0.979382
v 0.188785 -0.039290 0.967882
v 0.188785 -0.043123 0.967882
v 0.188785 -0.039290 0.979382
v 0.188785 -0.045040 0.979382
v 0.213701 -0.046957 0.969799
v 0.213701 -0.048873 0.971715
v 0.202201 -0.046957 0.969799
v 0.202201 -0.048873 0.971715
v 0.213701 -0.048873 0.979382
v 0.202201 -0.048873 0.979382
v 0.188785 -0.046957 0.969799
v 0.188785 -0.048873 0.971715
v 0.188785 -0.048873 0.979382
v 0.175369 -0.023957 0.975548
v 0.161953 -0.023957 0.975548
v 0.156203 -0.023957 0.975548
v 0.146620 -0.023957 0.975548
v 0.133204 -0.023957 0.975548
v 0.175369 -0.031624 0.979382
v 0.175369 -0.039290 0.967882
v 0.175369 -0.043123 0.967882
v 0.175369 -0.039290 0.979382
v 0.175369 -0.045040 0.979382
v 0.161953 -0.031624 0.979382
v 0.156203 -0.031624 0.979382
v 0.161953 -0.039290 0.967882
v 0.161953 -0.043123 0.967882
v 0.156203 -0.039290 0.967882
v 0.156203 -0.043123 0.967882
v 0.161953 -0.039290 0.979382
v 0.161953 -0.045040 0.979382
v 0.156203 -0.039290 0.979382
v 0.156203 -0.045040 0.979382
v 0.175369 -0.046957 0.969799
v 0.175369 -0.048873 0.971715
v 0.175369 -0.046957 0.979382
v 0.161953 -0.046957 0.969799
v 0.161953 -0.046957 0.971715
v 0.156203 -0.046957 0.969799
v 0.156203 -0.046957 0.971715
v 0.161953 -0.046957 0.979382
v 0.156203 -0.046957 0.979382
v 0.146620 -0.031624 0.979382
v 0.148536 -0.039290 0.967882
v 0.146620 -0.043123 0.967882
v 0.146620 -0.039290 0.979382
v 0.146620 -0.045040 0.979382
v 0.133204 -0.031624 0.979382
v 0.133204 -0.039290 0.967882
v 0.133204 -0.043123 0.967882
v 0.133204 -0.039290 0.979382
v 0.133204 -0.045040 0.979382
v 0.146620 -0.046957 0.969799
v 0.146620 -0.046957 0.971715
v 0.146620 -0.046957 0.979382
v 0.133204 -0.046957 0.969799
v 0.133204 -0.048873 0.971715
v 0.133204 -0.048873 0.979382
v 0.117871 -0.023957 0.975548
v 0.112121 -0.023957 0.975548
v 0.106371 -0.023957 0.975548
v 0.102538 -0.023957 0.975548
v 0.096788 -0.023957 0.975548
v 0.071872 -0.023957 0.975548
v 0.117871 -0.031624 0.979382
v 0.112121 -0.031624 0.979382
v 0.117871 -0.039290 0.967882
v 0.117871 -0.043123 0.967882
v 0.112121 -0.039290 0.967882
v 0.112121 -0.043123 0.967882
v 0.117871 -0.039290 0.979382
v 0.117871 -0.045040 0.979382
v 0.112121 -0.039290 0.979382
v 0.112121 -0.045040 0.979382
v 0.106371 -0.031624 0.979382
v 0.102538 -0.031624 0.979382
v 0.096788 -0.031624 0.979382
v 0.104455 -0.039290 0.967882
v 0.102538 -0.039290 0.967882
v 0.106371 -0.043123 0.967882
v 0.102538 -0.043123 0.967882
v 0.096788 -0.039290 0.967882
v 0.096788 -0.043123 0.967882
v 0.106371 -0.039290 0.979382
v 0.102538 -0.039290 0.979382
v 0.106371 -0.045040 0.979382
v 0.102538 -0.045040 0.979382
v 0.096788 -0.039290 0.979382
v 0.096788 -0.045040 0.979382
v 0.117871 -0.046957 0.969799
v 0.117871 -0.046957 0.971715
v 0.112121 -0.046957 0.969799
v 0.112121 -0.046957 0.971715
v 0.117871 -0.048873 0.979382
v 0.112121 -0.046957 0.979382
v 0.106371 -0.046957 0.969799
v 0.106371 -0.046957 0.971715
v 0.102538 -0.046957 0.969799
v 0.102538 -0.046957 0.971715
v 0.096788 -0.046957 0.969799
v 0.096788 -0.048873 0.971715
v 0.106371 -0.046957 0.979382
v 0.102538 -0.046957 0.979382
v 0.096788 -0.046957 0.979382
v 0.071872 -0.031624 0.979382
v 0.071872 -0.039290 0.967882
v 0.071872 -0.043123 0.967882
v 0.071872 -0.039290 0.979382
v 0.071872 -0.045040 0.979382
v 0.071872 -0.046957 0.969799
v 0.071872 -0.046957 0.971715
v 0.071872 -0.046957 0.979382
v 0.048873 -0.023957 0.975548
v 0.022041 -0.023957 0.975548
v 0.012458 -0.023957 0.975548
v 0.048873 -0.031624 0.979382
v 0.048873 -0.039290 0.967882
v 0.048873 -0.043123 0.967882
v 0.048873 -0.039290 0.979382
v 0.048873 -0.045040 0.979382
v 0.048873 -0.046957 0.969799
v 0.048873 -0.046957 0.971715
v 0.048873 -0.048873 0.979382
v 0.022041 -0.031624 0.979382
v 0.022041 -0.039290 0.967882
v 0.022041 -0.043123 0.967882
v 0.022041 -0.039290 0.979382
v 0.022041 -0.045040 0.979382
v 0.012458 -0.031624 0.979382
v 0.012458 -0.039290 0.967882
v 0.012458 -0.043123 0.967882
v 0.012458 -0.039290 0.979382
v 0.012458 -0.045040 0.979382
v 0.022041 -0.046957 0.969799
v 0.022041 -0.046957 0.971715
v 0.022041 -0.048873 0.979382
v 0.012458 -0.046957 0.969799
v 0.012458 -0.046957 0.971715
v 0.012458 -0.048873 0.979382
v -0.445609 -0.023958 0.492566
v -0.445609 -0.023958 0.513648
v -0.445609 -0.023958 0.538564
v -0.439859 -0.039290 0.500232
v -0.439859 -0.043123 0.500232
v -0.449442 -0.031624 0.490649
v -0.449442 -0.039290 0.490649
v -0.439859 -0.039290 0.517481
v -0.439859 -0.043123 0.517481
v -0.449442 -0.031624 0.511732
v -0.449442 -0.039290 0.509815
v -0.449442 -0.045040 0.509815
v -0.439859 -0.046957 0.500232
v -0.441776 -0.048873 0.500232
v -0.449442 -0.046957 0.490649
v -0.449442 -0.048873 0.490649
v -0.441776 -0.048873 0.515565
v -0.439859 -0.046957 0.517481
v -0.449442 -0.048873 0.511732
v -0.439859 -0.039290 0.538564
v -0.439859 -0.043123 0.536647
v -0.439859 -0.043123 0.550064
v -0.449442 -0.031624 0.536647
v -0.449442 -0.031624 0.550064
v -0.449442 -0.039290 0.536647
v -0.449442 -0.045040 0.536647
v -0.449442 -0.039290 0.548147
v -0.449442 -0.045040 0.548147
v -0.439859 -0.046957 0.536647
v -0.441776 -0.048873 0.536647
v -0.439859 -0.046957 0.550064
v -0.441776 -0.048873 0.550064
v -0.449442 -0.048873 0.536647
v -0.449442 -0.048873 0.548147
v -0.445609 -0.023958 0.551980
v -0.445609 -0.023958 0.567313
v -0.445609 -0.023958 0.590312
v -0.445609 -0.023958 0.603728
v -0.439859 -0.039290 0.551980
v -0.439859 -0.039290 0.565396
v -0.439859 -0.043123 0.565396
v -0.449442 -0.031624 0.565396
v -0.449442 -0.039290 0.565396
v -0.449442 -0.045040 0.565396
v -0.439859 -0.046957 0.565396
v -0.441776 -0.048873 0.565396
v -0.449442 -0.048873 0.565396
v -0.439859 -0.039290 0.590312
v -0.439859 -0.043123 0.590312
v -0.449442 -0.031624 0.590312
v -0.449442 -0.045040 0.588396
v -0.449442 -0.039290 0.590312
v -0.439859 -0.039290 0.603728
v -0.439859 -0.043123 0.603728
v -0.449442 -0.031624 0.601812
v -0.449442 -0.039290 0.601812
v -0.449442 -0.045040 0.601812
v -0.439859 -0.046957 0.590312
v -0.441776 -0.048873 0.590312
v -0.449442 -0.048873 0.588396
v -0.439859 -0.046957 0.603728
v -0.441776 -0.048873 0.603728
v -0.449442 -0.048873 0.601812
v -0.445609 -0.023958 0.628644
v -0.445609 -0.023958 0.655477
v -0.445609 -0.023958 0.665060
v -0.439859 -0.039290 0.628644
v -0.439859 -0.043123 0.628644
v -0.449442 -0.031624 0.628644
v -0.449442 -0.039290 0.628644
v -0.449442 -0.045040 0.628644
v -0.439859 -0.046957 0.628644
v -0.441776 -0.048873 0.628644
v -0.449442 -0.048873 0.628644
v -0.439859 -0.039290 0.653560
v -0.439859 -0.043123 0.653560
v -0.449442 -0.031624 0.653560
v -0.449442 -0.039290 0.653560
v -0.449442 -0.045040 0.653560
v -0.439859 -0.039290 0.663143
v -0.439859 -0.043123 0.663143
v -0.449442 -0.031624 0.663143
v -0.449442 -0.039290 0.663143
v -0.449442 -0.045040 0.663143
v -0.439859 -0.046957 0.653560
v -0.441776 -0.048873 0.653560
v -0.449442 -0.048873 0.653560
v -0.439859 -0.046957 0.663143
v -0.441776 -0.048873 0.663143
v -0.449442 -0.048873 0.663143
v -0.445609 -0.023958 0.684225
v -0.445609 -0.023958 0.709141
v -0.445609 -0.023958 0.720641
v -0.439859 -0.039290 0.682309
v -0.439859 -0.043123 0.682309
v -0.449442 -0.031624 0.682309
v -0.449442 -0.039290 0.682309
v -0.449442 -0.045040 0.682309
v -0.439859 -0.046957 0.682309
v -0.441776 -0.048873 0.682309
v -0.449442 -0.048873 0.682309
v -0.439859 -0.039290 0.709141
v -0.439859 -0.043123 0.709141
v -0.449442 -0.031624 0.709141
v -0.449442 -0.039290 0.709141
v -0.449442 -0.045040 0.709141
v -0.439859 -0.039290 0.720641
v -0.439859 -0.043123 0.720641
v -0.449442 -0.031624 0.720641
v -0.449442 -0.039290 0.720641
v -0.449442 -0.045040 0.720641
v -0.439859 -0.046957 0.709141
v -0.441776 -0.048873 0.709141
v -0.449442 -0.048873 0.709141
v -0.439859 -0.046957 0.720641
v -0.441776 -0.048873 0.720641
v -0.449442 -0.048873 0.720641
v -0.010541 -0.023957 0.975548
v -0.020124 -0.023957 0.975548
v -0.046957 -0.023957 0.975548
v -0.010541 -0.031624 0.979382
v -0.010541 -0.039290 0.967882
v -0.010541 -0.043123 0.967882
v -0.010541 -0.039290 0.979382
v -0.010541 -0.045040 0.979382
v -0.020124 -0.031624 0.979382
v -0.020124 -0.039290 0.967882
v -0.020124 -0.043123 0.967882
v -0.020124 -0.039290 0.979382
v -0.020124 -0.045040 0.979382
v -0.010541 -0.046957 0.969799
v -0.010541 -0.046957 0.971715
v -0.010541 -0.048873 0.979382
v -0.020124 -0.046957 0.969799
v -0.020124 -0.046957 0.971715
v -0.020124 -0.048873 0.979382
v -0.046957 -0.031624 0.979382
v -0.046957 -0.039290 0.967882
v -0.046957 -0.043123 0.967882
v -0.046957 -0.039290 0.979382
v -0.046957 -0.045040 0.979382
v -0.046957 -0.046957 0.969799
v -0.046957 -0.046957 0.971715
v -0.046957 -0.048873 0.979382
v -0.081455 -0.023957 0.975548
v -0.121704 -0.023957 0.975548
v -0.081455 -0.031624 0.979382
v -0.081455 -0.039290 0.967882
v -0.081455 -0.043123 0.967882
v -0.081455 -0.039290 0.979382
v -0.081455 -0.045040 0.979382
v -0.081455 -0.046957 0.969799
v -0.081455 -0.048873 0.971715
v -0.081455 -0.048873 0.979382
v -0.121704 -0.031624 0.979382
v -0.119787 -0.039290 0.967882
v -0.121704 -0.043123 0.967882
v -0.121704 -0.039290 0.979382
v -0.121704 -0.045040 0.979382
v -0.121704 -0.046957 0.969799
v -0.121704 -0.048873 0.971715
v -0.121704 -0.048873 0.979382
v -0.156203 -0.023957 0.975548
v -0.171536 -0.023957 0.975548
v -0.156203 -0.031624 0.979382
v -0.156203 -0.039290 0.967882
v -0.156203 -0.043123 0.967882
v -0.156203 -0.039290 0.979382
v -0.156203 -0.045040 0.979382
v -0.169619 -0.031624 0.979382
v -0.169619 -0.039290 0.967882
v -0.169619 -0.043123 0.967882
v -0.183035 -0.039290 0.967882
v -0.183035 -0.043123 0.967882
v -0.169619 -0.039290 0.979382
v -0.169619 -0.045040 0.979382
v -0.156203 -0.046957 0.969799
v -0.156203 -0.048873 0.971715
v -0.156203 -0.048873 0.979382
v -0.169619 -0.046957 0.969799
v -0.169619 -0.048873 0.971715
v -0.169619 -0.048873 0.979382
v -0.184952 -0.023957 0.975548
v -0.204118 -0.023957 0.975548
v -0.244366 -0.023958 0.975548
v -0.184952 -0.031624 0.979382
v -0.184952 -0.039290 0.979382
v -0.184952 -0.045040 0.979382
v -0.204118 -0.031624 0.979382
v -0.202201 -0.039290 0.967882
v -0.202201 -0.043123 0.967882
v -0.202201 -0.039290 0.979382
v -0.202201 -0.045040 0.979382
v -0.184952 -0.046957 0.969799
v -0.184952 -0.048873 0.971715
v -0.184952 -0.048873 0.979382
v -0.202201 -0.046957 0.969799
v -0.202201 -0.048873 0.971715
v -0.202201 -0.048873 0.979382
v -0.445609 -0.023958 0.737890
v -0.445609 -0.023958 0.774306
v -0.445609 -0.023958 0.783889
v -0.439859 -0.039290 0.737890
v -0.439859 -0.043123 0.737890
v -0.449442 -0.031624 0.737890
v -0.449442 -0.039290 0.737890
v -0.449442 -0.045040 0.737890
v -0.439859 -0.046957 0.737890
v -0.441776 -0.048873 0.737890
v -0.449442 -0.048873 0.737890
v -0.439859 -0.039290 0.774306
v -0.439859 -0.043123 0.774306
v -0.449442 -0.031624 0.774306
v -0.449442 -0.039290 0.774306
v -0.449442 -0.045040 0.774306
v -0.439859 -0.039290 0.783889
v -0.439859 -0.043123 0.783889
v -0.439859 -0.039290 0.795388
v -0.439859 -0.043123 0.795388
v -0.449442 -0.031624 0.783889
v -0.449442 -0.039290 0.783889
v -0.449442 -0.045040 0.783889
v -0.439859 -0.046957 0.774306
v -0.441776 -0.048873 0.774306
v -0.449442 -0.048873 0.774306
v -0.439859 -0.046957 0.783889
v -0.441776 -0.048873 0.783889
v -0.439859 -0.046957 0.795388
v -0.441776 -0.048873 0.795388
v -0.449442 -0.048873 0.783889
v -0.445609 -0.023958 0.797305
v -0.445609 -0.023958 0.810721
v -0.445609 -0.023958 0.824137
v -0.445609 -0.023958 0.833720
v -0.445609 -0.023958 0.845220
v -0.449442 -0.031624 0.797305
v -0.449442 -0.039290 0.797305
v -0.449442 -0.045040 0.797305
v -0.439859 -0.039290 0.812638
v -0.439859 -0.043123 0.812638
v -0.439859 -0.039290 0.824137
v -0.439859 -0.043123 0.824137
v -0.449442 -0.031624 0.812638
v -0.449442 -0.031624 0.824137
v -0.449442 -0.039290 0.812638
v -0.449442 -0.045040 0.812638
v -0.449442 -0.039290 0.824137
v -0.449442 -0.045040 0.824137
v -0.449442 -0.048873 0.797305
v -0.439859 -0.046957 0.812638
v -0.441776 -0.048873 0.812638
v -0.439859 -0.046957 0.824137
v -0.441776 -0.048873 0.824137
v -0.449442 -0.048873 0.812638
v -0.449442 -0.048873 0.824137
v -0.439859 -0.039290 0.835637
v -0.439859 -0.043123 0.835637
v -0.449442 -0.031624 0.835637
v -0.449442 -0.039290 0.835637
v -0.449442 -0.045040 0.835637
v -0.439859 -0.039290 0.845220
v -0.439859 -0.043123 0.845220
v -0.449442 -0.031624 0.845220
v -0.449442 -0.039290 0.847136
v -0.449442 -0.045040 0.847136
v -0.439859 -0.046957 0.835637
v -0.441776 -0.048873 0.835637
v -0.449442 -0.048873 0.835637
v -0.439859 -0.046957 0.845220
v -0.441776 -0.048873 0.845220
v -0.449442 -0.048873 0.847136
v -0.265449 -0.023958 0.975548
v -0.288448 -0.023958 0.975548
v -0.246283 -0.031624 0.979382
v -0.246283 -0.039290 0.967882
v -0.246283 -0.043123 0.967882
v -0.259699 -0.039290 0.967882
v -0.246283 -0.039290 0.979382
v -0.246283 -0.045040 0.979382
v -0.267365 -0.031624 0.979382
v -0.261616 -0.043123 0.967882
v -0.263532 -0.039290 0.979382
v -0.261616 -0.045040 0.979382
v -0.246283 -0.046957 0.969799
v -0.246283 -0.048873 0.971715
v -0.246283 -0.048873 0.979382
v -0.261616 -0.046957 0.969799
v -0.261616 -0.048873 0.971715
v -0.261616 -0.048873 0.979382
v -0.290365 -0.031624 0.979382
v -0.290365 -0.039290 0.967882
v -0.290365 -0.043123 0.967882
v -0.290365 -0.039290 0.979382
v -0.292281 -0.045040 0.979382
v -0.290365 -0.046957 0.969799
v -0.290365 -0.048873 0.971715
v -0.290365 -0.048873 0.979382
v -0.328697 -0.023958 0.975548
v -0.367028 -0.023958 0.975548
v -0.330613 -0.031624 0.979382
v -0.330613 -0.039290 0.967882
v -0.330613 -0.043123 0.967882
v -0.330613 -0.039290 0.979382
v -0.330613 -0.045040 0.979382
v -0.330613 -0.046957 0.967882
v -0.330613 -0.048873 0.971715
v -0.330613 -0.048873 0.979382
v -0.445609 -0.023958 0.872052
v -0.445609 -0.023958 0.898884
v -0.439859 -0.039290 0.873969
v -0.439859 -0.043123 0.873969
v -0.449442 -0.031624 0.873969
v -0.449442 -0.039290 0.873969
v -0.449442 -0.045040 0.873969
v -0.439859 -0.046957 0.873969
v -0.441776 -0.046957 0.873969
v -0.449442 -0.048873 0.873969
v -0.439859 -0.039290 0.900801
v -0.439859 -0.041207 0.900801
v -0.449442 -0.031624 0.902718
v -0.449442 -0.039290 0.902718
v -0.449442 -0.045040 0.902718
v -0.439859 -0.046957 0.900801
v -0.441776 -0.046957 0.900801
v -0.449442 -0.048873 0.902718
v -0.393861 -0.023958 0.975548
v -0.414943 -0.023958 0.975548
v -0.370862 -0.031624 0.979382
v -0.368945 -0.039290 0.967882
v -0.368945 -0.043123 0.967882
v -0.370862 -0.039290 0.979382
v -0.370862 -0.045040 0.979382
v -0.395777 -0.031624 0.979382
v -0.393861 -0.039290 0.967882
v -0.393861 -0.043123 0.967882
v -0.397694 -0.039290 0.979382
v -0.397694 -0.045040 0.979382
v -0.368945 -0.046957 0.967882
v -0.368945 -0.048873 0.969799
v -0.370862 -0.048873 0.979382
v -0.395777 -0.046957 0.967882
v -0.395777 -0.046957 0.969799
v -0.395777 -0.048873 0.979382
v -0.418777 -0.031624 0.979382
v -0.414943 -0.039290 0.967882
v -0.414943 -0.043123 0.967882
v -0.428360 -0.039290 0.967882
v -0.428360 -0.041207 0.967882
v -0.418777 -0.039290 0.979382
v -0.418777 -0.045040 0.979382
v -0.414943 -0.046957 0.967882
v -0.416860 -0.046957 0.969799
v -0.428360 -0.046957 0.967882
v -0.428360 -0.046957 0.969799
v -0.418777 -0.046957 0.979382
v -0.445609 -0.023958 0.929550
v -0.445609 -0.023958 0.952549
v -0.445609 -0.023958 0.962132
v -0.430276 -0.023958 0.975548
v -0.437943 -0.023958 0.975548
v -0.443692 -0.023958 0.973632
v -0.445609 -0.023958 0.969799
v -0.439859 -0.039290 0.927633
v -0.439859 -0.041207 0.927633
v -0.449442 -0.031624 0.931467
v -0.449442 -0.039290 0.931467
v -0.449442 -0.045040 0.931467
v -0.439859 -0.039290 0.946799
v -0.439859 -0.041207 0.946799
v -0.439859 -0.046957 0.927633
v -0.441776 -0.046957 0.927633
v -0.449442 -0.048873 0.931467
v -0.439859 -0.046957 0.946799
v -0.441776 -0.046957 0.946799
v -0.439859 -0.039290 0.956382
v -0.439859 -0.041207 0.956382
v -0.439859 -0.039290 0.962132
v -0.439859 -0.041207 0.962132
v -0.449442 -0.031624 0.954466
v -0.449442 -0.039290 0.954466
v -0.449442 -0.045040 0.954466
v -0.432193 -0.031624 0.979382
v -0.441776 -0.031624 0.979382
v -0.436026 -0.041207 0.967882
v -0.439859 -0.039290 0.965965
v -0.439859 -0.041207 0.965965
v -0.439859 -0.045040 0.965965
v -0.434109 -0.039290 0.979382
v -0.434109 -0.045040 0.979382
v -0.441776 -0.039290 0.979382
v -0.441776 -0.045040 0.979382
v -0.449442 -0.031624 0.965965
v -0.449442 -0.031624 0.971715
v -0.445609 -0.031624 0.975548
v -0.449442 -0.039290 0.965965
v -0.449442 -0.045040 0.965965
v -0.449442 -0.039290 0.973632
v -0.447526 -0.039290 0.977465
v -0.449442 -0.045040 0.973632
v -0.447526 -0.045040 0.977465
v -0.439859 -0.046957 0.956382
v -0.441776 -0.046957 0.958299
v -0.439859 -0.046957 0.962132
v -0.441776 -0.046957 0.964049
v -0.449442 -0.048873 0.954466
v -0.437943 -0.046957 0.967882
v -0.441776 -0.046957 0.967882
v -0.437943 -0.046957 0.969799
v -0.432193 -0.046957 0.977465
v -0.441776 -0.046957 0.977465
v -0.449442 -0.046957 0.965965
v -0.449442 -0.046957 0.971715
v -0.445609 -0.046957 0.975548
v -0.439224 -0.039290 0.873969
v -0.439224 -0.039290 0.845220
v -0.393861 -0.039290 0.967458
v -0.368945 -0.039290 0.967458
v -0.439224 -0.039290 0.783889
v -0.439224 -0.039290 0.774306
v 0.277683 -0.039290 0.486369
v 0.296114 -0.039290 0.486369
v -0.439224 -0.039290 0.965965
v -0.439224 -0.039290 0.962132
v -0.439224 -0.039290 0.956382
v -0.290365 -0.039290 0.967458
v -0.259699 -0.039290 0.967458
v 0.274744 -0.039290 0.486369
v 0.315280 -0.039290 0.486369
v 0.330613 -0.039290 0.486369
v -0.119787 -0.039290 0.967458
v -0.081455 -0.039290 0.967458
v 0.121704 -0.043858 0.486369
v 0.120235 -0.042389 0.486369
v 0.116689 -0.041207 0.486369
v 0.227117 -0.043858 0.486369
v 0.241268 -0.043858 0.486369
v 0.147802 -0.043858 0.486369
v 0.160036 -0.043858 0.486369
v 0.265939 -0.039290 0.486369
v -0.046222 -0.039290 0.486369
v -0.019390 -0.039290 0.486369
v 0.438880 -0.046019 0.967458
v 0.438880 -0.046019 0.966944
v 0.438367 -0.046532 0.967458
v 0.254237 -0.042389 0.486369
v 0.252767 -0.043858 0.486369
v 0.258964 -0.041207 0.486369
v 0.430057 -0.039290 0.967458
v 0.430057 -0.040783 0.967458
v 0.436026 -0.040783 0.967458
v 0.148536 -0.039290 0.967458
v 0.133204 -0.039290 0.967458
v -0.439224 -0.039290 0.517481
v -0.439224 -0.039290 0.500867
v 0.438880 -0.039290 0.603728
v 0.438880 -0.039290 0.590312
v -0.010541 -0.039290 0.486369
v 0.012458 -0.039290 0.486369
v 0.133204 -0.043858 0.486369
v 0.208398 -0.039737 0.486369
v 0.209867 -0.042676 0.486369
v 0.204852 -0.038556 0.486369
v 0.048873 -0.039290 0.486369
v 0.071872 -0.039290 0.486369
v -0.169619 -0.039290 0.486369
v -0.156203 -0.039290 0.486369
v -0.439224 -0.039290 0.488732
v -0.259699 -0.039290 0.486369
v -0.246283 -0.039290 0.486369
v 0.438880 -0.039290 0.946799
v 0.438880 -0.039290 0.927633
v -0.119787 -0.039290 0.486369
v -0.081455 -0.039290 0.486369
v 0.438880 -0.039780 0.966455
v 0.438880 -0.039290 0.965965
v 0.436875 -0.040783 0.967458
v 0.436875 -0.041207 0.967458
v 0.438880 -0.041207 0.966455
v -0.395043 -0.039290 0.486369
v -0.368945 -0.039290 0.486369
v 0.438880 -0.039290 0.628644
v 0.438880 -0.039290 0.536647
v 0.438880 -0.039290 0.515565
v 0.428360 -0.039290 0.486369
v 0.436026 -0.039290 0.486369
v 0.096788 -0.039290 0.486369
v 0.102538 -0.039290 0.486369
v 0.438880 -0.039290 0.835637
v 0.438880 -0.039290 0.824137
v 0.438880 -0.039290 0.500232
v 0.263245 -0.039290 0.486369
v 0.414943 -0.039290 0.486369
v 0.022041 -0.039290 0.486369
v 0.265449 -0.039290 0.967458
v 0.276948 -0.039290 0.967458
v 0.438880 -0.039290 0.783889
v 0.438880 -0.039290 0.774306
v -0.330613 -0.039290 0.486369
v -0.290365 -0.039290 0.486369
v 0.438880 -0.039290 0.737890
v 0.112408 -0.039290 0.486369
v 0.115954 -0.040472 0.486369
v -0.439224 -0.039290 0.946799
v 0.438880 -0.039290 0.956382
v 0.438880 -0.039290 0.873969
v 0.438880 -0.039290 0.845220
v 0.330613 -0.039290 0.967458
v 0.347863 -0.039290 0.967458
v 0.363195 -0.039290 0.967458
v 0.438880 -0.039290 0.551980
v 0.438880 -0.039290 0.812638
v 0.438880 -0.039290 0.795388
v 0.296114 -0.039290 0.967458
v -0.439224 -0.039290 0.737890
v -0.439224 -0.039290 0.720641
v 0.438880 -0.039290 0.709141
v 0.438880 -0.039290 0.682309
v -0.439224 -0.039290 0.565396
v -0.439224 -0.039290 0.551980
v 0.102538 -0.039290 0.967458
v 0.096788 -0.039290 0.967458
v 0.397694 -0.039290 0.486369
v 0.213413 -0.043858 0.486369
v 0.215617 -0.043858 0.486369
v -0.439224 -0.040889 0.965965
v -0.439224 -0.041207 0.966283
v -0.436875 -0.041207 0.967458
v -0.436026 -0.040783 0.967458
v 0.438880 -0.039290 0.900801
v 0.380445 -0.039290 0.486369
v 0.438880 -0.039290 0.565396
v 0.438880 -0.039290 0.488732
v 0.438880 -0.039290 0.486369
v 0.347863 -0.039290 0.486369
v 0.363195 -0.039290 0.486369
v 0.188785 -0.038556 0.486369
v 0.171983 -0.038556 0.486369
v 0.168437 -0.039737 0.486369
v 0.167702 -0.042676 0.486369
v 0.110204 -0.039290 0.486369
v -0.416860 -0.039290 0.486369
v -0.183035 -0.039290 0.486369
v -0.437943 -0.039290 0.486369
v -0.429542 -0.039290 0.486369
v 0.257782 -0.039290 0.967458
v 0.252033 -0.039290 0.967458
v 0.164764 -0.042676 0.486369
v 0.118083 -0.039290 0.967458
v -0.046744 -0.039290 0.967458
v -0.202201 -0.039290 0.486369
v -0.439224 -0.039290 0.486369
v 0.438880 -0.039290 0.663143
v 0.438880 -0.039290 0.653560
v 0.175369 -0.039290 0.967458
v 0.188785 -0.039290 0.967458
v 0.397694 -0.039290 0.967458
v 0.380445 -0.039290 0.967458
v -0.438367 -0.046532 0.967458
v -0.438367 -0.045684 0.967458
v -0.439224 -0.043112 0.966600
v -0.439224 -0.045675 0.966600
v -0.430057 -0.039290 0.967458
v 0.200284 -0.039290 0.967458
v 0.156839 -0.039290 0.967458
v 0.315280 -0.039290 0.967458
v 0.104455 -0.039290 0.967458
v 0.428360 -0.039290 0.967458
v -0.439224 -0.039290 0.682309
v -0.439224 -0.039290 0.663143
v 0.438880 -0.039290 0.962132
v -0.010541 -0.039290 0.967458
v -0.020124 -0.039290 0.967458
v 0.022041 -0.039290 0.967458
v 0.012458 -0.039290 0.967458
v 0.112121 -0.039290 0.967458
v -0.439224 -0.045675 0.967235
v -0.439224 -0.045823 0.967458
v -0.439113 -0.045786 0.967458
v 0.414943 -0.039290 0.967458
v 0.213701 -0.039290 0.967458
v -0.428360 -0.039290 0.967458
v -0.439224 -0.039290 0.590312
v 0.259699 -0.040472 0.486369
v 0.227117 -0.039290 0.967458
v 0.240533 -0.039290 0.967458
v -0.246283 -0.039290 0.967458
v -0.202201 -0.039290 0.967458
v -0.439224 -0.039290 0.603728
v -0.183035 -0.039290 0.967458
v -0.439224 -0.039290 0.538564
v 0.161953 -0.039290 0.967458
v 0.438880 -0.039290 0.720641
v 0.071872 -0.039290 0.967458
v 0.048873 -0.039290 0.967458
v -0.439224 -0.039290 0.653560
v -0.439224 -0.039290 0.628644
v -0.439224 -0.039290 0.709141
v -0.169619 -0.039290 0.967458
v -0.156203 -0.039290 0.967458
v -0.439224 -0.039290 0.795388
v -0.439224 -0.039290 0.835637
v -0.439224 -0.039290 0.824137
v -0.439224 -0.039290 0.812638
v -0.439224 -0.039290 0.900801
v -0.330613 -0.039290 0.967458
v -0.439224 -0.039290 0.927633
v -0.414943 -0.039290 0.967458
v 0.438880 -0.044144 0.966944
v 0.438367 -0.045684 0.967458
vn 0.7736 0.4833 0.4099
vn 0.4977 0.7529 0.4306
vn 0.1681 0.2315 0.9582
vn 0.3434 0.1855 0.9207
vn 0.4055 0.0575 0.9123
vn 0.9244 0.0662 0.3757
vn 0.0225 -0.0246 0.9994
vn 0.0184 -0.0420 0.9989
vn 0.0346 0.0007 0.9994
vn -0.0021 -0.0016 1.0000
vn -0.0000 1.0000 -0.0000
vn 0.4057 0.2367 -0.8828
vn 0.5085 0.0668 -0.8584
vn 0.1292 0.0696 -0.9892
vn 1.0000 -0.0000 -0.0000
vn 0.9239 -0.0000 -0.3827
vn -0.0000 -0.2298 -0.9732
vn -0.0000 -0.7071 -0.7071
vn 0.0821 -0.6352 -0.7680
vn 0.0131 -0.1971 -0.9803
vn 0.4927 -0.0000 -0.8702
vn -0.4927 -0.0000 -0.8702
vn -0.6011 0.1191 -0.7903
vn -0.1256 0.0741 -0.9893
vn -0.1222 -0.0000 -0.9925
vn 0.0046 0.9935 -0.1141
vn 0.0060 0.9987 0.0516
vn 0.1890 0.9683 0.1633
vn 0.1806 0.9592 -0.2175
vn 0.7071 -0.7071 -0.0000
vn 0.5778 -0.6007 -0.5526
vn 0.8398 -0.0345 -0.5418
vn 0.0413 0.1023 -0.9939
vn 0.1627 0.4479 -0.8791
vn 0.2402 0.3201 -0.9164
vn -0.2119 0.0435 0.9763
vn -0.6592 0.1044 0.7446
vn -0.5985 -0.3699 0.7107
vn -0.1511 -0.3842 0.9108
vn -0.0000 -0.0000 -1.0000
vn -0.0000 0.3827 -0.9239
vn 0.0576 0.4093 -0.9106
vn -0.0000 -0.9379 -0.3469
vn -0.0030 -0.9841 -0.1777
vn 0.3214 -0.9351 -0.1492
vn 0.4489 -0.8413 -0.3013
vn -0.3007 0.3031 -0.9042
vn -0.4382 0.0094 -0.8988
vn -0.0993 0.0014 -0.9951
vn -0.0609 0.1501 -0.9868
vn -0.0150 -0.1202 0.9926
vn -0.0095 -0.3394 0.9406
vn -0.0221 -0.8912 0.4531
vn -0.0321 -0.7895 0.6129
vn 0.9244 0.0662 -0.3757
vn 0.2233 0.8928 -0.3911
vn 0.4977 0.7529 -0.4306
vn 0.2683 0.5265 -0.8067
vn -0.4093 0.5716 -0.7111
vn -0.1341 0.8035 -0.5800
vn 0.3920 0.5239 -0.7562
vn -0.1425 -0.0000 -0.9898
vn -0.0000 -0.0000 1.0000
vn 0.1441 0.3910 0.9090
vn -0.1362 -0.0240 0.9904
vn -0.0161 -0.0277 0.9995
vn -0.1389 -0.0087 0.9903
vn -0.0262 0.0258 0.9993
vn 0.0746 0.9377 -0.3394
vn 0.7919 0.5889 -0.1616
vn 0.3385 0.1108 -0.9344
vn -0.5695 0.0107 -0.8219
vn 0.3827 -0.0000 0.9239
vn -0.1128 0.9866 -0.1178
vn -0.0000 0.9781 -0.2079
vn -0.0000 0.9732 -0.2298
vn -0.7453 0.5266 0.4090
vn 0.4865 0.8197 0.3024
vn -0.3126 0.7869 0.5320
vn -0.9066 0.2643 0.3289
vn -0.9732 0.2298 -0.0000
vn -0.9205 0.3908 -0.0000
vn 0.6781 0.6925 0.2463
vn 0.6576 0.7151 0.2371
vn 0.7702 -0.5043 0.3904
vn 0.8319 -0.4118 0.3720
vn 0.9590 -0.0752 -0.2734
vn 0.8674 -0.3945 -0.3034
vn 0.8036 0.4262 -0.4154
vn 0.8918 -0.4277 -0.1477
vn 0.9200 -0.3611 -0.1527
vn 0.2394 -0.9689 0.0627
vn 0.1627 -0.9833 0.0811
vn -0.0491 0.9802 -0.1916
vn 0.0490 0.9754 -0.2150
vn 0.7484 0.5769 -0.3272
vn 0.6655 0.7459 0.0250
vn 0.2992 0.9522 0.0623
vn 0.4380 0.8767 0.1990
vn 0.3223 0.9467 -0.0000
vn -0.0000 0.0985 -0.9951
vn 0.0190 0.2701 -0.9626
vn 0.1183 0.3170 -0.9410
vn 0.0298 0.1328 -0.9907
vn -0.6096 -0.7363 0.2939
vn -0.7540 -0.5770 0.3140
vn -0.9138 0.3627 0.1827
vn -0.8488 0.4886 0.2023
vn 0.9732 0.2298 -0.0000
vn 0.9205 0.3908 -0.0000
vn -0.9359 0.3522 -0.0000
vn -0.9390 0.3440 -0.0000
vn 0.8686 -0.4351 -0.2373
vn 0.8927 -0.3716 -0.2550
vn 0.3438 -0.9390 -0.0092
vn 0.0046 -0.9810 0.1938
vn -0.0229 -0.9867 0.1607
vn 0.1441 -0.9751 0.1683
vn 0.8913 -0.3440 -0.2954
vn -0.0000 0.9239 0.3827
vn 0.2988 0.8923 0.3384
vn 0.3636 0.9203 0.1444
vn -0.0000 0.9887 0.1497
vn -0.5434 -0.7893 0.2859
vn -0.8926 0.3804 0.2418
vn -0.8612 -0.3823 0.3349
vn -0.0492 0.2206 -0.9741
vn -0.0186 0.2782 -0.9603
vn -0.0361 0.5153 -0.8563
vn -0.1569 0.5691 -0.8071
vn 0.4428 -0.8966 0.0101
vn -0.4586 -0.8333 0.3089
vn 0.4577 0.5558 0.6940
vn 0.9284 0.2911 0.2309
vn 0.8882 0.3988 0.2281
vn 0.0674 0.7096 0.7014
vn 0.9311 0.1095 -0.3480
vn 0.9184 -0.3038 -0.2535
vn 0.2372 -0.9704 0.0458
vn 0.6681 -0.7396 -0.0810
vn -0.9008 0.3890 0.1928
vn -0.8760 -0.3339 0.3482
vn -0.9157 0.3196 0.2436
vn -0.2228 0.9748 0.0060
vn 0.5932 0.7292 -0.3411
vn -0.9440 0.1084 0.3116
vn -0.6249 0.2146 0.7507
vn -0.8281 0.1664 0.5353
vn -0.9967 0.0159 0.0793
vn 0.0037 -0.8441 0.5362
vn 0.0084 -0.9900 0.1410
vn 0.0001 -0.9924 0.1234
vn 0.0001 -0.8150 0.5794
vn -0.1666 -0.9161 -0.3647
vn -0.2018 -0.9574 -0.2067
vn -0.7015 -0.4569 -0.5469
vn -0.5964 -0.4070 -0.6918
vn -0.1684 0.9817 -0.0885
vn 0.6633 0.6956 -0.2761
vn 0.4618 0.8479 -0.2604
vn -0.1449 0.9860 -0.0831
vn -0.1303 -0.9676 0.2161
vn 0.0414 -0.9730 0.2272
vn 0.8122 -0.5819 -0.0403
vn 0.7633 -0.6409 0.0816
vn 0.1077 0.7593 0.6418
vn 0.3805 0.6945 0.6107
vn 0.8958 0.3716 0.2438
vn 0.8774 0.4276 0.2177
vn -0.0000 0.2651 -0.9642
vn 0.7459 0.5952 -0.2990
vn 0.8523 0.4130 -0.3208
vn 0.9382 -0.2351 -0.2541
vn -0.5679 -0.0736 0.8198
vn -0.8979 -0.0778 0.4333
vn -0.8915 -0.2028 0.4050
vn -0.5553 -0.1424 0.8194
vn 0.4343 -0.8999 0.0388
vn -0.9403 0.3074 0.1459
vn -0.9363 0.2576 0.2388
vn -0.2640 0.9642 -0.0257
vn -0.1979 0.9677 -0.1563
vn -0.5625 -0.7751 0.2877
vn -0.1162 -0.9791 0.1667
vn -0.1021 -0.5975 0.7953
vn -0.3157 -0.6316 0.7081
vn 0.7544 0.5296 -0.3878
vn 0.7425 0.5879 -0.3209
vn -0.0084 0.8536 0.5209
vn -0.1231 0.8114 0.5714
vn -0.0046 0.1367 0.9906
vn -0.0007 -0.0094 1.0000
vn -0.9356 0.3530 0.0065
vn -0.7461 0.6658 0.0040
vn -0.7260 0.6877 0.0050
vn -0.9233 0.3839 0.0066
vn -0.7264 -0.5838 0.3627
vn -0.8820 0.3631 0.3006
vn 0.9302 -0.3066 -0.2017
vn 0.9247 -0.3163 -0.2117
vn 0.1214 -0.9085 -0.3999
vn 0.1659 -0.9335 -0.3180
vn 0.3356 0.8586 0.3875
vn 0.1197 0.9827 0.1413
vn 0.2855 0.9581 0.0230
vn 0.5810 0.8110 0.0687
vn -0.8294 -0.5373 0.1533
vn -0.9487 0.2907 0.1243
vn -0.9055 0.4020 0.1356
vn -0.7837 -0.5815 0.2185
vn 0.5544 -0.5081 0.6592
vn 0.3277 -0.1418 0.9341
vn 0.9564 -0.0955 0.2761
vn 0.9572 -0.1489 0.2483
vn -0.9010 0.3842 0.2015
vn -0.1705 0.9780 -0.1201
vn -0.7982 -0.5308 0.2849
vn -0.6758 -0.6894 0.2610
vn 0.9005 -0.4029 -0.1638
vn 0.7466 0.6445 -0.1650
vn 0.7296 0.6807 -0.0658
vn 0.9195 -0.3840 -0.0846
vn -0.0194 0.0194 0.9996
vn -0.0059 0.0477 0.9988
vn -0.0030 0.0227 0.9997
vn 0.4558 -0.0249 0.8897
vn 0.9075 -0.3464 -0.2374
vn 0.2196 -0.9754 0.0196
vn -0.9147 0.4019 0.0417
vn -0.9295 0.3522 0.1094
vn -0.2835 0.9514 0.1205
vn -0.1793 0.9824 0.0520
vn -0.1105 0.9932 -0.0375
vn 0.8313 0.5178 -0.2022
vn 0.7549 0.6170 -0.2222
vn -0.2324 0.9721 -0.0305
vn 0.8742 0.4541 0.1718
vn 0.9109 0.4052 0.0782
vn 0.8042 0.5022 -0.3179
vn -0.8517 0.4322 -0.2963
vn -0.6712 0.6948 -0.2585
vn -0.5012 0.7680 -0.3988
vn -0.6693 0.4584 -0.5848
vn -0.9058 0.4067 0.1187
vn -0.1704 0.9784 0.1173
vn 0.0017 -0.9780 -0.2084
vn -0.9101 -0.4094 -0.0643
vn -0.9216 -0.3880 0.0107
vn 0.0661 -0.9968 -0.0454
vn 0.9719 -0.0358 -0.2326
vn 0.5984 -0.8001 0.0423
vn 0.9836 -0.1673 -0.0676
vn 0.7851 0.5996 -0.1550
vn -0.0000 -0.9239 -0.3827
vn -0.0000 -0.5847 -0.8112
vn 0.1451 -0.0000 -0.9894
vn 0.1222 -0.0000 -0.9925
vn -0.7479 0.6638 -0.0028
vn -0.2298 0.9732 -0.0000
vn -0.7555 0.6552 -0.0000
vn 0.8545 0.5195 -0.0000
vn 0.5257 0.8507 -0.0000
vn -0.0639 0.7480 -0.6606
vn -0.0297 0.5336 -0.8452
vn 0.3475 0.3644 -0.8640
vn 0.3461 0.5668 -0.7476
vn 0.1222 -0.9925 -0.0000
vn 0.0153 -0.0119 0.9998
vn 0.0347 0.0007 0.9994
vn -0.0000 -1.0000 -0.0000
vn 0.4643 0.8721 -0.1547
vn 0.7455 0.6660 -0.0265
vn 0.0688 0.9845 -0.1616
vn 0.0233 0.9725 -0.2317
vn -0.0000 0.3827 0.9239
vn 0.2233 0.8928 0.3911
vn 0.9239 -0.0000 0.3827
vn 0.9966 0.0825 -0.0000
vn -0.0000 -0.8507 0.5257
vn -0.0000 -0.2298 0.9732
vn -0.0000 -0.6154 0.7882
vn -0.0000 -0.3827 -0.9239
vn 0.7736 0.4833 -0.4099
vn -0.0814 0.1457 -0.9860
vn -0.0307 0.0971 -0.9948
vn -0.1085 0.4416 -0.8906
vn -0.0088 0.4662 -0.8846
vn -0.9826 0.1592 0.0960
vn -0.3647 0.9309 0.0190
vn -0.1728 0.9842 -0.0394
vn -0.0000 0.9239 -0.3827
vn 0.2248 0.0018 -0.9744
vn 0.2879 0.1826 -0.9401
vn 0.0590 0.1354 -0.9890
vn -0.0000 -0.0621 0.9981
vn -0.0000 -0.8506 -0.5257
vn 0.0049 -0.4776 -0.8786
vn -0.0000 -0.4719 -0.8817
vn -0.0000 0.0498 0.9988
vn 0.0156 0.0284 0.9995
vn 0.2298 0.9732 -0.0000
vn 0.0280 -0.7357 -0.6767
vn -0.0000 0.4576 -0.8892
vn 0.4576 -0.0000 -0.8892
vn 0.0825 -0.0000 -0.9966
vn -0.0098 0.0471 0.9988
vn -0.0000 0.0553 0.9985
vn 0.9161 -0.3901 -0.0926
vn 0.0611 -0.9981 -0.0039
vn 0.1381 -0.9903 -0.0156
vn -0.3612 0.9319 0.0343
vn 0.6802 0.7300 -0.0673
vn -0.3797 0.9220 0.0759
vn -0.0000 0.3102 0.9507
vn -0.0000 0.3018 0.9534
vn -0.8269 -0.5013 0.2549
vn -0.9239 -0.3827 -0.0000
vn -1.0000 -0.0000 -0.0000
vn -0.8781 -0.0880 0.4704
vn 0.8842 -0.1964 -0.4238
vn 0.8583 -0.1737 -0.4828
vn -0.0377 -0.5495 -0.8347
vn 0.1210 -0.6854 -0.7181
vn 0.0370 -0.0435 -0.9984
vn 0.2305 -0.1535 -0.9609
vn 0.3391 0.3280 -0.8817
vn 0.6792 -0.0000 -0.7339
vn 0.6671 -0.0715 -0.7415
vn 0.4743 0.5564 -0.6823
vn -0.9239 -0.0000 0.3827
vn -0.3827 -0.0000 0.9239
vn 0.7113 0.0670 -0.6997
vn 0.5548 -0.0244 -0.8316
vn 0.3764 -0.2984 -0.8771
vn 0.0178 0.0415 0.9990
vn -0.0000 -0.9925 0.1222
vn 0.0151 -0.9874 0.1578
vn -0.0636 0.1350 -0.9888
vn -0.2968 0.1821 -0.9374
vn -0.2231 -0.0011 -0.9748
vn -0.0000 -0.3827 0.9239
vn -0.0000 0.1602 -0.9871
vn -0.0000 0.3073 -0.9516
vn -0.1472 0.9730 0.1779
vn -0.0446 0.9750 0.2175
vn -0.2208 0.9731 0.0656
vn -0.9249 0.2085 0.3180
vn -0.4686 0.6984 0.5410
vn -0.9306 -0.3526 -0.0981
vn -0.0000 -0.1222 0.9925
vn -0.2690 -0.1620 -0.9494
vn -0.0371 -0.0409 -0.9985
vn 0.6448 0.7567 -0.1082
vn 0.7448 0.6527 -0.1388
vn 0.4702 0.8825 0.0129
vn 0.4261 0.9043 -0.0255
vn 0.8799 0.4391 -0.1815
vn -0.3289 0.3619 -0.8723
vn -0.7887 0.0840 -0.6090
vn -0.5984 -0.0465 -0.7999
vn 0.0994 -0.0008 -0.9950
vn 0.0457 0.0586 -0.9972
vn 0.0094 -0.0215 0.9997
vn -0.0002 -0.0021 1.0000
vn 0.0021 -0.0050 1.0000
vn 0.0178 0.0122 0.9998
vn 0.0799 0.5274 -0.8459
vn 0.2950 0.2847 -0.9121
vn 0.2869 0.3430 -0.8945
vn 0.0519 -0.5312 -0.8456
vn 0.2993 -0.3924 -0.8697
vn 0.4384 0.0052 -0.8988
vn 0.4300 0.0126 -0.9028
vn -0.7071 -0.7071 -0.0000
vn -0.0000 0.4927 0.8702
vn 0.1845 0.7866 0.5893
vn -0.0000 0.7733 0.6340
vn 0.3827 -0.9239 -0.0000
vn 0.2975 -0.3453 -0.8901
vn 0.0070 0.0539 0.9985
vn 0.0144 -0.4020 0.9155
vn -0.0000 -0.5257 0.8507
vn -0.2975 -0.3453 -0.8901
vn -0.4384 0.0052 -0.8988
vn -0.4300 0.0126 -0.9028
vn -0.2993 -0.3924 -0.8697
vn -0.9780 -0.1612 -0.1326
vn -0.9732 -0.2298 -0.0000
vn 0.0046 0.4824 -0.8760
vn 0.0047 0.4648 -0.8854
vn -0.8768 -0.4583 -0.1459
vn -0.8696 -0.4327 -0.2378
vn -0.9080 0.2247 0.3536
vn -0.9059 0.2070 0.3695
vn 0.5967 -0.1341 0.7911
vn 0.4363 -0.1169 0.8922
vn 0.1133 0.9784 -0.1728
vn 0.0477 0.9215 0.3855
vn -0.0525 0.9365 0.3468
vn -0.0393 0.9840 -0.1736
vn -0.1192 -0.1177 0.9859
vn 0.0218 -0.1694 0.9853
vn -0.0000 -0.7071 0.7071
vn -0.3380 -0.4875 0.8050
vn -0.0000 0.5847 -0.8112
vn -0.0000 0.2298 -0.9732
vn 0.2531 -0.8454 -0.4704
vn 0.2986 -0.9544 -0.0000
vn -0.0000 0.2298 0.9732
vn -0.0000 0.3908 0.9205
vn -0.5795 0.0021 -0.8150
vn -0.2207 -0.0010 -0.9753
vn -0.2366 0.1530 -0.9595
vn -0.4770 0.4105 -0.7771
vn -0.8742 0.4541 0.1718
vn -0.2988 0.8923 0.3384
vn -0.3636 0.9203 0.1444
vn -0.9109 0.4052 0.0782
vn -0.8180 -0.5647 0.1093
vn -0.9470 0.2764 0.1636
vn -0.7663 -0.6359 0.0920
vn 0.8545 0.3916 -0.3412
vn 0.9526 -0.0647 -0.2973
vn -0.4147 0.9057 -0.0878
vn 0.4470 0.7370 0.5069
vn 0.8770 0.4442 0.1831
vn 0.3594 0.7567 0.5462
vn -0.1999 0.7522 0.6279
vn 0.2421 -0.9610 0.1334
vn 0.2148 -0.9679 0.1306
vn -0.7006 -0.6521 -0.2899
vn -0.6226 -0.7253 -0.2939
vn 0.7887 0.5794 0.2056
vn 0.7705 0.5964 0.2248
vn 0.6278 0.7026 0.3350
vn 0.0119 0.6239 0.7814
vn 0.0053 0.9948 0.1022
vn 0.3419 0.9397 0.0089
vn 0.6623 0.5170 0.5423
vn 0.2703 -0.3018 0.9142
vn 0.8555 -0.1737 0.4878
vn 0.8437 -0.0364 0.5355
vn 0.2794 -0.0663 0.9579
vn 0.7413 0.5821 -0.3341
vn 0.9421 -0.2476 -0.2262
vn 0.9243 -0.2844 -0.2547
vn -0.1077 0.5498 -0.8283
vn -0.4195 0.4774 -0.7721
vn -0.6484 0.7404 -0.1773
vn -0.1806 0.9592 -0.2175
vn 0.8372 0.5199 0.1698
vn 0.9462 -0.2213 -0.2361
vn 0.8532 0.5107 0.1055
vn -0.2327 0.9681 -0.0927
vn 0.0557 -0.1478 -0.9874
vn 0.2805 -0.3178 -0.9057
vn 0.4140 0.0368 -0.9095
vn 0.1170 -0.0005 -0.9931
vn -0.1914 0.9791 -0.0692
vn -0.1588 0.9837 -0.0843
vn -0.9406 0.3396 0.0028
vn -0.9408 0.3389 -0.0069
vn -0.2552 -0.9668 0.0140
vn -0.5175 -0.5661 0.6417
vn -0.0051 -0.6142 0.7891
vn -0.0056 -0.9978 0.0654
vn 0.0873 0.5371 -0.8390
vn 0.3007 0.3031 -0.9042
vn -0.7788 -0.5768 0.2467
vn -0.7607 -0.6463 -0.0609
vn -0.9182 0.3392 -0.2044
vn -0.8555 0.3831 -0.3483
vn -0.8529 -0.4094 -0.3240
vn -0.0000 -0.5257 -0.8507
vn -0.0506 0.9882 -0.1446
vn -0.0000 -0.0068 1.0000
vn 0.0660 0.9909 0.1169
vn -0.5257 -0.0000 0.8507
vn -0.5561 0.0635 0.8287
vn -0.7877 0.0992 0.6080
vn -0.7259 -0.0097 0.6878
vn 0.8871 -0.4449 -0.1227
vn 0.2370 -0.9545 -0.1811
vn 0.2552 -0.9668 0.0140
vn 0.8752 -0.4812 0.0492
vn -0.8545 0.4811 0.1960
vn 0.1730 -0.9746 0.1426
vn 0.1495 -0.9866 0.0654
vn -0.1572 0.0081 0.9875
vn 0.5735 -0.1715 0.8011
vn 0.5881 -0.3377 0.7349
vn -0.0844 -0.0407 0.9956
vn -0.8679 0.4016 0.2924
vn -0.1340 0.9835 -0.1216
vn -0.0000 0.3440 -0.9390
vn -0.0000 0.3522 -0.9359
vn -0.0000 0.9609 0.2770
vn -0.1723 0.9699 0.1723
vn -0.8730 0.4451 0.1995
vn -0.7991 -0.4976 0.3374
vn 0.4660 0.4655 -0.7524
vn 0.6805 0.0298 -0.7321
vn -0.3192 -0.3655 -0.8743
vn -0.4868 -0.7666 -0.4188
vn -0.7853 -0.5615 -0.2609
vn -0.4191 -0.2897 -0.8605
vn 0.7616 -0.1977 -0.6172
vn 0.5622 -0.4882 -0.6676
vn 0.6211 -0.7626 -0.1808
vn -0.3827 -0.9239 -0.0000
vn -0.0000 0.0304 -0.9995
vn 0.0603 0.0817 -0.9948
vn -0.0079 0.1513 -0.9885
vn -0.7933 0.0193 -0.6085
vn -0.0166 -0.5411 -0.8408
vn 0.0407 -0.7538 -0.6558
vn 0.4530 -0.5563 -0.6966
vn 0.3850 -0.3398 -0.8581
vn -0.0166 0.9997 0.0166
vn -0.0217 0.9984 0.0520
vn -0.3611 0.8228 0.4388
vn -0.0572 0.9980 0.0279
vn 0.0724 0.4125 -0.9081
vn 0.0904 0.9061 -0.4133
vn 0.0971 0.8356 -0.5408
vn 0.0526 0.3468 -0.9365
vn -0.0746 -0.0038 -0.9972
vn -0.0603 0.0817 -0.9948
vn -0.1158 -0.0032 -0.9933
vn 0.4025 -0.0804 -0.9119
vn 0.2537 -0.6236 -0.7394
vn -0.4537 -0.6020 -0.6570
vn -0.3497 0.2143 -0.9120
vn -0.0584 -0.8784 -0.4743
vn -0.6297 -0.4639 -0.6232
vn -0.5284 -0.3421 -0.7770
vn -0.0884 -0.5072 -0.8573
vn -0.8717 -0.0584 0.4865
vn -0.8284 0.5584 -0.0448
vn -0.8986 0.3945 -0.1919
vn -0.6743 0.7379 0.0300
vn -0.8630 -0.0243 0.5046
vn -0.6814 -0.4153 0.6027
vn -0.5394 -0.5803 0.6102
vn -0.9984 0.0259 -0.0499
vn -0.8587 -0.4904 0.1488
vn -0.9892 0.1224 -0.0811
vn -0.6628 0.5452 -0.5132
vn 0.4312 0.5494 0.7157
vn 0.8892 0.4550 0.0480
vn -0.8368 -0.5460 -0.0394
vn 0.1411 0.9876 -0.0684
vn 0.7511 0.6601 0.0146
vn 0.7544 0.5388 -0.3749
vn 0.1845 0.8829 -0.4318
vn 0.0082 0.0629 -0.9980
vn 0.4195 0.4774 -0.7721
vn 0.0081 0.0285 -0.9996
vn 0.9364 -0.2077 -0.2830
vn 0.5967 -0.1341 -0.7911
vn 0.4363 -0.1169 -0.8922
vn 0.9135 -0.2072 -0.3501
vn 0.5336 -0.3516 -0.7692
vn -0.1258 -0.8240 -0.5524
vn 0.7468 -0.0475 -0.6633
vn 0.9258 -0.1693 0.3379
vn 0.7486 -0.0219 0.6626
vn 0.4800 0.0245 0.8769
vn -0.2028 0.5440 -0.8142
vn -0.4360 -0.6693 -0.6016
vn 0.2710 -0.8866 -0.3748
vn -0.5990 -0.7836 -0.1649
vn 0.5527 0.7724 0.3129
vn 0.6633 -0.6260 0.4100
vn 0.8489 -0.5246 -0.0647
vn 0.0476 -0.0000 -0.9989
vn -0.0369 0.9987 -0.0360
vn 0.6847 0.6834 0.2533
vn -0.0000 -0.1141 -0.9935
vn 0.1363 0.4792 -0.8671
vn 0.4949 0.3690 -0.7867
vn -0.3817 0.3555 -0.8532
vn -0.9650 0.1204 -0.2331
vn -0.7845 0.0650 -0.6167
vn -0.0748 0.2956 -0.9524
vn -0.0000 0.3469 -0.9379
vn 0.4361 0.0012 -0.8999
vn 0.9905 0.0486 -0.1285
vn 0.6683 0.7027 -0.2440
vn 0.2923 0.2744 -0.9161
vn -0.3990 0.9163 0.0343
vn -0.1917 0.9791 0.0681
vn 0.6843 0.7292 -0.0022
vn 0.7244 0.6856 -0.0717
vn -0.0000 0.4927 -0.8702
vn 0.1269 -0.4973 -0.8583
vn 0.3011 -0.4212 -0.8555
vn 0.5100 -0.7768 -0.3695
vn 0.0470 -0.0000 -0.9989
vn 0.0190 -0.0382 0.9991
vn -0.0029 0.7156 0.6985
vn 0.3471 0.5099 0.7871
vn -0.9239 0.3750 0.0754
vn -0.9161 0.3902 0.0926
vn -0.9260 -0.3717 -0.0662
vn -0.8262 0.4920 0.2743
vn -0.8607 0.4592 0.2196
vn -0.9020 -0.4243 -0.0797
vn -0.4525 0.4874 0.7468
vn -0.9071 0.4186 0.0443
vn 0.0029 0.7156 0.6985
vn -0.0131 -0.1971 -0.9803
vn -0.0506 -0.0619 -0.9968
vn -0.3358 0.0299 0.9414
vn -0.3471 0.5099 0.7871
vn -0.0190 -0.0382 0.9991
vn 0.7783 0.6064 0.1627
vn 0.6650 0.7374 0.1183
vn 0.7211 0.6925 0.0195
vn 0.7818 0.6230 0.0261
vn 0.8926 -0.4422 0.0883
vn 0.4739 0.8201 -0.3207
vn 0.0393 0.9840 -0.1736
vn -0.8586 0.3598 -0.3651
vn -0.6953 0.7042 -0.1438
vn -0.6935 0.7150 -0.0883
vn -0.9804 0.1276 -0.1500
vn 0.7484 0.0251 0.6627
vn 0.5324 0.0543 0.8448
vn 0.6861 0.5075 0.5212
vn 0.8876 0.3029 0.3469
vn -0.7470 -0.0000 0.6648
vn -0.7574 -0.0205 0.6526
vn 0.7467 -0.0001 0.6652
vn 0.2806 -0.0001 0.9598
vn -0.1255 0.6275 0.7684
vn -0.1017 0.5624 0.8206
vn -0.1076 0.4481 0.8875
vn -0.1198 0.2989 0.9467
vn 0.9998 0.0059 0.0182
vn 0.9232 -0.3796 -0.0602
vn -0.9148 -0.3896 0.1066
vn -0.9496 0.3040 -0.0766
vn -0.9997 -0.0043 0.0250
vn -0.9184 -0.3881 0.0772
vn -0.2918 -0.9561 0.0274
vn -0.5477 -0.5655 0.6167
vn 0.0051 -0.6142 0.7891
vn 0.0030 -0.9978 0.0656
vn -0.9273 0.2951 0.2302
vn 0.4150 0.8990 0.1398
vn 0.9350 0.3506 0.0543
vn 0.8730 0.4543 0.1774
vn -0.4150 0.8990 0.1398
vn 0.7875 0.6144 0.0479
vn 0.7737 0.6335 -0.0123
vn -0.0000 0.0825 -0.9966
vn 0.5257 -0.0000 0.8507
vn 0.5115 -0.0139 0.8592
vn 0.5175 -0.5661 0.6417
vn 0.8978 -0.0908 0.4310
vn -0.7667 0.4027 0.5000
vn -0.6623 0.5170 0.5423
vn -0.6807 0.0285 0.7321
vn -0.3408 -0.0154 0.9400
vn -0.6807 -0.0285 0.7320
vn -0.6756 -0.0000 0.7373
vn -0.5507 0.0407 0.8337
vn 0.0389 0.4901 0.8708
vn 0.1363 0.4792 0.8671
vn 0.2514 0.9215 0.2960
vn 0.5507 0.0407 0.8337
vn 0.6807 0.0284 0.7321
vn 0.6756 -0.0000 0.7373
vn 0.9732 -0.0000 -0.2298
vn 0.7071 -0.0000 -0.7071
vn -0.0821 -0.6352 -0.7680
vn -0.2908 -0.3162 -0.9030
vn -0.0519 -0.5312 -0.8456
vn 0.0208 -0.6255 -0.7799
vn 0.4787 -0.6380 -0.6032
vn -0.0047 0.0707 0.9975
vn 0.1197 0.1494 -0.9815
vn -0.0000 0.2807 -0.9598
vn 0.9239 0.3827 -0.0000
vn 0.9476 0.3000 -0.1098
vn -0.0052 -0.4985 -0.8669
vn 0.0058 -0.0610 -0.9981
vn 0.0138 -0.5237 -0.8518
vn -0.3808 0.1904 -0.9048
vn -0.5967 0.1341 -0.7911
vn 0.5496 0.6272 -0.5519
vn 0.7421 0.6243 -0.2438
vn 0.8473 0.4236 -0.3204
vn 0.6599 0.4213 -0.6221
vn -0.8730 0.4543 0.1774
vn -0.8978 -0.0908 0.4310
vn -0.8752 -0.4812 0.0492
vn 0.9998 -0.0059 -0.0182
vn 0.4073 0.8545 0.3223
vn 0.0034 0.9944 -0.1054
vn 0.1838 -0.0000 0.9830
vn 0.3358 0.0299 0.9414
vn 0.6807 -0.0285 0.7320
vn -0.8871 -0.4449 -0.1227
vn -0.9998 -0.0059 -0.0182
vn 0.3569 -0.9341 0.0122
vn 0.9293 -0.2660 -0.2561
vn -0.6751 -0.3737 -0.6360
vn -0.0000 0.6552 -0.7555
vn 0.5509 -0.5574 0.6211
vn 0.8457 -0.4086 0.3434
vn 0.7273 0.6047 -0.3245
vn 0.8003 0.4227 -0.4252
vn 0.3216 0.9464 0.0281
vn -0.9098 0.4042 0.0945
vn -0.6054 0.6593 -0.4459
vn -0.0487 0.9923 -0.1137
vn -0.9239 0.3827 -0.0000
vn -0.1218 0.9925 0.0077
vn -0.0185 -0.9974 0.0694
vn 0.8192 0.4265 0.3834
vn 0.9224 0.1998 -0.3305
vn 0.9652 0.1956 -0.1736
vn -0.0355 0.0487 0.9982
vn -0.0044 0.0477 0.9989
vn -0.0022 0.0227 0.9997
vn -0.0178 0.0113 0.9998
vn -0.7484 0.0251 0.6627
vn -0.8876 0.3029 0.3469
vn -0.6861 0.5075 0.5212
vn -0.5324 0.0543 0.8448
vn 0.9681 -0.2163 0.1263
vn -0.4560 -0.8644 0.2120
vn -0.9681 -0.2163 0.1263
vn -0.4604 -0.0248 0.8874
vn -0.4242 -0.4358 0.7938
vn 0.4242 -0.4358 0.7938
vn 0.0047 0.0707 0.9975
vn -0.3961 0.9143 -0.0847
vn -0.4908 0.8400 -0.2312
vn -0.0181 0.9814 -0.1910
vn -0.0282 0.9846 -0.1727
vn 0.7667 0.4027 0.5000
vn 0.3408 -0.0154 0.9400
vn -0.9509 -0.2354 0.2009
vn -0.0147 0.1836 -0.9829
vn -0.0457 0.0586 -0.9972
vn -0.0225 0.0234 0.9995
vn -0.3427 -0.4609 0.8186
vn -0.9677 0.0424 -0.2487
vn -0.9405 -0.2179 -0.2607
vn -0.0000 0.9966 0.0825
vn 0.0051 0.9970 0.0767
vn 0.0989 0.7499 0.6541
vn -0.0010 0.6928 0.7212
vn -0.0000 0.7071 -0.7071
vn -0.8718 -0.4821 0.0866
vn -0.0000 0.5019 -0.8649
vn -0.0000 0.8112 -0.5847
vn 0.0178 0.0138 0.9997
vn -0.0385 0.0440 -0.9983
vn 0.6591 0.7490 0.0682
vn 0.6484 0.7404 -0.1773
vn 0.9356 0.3306 -0.1236
vn 0.8710 0.4872 -0.0628
vn 0.2936 0.9489 -0.1154
vn 0.4003 0.8324 -0.3831
vn -0.8625 -0.3191 0.3928
vn -0.8676 -0.4892 0.0895
vn -0.9993 0.0375 0.0016
vn 0.1229 0.2037 -0.9713
vn 0.1555 -0.0291 -0.9874
vn 0.0697 0.0713 -0.9950
vn -0.0057 0.6954 -0.7186
vn 0.1414 -0.9898 -0.0175
vn 0.9233 -0.3735 -0.0899
vn 0.0355 0.0487 0.9982
vn 0.0178 0.0113 0.9998
vn -0.9319 0.3612 0.0343
vn -0.2086 0.9739 0.0897
vn 0.9148 -0.3896 0.1066
vn 0.3702 -0.8985 0.2359
vn 0.3803 -0.9133 0.1457
vn 0.9184 -0.3881 0.0772
vn -0.7720 -0.6325 -0.0632
vn -0.8558 -0.5172 -0.0124
vn 0.9220 -0.3797 -0.0759
vn 0.9198 -0.3625 -0.1504
vn 0.0540 -0.9778 -0.2023
vn 0.1265 -0.9761 -0.1769
vn -0.8829 -0.4632 0.0770
vn 0.0566 -0.9980 -0.0269
vn 0.9020 -0.4310 0.0268
vn -0.4051 -0.9045 -0.1331
vn 0.0008 -0.9802 0.1981
vn 0.3146 -0.9421 0.1161
vn -0.0238 0.9997 -0.0000
vn -0.3751 0.9263 -0.0348
vn -0.3469 0.9379 -0.0000
vn 0.0147 0.1836 -0.9829
vn -0.0000 0.7071 0.7071
vn 0.1823 -0.9818 -0.0537
vn -0.8439 -0.5354 0.0349
vn 0.7656 0.3168 0.5599
vn -0.4042 0.9067 0.1204
vn -0.1541 0.9741 -0.1655
vn 0.8952 0.4420 0.0569
vn 0.8485 0.5277 0.0411
vn -0.9180 0.3891 0.0772
vn 0.9306 -0.3648 -0.0291
vn 0.9101 -0.3806 -0.1640
vn -0.0000 -0.5257 -0.8506
vn -0.0000 -0.8507 -0.5257
vn -0.0008 -0.9802 0.1981
vn 0.4051 -0.9045 -0.1331
vn -0.9020 -0.4310 0.0268
vn -0.3146 -0.9421 0.1161
vn -0.8703 -0.4869 0.0746
vn 0.0741 -0.9972 -0.0019
vn 0.9147 -0.4019 -0.0417
vn 0.9641 -0.2581 -0.0622
vn 0.2225 -0.9734 -0.0542
vn 0.2773 -0.9559 -0.0971
vn 0.9170 -0.3660 -0.1587
vn 0.1627 -0.9617 -0.2206
vn -0.1602 -0.0000 -0.9871
vn -0.0825 -0.0000 -0.9966
vn -0.1932 0.9315 0.3083
vn -0.2115 0.9340 0.2879
vn -0.9306 0.3314 0.1552
vn 0.9049 -0.3910 -0.1680
vn 0.0610 -0.1140 -0.9916
vn 0.1602 -0.0000 -0.9871
vn 0.1555 0.0291 -0.9874
vn 0.9639 -0.1969 -0.1792
vn 0.9533 -0.2808 -0.1111
vn 0.9467 -0.3182 -0.0495
vn 0.9780 -0.1938 -0.0770
vn 0.6545 0.7320 0.1893
vn -0.2946 0.9353 -0.1963
vn 0.1400 -0.6109 -0.7792
vn 0.7594 0.6498 -0.0329
vn -0.9196 0.3912 0.0361
vn -0.9298 0.3379 0.1458
vn -0.2288 0.9302 0.2869
vn -0.1945 0.9755 0.1026
vn 0.2534 0.9231 -0.2892
vn -0.0022 0.9197 -0.3927
vn 0.2948 0.9533 0.0654
vn -0.0414 0.9991 -0.0073
vn -0.3868 0.8197 -0.4226
vn -0.0167 0.9987 -0.0471
vn -0.0121 0.9998 -0.0142
vn 0.0295 0.5110 -0.8591
vn -0.6495 0.5884 -0.4815
vn -0.7161 0.2468 -0.6529
vn -0.0000 0.3289 -0.9444
vn -0.8148 -0.5643 0.1328
vn -0.9004 0.4346 0.0197
vn -0.3803 -0.9133 0.1457
vn -0.3702 -0.8985 0.2359
vn -0.6070 -0.0639 0.7921
vn -0.5735 -0.1715 0.8011
vn -0.0070 0.0539 0.9985
vn -0.0144 -0.4020 0.9155
vn 0.8827 0.4698 0.0074
vn 0.4249 0.9046 0.0330
vn -0.8663 -0.4996 -0.0016
vn -0.6941 -0.6165 0.3718
vn -0.0217 0.1603 -0.9868
vn 0.3221 -0.1129 -0.9399
vn 0.0289 0.2593 -0.9654
vn -0.9331 -0.3549 -0.0573
vn -0.8848 0.3458 0.3121
vn -0.1354 0.7393 0.6596
vn -0.8290 0.3925 0.3983
vn -0.9707 -0.2353 -0.0484
vn -0.0490 0.9241 0.3789
vn 0.8523 0.5112 0.1108
vn -0.3234 0.9322 -0.1627
vn -0.5086 -0.8430 0.1750
vn -0.3307 -0.7606 0.5588
vn -0.1890 -0.9322 0.3087
vn -0.1823 -0.9558 -0.2306
vn -0.3897 -0.9183 0.0695
vn 0.9567 -0.2753 -0.0945
vn 0.9948 0.0492 0.0887
vn 0.9980 0.0519 -0.0352
vn -0.9002 0.2469 0.3587
vn -0.0628 0.8125 0.5796
vn 0.9145 -0.2482 -0.3194
vn 0.8328 -0.4050 -0.3773
vn 0.0383 -0.8057 -0.5910
vn 0.2259 -0.7980 -0.5587
vn -0.2898 0.9570 0.0125
vn -0.1861 0.9721 -0.1429
vn -0.0930 0.9871 -0.1300
vn -0.8653 -0.5005 -0.0278
vn -0.8664 -0.4926 -0.0817
vn -0.3649 0.4025 -0.8395
vn -0.1064 0.3138 -0.9435
vn -0.2780 0.3827 -0.8811
vn -0.6087 0.4503 -0.6532
vn 0.6042 0.4323 -0.6694
vn 0.2780 0.3827 -0.8811
vn 0.5923 0.4618 -0.6603
vn 0.9414 0.3373 -0.0000
vn 0.8761 0.4076 0.2574
vn 0.9359 0.3522 -0.0000
vn 0.8748 0.4183 -0.2443
vn 0.8722 0.4327 -0.2284
vn -0.0007 0.0642 -0.9979
vn -0.0000 0.0621 -0.9981
vn 0.3207 0.3942 -0.8612
vn 0.3134 0.4111 -0.8560
vn 0.0976 0.3624 -0.9269
vn -0.7323 -0.6484 -0.2079
vn -0.6922 -0.5922 -0.4124
vn -0.0792 -0.9746 -0.2094
vn -0.0620 -0.9937 0.0933
vn -0.8722 0.4327 -0.2284
vn -0.9116 0.2762 -0.3045
vn -0.0298 0.1328 -0.9907
vn -0.2939 0.2190 -0.9304
vn -0.9379 0.3468 -0.0088
vn 0.0196 0.6727 -0.7397
vn -0.5108 0.6868 0.5172
vn -0.3391 0.6910 0.6384
vn -0.0688 0.9845 0.1616
vn -0.3345 0.9009 0.2766
vn 0.7013 -0.6555 0.2803
vn 0.5788 -0.7301 -0.3631
vn 0.1385 -0.9883 -0.0634
vn 0.2242 -0.6891 0.6891
vn 0.5152 0.8479 -0.1251
vn 0.7363 0.1541 -0.6589
vn 0.3345 0.9009 -0.2766
vn -0.9572 -0.1489 0.2483
vn -0.9518 -0.2379 0.1934
vn -0.9837 0.0888 0.1564
vn -0.9459 0.1924 0.2611
vn -0.0226 0.8339 -0.5515
vn -0.0000 -0.9732 0.2298
vn 0.0153 -0.9524 -0.3045
vn 0.0112 -0.9489 0.3152
vn 0.1384 0.8263 0.5459
vn 0.2752 0.9601 -0.0502
vn 0.7108 0.7018 -0.0464
vn 0.1602 0.9871 -0.0000
vn -0.3827 0.9239 -0.0000
vn -0.0000 0.6552 0.7555
vn -0.0000 0.3440 0.9390
vn 0.9390 0.3440 -0.0000
vn 0.8112 -0.5847 -0.0000
vn 0.7713 -0.5329 -0.3480
vn -0.0000 0.3373 -0.9414
vn -0.8748 0.3108 0.3716
vn 0.0198 0.7693 0.6386
vn -0.7953 0.5475 0.2602
vn -0.8959 -0.4201 -0.1447
vn -0.8529 -0.5056 -0.1303
vn -0.8026 -0.4148 0.4286
vn 0.9916 0.0996 -0.0822
vn 0.7986 0.5255 0.2935
vn 0.9127 -0.2169 -0.3463
vn 0.9343 -0.2028 -0.2931
vn -0.3289 0.1959 -0.9238
vn -0.0236 0.3025 -0.9528
vn 0.0844 0.8204 -0.5656
vn -0.5930 0.4780 -0.6479
vn 0.9146 0.3639 0.1764
vn 0.9145 0.3951 0.0867
vn 0.2722 0.8190 0.5051
vn 0.8370 -0.3396 -0.4290
vn 0.9324 0.3379 0.1286
vn 0.0035 -0.4087 -0.9127
vn -0.3324 -0.2418 -0.9116
vn -0.6002 -0.4734 -0.6447
vn -0.0154 -0.8520 -0.5233
vn 0.5899 0.6879 0.4229
vn -0.9181 -0.3599 -0.1663
vn 0.1814 -0.7632 -0.6202
vn 0.0864 -0.7896 -0.6075
vn 0.2265 0.9635 0.1431
vn 0.4247 0.8924 0.1527
vn 0.6676 0.7442 0.0228
vn 0.0882 0.9716 0.2196
vn 0.6616 0.6523 -0.3699
vn 0.5936 0.6123 0.5223
vn 0.9496 0.3040 -0.0766
vn 0.9997 -0.0043 0.0250
vn 0.9280 0.3725 0.0073
vn 0.9159 0.4015 0.0008
vn 0.1587 -0.7465 -0.6462
vn -0.0011 0.2611 -0.9653
vn -0.0011 0.2610 -0.9653
vn 0.2065 -0.7031 -0.6805
vn 0.9383 -0.1697 -0.3012
vn -0.1707 -0.9125 -0.3718
vn -0.2300 -0.9382 -0.2584
vn -0.0768 -0.9941 -0.0768
vn -0.0801 -0.9600 -0.2681
vn -0.3012 -0.6026 0.7390
vn -0.0412 -0.9796 0.1966
vn -0.3824 0.6741 0.6320
vn 0.6916 0.6484 0.3183
vn 0.8952 -0.2704 -0.3543
vn 0.8809 -0.2261 -0.4157
vn 0.0670 0.2509 -0.9657
vn 0.6845 0.0255 -0.7286
vn 0.2657 0.4631 -0.8456
vn -0.7587 0.6152 -0.2140
vn -0.2273 0.9716 -0.0653
vn -0.1559 0.9571 -0.2442
vn -0.5719 0.5679 -0.5920
vn 0.6839 0.5847 0.4363
vn -0.1841 0.7019 0.6881
vn -0.9041 0.2185 0.3673
vn -0.9356 0.3306 -0.1236
vn -0.4003 0.8324 -0.3831
vn 0.4179 0.7211 0.5526
vn 0.9439 -0.1412 -0.2986
vn 0.2134 -0.8091 -0.5475
vn 0.0521 -0.8564 -0.5136
vn 0.9183 -0.2965 -0.2624
vn 0.0002 -0.0021 1.0000
vn -0.0021 -0.0050 1.0000
vn -0.6873 -0.6768 0.2638
vn -0.8336 0.5387 0.1217
vn -0.0294 0.8990 0.4369
vn -0.1288 0.9905 -0.0487
vn -0.7357 0.6700 -0.0992
vn -0.0409 -0.7412 -0.6700
vn 0.4772 -0.8044 0.3538
vn 0.5825 -0.8116 -0.0454
vn 0.9981 -0.0619 0.0079
vn 0.8667 -0.0249 0.4982
vn 0.1462 -0.6974 -0.7016
vn 0.7936 -0.3917 -0.4655
vn 0.0722 -0.0565 0.9958
vn 0.4605 0.0693 0.8850
vn 0.4260 -0.0876 0.9005
vn 0.1192 -0.1177 0.9859
vn 0.9388 0.3289 0.1029
vn 0.9381 -0.1299 -0.3211
vn 0.5633 0.6850 0.4620
vn 0.0131 0.7813 0.6240
vn 0.9239 -0.3827 -0.0000
vn 0.0041 -0.5370 0.8436
vn 0.0038 -0.9598 0.2806
vn -0.4021 0.6901 0.6017
vn -0.3011 0.3700 0.8789
vn -0.7292 0.4885 0.4793
vn -0.4904 0.3775 0.7855
vn -0.9476 0.3000 -0.1098
vn -0.7071 -0.0000 -0.7071
vn -0.8350 0.3025 0.4597
vn -0.2273 0.6580 0.7179
vn -0.8416 0.3207 0.4345
vn 0.5679 -0.0736 0.8198
vn 0.0137 -0.9744 0.2242
vn 0.0567 -0.9637 0.2609
vn -0.2257 -0.8727 -0.4330
vn -0.7512 0.6583 -0.0474
vn -0.7489 0.6623 0.0211
vn -0.1714 0.9852 0.0023
vn -0.1746 0.9846 -0.0067
vn -0.0000 -0.8944 -0.4472
vn -0.0000 -0.9871 0.1602
vn -0.0000 0.2982 0.9545
vn -0.9631 -0.2584 -0.0757
vn -0.8703 0.4725 0.1392
vn 0.0514 0.1245 -0.9909
vn 0.0064 0.4648 -0.8854
vn -0.3144 0.9493 -0.0000
vn -0.5842 0.8116 -0.0000
vn -0.3918 0.8506 -0.3507
vn -0.0012 0.8272 -0.5618
vn -0.3822 0.8603 0.3373
vn -0.1128 0.9866 0.1178
vn 0.0029 0.9788 0.2046
vn 0.0062 0.8654 0.5010
vn -0.0000 0.3271 0.9450
vn 0.0070 0.3491 -0.9371
vn 0.0239 0.3339 -0.9423
vn -0.7071 0.7071 -0.0000
vn -0.9186 0.3951 -0.0000
vn -0.0071 -0.5055 -0.8628
vn -0.0239 -0.3505 -0.9362
vn 0.1127 -0.9826 0.1478
vn 0.0828 -0.8751 -0.4768
vn -0.0000 -0.9862 0.1657
vn 0.4677 -0.8539 0.2281
vn 0.1123 -0.4225 0.8994
vn 0.2591 -0.3432 0.9028
vn 0.2117 -0.0899 0.9732
vn 0.0534 -0.0826 0.9952
vn -0.0000 0.9732 0.2298
vn -0.1578 0.9013 0.4035
vn -0.1602 0.9871 -0.0000
vn 0.0350 0.3835 0.9229
vn 0.0660 0.3120 0.9478
vn 0.0179 0.3101 -0.9505
vn 0.0049 0.2635 -0.9646
vn 0.0128 0.2975 -0.9546
vn -0.0000 0.2982 -0.9545
vn 0.0065 0.2630 -0.9648
vn 0.0199 0.2967 -0.9548
vn 0.0239 -0.2592 0.9655
vn 0.0004 0.6808 0.7325
vn -0.0086 0.3099 0.9507
vn 0.9440 0.1084 0.3116
vn -0.2514 0.9215 0.2960
vn -0.7754 0.5857 0.2359
vn -0.4949 0.3690 0.7867
vn -0.1363 0.4792 0.8671
vn 0.5023 0.2578 -0.8253
vn 0.0011 0.0923 -0.9957
vn -0.0444 0.0492 -0.9978
vn 0.3256 0.9137 0.2430
vn 0.3898 0.9208 0.0125
vn 0.9216 0.3879 0.0113
vn 0.7104 0.1388 0.6900
vn -0.5023 0.2578 -0.8253
vn -0.8705 0.4711 -0.1424
vn 0.1077 0.5498 -0.8283
vn -0.0566 0.0487 -0.9972
vn -0.0367 0.0411 -0.9985
vn -0.0081 0.0285 -0.9996
vn -0.0082 0.0629 -0.9980
vn 0.6751 -0.3737 -0.6360
vn -0.0147 -0.0294 -0.9995
vn -0.0870 -0.9896 -0.1142
vn -0.0733 -0.6682 -0.7404
vn -0.0051 -0.4527 -0.8917
vn -0.0153 -0.9524 -0.3045
vn 0.0006 0.0634 -0.9980
vn 0.0863 -0.1149 0.9896
vn 0.0185 -0.0431 0.9989
vn 0.0367 0.0411 -0.9985
vn 0.0315 -0.1091 -0.9935
vn -0.7398 0.3459 0.5771
vn -0.5018 0.7226 0.4755
vn -0.6591 0.7490 0.0682
vn -0.8776 0.4744 0.0698
vn 0.5018 0.7226 0.4755
vn -0.5057 0.7763 0.3763
vn -0.3256 0.3609 0.8739
vn -0.1128 0.2560 0.9601
vn -0.1890 0.9683 0.1633
vn -0.0060 0.9987 0.0516
vn 0.9578 0.2032 -0.2032
vn 0.4908 0.8400 -0.2312
vn 0.4844 0.6248 -0.6123
vn 0.1158 -0.0032 -0.9933
vn 0.1493 -0.0000 -0.9888
vn -0.5919 -0.0542 -0.8042
vn -0.1360 -0.1456 -0.9800
vn 0.1135 0.9935 0.0109
vn 0.1491 0.9888 0.0021
vn 0.0415 -0.3557 0.9337
vn 0.0078 0.5042 -0.8635
vn 0.5278 0.7190 -0.4522
vn -0.4895 0.2332 0.8402
vn -0.0216 0.0610 0.9979
vn -0.1960 0.2733 0.9417
vn 0.1128 0.2560 0.9601
vn 0.1231 0.8114 0.5714
vn 0.0046 0.1367 0.9906
vn 0.9927 0.0890 0.0808
vn 0.6962 -0.5784 -0.4252
vn 0.7016 -0.7075 -0.0850
vn 0.9986 0.0537 0.0008
vn 0.6249 0.2146 0.7507
vn 0.9967 0.0159 0.0793
vn 0.8281 0.1664 0.5353
vn -0.2320 -0.4037 0.8850
vn -0.4425 -0.4298 0.7870
vn 0.0174 -0.1007 0.9948
vn -0.0000 0.8507 0.5257
vn 0.8224 -0.4387 0.3622
vn 0.5625 -0.7751 0.2877
vn 0.4172 -0.6432 0.6420
vn -0.3023 0.4306 0.8504
vn -0.2369 0.2515 0.9384
vn -0.0000 0.2796 0.9601
vn 0.0626 -0.8530 0.5182
vn 0.8557 0.2314 0.4628
vn 0.8391 -0.2433 -0.4865
vn 0.5967 0.1341 0.7911
vn 0.7071 -0.0000 0.7071
vn 0.9940 -0.0773 0.0773
vn 0.9587 0.2433 0.1471
vn -0.0863 -0.1149 0.9896
vn 0.2908 -0.3162 -0.9030
vn 0.1021 -0.5975 0.7953
vn 0.1162 -0.9791 0.1667
vn 0.3157 -0.6316 0.7081
vn 0.4924 -0.2926 0.8197
vn -0.2311 0.9667 -0.1103
vn -0.7145 0.6996 -0.0127
vn -0.0006 0.0634 -0.9980
vn 0.8915 -0.2028 0.4050
vn 0.5553 -0.1424 0.8194
vn 0.0068 -0.6644 0.7474
vn -0.0000 0.3951 -0.9186
vn -0.0034 0.9944 -0.1054
vn -0.9350 0.3506 0.0543
vn -0.5667 0.3329 -0.7537
vn -0.5719 0.6180 -0.5395
vn -0.8786 0.1296 -0.4597
vn -0.5826 0.8127 0.0129
vn -0.3204 0.9472 0.0147
vn -0.6232 0.7817 -0.0236
vn 0.4507 0.0417 -0.8917
vn 0.8622 -0.3562 0.3601
vn 0.5001 0.2077 -0.8407
vn 0.9495 0.0780 -0.3039
vn -0.2987 0.2826 -0.9116
vn -0.5344 -0.0204 -0.8450
vn -0.2117 -0.0130 -0.9772
vn 0.9780 -0.1612 0.1326
vn 0.9732 -0.2298 -0.0000
vn 0.7713 -0.5329 0.3480
vn 0.6631 0.3145 0.6793
vn 0.8811 -0.1788 0.4379
vn 0.6010 0.3906 0.6973
vn -0.7713 -0.5329 -0.3480
vn -0.8112 -0.5847 -0.0000
vn -0.4953 -0.2330 -0.8369
vn -0.4451 -0.6121 -0.6536
vn -0.0307 -0.6089 -0.7927
vn -0.0610 -0.1140 -0.9916
vn 0.9495 -0.0780 -0.3039
vn -0.0000 -0.8506 0.5257
vn -0.6868 0.5069 0.5209
vn -0.3805 0.6027 0.7014
vn 0.6868 0.5069 0.5209
vn 0.9459 0.1924 0.2611
vn -0.9564 -0.0955 0.2761
vn 0.3805 0.6027 0.7014
vn 0.2369 0.2515 0.9384
vn -0.0045 -0.6376 -0.7704
vn -0.0088 0.0617 0.9981
vn 0.7555 0.6552 -0.0000
vn -0.4111 -0.4002 -0.8190
vn -0.6099 -0.5716 -0.5490
vn -0.3277 -0.1418 0.9341
vn -0.5544 -0.5081 0.6592
vn -0.8437 -0.0364 0.5355
vn -0.2794 -0.0663 0.9579
vn -0.8827 0.4698 0.0074
vn -0.4249 0.9046 0.0331
vn -0.3052 0.9314 0.1982
vn -0.8360 0.4989 0.2284
vn -0.0000 -0.9260 -0.3775
vn -0.4136 -0.7912 -0.4504
vn -0.4677 -0.8539 0.2281
vn -0.9359 -0.1978 -0.2914
vn -0.9835 0.1031 -0.1487
vn -0.9817 0.0674 0.1780
vn 0.8703 0.4725 0.1392
vn 0.9835 0.1031 -0.1487
vn -0.0137 0.1144 -0.9933
vn 0.9359 -0.1978 -0.2914
vn 0.9518 -0.2379 0.1934
vn 0.9837 0.0888 0.1564
vn -0.0000 1.0000 -0.0054
vn 0.3942 0.9071 0.1474
vn -0.0000 0.9879 0.1548
vn -0.4232 0.9058 -0.0225
vn 0.1625 0.0265 0.9864
vn 0.4136 -0.7912 -0.4504
vn -0.3782 -0.1381 -0.9154
vn -0.2946 0.1780 -0.9389
vn -0.5572 0.8300 0.0251
vn -0.3864 0.9222 0.0149
vn -0.4261 0.9043 -0.0255
vn -0.6471 0.7556 -0.1018
vn 0.2924 0.8708 -0.3953
vn 0.2586 0.9422 -0.2132
vn 0.0135 0.8330 -0.5531
vn -0.9414 0.3373 -0.0000
vn -0.8761 0.4076 0.2574
vn -0.0122 -0.9995 -0.0292
vn -0.0103 -0.6120 -0.7908
vn -0.0284 -0.9857 -0.1662
vn -0.0542 -0.0921 0.9943
vn -0.0218 -0.1694 0.9853
vn -0.0057 -0.2292 -0.9734
vn 0.3057 -0.6823 -0.6641
vn 0.3219 -0.2084 -0.9236
vn 0.2300 -0.9382 -0.2584
vn 0.0768 -0.9941 -0.0768
vn 0.0523 -0.9955 -0.0784
vn 0.1721 -0.9851 0.0081
vn -0.2703 -0.3018 0.9142
vn -0.0501 -0.3810 0.9232
vn 0.8979 -0.0778 0.4333
vn -0.1493 -0.0000 -0.9888
vn -0.4949 -0.3690 0.7867
vn -0.4507 -0.0417 0.8917
vn -0.4702 0.8825 0.0129
vn 0.0058 0.6161 -0.7876
vn -0.0322 0.1144 0.9929
vn -0.0408 0.2586 0.9651
vn 0.2737 0.4832 0.8316
vn 0.7296 0.1585 0.6652
vn -0.7754 -0.5857 -0.2359
vn -0.4949 -0.3690 -0.7867
vn -0.1363 -0.4792 -0.8671
vn -0.2514 -0.9215 -0.2960
vn 0.8360 0.4989 0.2284
vn 0.9817 0.0674 0.1780
vn 0.7771 -0.1468 0.6120
vn 0.7259 -0.0097 0.6878
vn 0.6070 -0.0639 0.7921
vn 0.9952 0.0801 0.0571
vn 0.7486 -0.5688 -0.3407
vn 0.7096 -0.7020 -0.0601
vn 0.9997 0.0235 0.0026
vn 0.7877 0.0992 0.6080
vn -0.9265 0.3739 0.0430
vn -0.4249 0.9046 0.0330
vn -0.3942 0.9071 0.1474
vn 0.4133 0.0142 -0.9105
vn -0.3497 -0.2143 -0.9120
vn 0.7100 0.5546 -0.4340
vn 0.1664 0.1764 -0.9701
vn 0.9776 0.0771 -0.1958
vn 0.8077 0.3330 -0.4865
vn 0.3782 -0.1381 -0.9154
vn -0.7545 0.0917 -0.6498
vn -0.5055 0.0753 -0.8596
vn -0.0833 -0.0035 -0.9965
vn -0.0527 -0.1775 -0.9827
vn -0.0530 -0.0609 -0.9967
vn 0.5561 0.0635 0.8287
vn 0.8085 0.1991 0.5537
vn 0.5494 0.1452 0.8228
vn -0.5494 0.1452 0.8228
vn -0.4436 -0.8127 -0.3778
vn -0.9366 -0.3251 -0.1306
vn -0.8913 -0.4493 -0.0606
vn -0.3353 -0.9274 -0.1657
vn 0.5236 0.1250 0.8428
vn -0.7551 -0.1966 0.6254
vn -0.7046 -0.7086 -0.0384
vn 0.3178 -0.7961 0.5150
vn 0.1793 0.0754 0.9809
vn -0.0045 -0.2270 -0.9739
vn -0.9732 -0.0000 0.2298
vn -0.9905 0.1216 0.0638
vn 0.9457 0.1226 0.3009
vn 0.9135 -0.2072 0.3501
vn 0.9739 -0.2269 -0.0000
vn 0.9871 0.1602 -0.0000
vn 0.7169 -0.6767 -0.1676
vn 0.0373 0.6485 0.7603
vn -0.0046 0.9935 -0.1141
vn -0.0058 0.6161 -0.7876
vn -0.2988 0.8696 -0.3932
vn -0.2541 0.9447 -0.2074
vn -0.7448 0.6527 -0.1388
vn 0.5451 0.8383 0.0133
vn 0.3086 0.9512 0.0089
vn -0.1352 -0.9354 0.3266
vn 0.3085 -0.5670 0.7638
vn 0.0930 -0.9572 0.2742
vn -0.8907 -0.4459 0.0882
vn -0.0163 -0.8910 -0.4536
vn -0.2379 -0.7337 -0.6365
vn -0.8139 -0.4726 -0.3379
vn -0.0940 -0.9934 -0.0655
vn -0.0029 -0.9967 -0.0812
vn -0.1170 -0.7408 -0.6615
vn -0.2520 -0.6199 -0.7431
vn 0.2370 -0.7954 0.5578
vn 0.0770 -0.3579 0.9306
vn 0.2357 0.9718 0.0019
vn 0.4295 0.1601 -0.8888
vn 0.0473 0.4151 -0.9086
vn 0.0156 0.3539 -0.9351
vn 0.1291 -0.9791 0.1572
vn 0.0870 -0.9896 -0.1142
vn 0.4868 -0.7666 -0.4188
vn 0.4955 -0.8341 0.2424
vn 0.2573 0.7344 0.6280
vn 0.3023 0.4306 0.8504
vn 0.0130 0.1636 -0.9864
vn -0.9355 -0.3414 -0.0907
vn -0.0068 0.3049 -0.9523
vn 0.0146 0.7901 -0.6128
vn 0.0231 0.7248 -0.6886
vn -0.8977 0.4137 -0.1515
vn -0.7225 0.6871 -0.0770
vn -0.3818 0.9240 -0.0210
vn 0.4558 0.8895 0.0304
vn 0.4719 0.8817 -0.0000
vn -0.6601 0.7376 0.1424
vn -0.1080 0.9940 0.0142
vn 0.1084 0.5704 -0.8142
vn -0.2042 0.9741 0.0968
vn -0.7222 0.5428 -0.4288
vn 0.2939 0.2190 -0.9304
vn 0.9732 -0.0000 0.2298
vn 0.9364 0.2077 0.2830
vn 0.9708 0.2397 -0.0000
vn -0.0501 0.9970 0.0584
vn -0.2520 0.9517 0.1756
vn -0.2297 0.9733 -0.0000
vn -0.9476 0.3000 0.1098
vn -0.5967 0.1341 0.7911
vn -0.7071 -0.0000 0.7071
vn 0.7071 0.7071 -0.0000
vn 0.4953 -0.2330 -0.8369
vn 0.1400 -0.6109 0.7792
vn -0.1385 -0.9883 -0.0634
vn -0.2242 -0.6891 0.6891
vn 0.0091 0.0194 0.9998
vn -0.2298 -0.0000 -0.9732
vn -0.8506 -0.0000 -0.5257
vn -0.8507 -0.0000 -0.5257
vn 0.9457 0.1226 -0.3009
vn 0.6753 -0.6611 0.3272
vn 0.3122 -0.7992 0.5135
vn -0.9578 -0.2032 -0.2032
vn 0.4521 0.8919 0.0133
vn -0.0180 0.9998 0.0105
vn 0.7947 0.6070 -0.0000
vn 0.7754 0.5857 -0.2359
vn 0.2514 0.9215 -0.2960
vn 0.2898 0.9571 -0.0000
vn 0.3379 -0.7635 0.5504
vn 0.0164 -0.8077 0.5893
vn -0.0000 -0.9665 0.2567
vn -0.4949 0.3690 -0.7867
vn -0.7754 0.5857 -0.2359
vn -0.2514 0.9215 -0.2960
vn -0.1363 0.4792 -0.8671
vn 0.1520 -0.9051 0.3970
vn 0.0377 -0.9929 0.1131
vn 0.0391 -0.9517 0.3046
vn 0.1385 -0.4530 0.8807
vn -0.0000 -0.1141 0.9935
vn 0.4949 0.3690 0.7867
vn -0.1400 0.6109 -0.7792
vn -0.0000 0.1141 -0.9935
vn 0.7754 0.5857 0.2359
vn -0.5919 -0.0542 0.8042
vn -0.1360 -0.1456 0.9800
vn 0.8770 -0.2781 -0.3918
vn 0.1197 0.1494 0.9815
vn -0.0000 0.1141 0.9935
vn 0.1399 0.6109 0.7792
vn 0.6856 0.5736 0.4483
vn 0.9780 -0.1612 -0.1326
vn 0.5919 -0.0542 -0.8042
vn 0.1360 -0.1456 -0.9800
vn -0.1400 -0.6109 -0.7792
vn -0.0000 -0.9925 -0.1222
vn 0.0104 -0.9957 -0.0921
vn 0.8775 0.4744 0.0698
vn 0.8705 0.4711 -0.1425
vn 0.4507 0.0417 0.8917
vn 0.0597 0.9964 0.0609
vn -0.1400 -0.6109 0.7792
vn -0.7713 -0.5329 0.3480
vn 0.9092 0.4149 -0.0339
vn 0.9509 -0.2354 0.2009
vn -0.1031 0.3970 0.9120
vn 0.9989 0.0066 -0.0455
vn 0.2212 0.2121 -0.9519
vn 0.8058 0.5921 -0.0036
vn 0.4949 -0.3690 -0.7867
vn 0.4507 -0.0417 -0.8917
vn 0.5919 -0.0542 0.8042
vn 0.5967 0.1341 -0.7911
vn 0.5913 -0.1221 0.7972
vn 0.9364 0.2077 -0.2830
vn 0.9135 0.2072 -0.3501
vn 0.4363 0.1169 -0.8922
vn -0.9656 0.2315 0.1186
vn -0.9364 0.2077 -0.2830
vn -0.9135 0.2072 -0.3501
vn -0.9922 0.1118 0.0559
vn -0.9135 0.2072 0.3501
vn -0.9364 0.2077 0.2830
vn -0.9780 -0.1612 0.1326
vn -0.0477 -0.9215 0.3855
vn -0.0580 -0.3038 0.9510
vn 0.0044 -0.2270 -0.9739
vn 0.9708 -0.2397 -0.0000
vn -0.3375 0.9384 0.0734
vn -0.4898 0.8699 -0.0578
vn -0.9905 -0.1216 0.0638
vn -0.9364 -0.2077 0.2830
vn -0.9656 -0.2315 0.1186
vn -0.2877 0.2918 0.9122
vn -0.5967 -0.1341 0.7911
vn -0.4363 -0.1169 0.8922
vn -0.9135 -0.2072 0.3501
vn 0.0559 -0.9922 0.1118
vn 0.4363 0.1169 0.8922
vn 0.9135 0.2072 0.3501
vn 0.0035 -0.4766 -0.8791
vn -0.0000 -0.0985 -0.9951
vn 0.0072 0.3052 -0.9523
vn 0.9878 0.1380 0.0725
vn 0.9476 -0.3000 0.1098
vn -0.0559 -0.1118 -0.9922
vn -0.1731 0.1394 -0.9750
vn 0.3714 -0.0000 -0.9285
vn -0.1199 0.8658 -0.4858
vn 0.1263 -0.9574 0.2597
vn 0.3241 -0.9308 0.1688
vn 0.3129 -0.9498 0.0055
vn 0.1878 -0.9630 -0.1932
vn -0.9528 -0.1883 -0.2381
vn 0.1226 0.3009 0.9457
vn 0.1216 0.7895 0.6015
vn 0.9009 -0.3928 0.1846
vn 0.3421 -0.9253 0.1639
vn 0.1842 -0.9408 0.2846
vn 0.5196 -0.5389 0.6630
vn 0.1707 -0.9125 -0.3718
vn -0.3134 -0.6764 -0.6666
vn -0.1649 -0.4411 -0.8822
vn -0.1788 -0.2463 -0.9526
vn -0.0284 -0.1135 -0.9931
vn -0.0374 -0.7707 -0.6361
vn -0.1030 -0.5567 -0.8243
vn -0.1111 -0.4445 -0.8889
vn 0.8853 0.2312 -0.4035
vn 0.2973 0.0890 -0.9506
vn 0.9814 0.0218 -0.1907
vn 0.0801 -0.9600 -0.2681
vn 0.9563 -0.2481 0.1548
vn 0.9258 0.3554 0.1292
vn -0.8869 0.2825 0.3654
vn -0.0068 -0.6644 0.7474
vn 0.6566 0.6625 0.3605
vn 0.0332 0.5157 -0.8561
vn 0.0201 0.8314 -0.5553
vn -0.9878 0.1380 0.0725
vn -0.9476 -0.3000 0.1098
vn 0.2485 0.8973 -0.3648
vn 0.1623 0.4893 -0.8569
vn 0.3144 0.2420 -0.9179
vn 0.6196 0.7539 -0.2185
vn -0.2620 -0.1158 -0.9581
vn -0.6343 0.1004 -0.7665
vn -0.5967 -0.1341 -0.7911
vn -0.0706 0.3297 -0.9414
vn -0.2356 0.7677 -0.5959
vn 0.1486 0.7627 -0.6295
vn -0.1334 -0.9835 0.1219
vn -0.0439 -0.3420 0.9387
vn 0.8918 -0.0619 0.4482
vn 0.2999 -0.1766 0.9375
vn 0.1352 -0.8258 0.5475
vn 0.6920 -0.5868 0.4205
vn -0.0477 0.9215 0.3855
vn 0.2877 -0.2918 0.9122
vn 0.0477 -0.9215 0.3855
vn 0.0580 -0.3038 0.9510
vn 0.0559 -0.1118 0.9922
vn -0.0894 0.8775 -0.4712
vn -0.4739 0.8201 -0.3207
vn -0.0904 0.9061 -0.4133
vn -0.7923 0.5551 0.2533
vn -0.1524 0.3935 0.9066
vn -0.8774 0.1717 0.4480
vn -0.0559 -0.1118 0.9922
vn -0.2877 -0.2918 0.9122
vn -0.9096 -0.2880 0.2996
vn -0.9536 0.0727 0.2923
vn 0.0004 0.0524 0.9986
vn 0.0175 0.0387 0.9991
vn 0.9364 -0.2077 0.2830
vn -0.1385 -0.4530 0.8807
vn -0.0391 -0.9517 0.3046
vn -0.0377 -0.9929 0.1131
vn -0.1520 -0.9051 0.3970
vn -0.3375 -0.9384 0.0734
vn -0.4363 0.1169 -0.8922
vn -0.2877 -0.2918 -0.9122
vn -0.3375 -0.9384 -0.0734
vn -0.0477 -0.9215 -0.3855
vn -0.0724 -0.4125 0.9081
vn -0.0409 -0.0856 0.9955
vn -0.0580 0.3038 0.9510
vn 0.1524 0.3935 0.9066
vn -0.0559 0.1118 0.9922
vn 0.0559 0.1118 0.9922
vn 0.0580 0.3038 0.9510
vn 0.2877 0.2918 0.9122
vn -0.0690 -0.1702 -0.9830
vn -0.0059 -0.4817 -0.8763
vn 0.9739 0.2269 -0.0000
vn -0.1133 0.9784 -0.1728
vn 0.0525 0.9365 0.3468
vn 0.9458 -0.1226 -0.3009
vn 0.2514 -0.9215 -0.2960
vn 0.2898 -0.9571 -0.0000
vn -0.9782 0.1928 -0.0776
vn -0.9476 -0.3000 -0.1098
vn 0.9457 -0.1226 0.3009
vn 0.9871 -0.1602 -0.0000
vn -0.0580 -0.3038 -0.9510
vn 0.3375 0.9384 0.0734
vn 0.9476 0.3000 0.1098
vn -0.6856 0.5736 0.4483
vn -0.1197 0.1494 0.9815
vn -0.0099 -0.9886 0.1502
vn -0.1400 0.6109 0.7792
vn -0.4507 -0.0417 -0.8917
vn -0.9457 -0.1226 -0.3009
vn 0.4949 -0.3690 0.7867
vn 0.1363 -0.4792 0.8671
vn 0.2514 -0.9215 0.2960
vn 0.7754 -0.5857 0.2359
vn 0.2394 0.9708 -0.0177
vn 0.2327 0.9725 0.0053
vn -0.1110 0.1154 -0.9871
vn -0.7673 0.5193 -0.3763
vn -0.5058 0.1257 -0.8534
vn -0.9092 0.4149 -0.0339
vn 0.7754 -0.5857 -0.2359
vn -0.8112 0.5847 -0.0000
vn -0.0000 -0.9906 0.1367
vn -0.7754 -0.5857 0.2359
vn -0.2514 -0.9215 0.2960
vn -0.1363 -0.4792 0.8671
vn 0.7933 0.0193 -0.6085
vn 0.9998 0.0043 -0.0181
vn 0.1363 -0.4792 -0.8671
vn 0.7947 -0.6070 -0.0000
vn 0.0074 0.1156 -0.9933
vn -0.0170 -0.0108 0.9998
vn -0.0339 -0.0487 0.9982
vn 0.4507 -0.0417 0.8917
vn -0.0000 -0.9239 0.3827
vn 0.0580 -0.3038 -0.9510
vn 0.0477 -0.9215 -0.3855
vn 0.2877 -0.2918 -0.9122
vn 0.0559 -0.1118 -0.9922
vn -0.7162 0.6862 0.1270
vn -0.3645 0.9102 0.1968
vn -0.1216 0.7895 0.6015
vn -0.6132 0.0340 0.7892
vn 0.0625 -0.7139 0.6974
vn 0.1255 0.6275 0.7684
vn 0.1017 0.5624 0.8206
vn -0.2338 -0.9626 0.1365
vn -0.1604 -0.9502 0.2672
vn 0.6725 0.7369 0.0686
vn 0.6610 -0.7054 0.2561
vn 0.0074 0.1464 -0.9892
vn -0.9239 -0.0000 -0.3827
vn -0.0559 -0.9922 0.1118
vn -0.1291 -0.9791 0.1572
vn -0.0112 -0.9489 0.3152
vn -0.0335 0.2956 -0.9547
vn 0.0100 0.3055 -0.9521
vn -0.0002 0.0523 0.9986
vn 0.7835 0.6192 -0.0521
vn 0.7736 0.6034 -0.1935
vn 0.2563 0.9644 -0.0652
vn -0.0790 -0.9962 0.0355
vn -0.2641 -0.9582 0.1102
vn -0.7231 -0.6896 0.0393
vn -0.0576 0.4093 -0.9106
vn -0.0799 0.5274 -0.8459
vn -0.0000 0.9871 0.1602
vn 0.0522 0.9832 0.1749
vn 0.0148 0.2817 -0.9594
vn 0.0210 0.2931 -0.9559
vn 0.2443 -0.0505 0.9684
vn 0.1774 -0.1001 0.9790
vn 0.7638 -0.1513 0.6274
vn 0.9977 0.0313 -0.0604
vn 0.9992 0.0387 -0.0109
vn 0.7797 -0.4951 0.3834
vn 0.8447 0.5287 -0.0834
vn -0.2883 -0.8686 0.4030
vn -0.1290 -0.7345 0.6663
vn -0.3037 -0.8473 0.4358
vn -0.3247 -0.8701 -0.3708
vn -0.4568 -0.8145 0.3577
vn 0.2272 -0.0903 -0.9696
vn -0.0152 0.9994 0.0311
vn -0.3054 0.4386 -0.8452
vn -0.3490 0.7230 -0.5963
vn -0.0145 0.7635 -0.6457
vn 0.2481 0.9055 -0.3442
vn 0.0401 0.4762 -0.8784
vn -0.6587 0.0238 -0.7521
vn -0.0560 0.2412 -0.9689
vn 0.0043 0.9967 -0.0810
vn 0.0194 0.9987 -0.0473
vn -0.2872 -0.0949 -0.9532
vn -0.9407 0.0376 -0.3373
vn -0.7079 -0.6740 -0.2111
vn -0.8266 0.0181 -0.5625
vn -0.2950 0.2847 -0.9121
vn -0.2869 0.3430 -0.8945
vn -0.4955 -0.8341 0.2424
vn -0.7816 -0.5862 0.2132
vn -0.1800 -0.8599 0.4776
vn -0.2209 -0.9753 -0.0000
vn 0.0243 0.3010 -0.9533
vn 0.0607 0.1505 -0.9867
vn -0.0124 -0.6018 0.7986
vn 0.0993 0.0014 -0.9951
vn 0.4382 0.0094 -0.8988
vn -0.0473 0.4070 -0.9122
vn -0.0724 0.4125 -0.9081
vn 0.0506 -0.0619 -0.9968
vn 0.0088 0.4662 -0.8846
vn -0.3169 0.6325 -0.7067
vn 0.2920 0.8964 -0.3334
vn 0.1793 0.5907 -0.7867
vn 0.0442 0.0427 -0.9981
vn -0.2705 -0.9627 0.0065
vn -0.2092 -0.9777 0.0183
vn 0.4725 -0.7283 0.4964
vn 0.5593 -0.7328 -0.3875
vn 0.7654 0.0229 0.6432
vn 0.2365 0.9708 -0.0404
vn 0.6318 0.6310 0.4502
vn 0.1815 0.9514 0.2489
vn -0.4785 0.8058 -0.3488
vn -0.4760 0.8785 -0.0414
vn -0.8753 0.1148 -0.4698
vn -0.9402 0.0919 -0.3281
vn 0.2199 0.9340 0.2817
vn -0.0200 -0.9285 -0.3709
vn -0.0343 -0.5441 -0.8383
vn -0.0180 -0.5049 -0.8630
vn 0.0220 -0.9454 -0.3253
vn -0.0226 0.0387 0.9990
vn -0.0030 0.0249 0.9997
vn -0.9230 0.1000 -0.3715
vn -0.7369 -0.1855 -0.6501
vn -0.9984 0.0275 0.0502
vn -0.9952 0.0801 0.0571
vn -0.7486 -0.5688 -0.3407
vn 0.8554 0.5080 -0.1013
vn 0.7598 0.5995 -0.2514
vn -0.7011 0.6759 -0.2271
vn 0.0654 0.9714 0.2284
vn -0.6041 0.7859 -0.1324
vn -0.8262 0.0552 -0.5607
vn -0.6009 -0.3947 -0.6950
vn 0.0011 0.9829 0.1840
vn 0.0054 0.9859 0.1673
vn -0.0011 0.7271 0.6865
vn -0.0000 0.7555 0.6552
vn -0.0030 0.2080 -0.9781
vn -0.0005 0.4726 -0.8813
vn -0.0016 0.4726 -0.8813
vn -0.0048 0.4644 -0.8856
vn -0.0056 0.4803 -0.8771
vn 0.0377 0.0377 -0.9986
vn 0.3164 -0.9484 0.0184
vn -0.5001 0.2077 -0.8407
vn -0.4576 -0.0000 -0.8892
vn -0.0697 0.0713 -0.9950
vn -0.4498 0.7773 0.4398
vn -0.0925 0.3799 0.9204
vn -0.2432 0.3576 -0.9016
vn -0.0013 0.0284 0.9996
vn 0.6539 0.3635 -0.6635
vn 0.5621 -0.0189 -0.8268
vn 0.0455 -0.0175 -0.9988
vn -0.8672 0.4980 -0.0000
vn -0.7386 0.5275 0.4198
vn -0.4922 0.8705 -0.0000
vn 0.1151 0.0009 -0.9933
vn -0.9230 0.1000 0.3715
vn -0.9926 0.1214 -0.0000
vn 0.2643 0.4802 -0.8364
vn 0.4272 0.7852 -0.4483
vn -0.5415 0.2848 -0.7910
vn -0.7386 0.5275 -0.4198
vn -0.4498 0.7773 -0.4398
vn 0.4904 0.3775 0.7855
vn 0.0088 0.0617 0.9981
vn -0.0244 0.0202 0.9995
vn -0.0390 0.0130 0.9992
vn -0.0867 0.0156 0.9961
vn -0.5044 0.1135 0.8560
vn -0.0398 -0.0414 -0.9984
vn -0.2778 -0.1601 -0.9472
vn -0.1932 -0.0005 -0.9812
vn -0.0470 -0.0000 -0.9989
vn -0.0354 -0.0000 -0.9994
vn 0.0054 0.2703 -0.9628
vn 0.9256 0.3783 0.0078
vn -0.0902 -0.6471 -0.7570
vn 0.0225 0.0233 0.9995
vn 0.0012 0.0554 0.9985
vn -0.1838 -0.0000 0.9830
vn -0.2810 -0.0000 0.9597
vn 0.3052 0.9314 0.1982
vn 0.1142 0.6704 0.7331
vn -0.0084 -0.9900 0.1410
vn 0.2359 -0.9690 0.0737
vn -0.0161 -0.2431 0.9699
vn 0.0480 -0.1494 -0.9876
vn -0.0080 -0.9934 -0.1145
vn -0.0096 -0.7801 -0.6255
vn 0.0299 -0.7061 -0.7075
vn 0.0588 -0.9855 -0.1595
vn -0.0000 -0.9885 0.1510
vn 0.3039 -0.9523 0.0283
vn 0.9186 0.3951 -0.0000
vn -0.2370 -0.9545 -0.1811
vn -0.4030 -0.8446 -0.3524
vn -0.5295 -0.6027 0.5969
vn -0.8886 -0.4536 0.0687
vn -0.9773 0.2106 0.0206
vn -0.1368 -0.5328 -0.8351
vn 0.0040 0.9430 0.3327
vn -0.1948 -0.7656 -0.6131
vn -0.0000 0.3569 0.9341
vn 0.0065 0.3404 0.9403
vn 0.0036 0.6919 0.7220
vn -0.7974 -0.5722 -0.1915
vn -0.7499 -0.6126 -0.2500
vn -0.3827 -0.0000 -0.9239
vn 0.1679 -0.1008 -0.9806
vn 0.7674 -0.2953 -0.5691
vn 0.6500 -0.5725 -0.4997
vn 0.0126 -0.7393 -0.6732
vn 0.1797 -0.6922 -0.6989
vn 0.0064 0.9763 0.2165
vn -0.2355 0.3799 0.8946
vn -0.4468 -0.0074 0.8946
vn -0.0186 0.3001 -0.9537
vn -0.0440 0.4722 -0.8804
vn -0.8866 0.4079 -0.2181
vn 0.0264 0.9800 -0.1972
vn 0.0141 -0.6063 0.7951
vn 0.0114 -0.9776 0.2101
vn 0.0170 -0.5332 0.8458
vn -0.0036 -0.8441 0.5362
vn -0.1357 -0.7998 0.5848
vn -0.9721 -0.0685 0.2243
vn -0.0000 0.9732 0.2297
vn 0.1000 -0.9927 -0.0679
vn 0.2641 -0.9582 0.1102
vn 0.7231 -0.6896 0.0393
vn 0.8234 -0.4618 -0.3298
vn 0.0682 -0.3023 -0.9508
vn -0.9998 0.0059 0.0182
vn -0.0054 0.7260 -0.6877
vn -0.0032 0.9757 -0.2190
vn -0.0404 -0.2548 -0.9661
vn -0.0047 -0.2325 -0.9726
vn -0.8192 0.4265 0.3834
vn -0.2573 0.7344 0.6280
vn -0.4281 -0.8780 0.2144
vn 0.3427 -0.4609 0.8186
vn -0.0148 -0.9886 0.1501
vn -0.0149 -0.9789 0.2039
vn -0.8622 -0.3562 0.3601
vn -0.3379 -0.7635 0.5504
vn -0.8555 -0.1737 0.4878
vn -0.0004 0.0524 0.9986
vn 0.0004 0.0008 1.0000
vn 0.0229 0.5232 -0.8519
vn 0.0308 0.4774 -0.8782
vn -0.1578 0.9013 -0.4035
vn -0.0391 0.0380 0.9985
vn 0.3484 0.9367 -0.0354
vn 0.3822 0.9241 -0.0050
vn 0.0007 0.0642 -0.9979
vn 0.0566 0.0487 -0.9972
vn 0.0084 0.8536 0.5209
vn -0.0185 -0.0431 0.9989
vn 0.0007 -0.0094 1.0000
vn -0.3712 0.5378 0.7570
vn -0.0214 0.0256 0.9994
vn 0.0241 -0.2318 0.9725
vn -0.8002 -0.1078 0.5900
vn -0.4172 -0.6432 0.6420
vn -0.4924 -0.2926 0.8197
vn 0.0833 -0.0035 -0.9965
vn -0.1555 0.0291 -0.9874
vn 0.1249 -0.0000 -0.9922
vn -0.0671 -0.3137 0.9471
vn -0.0062 0.9853 0.1709
vn -0.3123 -0.7992 0.5135
vn -0.0164 -0.8077 0.5893
vn -0.5881 -0.3377 0.7349
vn 0.0844 -0.0407 0.9956
vn -0.0006 0.9900 0.1407
vn -0.0550 0.9970 0.0550
vn -0.0315 -0.1091 -0.9935
vn 0.0147 -0.0294 -0.9995
vn 0.7292 0.4885 0.4793
vn -0.8224 -0.4387 0.3622
vn 0.1572 0.0081 0.9875
vn -0.0473 -0.1735 -0.9837
vn -0.1402 0.6003 -0.7874
vn -0.0446 0.9667 -0.2518
vn -0.0086 0.4648 -0.8854
vn -0.3123 -0.2322 -0.9212
vn -0.4919 -0.8098 -0.3199
vn 0.7123 0.2522 -0.6550
vn 0.7047 0.4391 -0.5573
vn -0.0326 0.5492 -0.8350
vn -0.0101 0.3327 -0.9430
vn 0.0322 0.1144 0.9929
vn 0.0408 0.2586 0.9651
vn 0.3256 0.3609 0.8739
vn -0.7096 -0.7020 -0.0601
vn -0.9997 0.0235 0.0026
vn -0.9993 0.0372 -0.0034
vn -0.7138 -0.6885 0.1283
vn -0.0679 -0.1676 -0.9835
vn -0.5321 0.0048 -0.8466
vn -0.0022 -0.2694 -0.9630
vn -0.1845 0.7866 0.5893
vn 0.5057 0.7763 0.3763
vn 0.0084 0.3336 0.9427
vn -0.4260 -0.0876 0.9005
vn -0.7771 -0.1468 0.6120
vn -0.7296 0.1585 0.6652
vn -0.8271 -0.5614 -0.0273
vn -0.4511 -0.8650 -0.2196
vn -0.9159 0.4015 0.0008
vn -0.4135 0.9100 0.0311
vn -0.9280 0.3725 0.0073
vn -0.4098 0.7301 -0.5469
vn -0.7415 0.1374 -0.6567
vn -0.4605 0.0693 0.8850
vn -0.0722 -0.0565 0.9958
vn -0.1491 0.9888 0.0021
vn -0.2868 0.9576 -0.0259
vn -0.1600 0.9771 -0.1405
vn -0.1249 -0.0000 -0.9922
vn 0.0542 -0.0921 0.9943
vn -0.9929 0.0921 0.0753
vn -0.1555 -0.0291 -0.9874
vn -0.6240 -0.6543 -0.4272
vn -0.8627 -0.4448 0.2406
vn 0.3380 -0.4875 0.8050
vn -0.9578 0.2032 -0.2032
vn -0.9495 0.0780 -0.3039
vn -0.4844 0.6248 -0.6123
vn -0.0174 -0.1007 0.9948
vn 0.4425 -0.4298 0.7870
vn 0.2320 -0.4037 0.8850
vn 0.0501 -0.3810 0.9232
vn -0.9127 -0.3078 -0.2687
vn -0.3008 -0.8002 -0.5188
vn 0.1193 0.1138 0.9863
vn 0.1360 -0.1456 0.9800
vn -0.0013 0.0554 0.9985
vn -0.2898 0.9571 -0.0000
vn -0.7947 0.6070 -0.0000
vn 0.0370 0.0435 -0.9984
vn -0.0373 0.6485 0.7603
vn -0.1226 0.3009 0.9457
vn -0.1142 0.6704 0.7331
vn -0.2737 0.4832 0.8316
vn -0.4507 0.0417 -0.8917
vn -0.4507 0.0417 0.8917
vn -0.2902 -0.1809 0.9397
vn -0.6346 -0.6346 0.4410
vn -0.0664 -0.8388 0.5404
vn -0.3585 0.9335 -0.0000
vn -0.1244 0.9493 0.2889
vn -0.1532 0.9363 -0.3161
vn -0.9949 -0.0649 0.0778
vn -0.9959 0.0807 0.0411
vn -0.9813 -0.1420 0.1302
vn 0.3588 0.9124 0.1971
vn 0.0038 0.3033 -0.9529
vn -0.0233 0.9725 0.2317
vn -0.0523 -0.9955 -0.0784
vn -0.9437 -0.3188 0.0883
vn -0.9792 0.1847 0.0839
vn 0.6856 0.5736 -0.4483
vn 0.1400 0.6109 -0.7792
vn 0.0413 -0.7791 -0.6255
vn 0.0799 -0.9934 -0.0823
vn -0.0434 0.9962 -0.0751
vn -0.6131 0.7738 0.1593
vn -0.0492 0.5701 -0.8201
vn -0.0207 -0.8722 0.4886
vn 0.0356 -0.2200 0.9749
vn -0.9495 -0.0780 -0.3039
vn 0.4898 0.8699 -0.0578
vn -0.1486 0.7627 -0.6295
vn -0.8564 -0.4445 -0.2626
vn -0.8973 -0.3921 -0.2026
vn -0.0875 -0.7744 0.6266
vn 0.0298 -0.7423 0.6694
vn -0.0504 -0.1494 -0.9875
vn -0.0047 -0.4766 -0.8791
vn -0.4363 -0.1169 -0.8922
vn -0.9364 -0.2077 -0.2830
vn -0.9135 -0.2072 -0.3501
vn -0.0021 -0.0208 0.9998
vn -0.6962 -0.5563 -0.4537
vn -0.8741 -0.0460 -0.4836
vn -0.5259 -0.0799 -0.8468
vn -0.3971 -0.1163 -0.9104
vn -0.2658 -0.7471 -0.6093
vn -0.2183 -0.4364 -0.8729
vn -0.3539 -0.2812 -0.8920
vn 0.9476 -0.3000 -0.1098
vn 0.3375 -0.9384 -0.0734
vn 0.3375 -0.9384 0.0734
vn -0.0165 -0.6465 -0.7627
vn -0.0178 -0.7800 -0.6255
vn -0.9732 -0.0000 -0.2298
vn -0.6640 0.6108 -0.4313
vn -0.0191 0.7235 0.6901
vn 0.5623 -0.6270 0.5391
vn -0.0629 -0.9947 0.0820
vn 0.8112 0.5847 -0.0000
vn 0.3827 0.9239 -0.0000
vn -0.9235 0.3823 -0.0327
vn -0.0389 0.4901 0.8708
vn -0.1193 0.1138 0.9863
vn 0.9878 0.1380 -0.0725
vn -0.9457 0.1226 0.3009
vn -0.9871 0.1602 -0.0000
vn -0.9922 -0.1118 0.0559
vn 0.4560 -0.8644 0.2120
vn -0.9457 0.1226 -0.3009
vn 0.0180 -0.5135 0.8579
vn -0.0084 0.3336 0.9427
vn -0.0169 0.3230 0.9462
vn 0.3961 0.9143 -0.0847
vn -0.9871 -0.1602 -0.0000
vn -0.0188 -0.6064 0.7949
vn 0.0132 -0.9886 0.1502
vn 0.0166 -0.6049 0.7962
vn -0.7219 0.6920 -0.0034
vn -0.4363 0.1169 0.8922
vn 0.4235 0.8842 -0.1970
vn -0.0001 0.9960 -0.0898
vn -0.0014 0.1804 -0.9836
vn 0.0762 0.9655 -0.2491
vn 0.6330 0.3278 0.7013
vn 0.2730 0.2700 0.9234
vn 0.2119 0.0435 0.9763
vn 0.6592 0.1044 0.7446
vn -0.3509 0.9362 0.0218
vn -0.6026 0.7979 0.0156
vn -0.4235 0.8842 -0.1970
vn -0.3600 0.9293 0.0823
vn 0.0049 0.9844 0.1760
vn -0.9981 0.0478 -0.0378
vn -0.0151 0.1437 -0.9895
vn -0.0782 0.9939 0.0773
vn -0.4236 0.8968 0.1279
vn -0.3446 0.9385 0.0227
vn 0.0059 -0.1757 -0.9844
vn 0.0094 -0.5832 -0.8123
vn -0.0000 0.3661 0.9306
vn 0.0339 0.3714 0.9278
vn 0.0652 0.3205 0.9450
vn 0.0524 0.2425 -0.9687
vn -0.0167 -0.5312 0.8471
vn 0.1376 0.6131 0.7779
vn -0.0013 0.5995 0.8003
vn 0.2657 -0.3943 -0.8798
vn 0.2257 -0.8727 -0.4330
vn 0.0606 0.9958 0.0693
vn 0.6314 0.7693 -0.0978
vn 0.2678 0.9626 -0.0407
vn 0.3860 0.9224 0.0127
vn 0.0085 0.3724 0.9280
vn 0.0169 0.3230 0.9462
vn 0.4498 -0.8078 0.3810
vn 0.6687 0.5359 -0.5154
vn -0.8089 0.5812 -0.0894
vn -0.7317 0.5664 -0.3793
vn 0.0004 0.2608 -0.9654
vn -0.0062 0.2628 -0.9648
vn -0.0001 -0.2352 -0.9719
vn -0.2616 0.9652 0.0048
vn -0.2957 0.9429 0.1533
vn -0.0370 0.9804 -0.1937
vn 0.1545 -0.2171 -0.9638
vn -0.0632 -0.2689 -0.9611
vn -0.2813 0.9418 0.1842
vn -0.8236 0.4728 0.3133
vn -0.2898 -0.9571 -0.0000
vn -0.7947 -0.6070 -0.0000
vn -0.0043 0.7462 -0.6657
vn -0.0035 0.2999 0.9539
vn -0.0047 0.3055 0.9522
vn -0.9412 0.0528 -0.3336
vn 0.7398 0.3459 0.5771
vn 0.0031 0.3057 0.9521
vn 0.0022 0.3000 0.9539
vn 0.9406 0.3396 -0.0026
vn 0.9255 0.3787 -0.0068
vn -0.0174 0.9858 -0.1670
vn -0.0856 0.9872 -0.1349
vn 0.3703 0.8522 0.3697
vn 0.0641 0.9976 0.0255
vn 0.1067 0.7610 -0.6400
vn 0.3534 0.8577 -0.3733
vn -0.2595 -0.1922 -0.9464
vn -0.8825 0.4105 -0.2296
vn -0.7049 -0.6158 -0.3520
vn -0.0020 -0.0489 0.9988
vn -0.6042 0.4323 -0.6694
vn 0.6553 0.2805 -0.7014
vn 0.9116 0.2762 -0.3045
vn -0.9380 0.3466 0.0040
vn 0.7446 0.3093 0.5915
vn -0.0473 0.8151 -0.5774
vn -0.0013 0.0859 -0.9963
vn 0.1862 -0.8211 -0.5396
vn 0.8291 -0.4142 -0.3755
vn -0.1200 -0.3108 0.9429
vn 0.0149 -0.5330 0.8460
vn -0.0085 0.3847 0.9230
vn -0.0873 0.5371 -0.8390
vn -0.0237 0.3023 -0.9529
vn 0.5607 -0.0571 -0.8261
vn 0.1139 0.5138 -0.8503
vn 0.6119 0.3759 -0.6959
vn -0.0087 0.2999 -0.9539
vn 0.0795 0.0935 0.9924
vn 0.0355 0.3313 0.9429
vn 0.5927 0.4518 0.6667
vn 0.8569 0.4374 0.2728
vn 0.5945 0.4500 0.6664
vn -0.0000 0.5812 -0.8137
vn 0.6720 0.4988 -0.5474
vn 0.1861 0.9721 -0.1429
vn -0.0000 0.9873 -0.1592
vn -0.7072 0.0261 -0.7065
vn -0.7397 -0.3060 -0.5993
vn -0.8755 -0.3924 -0.2819
vn -0.8452 -0.3789 -0.3769
vn -0.9325 0.0763 0.3529
vn -0.8272 0.3051 0.4718
vn 0.0197 -0.4890 -0.8721
vn -0.8567 -0.2681 -0.4408
vn -0.3535 0.5150 0.7809
vn 0.2679 -0.8974 0.3505
vn 0.0931 -0.8019 0.5901
vn 0.0018 0.9604 0.2785
vn 0.4030 -0.8446 -0.3524
vn -0.9980 0.0549 -0.0319
vn -0.9971 0.0310 -0.0699
vn -0.7656 -0.1640 0.6220
vn -0.7542 -0.4743 0.4542
vn -0.0000 -0.2730 -0.9620
vn -0.6720 0.4988 -0.5474
vn -0.1248 -0.0979 0.9873
vn -0.0178 0.0374 0.9991
vn -0.0842 0.0354 0.9958
vn -0.0156 -0.7800 -0.6255
vn -0.0100 -0.9789 0.2040
vn -0.0113 -0.5366 0.8437
vn -0.4706 -0.0000 -0.8823
vn -0.0064 0.3742 0.9273
vn -0.2657 -0.3943 -0.8798
vn -0.2514 0.0113 -0.9678
vn -0.0071 -0.0733 -0.9973
vn 0.0326 -0.0344 -0.9989
vn 0.0035 -0.9419 -0.3358
vn -0.2711 -0.8317 -0.4845
vn 0.4609 -0.4974 -0.7350
vn -0.9090 -0.3758 -0.1801
vn 0.1128 0.9866 -0.1178
vn 0.3905 0.8531 -0.3459
vn 0.1031 0.3970 0.9120
vn 0.9346 0.3557 -0.0064
vn 0.7479 0.6638 -0.0028
vn -0.7211 0.6925 0.0195
vn -0.8515 -0.5205 -0.0637
vn 0.0169 0.3147 0.9490
vn 0.0084 0.3126 0.9499
vn -0.0039 0.9856 -0.1691
vn -0.0008 0.9706 -0.2408
vn -0.0044 0.9967 -0.0810
vn 0.0178 -0.7800 -0.6255
vn 0.0492 0.9644 -0.2598
vn -0.8089 0.5812 0.0894
vn -0.0000 0.9901 0.1405
vn -0.0000 0.9901 -0.1405
vn 0.0091 0.9385 0.3453
vn 0.6678 0.7368 -0.1057
vn 0.6443 0.6361 -0.4245
vn -0.0000 0.7303 -0.6831
vn -0.7486 0.2418 -0.6174
vn -0.6576 0.6213 -0.4261
vn 0.7024 0.2486 -0.6669
vn -0.6719 0.7330 -0.1062
vn 0.1461 0.5995 -0.7869
vn 0.2265 0.9435 -0.2419
vn 0.5580 0.5869 -0.5867
vn -0.9380 0.0695 -0.3397
vn 0.8496 0.5168 0.1051
vn 0.7772 0.6219 0.0957
vn 0.9998 0.0208 -0.0075
vn 0.7199 -0.6884 0.0879
vn -0.6443 0.6361 0.4245
vn -0.6678 0.7368 0.1057
vn 0.8002 -0.4861 0.3513
vn 0.0617 -0.2599 0.9637
vn 0.7823 -0.1649 0.6007
vn 0.1357 -0.7998 0.5848
vn -0.0000 -0.9964 -0.0845
vn 0.0323 -0.9950 0.0946
vn -0.0000 -0.8081 -0.5891
vn -0.8425 -0.4353 -0.3173
vn -0.0000 -0.9915 -0.1300
vn 0.7397 -0.3060 -0.5993
vn 0.2514 0.0113 -0.9678
vn 0.7072 0.0261 -0.7065
vn 0.7139 -0.6941 0.0928
vn -0.0078 0.9947 0.1030
vn -0.7622 0.5411 0.3552
vn -0.0000 0.7303 0.6831
vn 0.6678 0.7368 0.1057
vn 0.6443 0.6361 0.4245
vn 0.6842 0.2551 0.6832
vn 0.9979 0.0282 0.0585
vn 0.6719 0.7330 -0.1062
vn 0.6576 0.6213 -0.4261
vn -0.9043 0.4251 0.0395
vn 0.0826 -0.7750 0.6265
vn 0.9999 0.0138 -0.0055
vn 0.2177 0.9593 0.1798
vn 0.0506 0.9731 0.2246
vn 0.5388 0.6065 0.5847
vn -0.6012 0.5148 0.6112
vn -0.0000 0.5462 0.8376
vn -0.0000 0.3206 0.9472
vn -0.6842 0.2551 0.6832
vn -0.6270 0.5340 0.5672
vn -0.7854 0.2282 0.5753
vn -0.1046 0.7550 -0.6473
vn -0.0018 0.9438 0.3304
vn 0.8959 0.4265 -0.1247
vn 0.9933 0.0931 -0.0692
vn -0.5538 0.5828 0.5947
vn -0.0956 0.7443 0.6609
vn -0.1297 0.6138 0.7787
vn -0.6780 0.2015 0.7069
vn -0.7623 0.6183 0.1912
vn -0.8768 0.4767 0.0634
vn -0.0001 -0.5801 -0.8145
vn 0.0046 -0.2325 -0.9726
vn 0.2867 0.9390 0.1899
vn 0.1833 0.9773 0.1062
vn -0.0053 0.9948 0.1022
vn 0.4135 0.9100 0.0311
vn -0.0119 0.6239 0.7814
vn -0.8723 -0.2457 0.4229
vn -0.4126 0.6830 0.6027
vn -0.8342 0.2231 0.5044
vn -0.8805 -0.4527 0.1403
vn -0.0000 -0.8379 -0.5458
vn 0.5152 -0.5237 -0.6784
vn 0.0194 0.9997 0.0166
vn 0.0244 0.9983 0.0520
vn -0.7862 0.4824 -0.3863
vn -0.7157 0.5886 -0.3760
vn -0.0019 0.7437 -0.6685
vn -0.9346 0.3557 -0.0064
vn -0.0050 0.3864 0.9223
vn -0.0118 0.3160 0.9487
vn -0.9380 0.3467 -0.0037
vn 0.0133 -0.9789 0.2039
vn -0.0003 0.9820 0.1891
vn -0.1222 -0.9925 -0.0000
vn -0.1218 -0.0144 0.9924
vn 0.0746 -0.0038 -0.9972
vn 0.0527 -0.1775 -0.9827
vn 0.2898 0.9570 0.0125
vn 0.1723 0.9699 0.1723
vn -0.5031 0.6460 -0.5740
vn -0.5821 0.7109 -0.3947
vn -0.5139 0.6133 -0.5998
vn 0.0790 -0.9962 0.0355
vn -0.9406 0.3396 -0.0026
vn -0.9255 0.3787 -0.0068
vn 0.0062 0.3097 0.9508
vn 0.0030 0.6591 0.7521
vn 0.3345 0.9009 0.2766
vn 0.6905 0.6905 0.2152
vn 0.8236 0.4728 0.3133
vn -0.8569 0.4374 0.2728
vn -0.5927 0.4518 0.6667
vn -0.5945 0.4500 0.6664
vn -0.1934 0.4304 0.8817
vn -0.9193 0.2725 0.2840
vn -0.6330 0.3278 0.7013
vn 0.2355 0.3799 0.8946
vn 0.2946 0.4142 0.8612
vn 0.1934 0.4304 0.8817
vn -0.2730 0.2700 0.9234
vn 0.5108 0.6868 0.5172
vn 0.3574 0.6265 -0.6927
vn 0.7219 0.6920 -0.0034
vn -0.2946 0.4142 0.8612
vn -0.0003 -0.4816 -0.8764
vn -0.0019 -0.2245 -0.9745
vn 0.0138 -0.3178 0.9481
vn 0.1511 -0.3842 0.9108
vn -0.0051 0.9970 0.0767
vn 0.0335 0.3109 0.9499
vn 0.9984 0.0275 0.0502
vn 0.0116 -0.8817 0.4717
vn 0.0650 -0.9576 -0.2807
vn -0.0000 -0.3044 -0.9525
vn -0.8566 -0.0999 -0.5061
vn -0.0000 -0.7685 -0.6398
vn 0.9976 0.0279 -0.0640
vn 0.7369 -0.1855 -0.6501
vn -0.0127 -0.9587 -0.2840
vn 0.6012 0.5148 0.6112
vn 0.8768 0.4767 0.0634
vn 0.0011 -0.6948 0.7193
vn 0.0418 -0.6589 0.7511
vn -0.6394 0.4752 0.6045
vn -0.0084 0.3126 0.9499
vn -0.0169 0.3147 0.9490
vn 0.7388 -0.1994 -0.6437
vn -0.2834 0.9384 0.1979
vn 0.8269 -0.5013 0.2549
vn -0.0539 -0.5776 0.8146
vn -0.4529 -0.7822 0.4279
vn -0.2305 -0.8883 0.3972
vn -0.0327 -0.4873 -0.8727
vn -0.0135 -0.0609 -0.9981
vn -0.0135 0.3378 -0.9411
vn -0.2335 -0.9205 0.3134
vn -0.0824 -0.9123 0.4010
vn -0.6852 0.5296 -0.5001
vn 0.0051 -0.4527 -0.8917
vn -0.7908 -0.6121 0.0096
vn -0.0022 0.0249 0.9997
vn -0.0025 0.6156 -0.7881
vn -0.0137 -0.1757 -0.9844
vn -0.0567 -0.6878 0.7237
vn 0.1395 0.0418 0.9893
vn -0.0066 0.3159 0.9488
vn -0.0052 0.3358 0.9419
vn -0.3304 -0.9437 0.0153
vn -0.8917 -0.4526 0.0084
vn -0.0085 0.3724 0.9280
vn 0.2526 0.9657 0.0600
vn -0.0115 0.2528 -0.9675
vn 0.2398 0.1630 -0.9570
vn 0.0085 0.3847 0.9230
vn 0.5985 -0.3699 0.7107
vn -0.0012 0.9829 0.1839
vn -0.8216 -0.4471 0.3537
vn 0.0489 -0.6887 0.7234
vn -0.9457 -0.1226 0.3009
vn -0.0682 -0.3023 -0.9508
vn -0.0248 -0.6992 0.7145
vn 0.0561 -0.6809 0.7302
vn 0.9380 0.3467 -0.0037
vn 0.1198 0.2989 0.9467
vn -0.1394 0.3597 -0.9226
vn 0.0530 -0.0609 -0.9967
vn 0.3192 -0.3655 -0.8743
vn 0.0404 -0.2548 -0.9661
vn -0.6389 -0.7691 0.0134
vn -0.6812 -0.7319 0.0145
vn -0.6905 0.6905 0.2152
vn -0.9234 0.1467 0.3547
vn -0.1542 0.4819 0.8626
vn 0.0902 -0.6471 -0.7570
vn 0.0080 -0.9965 -0.0832
vn 0.3243 0.7021 0.6340
vn 0.6394 0.4752 0.6045
vn -0.0085 0.3457 0.9383
vn 0.4756 -0.0000 -0.8797
vn 0.5135 -0.0993 -0.8523
vn 0.1359 -0.0000 -0.9907
vn 0.4220 -0.0474 0.9054
vn 0.9171 -0.0517 -0.3953
vn 0.9702 -0.2422 -0.0000
vn 0.9985 -0.0550 -0.0000
vn -0.1636 -0.1054 -0.9809
vn -0.5135 -0.0993 -0.8523
vn -0.1333 -0.0000 -0.9911
vn -0.7461 -0.2656 0.6106
vn -0.2941 -0.1143 0.9489
vn -0.4167 -0.0475 0.9078
vn -0.9000 -0.0691 0.4305
vn 0.2941 -0.1143 0.9489
vn -0.9702 -0.2422 -0.0000
vn -0.8018 -0.5977 -0.0000
vn -0.6423 -0.5433 0.5406
vn -0.6500 -0.5725 -0.4997
vn -0.7674 -0.2953 -0.5691
vn -0.2727 -0.4367 -0.8573
vn 0.0317 -0.1128 -0.9931
vn -0.5162 -0.8565 -0.0000
vn -0.4409 -0.8144 0.3773
vn 0.5906 -0.8069 -0.0000
vn 0.8018 -0.5977 -0.0000
vn -0.0994 -0.8223 -0.5602
vn -0.1960 -0.7274 -0.6577
vn -0.2416 -0.3622 0.9002
vn -0.1763 -0.0880 0.9804
vn 0.5100 -0.7768 0.3695
vn 0.6423 -0.5433 0.5406
vn -0.0042 -0.0816 -0.9967
vn -0.0190 -0.2374 -0.9712
vn 0.2245 -0.0003 -0.9745
vn -0.9998 0.0043 -0.0181
vn -0.0004 0.0008 1.0000
vn -0.0038 -0.9598 0.2806
vn -0.3419 0.9397 0.0089
vn -0.2936 0.9489 -0.1154
vn 0.0282 0.9846 -0.1727
vn 0.4281 -0.8780 0.2144
vn -0.4073 0.8545 0.3223
vn 0.0181 0.9814 -0.1910
vn -0.8710 0.4872 -0.0628
vn 0.0057 0.6954 -0.7186
vn 0.0555 -0.9165 0.3961
vn -0.2990 -0.9167 -0.2651
vn 0.5752 -0.7104 -0.4057
vn 0.7083 -0.6660 -0.2340
vn 0.7739 -0.0758 -0.6288
vn -0.8587 0.4905 0.1488
vn -0.9984 -0.0259 -0.0499
vn -0.6731 0.4804 0.5624
vn 0.0790 0.9204 0.3829
vn 0.7134 0.6564 -0.2453
vn -0.8934 -0.4308 -0.1277
vn -0.6154 -0.7882 -0.0000
vn 0.5709 -0.0000 -0.8210
vn 0.2516 -0.1931 -0.9484
vn 0.0412 -0.0825 -0.9957
vn 0.4181 -0.0550 -0.9067
vn 0.1859 -0.4539 -0.8714
vn 0.1960 -0.2542 -0.9471
vn 0.4394 -0.2853 -0.8518
vn -0.7936 0.0530 -0.6061
vn 0.0003 0.0524 0.9986
vn 0.6859 -0.7203 0.1033
vn 0.7103 -0.7031 0.0328
vn 0.1866 0.9663 -0.1773
vn -0.0525 -0.3468 0.9365
vn -0.9708 -0.1121 -0.2119
vn -0.0009 -0.4816 -0.8764
vn -0.0049 -0.4776 -0.8786
vn 0.0178 0.0374 0.9991
vn 0.2531 -0.8454 0.4704
vn -0.0074 0.3986 -0.9171
vn 0.0057 -0.5094 -0.8605
vn 0.6389 -0.7691 0.0134
vn 0.6812 -0.7319 0.0145
vn 0.0057 -0.4824 -0.8760
vn 0.0688 -0.1708 -0.9829
vn -0.0012 0.0539 0.9985
vn 0.0248 -0.3476 -0.9373
vn -0.6553 0.2805 -0.7014
vn 0.3304 -0.9437 0.0153
vn 0.1054 -0.1908 0.9760
vn 0.5685 -0.4806 0.6677
vn 0.4221 -0.8737 -0.2418
vn -0.0302 -0.7501 0.6606
vn -0.4986 0.6329 -0.5923
vn 0.0083 0.6663 -0.7456
vn 0.9405 -0.2179 -0.2607
vn 0.9677 0.0424 -0.2487
vn -0.0090 0.2627 -0.9648
vn 0.0614 -0.9891 -0.1340
vn 0.0661 -0.8699 0.4887
vn -0.1229 0.2037 -0.9713
vn 0.0079 0.1513 -0.9885
vn 0.0733 -0.6682 -0.7404
vn 0.3963 0.1613 0.9038
vn 0.4191 -0.2897 -0.8605
vn 0.5644 -0.7055 -0.4286
vn 0.5421 -0.5067 -0.6704
vn 0.9207 -0.0460 -0.3876
vn -0.3963 0.1613 0.9038
vn -0.6753 -0.6611 0.3272
vn -0.5685 -0.4806 0.6677
vn -0.1054 -0.1908 0.9760
vn -0.3783 -0.6953 0.6111
vn -0.1964 -0.4183 0.8868
vn 0.1076 0.4481 0.8875
vn 0.4021 0.6901 0.6017
vn 0.7853 -0.5615 -0.2609
vn 0.7816 -0.5862 0.2132
vn 0.3783 -0.6953 0.6111
vn 0.1218 -0.0144 0.9924
vn 0.3011 0.3700 0.8789
vn -0.0854 -0.8183 0.5684
vn 0.0854 -0.8183 0.5684
vn -0.6995 -0.7140 -0.0316
vn -0.0000 -0.8944 0.4472
vn 0.5105 -0.7460 -0.4276
vn 0.5090 -0.7225 0.4680
vn 0.1798 -0.7961 0.5779
vn 0.4966 -0.7288 -0.4714
vn -0.4614 0.8779 -0.1280
vn -0.0251 0.2699 -0.9626
vn -0.0281 -0.9285 -0.3704
vn 0.0824 -0.9124 0.4010
vn -0.0994 -0.0008 -0.9950
vn -0.9171 -0.0517 -0.3953
vn -0.0132 -0.9848 -0.1734
vn 0.1713 0.9402 0.2943
vn -0.0041 -0.5370 0.8436
vn -0.0837 -0.4915 -0.8668
vn -0.0197 -0.1085 -0.9939
vn 0.0473 -0.1735 -0.9837
vn 0.9997 -0.0200 0.0101
vn 0.7755 0.5366 -0.3326
vn 0.5762 -0.7201 0.3867
vn 0.8670 0.0114 0.4982
vn 0.7667 0.0560 0.6395
vn -0.8735 0.0846 -0.4794
vn 0.9129 -0.0999 -0.3959
vn 0.6698 -0.7397 -0.0655
vn 0.0013 0.0537 0.9986
vn -0.1788 -0.0528 0.9825
vn 0.5107 -0.7614 -0.3993
vn 0.7461 -0.2656 0.6106
vn 0.0044 0.2183 -0.9759
vn -0.4409 -0.8144 -0.3773
vn 0.9000 -0.0691 0.4305
vn -0.9985 -0.0550 -0.0000
vn -0.1800 -0.8599 -0.4776
vn -0.0158 0.9777 -0.2093
vn 0.0282 0.9207 0.3893
vn 0.1964 -0.4183 0.8868
vn -0.6859 -0.7203 0.1034
vn -0.5236 0.1250 0.8428
vn -0.4050 -0.3830 -0.8302
vn 0.9095 -0.2880 0.2996
vn 0.1710 -0.8464 -0.5043
vn 0.0524 -0.9921 -0.1140
vn 0.8489 0.5285 -0.0004
vn -0.0714 -0.9817 -0.1763
vn 0.0021 -0.7069 -0.7073
vn 0.0229 -0.9668 -0.2545
vn -0.2990 0.9167 -0.2651
vn 0.9193 0.2725 0.2840
vn 0.5752 0.7104 -0.4057
vn -0.0117 0.3233 0.9462
vn 0.2335 -0.9205 0.3134
vn 0.9536 0.0727 0.2923
vn -0.3962 0.5223 -0.7551
vn -0.8085 0.1991 0.5537
vn 0.0514 0.9981 -0.0336
vn 0.0139 0.9998 -0.0139
vn 0.4404 0.8846 0.1534
vn 0.6154 -0.7882 -0.0000
vn 0.6147 -0.7881 0.0309
vn -0.0000 -0.7882 0.6154
vn 0.0162 -0.7763 0.6302
vn 0.2689 -0.7222 -0.6373
vn 0.6626 -0.0286 -0.7484
vn 0.1291 -0.7360 -0.6645
vn 0.2674 -0.6117 -0.7446
vn 0.4568 -0.1406 -0.8784
vn 0.0215 -0.0862 0.9960
vn -0.8635 0.5029 0.0375
vn -0.9982 0.0597 0.0066
vn -0.4992 0.0722 -0.8635
vn 0.1608 -0.8697 -0.4666
vn -0.2077 -0.9781 0.0162
vn 0.2077 -0.9781 0.0162
vn -0.8270 -0.4835 -0.2870
vn 0.0660 -0.3493 -0.9347
vn 0.0235 -0.7333 -0.6795
vn 0.0171 -0.0683 -0.9975
vn -0.6147 -0.7881 0.0309
vn 0.0101 -0.7279 0.6856
vn 0.0137 -0.9423 -0.3344
vn 0.0133 -0.9783 -0.2066
vn 0.0108 -0.7685 0.6398
vn 0.0064 -0.6467 -0.7627
vn 0.0069 -0.7802 -0.6255
vn -0.7694 0.6361 0.0586
vn 0.0206 -0.6118 -0.7908
vn -0.1936 0.8831 0.4274
vn -0.0458 -0.6419 0.7655
vn -0.0552 -0.9683 -0.2435
vn -0.0194 -0.9349 -0.3544
vn -0.5948 0.7861 -0.1680
vn -0.0072 -0.3178 -0.9481
vn -0.0151 -0.7267 0.6868
vn 0.0070 -0.9584 -0.2854
vn -0.0410 -0.9987 -0.0307
vn 0.8917 -0.4526 0.0084
vn 0.7908 -0.6121 0.0096
vn -0.7103 -0.7031 0.0328
vn 0.0445 -0.8845 -0.4645
vn 0.3234 -0.8464 0.4232
vn -0.0243 -0.6835 0.7295
vn -0.0345 -0.9960 -0.0828
vn -0.6381 -0.0435 -0.7687
vn -0.4568 -0.1406 -0.8784
vt 0.078672 0.270874
vt 0.076322 0.265125
vt 0.078900 0.265782
vt 0.080458 0.269955
vt 0.083704 0.273199
vt 0.083554 0.275230
vt 0.294933 0.856594
vt 0.302419 0.856594
vt 0.302417 0.867775
vt 0.294931 0.867775
vt 0.741758 0.715446
vt 0.754234 0.715450
vt 0.754234 0.732916
vt 0.741758 0.732912
vt 0.687525 0.002968
vt 0.692506 0.001721
vt 0.691337 0.006712
vt 0.053180 0.529664
vt 0.053189 0.533407
vt 0.039537 0.533407
vt 0.039528 0.529664
vt 0.714999 0.099044
vt 0.712584 0.099045
vt 0.712584 0.065356
vt 0.714999 0.065355
vt 0.184763 0.411484
vt 0.184821 0.402076
vt 0.186576 0.403073
vt 0.186518 0.412481
vt 0.702466 0.324885
vt 0.692502 0.324885
vt 0.691333 0.319894
vt 0.701296 0.319894
vt 0.310869 0.086542
vt 0.307126 0.086541
vt 0.307126 0.055352
vt 0.310869 0.055353
vt 0.280197 0.012847
vt 0.280197 0.010352
vt 0.281438 0.010355
vt 0.281438 0.012850
vt 0.690091 0.009207
vt 0.682543 0.009207
vt 0.685034 0.006711
vt 0.005557 0.657205
vt 0.001815 0.657247
vt 0.001815 0.653506
vt 0.005557 0.653463
vt 0.695300 0.099045
vt 0.692809 0.099045
vt 0.692810 0.066604
vt 0.695301 0.067852
vt 0.460962 0.382766
vt 0.465945 0.382600
vt 0.466176 0.388834
vt 0.461193 0.389000
vt 0.693901 0.271233
vt 0.701373 0.273728
vt 0.701297 0.278719
vt 0.690088 0.274975
vt 0.020530 0.653464
vt 0.010548 0.653464
vt 0.011797 0.652259
vt 0.020530 0.652216
vt 0.186466 0.420843
vt 0.184711 0.419846
vt 0.681221 0.009207
vt 0.682467 0.006711
vt 0.526988 0.581203
vt 0.525060 0.581816
vt 0.525833 0.577870
vt 0.527760 0.577257
vt 0.824517 0.324885
vt 0.810817 0.324885
vt 0.810893 0.319894
vt 0.825838 0.319894
vt 0.701300 0.009207
vt 0.713754 0.009207
vt 0.713754 0.012950
vt 0.701300 0.012950
vt 0.280197 0.022826
vt 0.280197 0.016589
vt 0.281438 0.016592
vt 0.281438 0.022829
vt 0.319887 0.876546
vt 0.324878 0.875299
vt 0.323630 0.880287
vt 0.319886 0.882781
vt 0.317391 0.885275
vt 0.317391 0.877793
vt 0.006705 0.866570
vt 0.010448 0.855347
vt 0.010447 0.867775
vt 0.006704 0.876546
vt 0.075723 0.102974
vt 0.076610 0.102488
vt 0.076610 0.104498
vt 0.075723 0.104985
vt 0.319887 0.854100
vt 0.324878 0.854100
vt 0.324878 0.865323
vt 0.706828 0.882611
vt 0.704333 0.892591
vt 0.694352 0.892588
vt 0.694352 0.881360
vt 0.131239 0.104289
vt 0.132987 0.104522
vt 0.133105 0.110219
vt 0.131199 0.111027
vt 0.023690 0.328692
vt 0.028769 0.327452
vt 0.028769 0.336186
vt 0.023690 0.337426
vt 0.137604 0.191256
vt 0.136965 0.184925
vt 0.139423 0.185271
vt 0.138833 0.191429
vt 0.139772 0.114377
vt 0.139884 0.120748
vt 0.138655 0.120575
vt 0.091628 0.300767
vt 0.091628 0.295281
vt 0.093300 0.295844
vt 0.093635 0.300345
vt 0.123849 0.041375
vt 0.126110 0.045993
vt 0.124784 0.046340
vt 0.172962 0.112897
vt 0.170985 0.104931
vt 0.173884 0.102479
vt 0.174813 0.111983
vt 0.565792 0.635550
vt 0.563297 0.629247
vt 0.573279 0.629247
vt 0.574526 0.635550
vt 0.169323 0.035458
vt 0.169906 0.029118
vt 0.171145 0.028978
vt 0.171755 0.035178
vt 0.244199 0.313518
vt 0.244199 0.327240
vt 0.238976 0.326037
vt 0.238976 0.312315
vt 0.050241 0.236391
vt 0.062893 0.233912
vt 0.062893 0.250132
vt 0.050241 0.252612
vt 0.127177 0.142589
vt 0.126490 0.137234
vt 0.128483 0.136967
vt 0.128793 0.143290
vt 0.128793 0.119668
vt 0.129103 0.125990
vt 0.127487 0.125289
vt 0.126800 0.119934
vt 0.381844 0.403580
vt 0.382097 0.396098
vt 0.388354 0.396292
vt 0.388143 0.402526
vt 0.386094 0.732777
vt 0.388727 0.732302
vt 0.387845 0.738997
vt 0.386080 0.739002
vt 0.402340 0.606373
vt 0.394853 0.607618
vt 0.394854 0.593690
vt 0.399845 0.592445
vt 0.346165 0.804409
vt 0.344695 0.799013
vt 0.346165 0.798038
vt 0.605784 0.600986
vt 0.607820 0.600958
vt 0.606425 0.605408
vt 0.604924 0.606335
vt 0.280638 0.564647
vt 0.280638 0.558200
vt 0.282323 0.558713
vt 0.281664 0.564447
vt 0.127797 0.107990
vt 0.128107 0.114313
vt 0.126490 0.113612
vt 0.305611 0.904019
vt 0.304390 0.904272
vt 0.305611 0.897652
vt 0.608539 0.938149
vt 0.609717 0.937738
vt 0.608237 0.944861
vt 0.184766 0.279742
vt 0.186188 0.278648
vt 0.190825 0.281669
vt 0.190687 0.282909
vt 0.315633 0.048722
vt 0.318128 0.049970
vt 0.318128 0.108607
vt 0.315628 0.108626
vt 0.585560 0.798328
vt 0.589290 0.797815
vt 0.588223 0.803924
vt 0.584743 0.803383
vt 0.163329 0.055270
vt 0.164501 0.054842
vt 0.164267 0.061543
vt 0.163095 0.061971
vt 0.326419 0.582355
vt 0.328919 0.582337
vt 0.332657 0.587346
vt 0.328914 0.587346
vt 0.604222 0.616970
vt 0.605082 0.611621
vt 0.606583 0.610694
vt 0.605723 0.616043
vt 0.487184 0.635550
vt 0.485937 0.629247
vt 0.499662 0.629247
vt 0.499662 0.635550
vt 0.129656 0.058116
vt 0.130711 0.063024
vt 0.129797 0.064525
vt 0.924999 0.008074
vt 0.922507 0.009273
vt 0.922507 0.003084
vt 0.924999 0.001885
vt 0.281297 0.552466
vt 0.112482 0.233140
vt 0.115019 0.228169
vt 0.116768 0.228402
vt 0.114231 0.233372
vt 0.119102 0.635550
vt 0.104129 0.635550
vt 0.105377 0.629247
vt 0.120350 0.629247
vt 0.318138 0.207132
vt 0.318128 0.198435
vt 0.320629 0.198417
vt 0.319386 0.205884
vt 0.139291 0.138443
vt 0.139573 0.143579
vt 0.138173 0.144642
vt 0.138062 0.138271
vt 0.610679 0.700422
vt 0.641519 0.695580
vt 0.640547 0.697087
vt 0.609949 0.703152
vt 0.062893 0.287564
vt 0.066679 0.287568
vt 0.066679 0.302541
vt 0.064140 0.303784
vt 0.304045 0.922162
vt 0.304045 0.915795
vt 0.305266 0.915541
vt 0.306441 0.921660
vt 0.128590 0.064814
vt 0.127242 0.058695
vt 0.679628 0.708026
vt 0.679467 0.701645
vt 0.681157 0.701148
vt 0.681318 0.707529
vt 0.103621 0.319950
vt 0.107822 0.317715
vt 0.107822 0.325149
vt 0.104387 0.324342
vt 0.050863 0.375097
vt 0.049621 0.374994
vt 0.050184 0.368785
vt 0.052669 0.368992
vt 0.043870 0.016550
vt 0.045399 0.019862
vt 0.042732 0.019385
vt 0.041593 0.015110
vt 0.398061 0.748778
vt 0.398142 0.744184
vt 0.399770 0.743507
vt 0.400076 0.749079
vt 0.055646 0.350476
vt 0.055038 0.356677
vt 0.052598 0.356478
vt 0.054403 0.350373
vt 0.138832 0.094604
vt 0.140952 0.092813
vt 0.142594 0.100145
vt 0.140180 0.100723
vt 0.294937 0.741868
vt 0.302422 0.741826
vt 0.302423 0.755585
vt 0.294936 0.755585
vt 0.020530 0.657205
vt 0.034255 0.653464
vt 0.034255 0.657205
vt 0.149356 0.108290
vt 0.149866 0.102541
vt 0.151802 0.101999
vt 0.151292 0.107748
vt 0.130310 0.173187
vt 0.130267 0.167394
vt 0.132015 0.167627
vt 0.132059 0.173420
vt 0.606622 0.905882
vt 0.608184 0.906634
vt 0.609060 0.912935
vt 0.607471 0.912168
vt 0.889945 0.165801
vt 0.891699 0.165609
vt 0.891376 0.171388
vt 0.889623 0.171579
vt 0.133146 0.068912
vt 0.135701 0.074743
vt 0.133287 0.075321
vt 0.131939 0.069201
vt 0.112811 0.893778
vt 0.112809 0.889680
vt 0.116338 0.889682
vt 0.116335 0.892736
vt 0.132130 0.160793
vt 0.133878 0.161026
vt 0.152243 0.200604
vt 0.153813 0.201408
vt 0.151970 0.206982
vt 0.149916 0.207132
vt 0.139223 0.167636
vt 0.140452 0.167809
vt 0.139599 0.173987
vt 0.138238 0.173824
vt 0.091124 0.433245
vt 0.092882 0.433169
vt 0.092822 0.441146
vt 0.091055 0.442220
vt 0.825842 0.006712
vt 0.810897 0.006712
vt 0.810821 0.001721
vt 0.824520 0.001721
vt 0.951366 0.424803
vt 0.951343 0.427318
vt 0.935125 0.427313
vt 0.935148 0.424798
vt 0.075847 0.272238
vt 0.073496 0.266489
vt 0.274886 0.431543
vt 0.276649 0.431498
vt 0.276649 0.435544
vt 0.274886 0.434578
vt 0.319891 0.756832
vt 0.319891 0.741868
vt 0.324882 0.743115
vt 0.324882 0.756832
vt 0.317396 0.755585
vt 0.319889 0.797984
vt 0.317394 0.797984
vt 0.769798 0.015446
vt 0.769798 0.024180
vt 0.727454 0.024180
vt 0.727454 0.015446
vt 0.023216 0.008458
vt 0.023216 0.007211
vt 0.035693 0.007211
vt 0.035693 0.008459
vt 0.713754 0.006712
vt 0.701300 0.006712
vt 0.702470 0.001721
vt 0.713678 0.001721
vt 0.028368 0.533407
vt 0.028359 0.529664
vt 0.805382 0.519596
vt 0.805382 0.495892
vt 0.811620 0.495893
vt 0.811620 0.519597
vt 0.311153 0.855347
vt 0.313649 0.855347
vt 0.313648 0.867817
vt 0.311153 0.867817
vt 0.403574 0.001913
vt 0.422290 0.001914
vt 0.422290 0.002327
vt 0.403574 0.002326
vt 0.172968 0.132818
vt 0.171209 0.132691
vt 0.674234 0.558186
vt 0.671743 0.558186
vt 0.671743 0.544461
vt 0.674234 0.544461
vt 0.342711 0.048071
vt 0.342435 0.048071
vt 0.342435 0.031852
vt 0.342712 0.031852
vt 0.700590 0.969939
vt 0.700590 0.972434
vt 0.695600 0.972433
vt 0.694352 0.969937
vt 0.462217 0.002329
vt 0.462217 0.001916
vt 0.468456 0.001917
vt 0.468456 0.002330
vt 0.075660 0.258447
vt 0.077393 0.259569
vt 0.077316 0.262629
vt 0.075556 0.262528
vt 0.028350 0.525922
vt 0.018431 0.529664
vt 0.018422 0.525922
vt 0.655906 0.469010
vt 0.656863 0.468531
vt 0.656863 0.481007
vt 0.655906 0.481007
vt 0.663053 0.535899
vt 0.663053 0.524670
vt 0.666794 0.525917
vt 0.666794 0.535899
vt 0.138394 0.391769
vt 0.136638 0.390711
vt 0.136853 0.358371
vt 0.138616 0.358419
vt 0.713674 0.324885
vt 0.713751 0.319894
vt 0.313648 0.879040
vt 0.313648 0.885275
vt 0.096142 0.454749
vt 0.097895 0.455668
vt 0.097837 0.464642
vt 0.096078 0.464721
vt 0.324879 0.839136
vt 0.319888 0.840383
vt 0.324880 0.797984
vt 0.185107 0.356081
vt 0.185314 0.322630
vt 0.187082 0.321536
vt 0.186868 0.356032
vt 0.465973 0.645513
vt 0.460982 0.645513
vt 0.460982 0.640532
vt 0.465973 0.640532
vt 0.018440 0.533407
vt 0.010865 0.533435
vt 0.010856 0.529693
vt 0.259232 0.043987
vt 0.259232 0.035254
vt 0.262975 0.035255
vt 0.262975 0.043988
vt 0.769798 0.009207
vt 0.812142 0.009207
vt 0.812142 0.012950
vt 0.769798 0.012950
vt 0.138838 0.325068
vt 0.137075 0.325021
vt 0.137149 0.313904
vt 0.138919 0.312940
vt 0.690088 0.313655
vt 0.690088 0.316151
vt 0.682539 0.316151
vt 0.682539 0.312407
vt 0.122671 0.206518
vt 0.124420 0.206751
vt 0.123631 0.211955
vt 0.121882 0.211722
vt 0.262975 0.020284
vt 0.262975 0.017789
vt 0.266718 0.017790
vt 0.266718 0.020285
vt 0.701300 0.014198
vt 0.695149 0.017942
vt 0.690091 0.015446
vt 0.162672 0.857841
vt 0.099038 0.857841
vt 0.099038 0.842877
vt 0.162673 0.842877
vt 0.106211 0.023362
vt 0.106217 0.025356
vt 0.104459 0.025452
vt 0.104450 0.022460
vt 0.313653 0.741868
vt 0.317396 0.741868
vt 0.313652 0.755585
vt 0.262975 0.012798
vt 0.266718 0.012800
vt 0.343683 0.001909
vt 0.346178 0.001910
vt 0.346178 0.002323
vt 0.343683 0.002323
vt 0.103854 0.351258
vt 0.105877 0.350893
vt 0.104446 0.354678
vt 0.102781 0.354096
vt 0.577415 0.855374
vt 0.577415 0.875301
vt 0.569929 0.875377
vt 0.569928 0.855450
vt 0.006706 0.840383
vt 0.010449 0.840383
vt 0.006705 0.854100
vt 0.012943 0.879040
vt 0.021677 0.879040
vt 0.021677 0.885275
vt 0.014191 0.885275
vt 0.172737 0.343328
vt 0.172737 0.338129
vt 0.174501 0.338125
vt 0.174501 0.343323
vt 0.244842 0.399962
vt 0.246086 0.399867
vt 0.246560 0.406086
vt 0.244072 0.406277
vt 0.495928 0.688719
vt 0.505909 0.688719
vt 0.504665 0.701316
vt 0.494683 0.701316
vt 0.053161 0.007212
vt 0.053161 0.008460
vt 0.767957 0.694245
vt 0.767957 0.688007
vt 0.774194 0.688009
vt 0.774194 0.694247
vt 0.271661 0.323466
vt 0.271661 0.320971
vt 0.274155 0.320970
vt 0.274155 0.323466
vt 0.075867 0.250285
vt 0.077627 0.250386
vt 0.077471 0.256508
vt 0.075712 0.256407
vt 0.734273 0.866400
vt 0.734273 0.870143
vt 0.721798 0.871387
vt 0.721798 0.866397
vt 0.683419 0.615462
vt 0.684057 0.611068
vt 0.686273 0.612520
vt 0.684693 0.616680
vt 0.713754 0.015446
vt 0.707603 0.017942
vt 0.275230 0.481260
vt 0.275230 0.485199
vt 0.274022 0.484876
vt 0.273627 0.482118
vt 0.175371 0.393497
vt 0.175839 0.382289
vt 0.177595 0.382433
vt 0.177084 0.394659
vt 0.134777 0.311209
vt 0.133871 0.314954
vt 0.133871 0.309574
vt 0.654955 0.640164
vt 0.657174 0.643139
vt 0.653704 0.641747
vt 0.666794 0.514688
vt 0.663053 0.514688
vt 0.266718 0.027770
vt 0.262975 0.027769
vt 0.094124 0.525922
vt 0.094133 0.529664
vt 0.053171 0.525922
vt 0.302418 0.879040
vt 0.294932 0.879040
vt 0.330167 0.543662
vt 0.337653 0.543662
vt 0.337653 0.554890
vt 0.330167 0.554890
vt 0.660601 0.524668
vt 0.660601 0.535898
vt 0.349922 0.001910
vt 0.349922 0.002323
vt 0.266718 0.035256
vt 0.690091 0.031667
vt 0.695149 0.029171
vt 0.701300 0.032914
vt 0.089143 0.086253
vt 0.088972 0.138748
vt 0.087212 0.138669
vt 0.087383 0.086174
vt 0.342711 0.119184
vt 0.342435 0.119184
vt 0.342435 0.099223
vt 0.342712 0.099223
vt 0.356172 0.635550
vt 0.339951 0.635550
vt 0.339952 0.627925
vt 0.356172 0.627925
vt 0.666794 0.493476
vt 0.666794 0.504706
vt 0.663053 0.503458
vt 0.663053 0.493476
vt 0.008113 0.895332
vt 0.014351 0.892835
vt 0.014351 0.899072
vt 0.005618 0.899075
vt 0.129373 0.098359
vt 0.131121 0.098592
vt 0.128500 0.104508
vt 0.660601 0.480997
vt 0.660601 0.468520
vt 0.663053 0.468521
vt 0.663053 0.480999
vt 0.285161 0.016601
vt 0.285161 0.022838
vt 0.300762 0.305657
vt 0.297024 0.305639
vt 0.297024 0.298153
vt 0.300762 0.298172
vt 0.286198 0.879040
vt 0.294932 0.885275
vt 0.286197 0.885275
vt 0.359916 0.627925
vt 0.359915 0.635550
vt 0.293278 0.165925
vt 0.297026 0.165907
vt 0.297025 0.230783
vt 0.293277 0.230801
vt 0.302424 0.710692
vt 0.309911 0.710692
vt 0.309911 0.713187
vt 0.302424 0.713187
vt 0.261247 0.718132
vt 0.227558 0.718132
vt 0.227560 0.713187
vt 0.261249 0.713187
vt 0.701376 0.016694
vt 0.696471 0.019190
vt 0.706358 0.029171
vt 0.713754 0.031667
vt 0.310907 0.499887
vt 0.312116 0.503642
vt 0.309505 0.503642
vt 0.309537 0.499900
vt 0.243303 0.412591
vt 0.245885 0.413645
vt 0.245094 0.419938
vt 0.243777 0.418811
vt 0.053914 0.486695
vt 0.053372 0.490374
vt 0.051715 0.491572
vt 0.839541 0.047887
vt 0.827087 0.051630
vt 0.827087 0.040401
vt 0.839541 0.040401
vt 0.031660 0.856594
vt 0.040394 0.857841
vt 0.040392 0.867775
vt 0.031658 0.867775
vt 0.660601 0.503457
vt 0.660601 0.493475
vt 0.828408 0.065356
vt 0.832144 0.055374
vt 0.833542 0.057870
vt 0.831051 0.066604
vt 0.711491 0.066604
vt 0.709000 0.067852
vt 0.707755 0.060365
vt 0.709000 0.057870
vt 0.839617 0.052878
vt 0.839769 0.055374
vt 0.012468 0.328693
vt 0.012468 0.314968
vt 0.014961 0.316216
vt 0.013714 0.328693
vt 0.756729 0.972451
vt 0.755481 0.974946
vt 0.744254 0.974943
vt 0.744254 0.972447
vt 0.149071 0.286595
vt 0.152783 0.288293
vt 0.152143 0.291875
vt 0.147502 0.289752
vt 0.135516 0.007199
vt 0.129278 0.007198
vt 0.129278 0.002208
vt 0.135516 0.002208
vt 0.266679 0.485866
vt 0.269675 0.484009
vt 0.272392 0.492064
vt 0.268876 0.493014
vt 0.085767 0.433580
vt 0.083273 0.434827
vt 0.083273 0.373688
vt 0.084520 0.373688
vt 0.143460 0.469079
vt 0.145972 0.461237
vt 0.148965 0.463095
vt 0.146934 0.470073
vt 0.451539 0.586098
vt 0.450292 0.586098
vt 0.450292 0.583603
vt 0.451539 0.583602
vt 0.449752 0.640532
vt 0.449752 0.635550
vt 0.457239 0.635550
vt 0.457239 0.640532
vt 0.094142 0.533407
vt 0.812142 0.015446
vt 0.707752 0.266242
vt 0.701525 0.267490
vt 0.701525 0.258756
vt 0.708998 0.258756
vt 0.297024 0.264468
vt 0.300763 0.264486
vt 0.300763 0.278210
vt 0.297024 0.278192
vt 0.118881 0.311525
vt 0.120545 0.312106
vt 0.116610 0.322513
vt 0.114945 0.321931
vt 0.884000 0.424783
vt 0.883977 0.427298
vt 0.877739 0.427296
vt 0.877762 0.424781
vt 0.916064 0.355730
vt 0.914300 0.355747
vt 0.914365 0.351702
vt 0.916129 0.351685
vt 0.540529 0.757729
vt 0.539283 0.757729
vt 0.539283 0.755234
vt 0.540529 0.755234
vt 0.938895 0.091771
vt 0.939025 0.086517
vt 0.940789 0.086550
vt 0.940658 0.091804
vt 0.261243 0.885275
vt 0.261243 0.879040
vt 0.274968 0.879040
vt 0.274968 0.885275
vt 0.091253 0.416293
vt 0.093012 0.416217
vt 0.092951 0.424194
vt 0.091192 0.424271
vt 0.388293 0.781880
vt 0.388293 0.783128
vt 0.387046 0.783127
vt 0.387046 0.781880
vt 0.548136 0.789144
vt 0.545641 0.789143
vt 0.545641 0.769182
vt 0.548136 0.769183
vt 0.076724 0.216616
vt 0.078484 0.216718
vt 0.078198 0.227941
vt 0.076439 0.227839
vt 0.204160 0.930412
vt 0.209901 0.932853
vt 0.208452 0.936257
vt 0.202711 0.933815
vt 0.293276 0.264486
vt 0.293276 0.278210
vt 0.828406 0.227562
vt 0.825839 0.227561
vt 0.825840 0.163927
vt 0.828407 0.163927
vt 0.297024 0.315620
vt 0.300762 0.315638
vt 0.300762 0.320629
vt 0.297023 0.320610
vt 0.920155 0.766650
vt 0.920155 0.770392
vt 0.915165 0.770391
vt 0.915165 0.766648
vt 0.460981 0.662193
vt 0.465972 0.662193
vt 0.465974 0.667265
vt 0.460984 0.667265
vt 0.839617 0.030419
vt 0.839541 0.032914
vt 0.833390 0.029171
vt 0.837202 0.027924
vt 0.041901 0.352457
vt 0.043659 0.352606
vt 0.043980 0.358390
vt 0.042222 0.358241
vt 0.049782 0.387523
vt 0.048540 0.387420
vt 0.049103 0.381211
vt 0.050300 0.381306
vt 0.137994 0.167463
vt 0.138941 0.162500
vt 0.163633 0.067086
vt 0.603889 0.640037
vt 0.605443 0.640872
vt 0.604099 0.647183
vt 0.602545 0.646347
vt 0.143315 0.334283
vt 0.143062 0.327568
vt 0.144708 0.328202
vt 0.144455 0.333776
vt 0.603818 0.672110
vt 0.604836 0.672047
vt 0.604511 0.678294
vt 0.603493 0.678357
vt 0.869165 0.309200
vt 0.869099 0.307931
vt 0.875333 0.307704
vt 0.875423 0.310197
vt 0.225560 0.915167
vt 0.226693 0.915695
vt 0.224268 0.921393
vt 0.223120 0.920905
vt 0.014665 0.553142
vt 0.014437 0.545660
vt 0.020732 0.546698
vt 0.020922 0.552933
vt 0.137469 0.155966
vt 0.138455 0.149778
vt 0.139816 0.149940
vt 0.139927 0.156312
vt 0.151802 0.113270
vt 0.150782 0.113497
vt 0.234706 0.461619
vt 0.237343 0.453776
vt 0.238343 0.453756
vt 0.236234 0.462500
vt 0.150143 0.192120
vt 0.148642 0.191197
vt 0.149708 0.184499
vt 0.151208 0.185422
vt 0.051724 0.635550
vt 0.035503 0.635550
vt 0.036751 0.629247
vt 0.054220 0.629247
vt 0.608868 0.931452
vt 0.608018 0.925166
vt 0.609580 0.925918
vt 0.610045 0.931041
vt 0.850747 0.294939
vt 0.847086 0.299930
vt 0.839614 0.297435
vt 0.839538 0.293692
vt 0.160696 0.029719
vt 0.162322 0.030478
vt 0.162088 0.037179
vt 0.160489 0.036435
vt 0.028769 0.313727
vt 0.028769 0.297507
vt 0.050241 0.307512
vt 0.050241 0.319989
vt 0.604203 0.375230
vt 0.606700 0.375120
vt 0.606931 0.381354
vt 0.604437 0.381446
vt 0.690167 0.065356
vt 0.693903 0.055374
vt 0.695301 0.057870
vt 0.176993 0.452019
vt 0.178758 0.452019
vt 0.178728 0.458244
vt 0.177833 0.457775
vt 0.168811 0.054339
vt 0.170050 0.054198
vt 0.170843 0.060396
vt 0.169604 0.060536
vt 0.014961 0.019256
vt 0.018702 0.019255
vt 0.018702 0.026742
vt 0.014961 0.026742
vt 0.259232 0.017788
vt 0.259232 0.012797
vt 0.711490 0.163928
vt 0.708999 0.163928
vt 0.709000 0.099045
vt 0.711491 0.099045
vt 0.089231 0.058996
vt 0.087471 0.058918
vt 0.087507 0.047813
vt 0.089267 0.047892
vt 0.136877 0.173662
vt 0.136634 0.167300
vt 0.162672 0.879040
vt 0.162671 0.867775
vt 0.227553 0.867775
vt 0.227554 0.879040
vt 0.039520 0.525922
vt 0.734273 0.709206
vt 0.734273 0.715444
vt 0.719303 0.715439
vt 0.719303 0.709202
vt 0.924984 0.029271
vt 0.924969 0.050468
vt 0.922478 0.050420
vt 0.922493 0.029223
vt 0.162678 0.713187
vt 0.162678 0.710692
vt 0.227560 0.710692
vt 0.227554 0.885275
vt 0.162671 0.885275
vt 0.853238 0.227561
vt 0.850824 0.227562
vt 0.850824 0.163927
vt 0.853239 0.163927
vt 0.860553 0.016122
vt 0.863023 0.017458
vt 0.861843 0.155933
vt 0.860553 0.157137
vt 0.111693 0.238343
vt 0.109945 0.238110
vt 0.115500 0.397563
vt 0.116334 0.403838
vt 0.114665 0.403273
vt 0.113831 0.396998
vt 0.492478 0.744108
vt 0.495130 0.743756
vt 0.493936 0.750403
vt 0.492173 0.750325
vt 0.658134 0.708813
vt 0.655686 0.709298
vt 0.653493 0.704648
vt 0.654484 0.703223
vt 0.081574 0.232448
vt 0.082052 0.227063
vt 0.083652 0.226320
vt 0.083600 0.232669
vt 0.523371 0.594860
vt 0.525866 0.607618
vt 0.515884 0.607618
vt 0.513389 0.594860
vt 0.906432 0.855223
vt 0.905185 0.855223
vt 0.903937 0.851480
vt 0.903937 0.847737
vt 0.172499 0.017536
vt 0.171260 0.017676
vt 0.173083 0.011196
vt 0.140631 0.230232
vt 0.143290 0.230700
vt 0.143260 0.236925
vt 0.141496 0.236925
vt 0.056748 0.472431
vt 0.055526 0.465812
vt 0.056748 0.466060
vt 0.276649 0.459662
vt 0.274053 0.456102
vt 0.276649 0.455816
vt 0.012768 0.606164
vt 0.012768 0.612883
vt 0.010467 0.611968
vt 0.011610 0.605701
vt 0.180526 0.141013
vt 0.178988 0.141871
vt 0.179536 0.135708
vt 0.181074 0.134850
vt 0.017235 0.494807
vt 0.016841 0.492049
vt 0.018443 0.491191
vt 0.018443 0.495130
vt 0.654890 0.649071
vt 0.655922 0.644722
vt 0.656515 0.648384
vt 0.070590 0.206020
vt 0.072354 0.204958
vt 0.072354 0.211374
vt 0.070590 0.212436
vt 0.559947 0.887907
vt 0.559946 0.885416
vt 0.562442 0.882849
vt 0.562442 0.885416
vt 0.211388 0.343161
vt 0.209631 0.343328
vt 0.208436 0.339958
vt 0.210106 0.338824
vt 0.891462 0.790345
vt 0.891462 0.799078
vt 0.881459 0.799095
vt 0.882729 0.790342
vt 0.526829 0.755234
vt 0.525508 0.755234
vt 0.526753 0.751491
vt 0.528075 0.751491
vt 0.350327 0.889152
vt 0.346583 0.887907
vt 0.346583 0.885416
vt 0.350326 0.882925
vt 0.754234 0.799037
vt 0.754234 0.809018
vt 0.741758 0.810262
vt 0.741758 0.802776
vt 0.475576 0.482990
vt 0.475477 0.481232
vt 0.477471 0.481221
vt 0.478148 0.483780
vt 0.533329 0.469883
vt 0.535918 0.474601
vt 0.532317 0.474903
vt 0.530013 0.472897
vt 0.313651 0.799231
vt 0.317392 0.840383
vt 0.313649 0.841630
vt 0.532804 0.582433
vt 0.534854 0.581014
vt 0.534184 0.584508
vt 0.563228 0.582820
vt 0.561699 0.587346
vt 0.560681 0.583742
vt 0.531778 0.583143
vt 0.531778 0.578601
vt 0.533159 0.585218
vt 0.532134 0.585927
vt 0.312116 0.320629
vt 0.311010 0.318396
vt 0.312116 0.317822
vt 0.894968 0.300767
vt 0.896625 0.299534
vt 0.055330 0.492293
vt 0.055130 0.490214
vt 0.615235 0.683217
vt 0.616668 0.686439
vt 0.614914 0.686252
vt 0.269977 0.474328
vt 0.272982 0.478262
vt 0.269993 0.480475
vt 0.267736 0.477540
vt 0.227555 0.857841
vt 0.062893 0.169030
vt 0.066679 0.169034
vt 0.066679 0.179015
vt 0.062893 0.179012
vt 0.547468 0.818164
vt 0.547468 0.814427
vt 0.556202 0.815673
vt 0.556202 0.818164
vt 0.199103 0.488646
vt 0.200038 0.489097
vt 0.200038 0.490142
vt 0.198277 0.490202
vt 0.097102 0.306170
vt 0.098867 0.305094
vt 0.098848 0.308086
vt 0.097083 0.309161
vt 0.354248 0.583749
vt 0.356754 0.584599
vt 0.354576 0.587376
vt 0.353265 0.584105
vt 0.316772 0.507043
vt 0.317486 0.501972
vt 0.319210 0.506648
vt 0.317035 0.509511
vt 0.122009 0.195122
vt 0.122009 0.197201
vt 0.121124 0.196645
vt 0.144708 0.340490
vt 0.143062 0.339857
vt 0.144202 0.339350
vt 0.567484 0.369923
vt 0.566306 0.369514
vt 0.566715 0.368336
vt 0.877739 0.694278
vt 0.883977 0.694279
vt 0.883977 0.709250
vt 0.877739 0.709248
vt 0.564718 0.370283
vt 0.142555 0.338717
vt 0.141922 0.340364
vt 0.827087 0.009207
vt 0.655906 0.467097
vt 0.325171 0.403948
vt 0.330167 0.403930
vt 0.330167 0.408920
vt 0.325171 0.407691
vt 0.565586 0.363982
vt 0.567174 0.363213
vt 0.515620 0.730279
vt 0.514375 0.730279
vt 0.515620 0.726536
vt 0.516866 0.727784
vt 0.173078 0.158789
vt 0.172196 0.160314
vt 0.171309 0.159761
vt 0.171314 0.158790
vt 0.054384 0.384396
vt 0.056748 0.383038
vt 0.054880 0.393389
vt 0.053476 0.397239
vt 0.088805 0.190232
vt 0.087045 0.190154
vt 0.701527 0.163928
vt 0.701527 0.099045
vt 0.755481 0.902586
vt 0.755481 0.911319
vt 0.744254 0.911316
vt 0.743006 0.902583
vt 0.690165 0.227562
vt 0.687598 0.227561
vt 0.687599 0.163927
vt 0.690166 0.163927
vt 0.701373 0.297435
vt 0.701449 0.298683
vt 0.696467 0.301178
vt 0.695146 0.299930
vt 0.244368 0.393742
vt 0.245043 0.386183
vt 0.246381 0.387332
vt 0.246856 0.393552
vt 0.727450 0.316151
vt 0.727450 0.319894
vt 0.712505 0.316151
vt 0.099036 0.867775
vt 0.099037 0.879040
vt 0.655906 0.493483
vt 0.656863 0.493483
vt 0.656863 0.503464
vt 0.655906 0.503464
vt 0.165391 0.188541
vt 0.167056 0.189123
vt 0.148809 0.237370
vt 0.147144 0.236789
vt 0.330167 0.487519
vt 0.330167 0.476291
vt 0.337653 0.476291
vt 0.337653 0.488767
vt 0.261610 0.578712
vt 0.259945 0.578128
vt 0.259945 0.575482
vt 0.261610 0.576067
vt 0.736768 0.941256
vt 0.736768 0.931275
vt 0.744254 0.931277
vt 0.744254 0.941258
vt 0.695299 0.163928
vt 0.692809 0.163928
vt 0.839541 0.009207
vt 0.839541 0.012950
vt 0.827087 0.012950
vt 0.811620 0.941278
vt 0.811620 0.931297
vt 0.822848 0.931301
vt 0.822848 0.941281
vt 0.292436 0.847822
vt 0.294933 0.844124
vt 0.051624 0.857841
vt 0.041641 0.847822
vt 0.047879 0.847822
vt 0.076023 0.244164
vt 0.077783 0.244265
vt 0.249163 0.337231
vt 0.249163 0.327252
vt 0.254127 0.327264
vt 0.254127 0.337243
vt 0.126870 0.190195
vt 0.128618 0.190428
vt 0.127830 0.195632
vt 0.126081 0.195399
vt 0.318448 0.510736
vt 0.052604 0.471627
vt 0.051213 0.472759
vt 0.049290 0.466343
vt 0.050637 0.465203
vt 0.038217 0.488036
vt 0.036567 0.486840
vt 0.533435 0.396009
vt 0.533182 0.403491
vt 0.165570 0.539580
vt 0.165761 0.545815
vt 0.714997 0.261250
vt 0.727451 0.261250
vt 0.727451 0.274975
vt 0.713751 0.274975
vt 0.274969 0.844124
vt 0.278711 0.847822
vt 0.274969 0.857841
vt 0.769798 0.040401
vt 0.769798 0.051630
vt 0.727453 0.051630
vt 0.727454 0.040401
vt 0.727454 0.031666
vt 0.769798 0.031666
vt 0.805382 0.432265
vt 0.805382 0.440998
vt 0.790412 0.440994
vt 0.790412 0.432261
vt 0.769794 0.316151
vt 0.812139 0.316151
vt 0.769794 0.319894
vt 0.025229 0.387814
vt 0.028755 0.387858
vt 0.026795 0.439404
vt 0.023268 0.439359
vt 0.905185 0.620679
vt 0.915165 0.620682
vt 0.915165 0.646881
vt 0.905185 0.646878
vt 0.933964 0.343951
vt 0.939057 0.343935
vt 0.939186 0.363865
vt 0.934093 0.363882
vt 0.314292 0.507313
vt 0.550631 0.749223
vt 0.546888 0.749221
vt 0.548136 0.745479
vt 0.550608 0.745500
vt 0.237139 0.424879
vt 0.238903 0.424876
vt 0.237167 0.426924
vt 0.235428 0.425915
vt 0.309205 0.424228
vt 0.306898 0.425857
vt 0.306372 0.420921
vt 0.307439 0.419426
vt 0.147404 0.433758
vt 0.147725 0.431287
vt 0.186143 0.435549
vt 0.187062 0.438157
vt 0.293686 0.799189
vt 0.296182 0.799231
vt 0.293684 0.839093
vt 0.271389 0.578834
vt 0.269304 0.578543
vt 0.269304 0.571540
vt 0.272392 0.574492
vt 0.172883 0.509502
vt 0.172752 0.508268
vt 0.124376 0.200959
vt 0.126125 0.201191
vt 0.135745 0.280581
vt 0.136847 0.281958
vt 0.135057 0.286781
vt 0.133817 0.286644
vt 0.754234 0.865159
vt 0.755481 0.870149
vt 0.743006 0.870146
vt 0.741758 0.865155
vt 0.875558 0.156396
vt 0.875492 0.158896
vt 0.868011 0.158643
vt 0.868095 0.156149
vt 0.682541 0.163926
vt 0.682542 0.099044
vt 0.687599 0.099044
vt 0.051989 0.362679
vt 0.053232 0.362783
vt 0.150032 0.301835
vt 0.151792 0.301725
vt 0.143646 0.426580
vt 0.141934 0.427734
vt 0.387890 0.410007
vt 0.532971 0.409725
vt 0.473460 0.629247
vt 0.474707 0.635550
vt 0.465973 0.635550
vt 0.465973 0.629247
vt 0.243598 0.367503
vt 0.246086 0.367313
vt 0.246560 0.373533
vt 0.244094 0.373744
vt 0.690091 0.012950
vt 0.682543 0.012950
vt 0.010847 0.525951
vt 0.270581 0.370618
vt 0.278067 0.370617
vt 0.278067 0.409275
vt 0.270581 0.409275
vt 0.854036 0.770373
vt 0.854036 0.774115
vt 0.844056 0.774112
vt 0.844056 0.770370
vt 0.543366 0.578817
vt 0.543226 0.581527
vt 0.541198 0.581833
vt 0.541978 0.579906
vt 0.103386 0.313135
vt 0.102368 0.311332
vt 0.106403 0.309600
vt 0.106403 0.314954
vt 0.294019 0.325390
vt 0.296510 0.329177
vt 0.294019 0.330378
vt 0.296510 0.369078
vt 0.296510 0.407731
vt 0.294019 0.406438
vt 0.294019 0.369032
vt 0.325171 0.435138
vt 0.330167 0.433872
vt 0.330167 0.442606
vt 0.325171 0.442624
vt 0.727454 0.012950
vt 0.165420 0.243259
vt 0.167183 0.243247
vt 0.167856 0.260584
vt 0.166093 0.260596
vt 0.285161 0.409299
vt 0.282694 0.410676
vt 0.282694 0.372204
vt 0.285161 0.372069
vt 0.579690 0.472256
vt 0.578443 0.472259
vt 0.578443 0.468536
vt 0.579690 0.468533
vt 0.270581 0.414263
vt 0.264342 0.414263
vt 0.264342 0.409275
vt 0.849732 0.066604
vt 0.847241 0.067852
vt 0.845996 0.060365
vt 0.847242 0.057870
vt 0.319001 0.468081
vt 0.316543 0.459148
vt 0.320017 0.460142
vt 0.322047 0.468174
vt 0.458426 0.381593
vt 0.458703 0.389074
vt 0.264342 0.333207
vt 0.270581 0.333207
vt 0.264342 0.370618
vt 0.538038 0.798905
vt 0.535547 0.798905
vt 0.535547 0.797657
vt 0.538038 0.797657
vt 0.666794 0.468522
vt 0.666794 0.480999
vt 0.362411 0.627925
vt 0.361164 0.607618
vt 0.363660 0.607618
vt 0.124895 0.506991
vt 0.124895 0.509485
vt 0.123654 0.509483
vt 0.123654 0.506988
vt 0.676725 0.528240
vt 0.674234 0.528241
vt 0.674234 0.503286
vt 0.676725 0.503286
vt 0.525584 0.729032
vt 0.524338 0.729032
vt 0.524338 0.727784
vt 0.525584 0.727784
vt 0.432284 0.645513
vt 0.432284 0.640532
vt 0.441018 0.640532
vt 0.441018 0.645513
vt 0.200064 0.328809
vt 0.200323 0.326258
vt 0.204175 0.327486
vt 0.203916 0.330037
vt 0.013495 0.499386
vt 0.011017 0.499113
vt 0.011290 0.496632
vt 0.064212 0.482362
vt 0.063534 0.338008
vt 0.064768 0.337873
vt 0.066401 0.479612
vt 0.150623 0.296077
vt 0.153216 0.295434
vt 0.049129 0.799189
vt 0.052874 0.799231
vt 0.051624 0.844124
vt 0.049128 0.839093
vt 0.302421 0.799231
vt 0.011708 0.354813
vt 0.012948 0.354949
vt 0.128839 0.131530
vt 0.127797 0.131612
vt 0.011017 0.349715
vt 0.432284 0.635550
vt 0.441018 0.635550
vt 0.691880 0.891319
vt 0.694352 0.902568
vt 0.691880 0.902547
vt 0.319560 0.492240
vt 0.319672 0.490221
vt 0.321435 0.490273
vt 0.321323 0.492293
vt 0.274155 0.213665
vt 0.276649 0.213665
vt 0.276649 0.229886
vt 0.274155 0.229886
vt 0.278067 0.414263
vt 0.441018 0.650970
vt 0.449752 0.650970
vt 0.449752 0.653463
vt 0.441018 0.653463
vt 0.413844 0.594220
vt 0.415528 0.593693
vt 0.415682 0.600115
vt 0.413690 0.599649
vt 0.126013 0.052517
vt 0.127220 0.052228
vt 0.163425 0.011532
vt 0.164570 0.011090
vt 0.164363 0.017806
vt 0.162791 0.017076
vt 0.140277 0.132255
vt 0.137819 0.131909
vt 0.138937 0.125711
vt 0.140166 0.125884
vt 0.043809 0.337936
vt 0.045399 0.337175
vt 0.045399 0.341120
vt 0.043821 0.341909
vt 0.129522 0.178390
vt 0.131270 0.178623
vt 0.198500 0.554632
vt 0.200038 0.560945
vt 0.198500 0.561809
vt 0.317391 0.866570
vt 0.317392 0.855347
vt 0.319887 0.866570
vt 0.166683 0.510177
vt 0.162831 0.509348
vt 0.163940 0.507979
vt 0.167792 0.508808
vt 0.935125 0.961276
vt 0.935125 0.970009
vt 0.918907 0.970004
vt 0.918907 0.961271
vt 0.914398 0.349679
vt 0.914447 0.346645
vt 0.916210 0.346629
vt 0.916161 0.349663
vt 0.970056 0.902650
vt 0.970056 0.911383
vt 0.951343 0.911378
vt 0.952591 0.902645
vt 0.666581 0.904723
vt 0.666623 0.905970
vt 0.664143 0.906049
vt 0.664057 0.903556
vt 0.569928 0.838014
vt 0.577415 0.837938
vt 0.259232 0.027768
vt 0.259232 0.020283
vt 0.012948 0.741868
vt 0.021681 0.741826
vt 0.021682 0.755585
vt 0.012948 0.755585
vt 0.520874 0.640532
vt 0.520873 0.635550
vt 0.532103 0.635550
vt 0.532103 0.640532
vt 0.010548 0.657205
vt 0.065349 0.842877
vt 0.065349 0.857841
vt 0.309877 0.419031
vt 0.108986 0.429496
vt 0.104167 0.427706
vt 0.105589 0.426613
vt 0.110546 0.427163
vt 0.141871 0.478105
vt 0.140996 0.475536
vt 0.141871 0.474006
vt 0.157962 0.424473
vt 0.159785 0.425406
vt 0.161733 0.428451
vt 0.157315 0.428168
vt 0.292440 0.751802
vt 0.636044 0.370094
vt 0.636044 0.365106
vt 0.643529 0.366310
vt 0.643531 0.370093
vt 0.861823 0.168679
vt 0.861643 0.163692
vt 0.867942 0.164733
vt 0.868057 0.168451
vt 0.294019 0.411426
vt 0.420834 0.389404
vt 0.419816 0.391168
vt 0.416791 0.392983
vt 0.416791 0.387742
vt 0.101842 0.313989
vt 0.825839 0.261250
vt 0.827084 0.274975
vt 0.812139 0.274975
vt 0.812139 0.261250
vt 0.274973 0.741868
vt 0.278714 0.751802
vt 0.274972 0.755585
vt 0.018702 0.342418
vt 0.013714 0.342418
vt 0.013714 0.338675
vt 0.018702 0.338674
vt 0.261244 0.857841
vt 0.227555 0.842877
vt 0.261244 0.842877
vt 0.891462 0.822782
vt 0.891462 0.839000
vt 0.883954 0.839018
vt 0.883954 0.822800
vt 0.539283 0.763968
vt 0.538038 0.763968
vt 0.538038 0.757729
vt 0.049219 0.393732
vt 0.047977 0.393629
vt 0.235314 0.385920
vt 0.238840 0.385915
vt 0.238380 0.405126
vt 0.234853 0.405132
vt 0.311152 0.879040
vt 0.325171 0.426405
vt 0.330167 0.426387
vt 0.330167 0.430130
vt 0.325171 0.430148
vt 0.812142 0.031666
vt 0.827087 0.031666
vt 0.812142 0.040401
vt 0.096484 0.401899
vt 0.098243 0.401820
vt 0.098178 0.411792
vt 0.096419 0.411870
vt 0.307057 0.046679
vt 0.310800 0.046680
vt 0.342711 0.235211
vt 0.342435 0.235211
vt 0.342435 0.210259
vt 0.342712 0.210259
vt 0.330167 0.511224
vt 0.330167 0.501243
vt 0.337653 0.501243
vt 0.337653 0.511224
vt 0.876583 0.163124
vt 0.876763 0.168110
vt 0.874291 0.168224
vt 0.875357 0.163191
vt 0.714998 0.163927
vt 0.712583 0.163927
vt 0.666406 0.665323
vt 0.668900 0.659084
vt 0.671394 0.659084
vt 0.668900 0.666570
vt 0.563690 0.881604
vt 0.563690 0.880358
vt 0.569929 0.879113
vt 0.569929 0.881604
vt 0.093635 0.320532
vt 0.093635 0.326303
vt 0.091902 0.325986
vt 0.091902 0.320215
vt 0.311157 0.741868
vt 0.311157 0.755585
vt 0.812142 0.051630
vt 0.132086 0.155000
vt 0.133834 0.155233
vt 0.167958 0.293206
vt 0.169720 0.293313
vt 0.170245 0.299041
vt 0.168484 0.298934
vt 0.130205 0.286564
vt 0.128540 0.285982
vt 0.048242 0.419939
vt 0.045757 0.419733
vt 0.046275 0.413516
vt 0.047517 0.413619
vt 0.682387 0.719561
vt 0.681479 0.713910
vt 0.683169 0.713413
vt 0.684077 0.719064
vt 0.144237 0.029011
vt 0.142477 0.028890
vt 0.142032 0.023089
vt 0.144653 0.023738
vt 0.144264 0.040083
vt 0.142504 0.039962
vt 0.142060 0.034162
vt 0.144681 0.034811
vt 0.170200 0.555031
vt 0.176435 0.555247
vt 0.176392 0.556494
vt 0.170152 0.556296
vt 0.643725 0.636267
vt 0.638714 0.636243
vt 0.638716 0.632500
vt 0.643726 0.632524
vt 0.825841 0.099044
vt 0.812141 0.099044
vt 0.812142 0.065355
vt 0.825841 0.065355
vt 0.021270 0.491915
vt 0.024797 0.491959
vt 0.088261 0.432332
vt 0.087014 0.433580
vt 0.087014 0.373688
vt 0.088261 0.373688
vt 0.227557 0.799231
vt 0.261246 0.799231
vt 0.152057 0.132573
vt 0.152750 0.127330
vt 0.154639 0.126494
vt 0.154639 0.133359
vt 0.173860 0.303398
vt 0.175920 0.303534
vt 0.173988 0.307860
vt 0.173130 0.306013
vt 0.244273 0.359945
vt 0.245495 0.359828
vt 0.128733 0.183594
vt 0.130481 0.183827
vt 0.686384 0.737729
vt 0.685145 0.731095
vt 0.686835 0.730598
vt 0.688075 0.737233
vt 0.106762 0.193881
vt 0.105004 0.193977
vt 0.104839 0.143120
vt 0.106597 0.143024
vt 0.597753 0.427008
vt 0.597792 0.428255
vt 0.591556 0.428451
vt 0.591513 0.427222
vt 0.281438 0.035303
vt 0.280197 0.035300
vt 0.827084 0.286205
vt 0.812139 0.286205
vt 0.227558 0.755585
vt 0.162676 0.755585
vt 0.162677 0.740621
vt 0.227559 0.740621
vt 0.071282 0.311661
vt 0.073773 0.311679
vt 0.073773 0.375307
vt 0.071282 0.375289
vt 0.144292 0.016883
vt 0.142449 0.017817
vt 0.148778 0.132073
vt 0.150245 0.138135
vt 0.147831 0.138713
vt 0.147571 0.132362
vt 0.117753 0.478960
vt 0.117735 0.485194
vt 0.115258 0.485199
vt 0.115258 0.478960
vt 0.683295 0.725211
vt 0.684985 0.724714
vt 0.342840 0.855450
vt 0.336601 0.855450
vt 0.336601 0.838014
vt 0.342840 0.836769
vt 0.132986 0.130432
vt 0.134734 0.130665
vt 0.134777 0.136458
vt 0.133029 0.136225
vt 0.138397 0.086982
vt 0.137190 0.087271
vt 0.569928 0.831787
vt 0.563689 0.836769
vt 0.563689 0.831787
vt 0.165048 0.506610
vt 0.167660 0.507574
vt 0.134457 0.060725
vt 0.134457 0.053924
vt 0.136196 0.054204
vt 0.136196 0.061005
vt 0.255368 0.177576
vt 0.255368 0.185061
vt 0.252886 0.185055
vt 0.252886 0.177570
vt 0.565276 0.357272
vt 0.564568 0.351768
vt 0.566156 0.350999
vt 0.566455 0.357681
vt 0.516866 0.795162
vt 0.515620 0.796409
vt 0.515620 0.775198
vt 0.516866 0.775198
vt 0.147430 0.125953
vt 0.146104 0.126300
vt 0.300438 0.374540
vt 0.300438 0.368817
vt 0.302185 0.368594
vt 0.302185 0.374317
vt 0.132875 0.149797
vt 0.132831 0.144004
vt 0.134738 0.143196
vt 0.134623 0.150030
vt 0.552067 0.629247
vt 0.553315 0.635550
vt 0.542085 0.635550
vt 0.540837 0.629247
vt 0.711749 0.898891
vt 0.710502 0.892653
vt 0.714244 0.892654
vt 0.714244 0.898892
vt 0.824095 0.790325
vt 0.827815 0.799079
vt 0.816610 0.799056
vt 0.815363 0.790322
vt 0.262975 0.102624
vt 0.259232 0.102623
vt 0.259232 0.068938
vt 0.262975 0.068939
vt 0.043183 0.795298
vt 0.040206 0.795988
vt 0.041301 0.789268
vt 0.043980 0.789579
vt 0.169348 0.047999
vt 0.170587 0.047859
vt 0.157197 0.297211
vt 0.157718 0.291404
vt 0.159478 0.291281
vt 0.158957 0.297088
vt 0.920016 0.009225
vt 0.920016 0.003036
vt 0.047782 0.439929
vt 0.046540 0.439826
vt 0.045815 0.433506
vt 0.047058 0.433609
vt 0.652129 0.934930
vt 0.648817 0.931592
vt 0.650714 0.930741
vt 0.654026 0.934079
vt 0.085767 0.312549
vt 0.083273 0.311301
vt 0.598418 0.592504
vt 0.597581 0.595097
vt 0.595818 0.595139
vt 0.595802 0.593047
vt 0.157622 0.178309
vt 0.160190 0.179113
vt 0.158347 0.184687
vt 0.156776 0.183883
vt 0.343472 0.792395
vt 0.346165 0.791668
vt 0.048035 0.407402
vt 0.046792 0.407299
vt 0.047459 0.399846
vt 0.048702 0.399949
vt 0.413569 0.607618
vt 0.411074 0.603882
vt 0.417313 0.603882
vt 0.419808 0.606373
vt 0.054526 0.478043
vt 0.053180 0.479183
vt 0.082104 0.220715
vt 0.083704 0.219972
vt 0.121006 0.060766
vt 0.122755 0.060999
vt 0.122873 0.066696
vt 0.120966 0.067504
vt 0.606107 0.698006
vt 0.605414 0.691723
vt 0.606916 0.690796
vt 0.608627 0.697016
vt 0.640639 0.915284
vt 0.642378 0.915579
vt 0.643162 0.921856
vt 0.641423 0.921560
vt 0.492367 0.942438
vt 0.492599 0.943132
vt 0.488958 0.943442
vt 0.488788 0.942406
vt 0.490068 0.942478
vt 0.674151 0.908225
vt 0.670088 0.934564
vt 0.667607 0.934644
vt 0.149196 0.198760
vt 0.148903 0.197548
vt 0.128422 0.092073
vt 0.130329 0.091265
vt 0.678154 0.675925
vt 0.679072 0.669797
vt 0.680762 0.669300
vt 0.680175 0.676412
vt 0.163702 0.023335
vt 0.162556 0.023777
vt 0.891462 0.780364
vt 0.903937 0.780368
vt 0.900195 0.785357
vt 0.895204 0.786603
vt 0.162391 0.048996
vt 0.162626 0.042295
vt 0.164198 0.043025
vt 0.163537 0.048554
vt 0.146630 0.204535
vt 0.049232 0.452570
vt 0.046747 0.452364
vt 0.046022 0.446043
vt 0.048507 0.446250
vt 0.141650 0.333652
vt 0.118990 0.907604
vt 0.123428 0.929704
vt 0.118997 0.931150
vt 0.116337 0.908086
vt 0.582013 0.629095
vt 0.578270 0.629171
vt 0.573280 0.607466
vt 0.238976 0.020419
vt 0.238976 0.026656
vt 0.217103 0.028023
vt 0.217103 0.024280
vt 0.217103 0.327403
vt 0.217103 0.331145
vt 0.238976 0.334769
vt 0.238976 0.338511
vt 0.390254 0.855602
vt 0.390253 0.826958
vt 0.452640 0.826958
vt 0.452640 0.855602
vt 0.565794 0.594860
vt 0.570785 0.607542
vt 0.567041 0.607618
vt 0.654025 0.796198
vt 0.654025 0.800144
vt 0.648145 0.802114
vt 0.648145 0.798169
vt 0.028769 0.339930
vt 0.023690 0.342417
vt 0.011796 0.635550
vt 0.005558 0.635550
vt 0.008053 0.629171
vt 0.013044 0.629247
vt 0.050241 0.328723
vt 0.562051 0.591047
vt 0.563299 0.594860
vt 0.554565 0.594860
vt 0.553317 0.591047
vt 0.238976 0.213769
vt 0.238976 0.201295
vt 0.244199 0.202498
vt 0.244199 0.214972
vt 0.996277 0.427311
vt 0.998772 0.428560
vt 0.995007 0.429826
vt 0.995007 0.427331
vt 0.297541 0.552273
vt 0.300037 0.552273
vt 0.298784 0.556034
vt 0.297536 0.556034
vt 0.108451 0.358934
vt 0.108451 0.353845
vt 0.111022 0.354905
vt 0.109689 0.358842
vt 0.198823 0.327559
vt 0.915165 0.688051
vt 0.921403 0.688053
vt 0.921403 0.694291
vt 0.915165 0.694289
vt 0.168931 0.275474
vt 0.170628 0.271901
vt 0.180543 0.273001
vt 0.181324 0.276849
vt 0.558307 0.607618
vt 0.736768 0.921295
vt 0.721798 0.931271
vt 0.721798 0.921290
vt 0.691880 0.870110
vt 0.691880 0.866368
vt 0.694352 0.866389
vt 0.694352 0.871379
vt 0.691880 0.797751
vt 0.694352 0.797772
vt 0.694352 0.802762
vt 0.691880 0.802741
vt 0.318119 0.343208
vt 0.315623 0.343208
vt 0.315623 0.279580
vt 0.318119 0.279580
vt 0.841561 0.855204
vt 0.840290 0.851481
vt 0.842785 0.851482
vt 0.844056 0.855205
vt 0.172737 0.333397
vt 0.172737 0.328198
vt 0.174501 0.328194
vt 0.174501 0.333392
vt 0.727451 0.227561
vt 0.714997 0.227561
vt 0.727452 0.163927
vt 0.533353 0.594860
vt 0.537095 0.607618
vt 0.096677 0.371983
vt 0.098436 0.371905
vt 0.098397 0.377888
vt 0.096638 0.377967
vt 0.289930 0.512369
vt 0.289930 0.533578
vt 0.287435 0.533577
vt 0.287435 0.512368
vt 0.125354 0.705099
vt 0.125353 0.701316
vt 0.136583 0.701316
vt 0.137832 0.705099
vt 0.204175 0.267610
vt 0.204175 0.255136
vt 0.217103 0.257548
vt 0.217103 0.271269
vt 0.767957 0.846449
vt 0.767957 0.855182
vt 0.754234 0.855178
vt 0.754234 0.846445
vt 0.077425 0.189069
vt 0.079185 0.189170
vt 0.097545 0.483499
vt 0.099310 0.483494
vt 0.099310 0.485573
vt 0.097545 0.485578
vt 0.404504 0.735714
vt 0.405751 0.735714
vt 0.405751 0.738210
vt 0.404504 0.738210
vt 0.544583 0.594860
vt 0.547077 0.607618
vt 0.915165 0.774134
vt 0.915165 0.775381
vt 0.903937 0.775378
vt 0.903937 0.774130
vt 0.836571 0.921324
vt 0.836571 0.911344
vt 0.844056 0.911346
vt 0.845303 0.921327
vt 0.992512 0.765423
vt 0.992512 0.769166
vt 0.985026 0.769164
vt 0.985026 0.765421
vt 0.159808 0.480965
vt 0.161048 0.480830
vt 0.162888 0.498107
vt 0.161648 0.498242
vt 0.530856 0.629247
vt 0.519626 0.629247
vt 0.020530 0.635550
vt 0.023026 0.629247
vt 0.079174 0.629247
vt 0.084166 0.607618
vt 0.109121 0.607618
vt 0.127472 0.085787
vt 0.129378 0.084979
vt 0.059199 0.339516
vt 0.057451 0.344370
vt 0.056209 0.344267
vt 0.056817 0.338066
vt 0.940267 0.033731
vt 0.942012 0.033474
vt 0.942001 0.039680
vt 0.940256 0.039937
vt 0.494504 0.757127
vt 0.495130 0.762795
vt 0.492437 0.763266
vt 0.492741 0.757049
vt 0.939244 0.045399
vt 0.069729 0.490638
vt 0.069467 0.485491
vt 0.070936 0.484512
vt 0.070936 0.490874
vt 0.130265 0.239356
vt 0.127699 0.245131
vt 0.126199 0.244208
vt 0.128765 0.238433
vt 0.833387 0.311160
vt 0.830896 0.306169
vt 0.833463 0.304922
vt 0.834708 0.309913
vt 0.605486 0.659551
vt 0.605161 0.665799
vt 0.603660 0.666726
vt 0.137551 0.220878
vt 0.140117 0.215103
vt 0.141498 0.216084
vt 0.139051 0.221801
vt 0.543366 0.585927
vt 0.538422 0.584011
vt 0.378562 0.413243
vt 0.380214 0.419364
vt 0.378238 0.419451
vt 0.376668 0.415092
vt 0.602642 0.666789
vt 0.602431 0.659643
vt 0.603932 0.658716
vt 0.940244 0.027494
vt 0.942024 0.027268
vt 0.604793 0.653367
vt 0.680639 0.637490
vt 0.682660 0.637977
vt 0.682685 0.644339
vt 0.680664 0.643852
vt 0.050895 0.425310
vt 0.053566 0.423657
vt 0.055330 0.433042
vt 0.053566 0.434116
vt 0.742645 0.410891
vt 0.743157 0.407209
vt 0.747113 0.409256
vt 0.747267 0.413711
vt 0.642356 0.909967
vt 0.644095 0.910263
vt 0.161745 0.452042
vt 0.166574 0.450268
vt 0.304959 0.419697
vt 0.166705 0.451502
vt 0.680738 0.662938
vt 0.679048 0.663435
vt 0.602756 0.653395
vt 0.182736 0.635550
vt 0.172754 0.635550
vt 0.176498 0.629247
vt 0.182737 0.629247
vt 0.684191 0.621093
vt 0.682170 0.620606
vt 0.302532 0.538550
vt 0.301280 0.536073
vt 0.303775 0.536073
vt 0.303775 0.538568
vt 0.120590 0.293882
vt 0.120590 0.299348
vt 0.118259 0.298043
vt 0.118259 0.295310
vt 0.602870 0.640100
vt 0.136485 0.227576
vt 0.133919 0.233350
vt 0.131212 0.232716
vt 0.134985 0.226652
vt 0.301273 0.606373
vt 0.300025 0.601315
vt 0.300025 0.592521
vt 0.302521 0.593690
vt 0.530565 0.755234
vt 0.530565 0.751491
vt 0.144064 0.210310
vt 0.142564 0.209386
vt 0.003103 0.937726
vt 0.005618 0.937748
vt 0.008113 0.942738
vt 0.005598 0.943963
vt 0.131472 0.239067
vt 0.124779 0.065888
vt 0.125729 0.072174
vt 0.123823 0.072982
vt 0.149877 0.117799
vt 0.151524 0.118428
vt 0.151802 0.120170
vt 0.150155 0.119541
vt 0.604538 0.627640
vt 0.605557 0.627576
vt 0.604749 0.634687
vt 0.678179 0.682287
vt 0.680200 0.682774
vt 0.680972 0.688405
vt 0.679282 0.688902
vt 0.286198 0.857841
vt 0.286197 0.867775
vt 0.937865 0.097891
vt 0.603195 0.633852
vt 0.168693 0.041799
vt 0.171171 0.041519
vt 0.049912 0.458883
vt 0.048566 0.460023
vt 0.841561 0.790330
vt 0.844056 0.790331
vt 0.844033 0.794094
vt 0.840313 0.794073
vt 0.700590 0.931264
vt 0.709323 0.931267
vt 0.709323 0.941248
vt 0.700590 0.941245
vt 0.155315 0.103268
vt 0.156885 0.104072
vt 0.158153 0.109347
vt 0.155101 0.109496
vt 0.658137 0.624249
vt 0.658282 0.627960
vt 0.652919 0.628489
vt 0.652774 0.624777
vt 0.683885 0.626471
vt 0.683578 0.631849
vt 0.681888 0.632346
vt 0.670037 0.756033
vt 0.666113 0.755497
vt 0.664691 0.735481
vt 0.667624 0.737442
vt 0.917864 0.415682
vt 0.916159 0.409702
vt 0.917906 0.409473
vt 0.604863 0.621392
vt 0.603362 0.622319
vt 0.095054 0.160254
vt 0.093289 0.160258
vt 0.093289 0.150901
vt 0.095054 0.150896
vt 0.024783 0.570210
vt 0.025037 0.562747
vt 0.028789 0.562841
vt 0.028529 0.570322
vt 0.940485 0.121174
vt 0.941511 0.120941
vt 0.941750 0.126312
vt 0.939031 0.126056
vt 0.447799 0.587346
vt 0.447799 0.586098
vt 0.449046 0.586098
vt 0.449046 0.587346
vt 0.116924 0.044345
vt 0.118672 0.044578
vt 0.118032 0.049591
vt 0.721798 0.941251
vt 0.885275 0.368169
vt 0.875293 0.368169
vt 0.875293 0.344475
vt 0.885275 0.346969
vt 0.472214 0.591047
vt 0.472214 0.594860
vt 0.463480 0.594860
vt 0.462232 0.591047
vt 0.723046 0.911310
vt 0.710570 0.921287
vt 0.711818 0.911307
vt 0.337653 0.013430
vt 0.330167 0.014677
vt 0.328919 0.009687
vt 0.337653 0.007192
vt 0.001855 0.928994
vt 0.001855 0.919014
vt 0.005618 0.920283
vt 0.005618 0.929016
vt 0.814115 0.780341
vt 0.821600 0.780344
vt 0.204175 0.167816
vt 0.204175 0.145363
vt 0.217103 0.144033
vt 0.217103 0.166486
vt 0.150608 0.941069
vt 0.150601 0.942024
vt 0.141868 0.942024
vt 0.141397 0.941069
vt 0.689379 0.391862
vt 0.679397 0.389368
vt 0.679398 0.368169
vt 0.689380 0.368169
vt 0.691880 0.941222
vt 0.694352 0.941243
vt 0.694352 0.951224
vt 0.691880 0.951203
vt 0.552068 0.667265
vt 0.563298 0.667265
vt 0.567048 0.688719
vt 0.558314 0.688719
vt 0.464727 0.607618
vt 0.459736 0.607618
vt 0.458489 0.594860
vt 0.182886 0.161531
vt 0.193075 0.160151
vt 0.181782 0.273138
vt 0.682539 0.286205
vt 0.690088 0.286205
vt 0.690088 0.294939
vt 0.682539 0.294939
vt 0.515172 0.465659
vt 0.515998 0.469088
vt 0.512784 0.470812
vt 0.509054 0.468142
vt 0.710524 0.885147
vt 0.709277 0.892632
vt 0.718010 0.885150
vt 0.721798 0.882615
vt 0.724293 0.892597
vt 0.719257 0.892635
vt 0.212695 0.701316
vt 0.188988 0.701316
vt 0.190230 0.688676
vt 0.212690 0.688676
vt 0.499663 0.667265
vt 0.509645 0.667265
vt 0.509644 0.629247
vt 0.505902 0.607618
vt 0.455992 0.607618
vt 0.457239 0.629247
vt 0.449753 0.629247
vt 0.448506 0.607618
vt 0.014246 0.539425
vt 0.020503 0.539216
vt 0.077926 0.635550
vt 0.066679 0.315018
vt 0.064140 0.316262
vt 0.856899 0.227561
vt 0.856898 0.262498
vt 0.853238 0.261250
vt 0.472213 0.607618
vt 0.483444 0.594860
vt 0.484690 0.607618
vt 0.178577 0.940585
vt 0.171092 0.940605
vt 0.171096 0.939650
vt 0.179060 0.939629
vt 0.704333 0.871382
vt 0.264428 0.417336
vt 0.268312 0.419968
vt 0.267920 0.423693
vt 0.264428 0.424194
vt 0.132037 0.098236
vt 0.335653 0.821942
vt 0.335671 0.825689
vt 0.328186 0.825689
vt 0.329415 0.821942
vt 0.099040 0.799231
vt 0.162674 0.799231
vt 0.317397 0.710692
vt 0.319893 0.711939
vt 0.319892 0.714433
vt 0.317397 0.713187
vt 0.096722 0.365003
vt 0.098481 0.364925
vt 0.836571 0.774110
vt 0.836571 0.775358
vt 0.821600 0.775353
vt 0.821600 0.774106
vt 0.996254 0.839032
vt 0.996254 0.846517
vt 0.991264 0.846515
vt 0.991264 0.839030
vt 0.701528 0.067852
vt 0.714313 0.866395
vt 0.719303 0.862653
vt 0.180249 0.688676
vt 0.179006 0.701316
vt 0.700590 0.951226
vt 0.700590 0.961206
vt 0.694352 0.961204
vt 0.259232 0.319701
vt 0.259232 0.315958
vt 0.262975 0.315959
vt 0.262975 0.319702
vt 0.812139 0.313655
vt 0.769794 0.313655
vt 0.113390 0.331027
vt 0.111725 0.330445
vt 0.359917 0.667265
vt 0.362412 0.667265
vt 0.363667 0.688719
vt 0.361172 0.688719
vt 0.441018 0.629247
vt 0.439772 0.607618
vt 0.432284 0.629247
vt 0.431038 0.607618
vt 0.212684 0.607618
vt 0.213930 0.629247
vt 0.191471 0.629247
vt 0.190224 0.607618
vt 0.790412 0.941272
vt 0.790412 0.951252
vt 0.774194 0.951247
vt 0.774194 0.941267
vt 0.663053 0.411126
vt 0.663053 0.401144
vt 0.666794 0.401144
vt 0.666794 0.411126
vt 0.369897 0.640532
vt 0.369897 0.635550
vt 0.379879 0.635550
vt 0.379879 0.640532
vt 0.533364 0.705099
vt 0.523383 0.705099
vt 0.523381 0.701316
vt 0.533363 0.701316
vt 0.157196 0.480001
vt 0.159299 0.499746
vt 0.229831 0.426874
vt 0.229831 0.431288
vt 0.228787 0.431156
vt 0.228219 0.427589
vt 0.559946 0.823145
vt 0.825838 0.304921
vt 0.827084 0.313655
vt 0.812139 0.304921
vt 0.490874 0.366566
vt 0.490874 0.370283
vt 0.489157 0.369880
vt 0.488205 0.366434
vt 0.235761 0.445781
vt 0.237289 0.446662
vt 0.547468 0.813182
vt 0.604064 0.611684
vt 0.357812 0.826958
vt 0.350326 0.820655
vt 0.350326 0.818164
vt 0.359060 0.818164
vt 0.460982 0.635550
vt 0.460982 0.629247
vt 0.099041 0.755585
vt 0.234706 0.440452
vt 0.236234 0.441332
vt 0.562441 0.828127
vt 0.559946 0.824391
vt 0.727453 0.099044
vt 0.727453 0.065355
vt 0.315628 0.436760
vt 0.314380 0.436760
vt 0.314380 0.405570
vt 0.315623 0.405588
vt 0.516275 0.816918
vt 0.516275 0.814427
vt 0.874046 0.333252
vt 0.874046 0.336993
vt 0.842853 0.335746
vt 0.842853 0.333252
vt 0.556203 0.820655
vt 0.559946 0.826882
vt 0.754234 0.790304
vt 0.741758 0.797786
vt 0.741758 0.789053
vt 0.231250 0.403453
vt 0.231250 0.411426
vt 0.227570 0.410726
vt 0.228095 0.403584
vt 0.303315 0.047926
vt 0.812142 0.024180
vt 0.829039 0.409899
vt 0.831530 0.407401
vt 0.832783 0.414972
vt 0.829040 0.414979
vt 0.656680 0.701473
vt 0.649600 0.697835
vt 0.650572 0.696328
vt 0.155769 0.446863
vt 0.153769 0.446894
vt 0.153372 0.439040
vt 0.157477 0.439040
vt 0.660572 0.708286
vt 0.307126 0.212547
vt 0.307126 0.243736
vt 0.303361 0.242507
vt 0.303384 0.211298
vt 0.159396 0.453546
vt 0.161918 0.453402
vt 0.160810 0.454771
vt 0.556203 0.882925
vt 0.559946 0.879189
vt 0.519357 0.727784
vt 0.520602 0.729032
vt 0.516866 0.729032
vt 0.873974 0.850244
vt 0.875244 0.855214
vt 0.854036 0.855208
vt 0.854013 0.851485
vt 0.143082 0.067390
vt 0.141325 0.067256
vt 0.141533 0.061203
vt 0.143290 0.061336
vt 0.632530 0.599300
vt 0.629003 0.599240
vt 0.629175 0.595198
vt 0.632745 0.594248
vt 0.002961 0.880287
vt 0.010448 0.877793
vt 0.006704 0.882781
vt 0.114059 0.338140
vt 0.113653 0.346148
vt 0.111645 0.346165
vt 0.250125 0.439854
vt 0.252423 0.442433
vt 0.249780 0.449857
vt 0.247456 0.448525
vt 0.158233 0.501241
vt 0.162437 0.505646
vt 0.161197 0.505781
vt 0.672221 0.760643
vt 0.670258 0.763574
vt 0.668559 0.761412
vt 0.550707 0.712310
vt 0.551201 0.714797
vt 0.232669 0.382713
vt 0.229962 0.382497
vt 0.228892 0.376392
vt 0.230907 0.375879
vt 0.667916 0.706831
vt 0.675259 0.705375
vt 0.675015 0.710552
vt 0.668895 0.711765
vt 0.655906 0.461365
vt 0.656863 0.461046
vt 0.915404 0.390078
vt 0.917389 0.391590
vt 0.916872 0.394316
vt 0.915125 0.394546
vt 0.369897 0.645513
vt 0.379879 0.645513
vt 0.389540 0.710759
vt 0.389540 0.712007
vt 0.388293 0.712007
vt 0.388293 0.710759
vt 0.805382 0.586965
vt 0.805382 0.596945
vt 0.790412 0.596941
vt 0.790412 0.586960
vt 0.665255 0.938463
vt 0.665127 0.934723
vt 0.668976 0.938344
vt 0.660601 0.210238
vt 0.660601 0.186531
vt 0.663053 0.186533
vt 0.663053 0.208992
vt 0.985026 0.839028
vt 0.985026 0.846514
vt 0.970056 0.846509
vt 0.970056 0.839024
vt 0.339952 0.645513
vt 0.339951 0.640532
vt 0.356172 0.640532
vt 0.356172 0.645513
vt 0.693124 0.330758
vt 0.690629 0.333252
vt 0.685639 0.332048
vt 0.307181 0.488757
vt 0.310698 0.487808
vt 0.308038 0.496453
vt 0.304984 0.496549
vt 0.320629 0.020009
vt 0.318128 0.020028
vt 0.318138 0.011258
vt 0.319386 0.012505
vt 0.227255 0.382281
vt 0.227193 0.375919
vt 0.709346 0.424731
vt 0.708075 0.427246
vt 0.698095 0.427243
vt 0.700613 0.424729
vt 0.359060 0.814427
vt 0.390253 0.814427
vt 0.390253 0.816918
vt 0.229648 0.387143
vt 0.227193 0.385948
vt 0.882780 0.336993
vt 0.884028 0.340734
vt 0.841605 0.329511
vt 0.782961 0.333252
vt 0.782961 0.329511
vt 0.104128 0.662193
vt 0.077926 0.662193
vt 0.077926 0.657205
vt 0.104128 0.657205
vt 0.805382 0.472188
vt 0.811620 0.472190
vt 0.086663 0.593614
vt 0.111618 0.593614
vt 0.012393 0.348612
vt 0.014187 0.355086
vt 0.234440 0.422321
vt 0.237112 0.422834
vt 0.234468 0.424366
vt 0.313280 0.462483
vt 0.310841 0.462878
vt 0.636211 0.608774
vt 0.638726 0.610045
vt 0.636201 0.632477
vt 0.519357 0.726536
vt 0.155807 0.455186
vt 0.156784 0.452582
vt 0.158156 0.453681
vt 0.157179 0.456284
vt 0.159701 0.456140
vt 0.158419 0.456149
vt 0.692655 0.311160
vt 0.698882 0.312408
vt 0.700051 0.314903
vt 0.121172 0.504487
vt 0.121172 0.506982
vt 0.118819 0.506948
vt 0.118819 0.504453
vt 0.606622 0.944079
vt 0.607361 0.938560
vt 0.607126 0.594871
vt 0.608627 0.593945
vt 0.608197 0.596570
vt 0.606696 0.597497
vt 0.626982 0.646734
vt 0.627068 0.644713
vt 0.630552 0.645783
vt 0.630509 0.646794
vt 0.628143 0.369207
vt 0.628143 0.367068
vt 0.629907 0.367075
vt 0.629907 0.369214
vt 0.329115 0.831711
vt 0.329115 0.830542
vt 0.336601 0.830542
vt 0.336601 0.831787
vt 0.133837 0.525922
vt 0.133846 0.529664
vt 0.736768 0.455949
vt 0.744254 0.455951
vt 0.744254 0.472170
vt 0.736768 0.472167
vt 0.163545 0.504277
vt 0.714313 0.871385
vt 0.655906 0.258164
vt 0.656863 0.257686
vt 0.656863 0.275153
vt 0.655906 0.275631
vt 0.591602 0.696938
vt 0.589829 0.698006
vt 0.588891 0.694487
vt 0.590655 0.694472
vt 0.598351 0.694451
vt 0.600115 0.694409
vt 0.597573 0.698006
vt 0.164938 0.277542
vt 0.434639 0.762058
vt 0.432920 0.759812
vt 0.433902 0.758347
vt 0.172743 0.144246
vt 0.174501 0.144156
vt 0.174501 0.148145
vt 0.172743 0.148235
vt 0.626853 0.649765
vt 0.630380 0.649825
vt 0.629992 0.658920
vt 0.626466 0.658860
vt 0.694352 0.911301
vt 0.691880 0.911280
vt 0.563690 0.875377
vt 0.769797 0.065355
vt 0.651697 0.890521
vt 0.652273 0.886379
vt 0.654026 0.886563
vt 0.653450 0.890705
vt 0.691880 0.533265
vt 0.694352 0.533286
vt 0.694352 0.545762
vt 0.691880 0.545741
vt 0.876491 0.969991
vt 0.877739 0.972487
vt 0.855283 0.972480
vt 0.855283 0.969985
vt 0.144061 0.106207
vt 0.145409 0.112327
vt 0.142995 0.112905
vt 0.141647 0.106786
vt 0.721820 0.391862
vt 0.721820 0.398097
vt 0.690626 0.398097
vt 0.587106 0.690397
vt 0.588013 0.690863
vt 0.587127 0.694502
vt 0.200323 0.322516
vt 0.200323 0.313784
vt 0.204175 0.315012
vt 0.204175 0.323744
vt 0.471849 0.468794
vt 0.471749 0.467037
vt 0.475319 0.467822
vt 0.475418 0.469580
vt 0.144991 0.303177
vt 0.142337 0.303604
vt 0.143855 0.300345
vt 0.146127 0.298932
vt 0.685453 0.750392
vt 0.684229 0.750634
vt 0.681087 0.734774
vt 0.681817 0.732043
vt 0.154300 0.031448
vt 0.156058 0.031358
vt 0.156058 0.035347
vt 0.154300 0.035437
vt 0.769796 0.163927
vt 0.769797 0.099044
vt 0.131595 0.325122
vt 0.133359 0.325090
vt 0.132447 0.421477
vt 0.130684 0.421508
vt 0.334394 0.710889
vt 0.340632 0.710889
vt 0.340644 0.821942
vt 0.901181 0.140581
vt 0.911156 0.138084
vt 0.912403 0.251627
vt 0.911156 0.251628
vt 0.152746 0.496845
vt 0.038790 0.510503
vt 0.039767 0.507900
vt 0.423550 0.640532
vt 0.423550 0.635550
vt 0.041196 0.497758
vt 0.151563 0.485738
vt 0.152615 0.495611
vt 0.688069 0.819019
vt 0.688069 0.824010
vt 0.573319 0.823955
vt 0.573319 0.817717
vt 0.769204 0.972455
vt 0.769204 0.969960
vt 0.774194 0.969961
vt 0.774194 0.972456
vt 0.239762 0.427414
vt 0.238051 0.428451
vt 0.734273 0.789051
vt 0.734273 0.797784
vt 0.719303 0.797779
vt 0.719303 0.789046
vt 0.319892 0.730645
vt 0.324883 0.731892
vt 0.288134 0.324707
vt 0.289894 0.324775
vt 0.290836 0.416715
vt 0.288134 0.417101
vt 0.621049 0.595170
vt 0.622814 0.594108
vt 0.622800 0.597156
vt 0.621035 0.597148
vt 0.341909 0.825689
vt 0.261242 0.867775
vt 0.599179 0.690812
vt 0.597416 0.690853
vt 0.880065 0.303475
vt 0.881859 0.304441
vt 0.882438 0.323380
vt 0.880676 0.323466
vt 0.691880 0.827693
vt 0.694352 0.827714
vt 0.694352 0.837694
vt 0.691880 0.837674
vt 0.050241 0.028020
vt 0.028769 0.027997
vt 0.028769 0.021758
vt 0.050241 0.025525
vt 0.008243 0.023429
vt 0.009491 0.024676
vt 0.009491 0.037152
vt 0.008243 0.037152
vt 0.855283 0.568266
vt 0.855283 0.576999
vt 0.844056 0.576995
vt 0.844056 0.568262
vt 0.774194 0.861422
vt 0.774194 0.855184
vt 0.789165 0.855189
vt 0.790412 0.861427
vt 0.677138 0.753355
vt 0.673744 0.736229
vt 0.565513 0.402521
vt 0.564344 0.402521
vt 0.564268 0.396282
vt 0.565513 0.396282
vt 0.513389 0.591047
vt 0.504655 0.594860
vt 0.503408 0.591047
vt 0.301280 0.552292
vt 0.303775 0.552292
vt 0.303775 0.556035
vt 0.301280 0.556035
vt 0.329403 0.710889
vt 0.280519 0.804016
vt 0.280587 0.797216
vt 0.282323 0.797513
vt 0.282256 0.804313
vt 0.685441 0.756751
vt 0.678098 0.758206
vt 0.559946 0.833109
vt 0.559946 0.855526
vt 0.563690 0.855450
vt 0.684189 0.843931
vt 0.681723 0.842825
vt 0.681751 0.836749
vt 0.684218 0.837855
vt 0.689381 0.344475
vt 0.679399 0.346970
vt 0.680647 0.340734
vt 0.366154 0.640532
vt 0.366154 0.645513
vt 0.363659 0.645513
vt 0.362411 0.640532
vt 0.782959 0.391862
vt 0.720573 0.368169
vt 0.782960 0.368169
vt 0.346583 0.855526
vt 0.346583 0.879189
vt 0.342840 0.875377
vt 0.404504 0.709512
vt 0.403257 0.710759
vt 0.400763 0.710759
vt 0.400763 0.709512
vt 0.690564 0.812782
vt 0.690564 0.819020
vt 0.688069 0.812781
vt 0.516275 0.811937
vt 0.719303 0.846435
vt 0.719303 0.855168
vt 0.694352 0.855160
vt 0.694352 0.846427
vt 0.660085 0.712240
vt 0.662776 0.712978
vt 0.663512 0.716689
vt 0.662531 0.718155
vt 0.265757 0.514734
vt 0.266718 0.515203
vt 0.265964 0.518779
vt 0.264207 0.518894
vt 0.201968 0.432835
vt 0.202825 0.432341
vt 0.202019 0.436935
vt 0.200255 0.436963
vt 0.912279 0.126804
vt 0.913649 0.130521
vt 0.899998 0.130489
vt 0.902351 0.126781
vt 0.660758 0.734903
vt 0.658122 0.715172
vt 0.599925 0.400875
vt 0.602611 0.401569
vt 0.605789 0.407523
vt 0.603223 0.408589
vt 0.664880 0.755698
vt 0.172754 0.653464
vt 0.172754 0.650969
vt 0.182736 0.650969
vt 0.182736 0.653464
vt 0.389861 0.645513
vt 0.388613 0.640532
vt 0.396100 0.640532
vt 0.396100 0.645513
vt 0.936373 0.596984
vt 0.936373 0.620688
vt 0.921403 0.620684
vt 0.920155 0.596979
vt 0.589819 0.594489
vt 0.591583 0.594474
vt 0.589777 0.690848
vt 0.913650 0.136836
vt 0.527566 0.582869
vt 0.525447 0.584509
vt 0.901181 0.251629
vt 0.036178 0.509539
vt 0.037245 0.508045
vt 0.913649 0.013264
vt 0.912279 0.015784
vt 0.902351 0.013266
vt 0.902480 0.010743
vt 0.142337 0.296527
vt 0.144608 0.295114
vt 0.258341 0.422776
vt 0.258341 0.330382
vt 0.260101 0.330450
vt 0.261043 0.422390
vt 0.288257 0.321654
vt 0.290017 0.322761
vt 0.303775 0.575996
vt 0.301280 0.575996
vt 0.755481 0.472173
vt 0.755481 0.495877
vt 0.743006 0.495873
vt 0.842851 0.391862
vt 0.844099 0.368169
vt 0.535343 0.478510
vt 0.530876 0.478187
vt 0.357813 0.883001
vt 0.359060 0.891719
vt 0.350327 0.891643
vt 0.346583 0.889152
vt 0.681723 0.885020
vt 0.684189 0.884884
vt 0.684218 0.889978
vt 0.681751 0.891354
vt 0.680645 0.395603
vt 0.633913 0.657200
vt 0.635582 0.657770
vt 0.634899 0.662538
vt 0.633230 0.661967
vt 0.097160 0.297195
vt 0.098919 0.297117
vt 0.098899 0.300108
vt 0.097134 0.301184
vt 0.665859 0.760632
vt 0.305481 0.503090
vt 0.303808 0.503642
vt 0.303808 0.500971
vt 0.306441 0.500648
vt 0.390254 0.884247
vt 0.390254 0.891719
vt 0.015042 0.568514
vt 0.015042 0.567267
vt 0.017533 0.567313
vt 0.017533 0.568560
vt 0.440156 0.579662
vt 0.442638 0.579668
vt 0.442638 0.582163
vt 0.440156 0.582157
vt 0.240132 0.640532
vt 0.240132 0.635550
vt 0.262592 0.635550
vt 0.262592 0.640532
vt 0.302420 0.841630
vt 0.660601 0.235193
vt 0.663053 0.235195
vt 0.262975 0.167498
vt 0.259232 0.167497
vt 0.312116 0.086543
vt 0.312116 0.150169
vt 0.310869 0.150169
vt 0.006709 0.756832
vt 0.010452 0.755585
vt 0.010451 0.797984
vt 0.006707 0.797984
vt 0.454757 0.705099
vt 0.447270 0.705099
vt 0.447269 0.701316
vt 0.454756 0.701316
vt 0.264577 0.544819
vt 0.266334 0.544704
vt 0.266405 0.549689
vt 0.264648 0.549804
vt 0.455406 0.387783
vt 0.454426 0.392983
vt 0.452408 0.391176
vt 0.453878 0.386900
vt 0.244199 0.177550
vt 0.244199 0.185034
vt 0.238976 0.185079
vt 0.238976 0.177594
vt 0.516275 0.884247
vt 0.452641 0.884247
vt 0.516275 0.855602
vt 0.915901 0.365843
vt 0.914137 0.365860
vt 0.914186 0.362826
vt 0.915950 0.362810
vt 0.842852 0.344475
vt 0.782961 0.344475
vt 0.487185 0.645513
vt 0.487185 0.640532
vt 0.499662 0.640532
vt 0.499662 0.645513
vt 0.782959 0.399344
vt 0.782959 0.400591
vt 0.721820 0.400591
vt 0.166985 0.238148
vt 0.167064 0.240188
vt 0.165301 0.240200
vt 0.165222 0.238160
vt 0.310869 0.212548
vt 0.307126 0.150168
vt 0.767957 0.921304
vt 0.767957 0.931284
vt 0.755481 0.931281
vt 0.755481 0.921300
vt 0.231789 0.392983
vt 0.229083 0.392767
vt 0.232355 0.387359
vt 0.719303 0.837702
vt 0.312116 0.212548
vt 0.629304 0.675088
vt 0.631933 0.674616
vt 0.632745 0.677169
vt 0.629251 0.678144
vt 0.585927 0.625651
vt 0.584164 0.605808
vt 0.585927 0.604734
vt 0.293673 0.498231
vt 0.291258 0.499386
vt 0.291258 0.494928
vt 0.293466 0.496479
vt 0.875534 0.016633
vt 0.876763 0.016669
vt 0.876763 0.157685
vt 0.009853 0.580477
vt 0.010099 0.580480
vt 0.010734 0.581126
vt 0.009491 0.582356
vt 0.008243 0.579860
vt 0.009491 0.579860
vt 0.009766 0.580141
vt 0.308610 0.038933
vt 0.310359 0.038705
vt 0.310698 0.041703
vt 0.308158 0.042561
vt 0.782961 0.335746
vt 0.305023 0.552292
vt 0.305023 0.556035
vt 0.011302 0.503262
vt 0.012768 0.522085
vt 0.011004 0.522085
vt 0.452640 0.816918
vt 0.805382 0.878897
vt 0.805382 0.890126
vt 0.790412 0.890121
vt 0.790412 0.878893
vt 0.913917 0.855226
vt 0.913917 0.861463
vt 0.903937 0.862708
vt 0.398597 0.667265
vt 0.407331 0.667265
vt 0.416072 0.688719
vt 0.398604 0.688719
vt 0.418561 0.602560
vt 0.735521 0.902581
vt 0.736768 0.911314
vt 0.721798 0.901329
vt 0.447259 0.593614
vt 0.454746 0.594860
vt 0.473461 0.667265
vt 0.485938 0.667265
vt 0.484698 0.688719
vt 0.472220 0.688719
vt 0.318123 0.248372
vt 0.315628 0.248372
vt 0.315633 0.239620
vt 0.318128 0.239620
vt 0.891268 0.161532
vt 0.885587 0.159247
vt 0.887007 0.156020
vt 0.892688 0.158305
vt 0.406083 0.607618
vt 0.061005 0.489845
vt 0.058371 0.490874
vt 0.056448 0.484458
vt 0.057691 0.484562
vt 0.396100 0.635550
vt 0.388613 0.635550
vt 0.389861 0.627925
vt 0.396100 0.627925
vt 0.691880 0.846407
vt 0.691880 0.855140
vt 0.107822 0.509317
vt 0.105282 0.509317
vt 0.106523 0.505572
vt 0.107816 0.505574
vt 0.171110 0.113811
vt 0.169449 0.132563
vt 0.873974 0.795350
vt 0.875244 0.790340
vt 0.690610 0.825218
vt 0.689408 0.828920
vt 0.689385 0.826445
vt 0.071282 0.440164
vt 0.073773 0.440182
vt 0.073773 0.472620
vt 0.071282 0.473849
vt 0.882438 0.295509
vt 0.402340 0.602560
vt 0.402340 0.591200
vt 0.369898 0.627925
vt 0.379879 0.627925
vt 0.521847 0.726536
vt 0.521847 0.727784
vt 0.580765 0.635550
vt 0.041093 0.481475
vt 0.042561 0.482913
vt 0.041093 0.485199
vt 0.691880 0.961183
vt 0.691880 0.969917
vt 0.755481 0.890111
vt 0.755481 0.878883
vt 0.767957 0.878886
vt 0.767957 0.890114
vt 0.660601 0.547127
vt 0.663053 0.547129
vt 0.200323 0.286341
vt 0.200323 0.278856
vt 0.204175 0.278837
vt 0.204175 0.286321
vt 0.584680 0.473485
vt 0.584680 0.474726
vt 0.582214 0.474861
vt 0.582214 0.473620
vt 0.734273 0.809012
vt 0.730508 0.811526
vt 0.719303 0.809008
vt 0.734273 0.802774
vt 0.719303 0.802770
vt 0.366154 0.627925
vt 0.366155 0.607618
vt 0.369899 0.607618
vt 0.625993 0.669975
vt 0.626165 0.665933
vt 0.629691 0.665993
vt 0.629519 0.670035
vt 0.449046 0.581107
vt 0.447799 0.581107
vt 0.447799 0.579860
vt 0.449046 0.579860
vt 0.719303 0.774075
vt 0.719303 0.779066
vt 0.694352 0.777811
vt 0.694352 0.774068
vt 0.991264 0.975016
vt 0.991287 0.977491
vt 0.983802 0.977489
vt 0.983779 0.975014
vt 0.577415 0.831711
vt 0.021680 0.799231
vt 0.012946 0.799231
vt 0.719303 0.765342
vt 0.719303 0.770333
vt 0.694352 0.769078
vt 0.694352 0.765335
vt 0.320624 0.049970
vt 0.320624 0.108608
vt 0.262975 0.308474
vt 0.266718 0.308475
vt 0.266718 0.315960
vt 0.381128 0.607618
vt 0.389862 0.607618
vt 0.297536 0.512368
vt 0.298784 0.512368
vt 0.298784 0.532330
vt 0.297536 0.532330
vt 0.031664 0.741868
vt 0.031664 0.755585
vt 0.356173 0.607618
vt 0.691880 0.777790
vt 0.694352 0.789039
vt 0.691880 0.789018
vt 0.516866 0.755234
vt 0.515620 0.755234
vt 0.515620 0.751491
vt 0.516866 0.751491
vt 0.570495 0.407512
vt 0.570419 0.410007
vt 0.567928 0.410007
vt 0.568004 0.407512
vt 0.847239 0.258756
vt 0.839767 0.258756
vt 0.839767 0.227562
vt 0.847239 0.227562
vt 0.442638 0.584658
vt 0.440156 0.584652
vt 0.892215 0.161913
vt 0.690564 0.824010
vt 0.447799 0.583603
vt 0.449046 0.583603
vt 0.601533 0.428138
vt 0.601498 0.426872
vt 0.191651 0.285527
vt 0.193028 0.284424
vt 0.193854 0.288282
vt 0.192615 0.288145
vt 0.521847 0.729032
vt 0.444917 0.756163
vt 0.440022 0.757134
vt 0.439042 0.752199
vt 0.443938 0.751229
vt 0.649941 0.638740
vt 0.643723 0.638762
vt 0.649942 0.636245
vt 0.166095 0.265689
vt 0.164273 0.266718
vt 0.162450 0.262653
vt 0.164272 0.261625
vt 0.601068 0.413156
vt 0.601303 0.420637
vt 0.597557 0.420773
vt 0.597322 0.413291
vt 0.913861 0.325911
vt 0.914712 0.325386
vt 0.916487 0.329437
vt 0.914724 0.329454
vt 0.613909 0.870425
vt 0.615157 0.870425
vt 0.615157 0.874168
vt 0.613904 0.874186
vt 0.235823 0.364686
vt 0.239350 0.364681
vt 0.155224 0.461491
vt 0.157705 0.461221
vt 0.379564 0.779384
vt 0.380811 0.779384
vt 0.382058 0.781880
vt 0.380811 0.783127
vt 0.837818 0.951266
vt 0.837818 0.961247
vt 0.822848 0.961242
vt 0.822848 0.951262
vt 0.539283 0.752738
vt 0.538038 0.752738
vt 0.538038 0.731527
vt 0.539283 0.730279
vt 0.167916 0.264660
vt 0.790412 0.969966
vt 0.790412 0.972461
vt 0.385799 0.780632
vt 0.384552 0.781880
vt 0.382058 0.780632
vt 0.565437 0.393787
vt 0.564192 0.393787
vt 0.399516 0.710759
vt 0.400763 0.712007
vt 0.399516 0.712007
vt 0.311155 0.799231
vt 0.311154 0.841630
vt 0.403257 0.712007
vt 0.404504 0.713255
vt 0.403257 0.714503
vt 0.401968 0.713256
vt 0.387046 0.780632
vt 0.173943 0.050775
vt 0.174971 0.050922
vt 0.175920 0.053911
vt 0.173943 0.053504
vt 0.629907 0.370283
vt 0.006995 0.309130
vt 0.008243 0.309130
vt 0.008243 0.326597
vt 0.006995 0.326597
vt 0.514375 0.755234
vt 0.514375 0.751491
vt 0.216316 0.897083
vt 0.220058 0.897114
vt 0.220071 0.903708
vt 0.216329 0.903676
vt 0.774194 0.870155
vt 0.774194 0.878888
vt 0.767957 0.870153
vt 0.453987 0.583598
vt 0.453987 0.586093
vt 0.036886 0.013632
vt 0.035123 0.013596
vt 0.035123 0.011575
vt 0.036886 0.011610
vt 0.734273 0.827726
vt 0.734273 0.837706
vt 0.719303 0.827721
vt 0.450292 0.587346
vt 0.451539 0.587346
vt 0.252859 0.398729
vt 0.252856 0.394986
vt 0.255352 0.394985
vt 0.255354 0.398728
vt 0.325166 0.281701
vt 0.330167 0.281665
vt 0.330167 0.287903
vt 0.325166 0.287939
vt 0.629907 0.363867
vt 0.629907 0.364937
vt 0.628143 0.364929
vt 0.304216 0.407220
vt 0.305721 0.406110
vt 0.306813 0.407492
vt 0.305440 0.408589
vt 0.088261 0.283851
vt 0.087014 0.282603
vt 0.089508 0.275117
vt 0.090798 0.276364
vt 0.166628 0.228970
vt 0.166787 0.233049
vt 0.165024 0.233061
vt 0.164866 0.228982
vt 0.325171 0.361529
vt 0.325171 0.357786
vt 0.330167 0.357769
vt 0.330167 0.361511
vt 0.840935 0.298683
vt 0.835954 0.301178
vt 0.833387 0.299930
vt 0.743006 0.890107
vt 0.743006 0.878879
vt 0.150798 0.145698
vt 0.152266 0.151760
vt 0.149852 0.152339
vt 0.149298 0.144775
vt 0.539283 0.726536
vt 0.538038 0.727784
vt 0.535547 0.727784
vt 0.535547 0.726536
vt 0.385799 0.712006
vt 0.384552 0.710759
vt 0.387046 0.710759
vt 0.387046 0.712007
vt 0.124895 0.510733
vt 0.123654 0.510730
vt 0.513399 0.701316
vt 0.513401 0.705099
vt 0.503419 0.705099
vt 0.619897 0.458244
vt 0.620429 0.454644
vt 0.622066 0.455301
vt 0.579690 0.474738
vt 0.579719 0.476108
vt 0.578443 0.475982
vt 0.578443 0.474741
vt 0.017533 0.569807
vt 0.020033 0.568515
vt 0.020029 0.569808
vt 0.123838 0.028224
vt 0.123181 0.026224
vt 0.124847 0.025643
vt 0.124847 0.028374
vt 0.736768 0.951236
vt 0.744254 0.951239
vt 0.451539 0.581107
vt 0.450292 0.581107
vt 0.450292 0.579859
vt 0.451539 0.579859
vt 0.018443 0.486618
vt 0.016683 0.486545
vt 0.016683 0.470393
vt 0.018443 0.470466
vt 0.452641 0.891719
vt 0.516275 0.891719
vt 0.582214 0.466174
vt 0.579690 0.466051
vt 0.579690 0.464810
vt 0.582214 0.464933
vt 0.523371 0.591047
vt 0.533353 0.591047
vt 0.805382 0.974961
vt 0.805405 0.977436
vt 0.790435 0.977431
vt 0.790412 0.974956
vt 0.091871 0.251157
vt 0.093635 0.251125
vt 0.093635 0.253231
vt 0.091871 0.253263
vt 0.017533 0.561079
vt 0.015042 0.561033
vt 0.015042 0.559786
vt 0.017533 0.559832
vt 0.516866 0.768959
vt 0.515620 0.768959
vt 0.515620 0.763968
vt 0.516866 0.763968
vt 0.286202 0.718132
vt 0.274972 0.718132
vt 0.274974 0.713187
vt 0.286204 0.713187
vt 0.736768 0.974940
vt 0.736791 0.977415
vt 0.721821 0.977411
vt 0.721798 0.974936
vt 0.092724 0.249615
vt 0.093635 0.250073
vt 0.754234 0.775333
vt 0.754234 0.779076
vt 0.741758 0.779072
vt 0.741758 0.775330
vt 0.271661 0.095131
vt 0.274155 0.095131
vt 0.274155 0.102617
vt 0.271661 0.102618
vt 0.769795 0.261250
vt 0.769795 0.274975
vt 0.200323 0.200269
vt 0.200323 0.185300
vt 0.204175 0.185280
vt 0.204175 0.200249
vt 0.584680 0.467280
vt 0.584680 0.468521
vt 0.582214 0.468656
vt 0.582214 0.467415
vt 0.822848 0.972471
vt 0.822848 0.974966
vt 0.811620 0.974963
vt 0.811620 0.972467
vt 0.523093 0.729032
vt 0.523093 0.727784
vt 0.177435 0.440331
vt 0.178409 0.440166
vt 0.178758 0.441894
vt 0.177086 0.441330
vt 0.099041 0.718132
vt 0.099043 0.713187
vt 0.162676 0.718132
vt 0.200038 0.492233
vt 0.198277 0.492293
vt 0.613909 0.861692
vt 0.615157 0.861692
vt 0.615157 0.867930
vt 0.613909 0.867930
vt 0.266718 0.043989
vt 0.579690 0.467292
vt 0.727450 0.304921
vt 0.769795 0.304921
vt 0.727450 0.313655
vt 0.543333 0.645513
vt 0.543333 0.640532
vt 0.554562 0.640532
vt 0.554563 0.645513
vt 0.384552 0.783127
vt 0.250364 0.398730
vt 0.252873 0.419937
vt 0.250378 0.419938
vt 0.182905 0.011888
vt 0.184432 0.011004
vt 0.184432 0.012768
vt 0.183387 0.012752
vt 0.298784 0.575996
vt 0.297536 0.575996
vt 0.912670 0.970002
vt 0.912670 0.972497
vt 0.902690 0.972494
vt 0.902690 0.969999
vt 0.149912 0.023514
vt 0.148155 0.023378
vt 0.148409 0.016316
vt 0.150166 0.016452
vt 0.876491 0.941297
vt 0.876491 0.951278
vt 0.855283 0.951272
vt 0.855283 0.941291
vt 0.096767 0.358023
vt 0.098526 0.357944
vt 0.856898 0.286205
vt 0.856898 0.294939
vt 0.850747 0.286205
vt 0.324979 0.627925
vt 0.324979 0.635550
vt 0.307510 0.635550
vt 0.307511 0.627925
vt 0.691880 0.931242
vt 0.694352 0.931263
vt 0.915982 0.360787
vt 0.914219 0.360803
vt 0.514375 0.763968
vt 0.514375 0.757730
vt 0.515620 0.757730
vt 0.460195 0.579682
vt 0.460195 0.582176
vt 0.458954 0.582173
vt 0.458954 0.579679
vt 0.530565 0.727784
vt 0.530565 0.729031
vt 0.526829 0.729032
vt 0.526829 0.727784
vt 0.767957 0.911323
vt 0.774194 0.911325
vt 0.774194 0.921306
vt 0.578443 0.467295
vt 0.578443 0.466054
vt 0.568004 0.402521
vt 0.568004 0.396282
vt 0.293276 0.305657
vt 0.293276 0.298171
vt 0.508288 0.806870
vt 0.506231 0.808282
vt 0.506231 0.803799
vt 0.509317 0.801681
vt 0.134382 0.942024
vt 0.129374 0.942019
vt 0.129852 0.941062
vt 0.132746 0.941167
vt 0.133911 0.941069
vt 0.442638 0.422523
vt 0.442104 0.423599
vt 0.440406 0.424194
vt 0.440406 0.421406
vt 0.380853 0.754428
vt 0.380853 0.751933
vt 0.382100 0.754428
vt 0.191604 0.472417
vt 0.193242 0.471760
vt 0.195398 0.474782
vt 0.193125 0.476218
vt 0.582214 0.472379
vt 0.389540 0.781880
vt 0.389540 0.783128
vt 0.805382 0.902601
vt 0.805382 0.911334
vt 0.790412 0.911330
vt 0.790412 0.902597
vt 0.680981 0.326059
vt 0.679758 0.326303
vt 0.679758 0.319942
vt 0.524338 0.726536
vt 0.523093 0.726536
vt 0.243777 0.353704
vt 0.245021 0.353609
vt 0.468383 0.430400
vt 0.469593 0.430703
vt 0.468383 0.435544
vt 0.672730 0.004191
vt 0.672989 0.004190
vt 0.672989 0.009181
vt 0.671743 0.009181
vt 0.671760 0.008077
vt 0.672623 0.008053
vt 0.669233 0.942052
vt 0.669019 0.943363
vt 0.666538 0.943443
vt 0.666581 0.940917
vt 0.516866 0.757730
vt 0.303775 0.543559
vt 0.305023 0.543559
vt 0.305023 0.549797
vt 0.303775 0.549797
vt 0.790412 0.931291
vt 0.774194 0.931286
vt 0.297028 0.024928
vt 0.293280 0.024946
vt 0.293280 0.017460
vt 0.297028 0.017442
vt 0.664014 0.938503
vt 0.662646 0.934802
vt 0.663886 0.934763
vt 0.173015 0.510736
vt 0.388293 0.780632
vt 0.125606 0.079857
vt 0.126679 0.078460
vt 0.741758 0.770339
vt 0.741758 0.772835
vt 0.734273 0.772832
vt 0.734273 0.770337
vt 0.985026 0.587018
vt 0.985026 0.577037
vt 0.992512 0.577040
vt 0.992512 0.587020
vt 0.854036 0.862693
vt 0.844056 0.862690
vt 0.215342 0.939186
vt 0.216791 0.935783
vt 0.876491 0.902622
vt 0.876491 0.911355
vt 0.855283 0.911349
vt 0.855283 0.902616
vt 0.723070 0.329511
vt 0.721822 0.333252
vt 0.337653 0.372740
vt 0.330167 0.372740
vt 0.330167 0.368997
vt 0.337653 0.368997
vt 0.619897 0.451096
vt 0.622814 0.453391
vt 0.670387 0.939519
vt 0.670473 0.942012
vt 0.236235 0.347497
vt 0.239762 0.347492
vt 0.292426 0.544807
vt 0.289930 0.544806
vt 0.289930 0.538568
vt 0.292426 0.538569
vt 0.526829 0.726536
vt 0.525584 0.726536
vt 0.096806 0.352040
vt 0.098565 0.351962
vt 0.325171 0.417672
vt 0.330167 0.417654
vt 0.473849 0.583603
vt 0.472602 0.583603
vt 0.472602 0.581107
vt 0.473849 0.581107
vt 0.570495 0.402521
vt 0.570495 0.396282
vt 0.550608 0.789165
vt 0.551855 0.789165
vt 0.551878 0.791640
vt 0.550631 0.790393
vt 0.255343 0.381262
vt 0.255346 0.386252
vt 0.252851 0.386253
vt 0.252847 0.381263
vt 0.565513 0.407512
vt 0.534302 0.727784
vt 0.534302 0.729031
vt 0.533056 0.729031
vt 0.533056 0.727784
vt 0.654978 0.383557
vt 0.656738 0.383680
vt 0.655654 0.386150
vt 0.548136 0.751717
vt 0.550631 0.751718
vt 0.200323 0.167836
vt 0.200323 0.145382
vt 0.530565 0.763968
vt 0.526829 0.763968
vt 0.526829 0.757729
vt 0.530565 0.757729
vt 0.149694 0.029567
vt 0.147938 0.029431
vt 0.530565 0.726536
vt 0.239762 0.484596
vt 0.237999 0.484561
vt 0.238910 0.482040
vt 0.239762 0.482575
vt 0.278067 0.333207
vt 0.789165 0.775344
vt 0.789165 0.779086
vt 0.774194 0.779082
vt 0.774194 0.775339
vt 0.531811 0.726536
vt 0.533056 0.726536
vt 0.531811 0.727784
vt 0.545641 0.724270
vt 0.545641 0.725517
vt 0.544393 0.723022
vt 0.131940 0.048397
vt 0.131940 0.051074
vt 0.130270 0.050504
vt 0.130953 0.048612
vt 0.337653 0.391454
vt 0.330167 0.391454
vt 0.330167 0.381473
vt 0.337653 0.381473
vt 0.550608 0.769204
vt 0.546888 0.765440
vt 0.550631 0.765441
vt 0.483780 0.443304
vt 0.483780 0.446894
vt 0.482065 0.446482
vt 0.482065 0.442892
vt 0.389540 0.780632
vt 0.390787 0.780632
vt 0.390787 0.781880
vt 0.196407 0.489300
vt 0.196407 0.488254
vt 0.579690 0.473497
vt 0.249163 0.262386
vt 0.252886 0.263642
vt 0.252886 0.278611
vt 0.249163 0.278602
vt 0.774194 0.974951
vt 0.769204 0.974950
vt 0.395775 0.781880
vt 0.395775 0.780632
vt 0.397022 0.780632
vt 0.397022 0.781880
vt 0.014961 0.014265
vt 0.018702 0.014265
vt 0.330167 0.467558
vt 0.337653 0.467558
vt 0.325171 0.511242
vt 0.330167 0.521205
vt 0.325171 0.521223
vt 0.191471 0.645513
vt 0.182737 0.645513
vt 0.182736 0.640532
vt 0.191471 0.640532
vt 0.935125 0.941315
vt 0.935125 0.931334
vt 0.951343 0.931339
vt 0.951343 0.941319
vt 0.031664 0.718132
vt 0.040398 0.718132
vt 0.040397 0.729355
vt 0.031663 0.729355
vt 0.035975 0.015142
vt 0.033299 0.015606
vt 0.033299 0.014595
vt 0.305023 0.538568
vt 0.613904 0.850482
vt 0.615157 0.850463
vt 0.615157 0.854206
vt 0.613909 0.854206
vt 0.191604 0.479524
vt 0.194512 0.477308
vt 0.111732 0.311986
vt 0.113497 0.311993
vt 0.113497 0.314132
vt 0.111732 0.314125
vt 0.392034 0.781880
vt 0.392034 0.783128
vt 0.390787 0.783128
vt 0.208550 0.522835
vt 0.206786 0.522825
vt 0.207677 0.521303
vt 0.208550 0.521791
vt 0.621395 0.896625
vt 0.620148 0.895377
vt 0.620148 0.894130
vt 0.010454 0.710692
vt 0.014197 0.710692
vt 0.014197 0.713187
vt 0.010454 0.713187
vt 0.252855 0.392491
vt 0.250361 0.394987
vt 0.250360 0.392492
vt 0.767957 0.586954
vt 0.767957 0.596934
vt 0.755481 0.596930
vt 0.755481 0.586950
vt 0.392034 0.778137
vt 0.392034 0.758173
vt 0.395775 0.758173
vt 0.395775 0.778137
vt 0.130882 0.080856
vt 0.130414 0.079986
vt 0.131940 0.079102
vt 0.131940 0.080867
vt 0.392034 0.780632
vt 0.875244 0.862700
vt 0.875244 0.865195
vt 0.854036 0.865188
vt 0.392034 0.712007
vt 0.392034 0.714502
vt 0.390745 0.714503
vt 0.390787 0.712007
vt 0.850747 0.274975
vt 0.856898 0.274975
vt 0.255350 0.392490
vt 0.915624 0.383035
vt 0.913861 0.383052
vt 0.582214 0.476102
vt 0.915165 0.749182
vt 0.920155 0.749184
vt 0.126265 0.509460
vt 0.126136 0.510736
vt 0.548136 0.725518
vt 0.545641 0.745478
vt 0.844056 0.865185
vt 0.836571 0.865183
vt 0.836571 0.862688
vt 0.159954 0.225350
vt 0.160314 0.226332
vt 0.158681 0.226994
vt 0.158321 0.226012
vt 0.287435 0.538567
vt 0.287435 0.536072
vt 0.289930 0.536073
vt 0.789165 0.774096
vt 0.774194 0.774092
vt 0.614638 0.631640
vt 0.612142 0.631640
vt 0.612139 0.609183
vt 0.614634 0.609183
vt 0.472602 0.586098
vt 0.473848 0.586098
vt 0.617652 0.874168
vt 0.620147 0.874168
vt 0.617652 0.894130
vt 0.892709 0.568277
vt 0.892709 0.577010
vt 0.883977 0.577007
vt 0.883977 0.568274
vt 0.836571 0.766625
vt 0.836571 0.770368
vt 0.821600 0.770363
vt 0.821600 0.766620
vt 0.584708 0.476096
vt 0.584708 0.477337
vt 0.582214 0.477343
vt 0.154300 0.045409
vt 0.156058 0.045319
vt 0.156058 0.061274
vt 0.154300 0.061364
vt 0.117408 0.244464
vt 0.118264 0.243969
vt 0.119172 0.245482
vt 0.117408 0.245510
vt 0.613909 0.896625
vt 0.615157 0.894130
vt 0.615157 0.895377
vt 0.531811 0.729031
vt 0.293280 0.043660
vt 0.297028 0.043642
vt 0.297028 0.054870
vt 0.293280 0.054888
vt 0.461436 0.578437
vt 0.463918 0.578443
vt 0.460195 0.578434
vt 0.483780 0.479524
vt 0.482324 0.477241
vt 0.483780 0.475869
vt 0.617652 0.870425
vt 0.620147 0.870425
vt 0.774194 0.865165
vt 0.767957 0.865163
vt 0.767957 0.861420
vt 0.550608 0.725539
vt 0.790435 0.424755
vt 0.790412 0.427271
vt 0.774194 0.427266
vt 0.774217 0.424750
vt 0.330167 0.341550
vt 0.337653 0.341550
vt 0.337653 0.357769
vt 0.286188 0.533577
vt 0.286188 0.512368
vt 0.021281 0.572256
vt 0.021281 0.575996
vt 0.020033 0.575996
vt 0.020029 0.572301
vt 0.342711 0.384924
vt 0.342435 0.384924
vt 0.342435 0.374943
vt 0.342712 0.374943
vt 0.709323 0.972437
vt 0.709323 0.974932
vt 0.700590 0.974930
vt 0.131910 0.195598
vt 0.133359 0.198955
vt 0.131966 0.200038
vt 0.130880 0.195738
vt 0.054273 0.929001
vt 0.045540 0.929004
vt 0.045540 0.920271
vt 0.054273 0.920268
vt 0.403257 0.778137
vt 0.403257 0.756926
vt 0.404504 0.756926
vt 0.404504 0.779385
vt 0.538038 0.729031
vt 0.117753 0.215644
vt 0.115988 0.214590
vt 0.117753 0.213556
vt 0.117978 0.060340
vt 0.116872 0.061714
vt 0.115453 0.060608
vt 0.116605 0.059233
vt 0.157841 0.222304
vt 0.158875 0.222406
vt 0.617652 0.867930
vt 0.065307 0.331539
vt 0.066679 0.332643
vt 0.319950 0.485171
vt 0.321713 0.485223
vt 0.877739 0.688040
vt 0.883977 0.688042
vt 0.165989 0.129437
vt 0.164226 0.130521
vt 0.164226 0.129469
vt 0.535547 0.729031
vt 0.470062 0.586094
vt 0.470062 0.583599
vt 0.154300 0.042417
vt 0.156058 0.042328
vt 0.691880 0.709173
vt 0.694352 0.709194
vt 0.694352 0.715432
vt 0.691880 0.715411
vt 0.112078 0.259624
vt 0.110315 0.259589
vt 0.110315 0.257567
vt 0.112078 0.257603
vt 0.682540 0.227561
vt 0.694352 0.862646
vt 0.165989 0.125226
vt 0.164226 0.125258
vt 0.164226 0.124205
vt 0.382058 0.778136
vt 0.383262 0.779386
vt 0.892709 0.709253
vt 0.892709 0.716738
vt 0.883977 0.716736
vt 0.608913 0.861710
vt 0.612661 0.861692
vt 0.612661 0.867930
vt 0.608913 0.867948
vt 0.805382 0.931296
vt 0.805382 0.921315
vt 0.811620 0.921317
vt 0.917906 0.076143
vt 0.916957 0.076610
vt 0.915380 0.072451
vt 0.917139 0.072549
vt 0.876491 0.921336
vt 0.876491 0.931317
vt 0.855283 0.931310
vt 0.855283 0.921330
vt 0.403257 0.781880
vt 0.403257 0.780633
vt 0.307906 0.259325
vt 0.309279 0.258228
vt 0.308576 0.264426
vt 0.307343 0.264283
vt 0.635652 0.002339
vt 0.635652 0.001926
vt 0.646881 0.001927
vt 0.646468 0.002340
vt 0.805382 0.749149
vt 0.812868 0.749152
vt 0.812868 0.766618
vt 0.805382 0.766616
vt 0.540529 0.752738
vt 0.540529 0.730279
vt 0.812868 0.770360
vt 0.582185 0.480937
vt 0.579690 0.480943
vt 0.579719 0.477349
vt 0.293673 0.533579
vt 0.293673 0.536074
vt 0.292426 0.536074
vt 0.292426 0.533579
vt 0.280060 0.640532
vt 0.280060 0.635550
vt 0.286299 0.635550
vt 0.286299 0.640532
vt 0.620148 0.867930
vt 0.264676 0.551798
vt 0.266433 0.551683
vt 0.266462 0.553678
vt 0.264705 0.553793
vt 0.398269 0.780632
vt 0.398269 0.781880
vt 0.617652 0.861692
vt 0.615157 0.856701
vt 0.617652 0.856701
vt 0.012944 0.841630
vt 0.012944 0.855347
vt 0.131725 0.191159
vt 0.133359 0.191824
vt 0.132997 0.192768
vt 0.131363 0.192103
vt 0.719303 0.772828
vt 0.694352 0.772820
vt 0.617133 0.631639
vt 0.617130 0.609183
vt 0.300766 0.024946
vt 0.300766 0.034927
vt 0.297028 0.034909
vt 0.074948 0.063202
vt 0.076610 0.062611
vt 0.076610 0.065261
vt 0.075589 0.065036
vt 0.345137 0.770515
vt 0.346899 0.770593
vt 0.347584 0.774258
vt 0.344941 0.774616
vt 0.660601 0.411124
vt 0.660601 0.401142
vt 0.712582 0.261251
vt 0.712582 0.227562
vt 0.917645 0.037220
vt 0.915886 0.037122
vt 0.916147 0.018953
vt 0.917906 0.019051
vt 0.274155 0.303502
vt 0.276649 0.303502
vt 0.276649 0.313484
vt 0.274155 0.313484
vt 0.062893 0.146571
vt 0.062893 0.140332
vt 0.066679 0.140336
vt 0.066679 0.146574
vt 0.917616 0.039239
vt 0.917587 0.041258
vt 0.915828 0.041160
vt 0.915857 0.039141
vt 0.588238 0.574574
vt 0.579504 0.574573
vt 0.579504 0.573936
vt 0.588238 0.573937
vt 0.673809 0.934446
vt 0.614638 0.634135
vt 0.612142 0.634135
vt 0.112078 0.218481
vt 0.109583 0.218481
vt 0.109583 0.188539
vt 0.112078 0.188540
vt 0.337653 0.397692
vt 0.330167 0.397692
vt 0.106936 0.247729
vt 0.105178 0.247825
vt 0.105155 0.240845
vt 0.106913 0.240749
vt 0.584680 0.480931
vt 0.164226 0.127363
vt 0.165989 0.127332
vt 0.021683 0.710692
vt 0.021683 0.713187
vt 0.098165 0.141636
vt 0.099923 0.141558
vt 0.099865 0.150532
vt 0.098107 0.150611
vt 0.287435 0.544805
vt 0.538038 0.755234
vt 0.921403 0.646883
vt 0.921403 0.670587
vt 0.915165 0.670585
vt 0.088681 0.228594
vt 0.088651 0.237679
vt 0.086891 0.237601
vt 0.086921 0.228515
vt 0.578443 0.473500
vt 0.404504 0.754430
vt 0.405751 0.754430
vt 0.405751 0.756926
vt 0.280197 0.320960
vt 0.280197 0.313475
vt 0.282679 0.313481
vt 0.282679 0.320965
vt 0.608913 0.856719
vt 0.612661 0.856701
vt 0.400763 0.781880
vt 0.400763 0.783128
vt 0.399516 0.783128
vt 0.399516 0.781880
vt 0.837818 0.941286
vt 0.398609 0.705099
vt 0.398608 0.701316
vt 0.414828 0.701316
vt 0.414829 0.705099
vt 0.691880 0.774047
vt 0.691880 0.772800
vt 0.137384 0.180003
vt 0.139842 0.180348
vt 0.691880 0.472134
vt 0.694352 0.472155
vt 0.694352 0.495859
vt 0.691880 0.495838
vt 0.337653 0.462568
vt 0.330167 0.462567
vt 0.330167 0.458824
vt 0.337653 0.458825
vt 0.472602 0.579860
vt 0.473849 0.579860
vt 0.286188 0.538567
vt 0.286188 0.536072
vt 0.293673 0.538569
vt 0.293673 0.544807
vt 0.664300 0.444815
vt 0.666794 0.444815
vt 0.666794 0.452301
vt 0.664300 0.452301
vt 0.081710 0.020726
vt 0.081866 0.014604
vt 0.083626 0.014705
vt 0.083470 0.020827
vt 0.855283 0.544562
vt 0.844056 0.544559
vt 0.301272 0.640532
vt 0.301272 0.635550
vt 0.307510 0.640532
vt 0.020029 0.571054
vt 0.017533 0.571054
vt 0.292426 0.549797
vt 0.289930 0.549796
vt 0.307510 0.645513
vt 0.324979 0.640532
vt 0.324979 0.645513
vt 0.528075 0.731527
vt 0.530565 0.731527
vt 0.613909 0.856701
vt 0.287435 0.549796
vt 0.286188 0.549795
vt 0.286188 0.544805
vt 0.665547 0.275122
vt 0.665547 0.281361
vt 0.663053 0.281361
vt 0.663053 0.275122
vt 0.097321 0.272266
vt 0.099080 0.272188
vt 0.099002 0.284154
vt 0.097244 0.284232
vt 0.404504 0.740705
vt 0.404504 0.745696
vt 0.403257 0.745696
vt 0.403257 0.740705
vt 0.404504 0.751935
vt 0.405751 0.745696
vt 0.405751 0.751935
vt 0.405751 0.740705
vt 0.735521 0.495871
vt 0.720550 0.495866
vt 0.720550 0.472163
vt 0.031665 0.710692
vt 0.031665 0.713187
vt 0.310352 0.344747
vt 0.310352 0.339548
vt 0.312116 0.339544
vt 0.312116 0.344742
vt 0.660601 0.296332
vt 0.663053 0.296334
vt 0.663053 0.302572
vt 0.660601 0.302571
vt 0.402338 0.640532
vt 0.402338 0.645513
vt 0.905185 0.734208
vt 0.903937 0.749179
vt 0.891462 0.749175
vt 0.891462 0.734204
vt 0.655906 0.281391
vt 0.656863 0.281391
vt 0.656863 0.296362
vt 0.655906 0.296362
vt 0.903937 0.455998
vt 0.903937 0.441028
vt 0.912670 0.441030
vt 0.913917 0.456001
vt 0.357422 0.593690
vt 0.361165 0.593690
vt 0.297027 0.067346
vt 0.293279 0.067364
vt 0.790412 0.865170
vt 0.318123 0.436760
vt 0.318119 0.405588
vt 0.249163 0.177561
vt 0.249163 0.185046
vt 0.286204 0.710692
vt 0.294938 0.710692
vt 0.294938 0.713187
vt 0.414816 0.627925
vt 0.407330 0.627925
vt 0.274155 0.194949
vt 0.276649 0.194949
vt 0.276649 0.207426
vt 0.274155 0.207427
vt 0.691880 0.747848
vt 0.694352 0.747869
vt 0.691880 0.765314
vt 0.106884 0.231774
vt 0.105126 0.231870
vt 0.105094 0.221898
vt 0.106852 0.221802
vt 0.805382 0.694256
vt 0.805382 0.688018
vt 0.811620 0.688020
vt 0.811620 0.694258
vt 0.264520 0.540830
vt 0.266277 0.540716
vt 0.051627 0.718132
vt 0.051627 0.729355
vt 0.539283 0.768959
vt 0.538038 0.768959
vt 0.064105 0.718132
vt 0.064106 0.713187
vt 0.293673 0.549797
vt 0.056748 0.928978
vt 0.055501 0.937711
vt 0.053026 0.937734
vt 0.369899 0.667265
vt 0.369896 0.662193
vt 0.379878 0.662193
vt 0.379881 0.667265
vt 0.015729 0.582356
vt 0.011986 0.582356
vt 0.013234 0.581108
vt 0.016977 0.581108
vt 0.695298 0.258756
vt 0.692807 0.260003
vt 0.692808 0.227562
vt 0.695299 0.227562
vt 0.196048 0.939584
vt 0.196044 0.940539
vt 0.188558 0.940559
vt 0.188563 0.939604
vt 0.339953 0.607618
vt 0.034740 0.358699
vt 0.038305 0.357732
vt 0.037268 0.385021
vt 0.033741 0.384977
vt 0.995007 0.970027
vt 0.995007 0.972522
vt 0.991264 0.972521
vt 0.991264 0.970025
vt 0.307512 0.607618
vt 0.301272 0.627925
vt 0.167925 0.085626
vt 0.169262 0.084475
vt 0.176805 0.093133
vt 0.176154 0.095072
vt 0.540529 0.763968
vt 0.319892 0.719422
vt 0.317396 0.718132
vt 0.175920 0.099481
vt 0.593422 0.407089
vt 0.591124 0.410007
vt 0.589224 0.401365
vt 0.591262 0.401148
vt 0.662774 0.902349
vt 0.665340 0.900990
vt 0.137157 0.476148
vt 0.137615 0.476258
vt 0.137615 0.479913
vt 0.136315 0.480277
vt 0.136789 0.478303
vt 0.330167 0.302874
vt 0.325166 0.302910
vt 0.691880 0.519542
vt 0.694352 0.519563
vt 0.179116 0.303836
vt 0.180872 0.303979
vt 0.180404 0.315187
vt 0.178605 0.316062
vt 0.811620 0.961239
vt 0.811620 0.951259
vt 0.099042 0.740621
vt 0.298777 0.603882
vt 0.627283 0.639660
vt 0.627885 0.625513
vt 0.631412 0.625573
vt 0.630810 0.639720
vt 0.643737 0.610068
vt 0.023028 0.593614
vt 0.020533 0.593614
vt 0.020533 0.591047
vt 0.024276 0.591047
vt 0.617133 0.634135
vt 0.805382 0.951257
vt 0.805382 0.961237
vt 0.790412 0.961233
vt 0.292539 0.603882
vt 0.693976 0.304922
vt 0.692655 0.306169
vt 0.350234 0.772594
vt 0.350770 0.779832
vt 0.350234 0.784547
vt 0.817858 0.838979
vt 0.816610 0.847711
vt 0.805382 0.846460
vt 0.804135 0.838975
vt 0.351840 0.782356
vt 0.738016 0.972446
vt 0.721798 0.972441
vt 0.534302 0.726536
vt 0.638713 0.638738
vt 0.694352 0.732898
vt 0.691880 0.732877
vt 0.985026 0.708033
vt 0.992512 0.708035
vt 0.992512 0.715520
vt 0.985026 0.715518
vt 0.429455 0.419382
vt 0.429455 0.425570
vt 0.425707 0.425613
vt 0.425707 0.419424
vt 0.708998 0.268737
vt 0.711489 0.260003
vt 0.035911 0.348062
vt 0.033208 0.350568
vt 0.696546 0.060365
vt 0.701528 0.059117
vt 0.845994 0.266242
vt 0.839767 0.267490
vt 0.170932 0.135816
vt 0.169173 0.135688
vt 0.176850 0.141848
vt 0.177398 0.135685
vt 0.293280 0.013717
vt 0.297028 0.013699
vt 0.687600 0.065355
vt 0.690091 0.051630
vt 0.691880 0.769057
vt 0.663053 0.351234
vt 0.663053 0.335014
vt 0.666794 0.335014
vt 0.666794 0.351234
vt 0.028783 0.345905
vt 0.030586 0.342871
vt 0.839769 0.059117
vt 0.834787 0.060365
vt 0.701300 0.047887
vt 0.701376 0.052878
vt 0.920155 0.774135
vt 0.903937 0.822786
vt 0.903937 0.807815
vt 0.913917 0.807818
vt 0.913917 0.822789
vt 0.836571 0.878907
vt 0.836571 0.870174
vt 0.844056 0.870176
vt 0.844056 0.878909
vt 0.935125 0.911373
vt 0.935125 0.921353
vt 0.920155 0.921349
vt 0.920155 0.911368
vt 0.530565 0.775198
vt 0.528075 0.775198
vt 0.526829 0.771455
vt 0.530565 0.771455
vt 0.971304 0.715514
vt 0.971304 0.708029
vt 0.064099 0.867775
vt 0.660601 0.335012
vt 0.660601 0.351233
vt 0.378056 0.403491
vt 0.378309 0.396009
vt 0.660601 0.177797
vt 0.663053 0.177799
vt 0.903937 0.766645
vt 0.903937 0.770387
vt 0.891462 0.770384
vt 0.891462 0.766641
vt 0.713754 0.051630
vt 0.710094 0.055374
vt 0.837818 0.533329
vt 0.845303 0.533331
vt 0.837818 0.544557
vt 0.081321 0.036030
vt 0.083081 0.036131
vt 0.082847 0.045313
vt 0.081087 0.045212
vt 0.936373 0.749188
vt 0.936373 0.766654
vt 0.682543 0.016693
vt 0.142117 0.457242
vt 0.145581 0.456577
vt 0.143504 0.459662
vt 0.398448 0.737844
vt 0.400076 0.737166
vt 0.158384 0.147672
vt 0.159081 0.140489
vt 0.160651 0.141293
vt 0.161435 0.147522
vt 0.119898 0.055520
vt 0.121804 0.054713
vt 0.136538 0.244711
vt 0.135290 0.249693
vt 0.132795 0.248372
vt 0.132795 0.244711
vt 0.799546 0.409553
vt 0.802333 0.413077
vt 0.797598 0.415479
vt 0.794821 0.411939
vt 0.657716 0.619601
vt 0.654050 0.619641
vt 0.150767 0.455503
vt 0.146620 0.452800
vt 0.151802 0.451697
vt 0.647627 0.700725
vt 0.146616 0.448303
vt 0.141426 0.449346
vt 0.142461 0.445539
vt 0.131940 0.467253
vt 0.126517 0.466925
vt 0.126517 0.463278
vt 0.131940 0.463606
vt 0.617139 0.690151
vt 0.615310 0.690897
vt 0.757425 0.415483
vt 0.758251 0.410891
vt 0.762873 0.413711
vt 0.800384 0.419002
vt 0.805499 0.415431
vt 0.803550 0.421357
vt 0.090994 0.450197
vt 0.092753 0.450121
vt 0.093635 0.459586
vt 0.091876 0.459662
vt 0.294936 0.729355
vt 0.302422 0.729355
vt 0.182325 0.102156
vt 0.182976 0.100218
vt 0.188462 0.106515
vt 0.187811 0.108454
vt 0.413690 0.587799
vt 0.415682 0.588264
vt 0.492592 0.739355
vt 0.492546 0.736855
vt 0.500028 0.740597
vt 0.498826 0.743097
vt 0.899869 0.012012
vt 0.901239 0.009492
vt 0.343489 0.786033
vt 0.344695 0.786273
vt 0.425715 0.414391
vt 0.429462 0.414348
vt 0.269996 0.461795
vt 0.272982 0.465818
vt 0.271477 0.470088
vt 0.268490 0.466065
vt 0.179703 0.398658
vt 0.179703 0.394055
vt 0.181595 0.398077
vt 0.741758 0.823985
vt 0.734273 0.818993
vt 0.666794 0.428594
vt 0.666794 0.436080
vt 0.664300 0.436080
vt 0.664300 0.428594
vt 0.915502 0.404358
vt 0.914790 0.399134
vt 0.916536 0.398904
vt 0.917249 0.404129
vt 0.983779 0.961290
vt 0.983779 0.970023
vt 0.970056 0.970019
vt 0.970056 0.961286
vt 0.995007 0.961294
vt 0.995007 0.951313
vt 0.998772 0.951294
vt 0.998772 0.961275
vt 0.694307 0.812783
vt 0.694307 0.819021
vt 0.687600 0.024180
vt 0.682543 0.024180
vt 0.187572 0.129887
vt 0.189237 0.130469
vt 0.186375 0.138037
vt 0.184710 0.137455
vt 0.097643 0.222407
vt 0.099402 0.222329
vt 0.099312 0.236289
vt 0.097553 0.236368
vt 0.483444 0.591047
vt 0.178986 0.152592
vt 0.180651 0.153173
vt 0.177073 0.162634
vt 0.175408 0.162052
vt 0.985026 0.747955
vt 0.992512 0.747957
vt 0.839538 0.286205
vt 0.827084 0.294939
vt 0.043790 0.465872
vt 0.042767 0.460830
vt 0.044051 0.459634
vt 0.045037 0.465927
vt 0.001714 0.865323
vt 0.985026 0.694309
vt 0.992512 0.694312
vt 0.509644 0.635550
vt 0.790412 0.646844
vt 0.790412 0.620645
vt 0.805382 0.620649
vt 0.805382 0.646848
vt 0.329115 0.880282
vt 0.329115 0.875301
vt 0.336601 0.875377
vt 0.336602 0.879113
vt 0.178246 0.422867
vt 0.179291 0.420397
vt 0.181595 0.424162
vt 0.180593 0.425613
vt 0.709323 0.951228
vt 0.709323 0.961209
vt 0.655906 0.320066
vt 0.656863 0.320066
vt 0.656863 0.335038
vt 0.655906 0.335038
vt 0.685030 0.319894
vt 0.021676 0.867775
vt 0.031659 0.879040
vt 0.133359 0.256158
vt 0.133359 0.258725
vt 0.130863 0.258725
vt 0.130863 0.253744
vt 0.172310 0.418805
vt 0.175985 0.418083
vt 0.175367 0.424165
vt 0.701297 0.293692
vt 0.453445 0.380567
vt 0.452408 0.382368
vt 0.044565 0.522085
vt 0.036992 0.522077
vt 0.037038 0.518338
vt 0.044565 0.518342
vt 0.691880 0.599387
vt 0.689431 0.599346
vt 0.689408 0.593128
vt 0.691880 0.593149
vt 0.687521 0.323637
vt 0.190196 0.112548
vt 0.191861 0.113130
vt 0.192845 0.118329
vt 0.190494 0.116961
vt 0.010447 0.885275
vt 0.882778 0.399344
vt 0.874044 0.398097
vt 0.875292 0.391862
vt 0.884026 0.395603
vt 0.012942 0.867775
vt 0.002004 0.022181
vt 0.003252 0.013448
vt 0.008243 0.015943
vt 0.653040 0.409473
vt 0.654025 0.415038
vt 0.654025 0.421357
vt 0.653040 0.415792
vt 0.006709 0.741868
vt 0.001718 0.743115
vt 0.001719 0.731892
vt 0.006710 0.730645
vt 0.001714 0.875299
vt 0.712505 0.313655
vt 0.705109 0.311160
vt 0.839538 0.314903
vt 0.839538 0.317399
vt 0.827084 0.316151
vt 0.286299 0.629247
vt 0.137210 0.304808
vt 0.138980 0.303845
vt 0.104129 0.640532
vt 0.121597 0.640532
vt 0.721821 0.424735
vt 0.721798 0.427250
vt 0.088582 0.258879
vt 0.086822 0.258800
vt 0.086842 0.252743
vt 0.088602 0.252822
vt 0.170748 0.137900
vt 0.168988 0.137772
vt 0.721798 0.429745
vt 0.721798 0.432240
vt 0.708075 0.432236
vt 0.708075 0.429741
vt 0.805382 0.545795
vt 0.805382 0.568251
vt 0.790412 0.568247
vt 0.790412 0.545790
vt 0.655906 0.177839
vt 0.656863 0.177839
vt 0.656863 0.186573
vt 0.655906 0.186573
vt 0.834785 0.266242
vt 0.833539 0.268737
vt 0.831049 0.260003
vt 0.833540 0.258756
vt 0.145918 0.478012
vt 0.148965 0.478105
vt 0.051628 0.741868
vt 0.065353 0.740621
vt 0.065353 0.755585
vt 0.051627 0.755585
vt 0.767957 0.799041
vt 0.767957 0.807774
vt 0.273723 0.799231
vt 0.837818 0.519605
vt 0.837818 0.495901
vt 0.845303 0.495903
vt 0.845303 0.519607
vt 0.533056 0.797657
vt 0.534302 0.797657
vt 0.534302 0.798905
vt 0.533056 0.798905
vt 0.812140 0.227561
vt 0.812140 0.163927
vt 0.040393 0.879040
vt 0.082587 0.055516
vt 0.080827 0.055415
vt 0.250356 0.386254
vt 0.250352 0.381263
vt 0.985026 0.519649
vt 0.985026 0.533372
vt 0.971304 0.533368
vt 0.970056 0.519644
vt 0.030414 0.799231
vt 0.573319 0.584421
vt 0.573319 0.589411
vt 0.569554 0.589430
vt 0.569554 0.584440
vt 0.683269 0.540457
vt 0.684997 0.541541
vt 0.686656 0.542724
vt 0.681280 0.543366
vt 0.289480 0.593260
vt 0.292254 0.595437
vt 0.287328 0.597277
vt 0.287459 0.592930
vt 0.277465 0.799189
vt 0.277463 0.839093
vt 0.320624 0.168493
vt 0.318128 0.168492
vt 0.284950 0.847822
vt 0.721798 0.951232
vt 0.721798 0.961213
vt 0.045762 0.478459
vt 0.044776 0.472165
vt 0.047269 0.472277
vt 0.048236 0.478565
vt 0.165989 0.553297
vt 0.277466 0.760531
vt 0.666794 0.419860
vt 0.663053 0.419860
vt 0.066679 0.482091
vt 0.856901 0.012950
vt 0.856901 0.016693
vt 0.850750 0.015446
vt 0.850750 0.012950
vt 0.006995 0.341568
vt 0.008243 0.341568
vt 0.008243 0.357787
vt 0.007000 0.357768
vt 0.175917 0.570210
vt 0.169676 0.570011
vt 0.169892 0.563777
vt 0.176176 0.562729
vt 0.680981 0.607732
vt 0.679815 0.610182
vt 0.677824 0.609690
vt 0.679282 0.608207
vt 0.285161 0.333597
vt 0.282694 0.332491
vt 0.285161 0.328633
vt 0.202934 0.031845
vt 0.202934 0.038082
vt 0.200323 0.039352
vt 0.200323 0.031867
vt 0.465715 0.376367
vt 0.464371 0.373938
vt 0.605403 0.373938
vt 0.066002 0.337737
vt 0.654368 0.001927
vt 0.654368 0.002340
vt 0.045483 0.484692
vt 0.047975 0.484803
vt 0.238976 0.166367
vt 0.244199 0.166323
vt 0.305640 0.467277
vt 0.307511 0.466415
vt 0.307860 0.471219
vt 0.305056 0.472431
vt 0.811620 0.620651
vt 0.811620 0.646850
vt 0.664000 0.712735
vt 0.663020 0.707801
vt 0.769795 0.286205
vt 0.727451 0.286205
vt 0.056748 0.918997
vt 0.300766 0.054889
vt 0.300766 0.067365
vt 0.366153 0.662193
vt 0.366155 0.667265
vt 0.946349 0.097133
vt 0.942651 0.096570
vt 0.944448 0.093057
vt 0.948146 0.093620
vt 0.582363 0.801467
vt 0.731755 0.819012
vt 0.796380 0.407198
vt 0.031773 0.702563
vt 0.046745 0.702563
vt 0.046747 0.705099
vt 0.033022 0.705099
vt 0.421357 0.585927
vt 0.416409 0.584277
vt 0.421357 0.582162
vt 0.208550 0.523879
vt 0.206786 0.523869
vt 0.855656 0.006711
vt 0.849505 0.006712
vt 0.851844 0.001720
vt 0.854334 0.002968
vt 0.679746 0.649980
vt 0.682710 0.650701
vt 0.680713 0.656576
vt 0.679023 0.657073
vt 0.996254 0.941333
vt 0.991264 0.951312
vt 0.991264 0.941331
vt 0.013046 0.667265
vt 0.023028 0.667265
vt 0.019292 0.688719
vt 0.015549 0.688719
vt 0.031660 0.842877
vt 0.034154 0.847822
vt 0.285052 0.606373
vt 0.280061 0.607618
vt 0.280062 0.593690
vt 0.283805 0.593690
vt 0.174501 0.153131
vt 0.172743 0.153221
vt 0.835323 0.795319
vt 0.835300 0.795339
vt 0.831581 0.794070
vt 0.325171 0.553660
vt 0.330167 0.566118
vt 0.325166 0.564907
vt 0.174242 0.518339
vt 0.175489 0.522082
vt 0.160526 0.522082
vt 0.160527 0.518339
vt 0.769718 0.324885
vt 0.728619 0.324885
vt 0.137264 0.296723
vt 0.139034 0.295760
vt 0.147497 0.529664
vt 0.148747 0.533407
vt 0.133855 0.533407
vt 0.001714 0.854100
vt 0.174988 0.402667
vt 0.176702 0.403829
vt 0.176361 0.411980
vt 0.174648 0.410818
vt 0.741758 0.861412
vt 0.741758 0.855175
vt 0.754234 0.861416
vt 0.769795 0.227561
vt 0.266718 0.278533
vt 0.266718 0.289761
vt 0.262975 0.289760
vt 0.262975 0.278532
vt 0.727454 0.006712
vt 0.728623 0.001721
vt 0.615713 0.597876
vt 0.616588 0.599403
vt 0.262975 0.266056
vt 0.259232 0.278531
vt 0.259232 0.266055
vt 0.315633 0.169740
vt 0.315633 0.199682
vt 0.663053 0.048034
vt 0.665547 0.048034
vt 0.665547 0.072989
vt 0.663053 0.072989
vt 0.001715 0.839136
vt 0.122667 0.033674
vt 0.124690 0.033310
vt 0.146633 0.058499
vt 0.145296 0.059650
vt 0.280587 0.809787
vt 0.282323 0.810084
vt 0.194635 0.437742
vt 0.192157 0.437467
vt 0.192432 0.434987
vt 0.995007 0.799109
vt 0.996254 0.802852
vt 0.992512 0.806593
vt 0.992512 0.799108
vt 0.207132 0.348716
vt 0.206453 0.350681
vt 0.205123 0.351840
vt 0.205123 0.349126
vt 0.191100 0.436099
vt 0.458196 0.375360
vt 0.460685 0.375286
vt 0.193303 0.293242
vt 0.194543 0.293380
vt 0.293687 0.760531
vt 0.261247 0.755585
vt 0.769795 0.294939
vt 0.727450 0.294939
vt 0.691880 0.454668
vt 0.694352 0.455936
vt 0.359061 0.896625
vt 0.359061 0.894134
vt 0.390254 0.894134
vt 0.390254 0.896625
vt 0.186711 0.518339
vt 0.186711 0.522082
vt 0.274155 0.254840
vt 0.271661 0.254841
vt 0.271661 0.246107
vt 0.274155 0.246106
vt 0.769204 0.429759
vt 0.774194 0.429761
vt 0.774194 0.432256
vt 0.767957 0.432254
vt 0.266718 0.266057
vt 0.812139 0.294939
vt 0.285161 0.414263
vt 0.041364 0.348768
vt 0.042262 0.348368
vt 0.421357 0.392024
vt 0.880455 0.288009
vt 0.882304 0.288889
vt 0.885275 0.292254
vt 0.879915 0.291721
vt 0.047883 0.751802
vt 0.330167 0.134447
vt 0.330167 0.124466
vt 0.337653 0.124467
vt 0.337653 0.134448
vt 0.159378 0.159324
vt 0.159168 0.153900
vt 0.161646 0.152946
vt 0.161432 0.159175
vt 0.103846 0.430177
vt 0.077140 0.041294
vt 0.078029 0.042817
vt 0.077140 0.045399
vt 0.160125 0.287586
vt 0.158365 0.287709
vt 0.160745 0.284015
vt 0.161733 0.285475
vt 0.286202 0.729355
vt 0.286203 0.740621
vt 0.034158 0.751802
vt 0.429791 0.593690
vt 0.438525 0.593690
vt 0.262952 0.323465
vt 0.266718 0.319703
vt 0.266695 0.323466
vt 0.186012 0.016697
vt 0.184248 0.015620
vt 0.188695 0.013366
vt 0.189570 0.014894
vt 0.095054 0.025092
vt 0.095054 0.031330
vt 0.093289 0.031335
vt 0.093289 0.024057
vt 0.010453 0.741868
vt 0.001718 0.756832
vt 0.115124 0.025016
vt 0.116461 0.023864
vt 0.199348 0.335047
vt 0.202876 0.334991
vt 0.201112 0.337111
vt 0.199348 0.337139
vt 0.734273 0.779070
vt 0.079479 0.514598
vt 0.079478 0.518341
vt 0.065762 0.518342
vt 0.065763 0.514599
vt 0.655906 0.119202
vt 0.656863 0.119202
vt 0.656863 0.127935
vt 0.655906 0.127935
vt 0.669632 0.715476
vt 0.664736 0.716446
vt 0.516275 0.826958
vt 0.548716 0.826958
vt 0.548716 0.855602
vt 0.259209 0.323464
vt 0.996254 0.911391
vt 0.996254 0.921372
vt 0.991264 0.921370
vt 0.991264 0.911389
vt 0.540529 0.771454
vt 0.539283 0.771454
vt 0.540529 0.768959
vt 0.991264 0.902656
vt 0.983779 0.911387
vt 0.983779 0.902654
vt 0.303384 0.150167
vt 0.303384 0.087788
vt 0.721822 0.335746
vt 0.690629 0.336993
vt 0.368638 0.573924
vt 0.368638 0.574561
vt 0.356160 0.574561
vt 0.356160 0.573924
vt 0.489511 0.724440
vt 0.491229 0.726686
vt 0.460631 0.732751
vt 0.459155 0.731729
vt 0.131376 0.504501
vt 0.133870 0.505705
vt 0.133870 0.510693
vt 0.131376 0.510736
vt 0.416062 0.662193
vt 0.424797 0.662193
vt 0.424799 0.667265
vt 0.416065 0.667265
vt 0.359060 0.813182
vt 0.390253 0.811937
vt 0.721822 0.344475
vt 0.879038 0.332048
vt 0.871551 0.330758
vt 0.315643 0.207132
vt 0.312093 0.055374
vt 0.312048 0.046681
vt 0.350326 0.815673
vt 0.054540 0.518342
vt 0.054540 0.522085
vt 0.307057 0.252529
vt 0.303315 0.251281
vt 0.151371 0.439070
vt 0.462330 0.734913
vt 0.455471 0.738816
vt 0.452548 0.736896
vt 0.681894 0.336993
vt 0.913917 0.544579
vt 0.915165 0.568284
vt 0.905185 0.568281
vt 0.905185 0.544577
vt 0.548717 0.883001
vt 0.240132 0.645513
vt 0.262592 0.645513
vt 0.342840 0.831787
vt 0.556203 0.829372
vt 0.556203 0.855526
vt 0.663053 0.423603
vt 0.666794 0.423603
vt 0.882729 0.775371
vt 0.882729 0.780362
vt 0.875244 0.780360
vt 0.876491 0.775370
vt 0.885274 0.389368
vt 0.681892 0.399344
vt 0.143315 0.321994
vt 0.144436 0.321490
vt 0.811620 0.902603
vt 0.811620 0.911336
vt 0.638719 0.668701
vt 0.643710 0.668702
vt 0.643728 0.672468
vt 0.638738 0.672467
vt 0.322047 0.497082
vt 0.322047 0.500805
vt 0.320823 0.500777
vt 0.320800 0.497074
vt 0.346583 0.823145
vt 0.180138 0.556606
vt 0.179922 0.562841
vt 0.451545 0.744679
vt 0.450089 0.743740
vt 0.741758 0.578213
vt 0.741758 0.586946
vt 0.735521 0.584449
vt 0.734273 0.575715
vt 0.346583 0.826882
vt 0.346583 0.824391
vt 0.684246 0.895071
vt 0.681780 0.895206
vt 0.201815 0.951746
vt 0.199096 0.951955
vt 0.198813 0.947370
vt 0.201532 0.947161
vt 0.451291 0.749815
vt 0.448843 0.750300
vt 0.344087 0.828127
vt 0.676649 0.095275
vt 0.676649 0.107752
vt 0.674234 0.107753
vt 0.674234 0.095275
vt 0.562442 0.829296
vt 0.014331 0.946456
vt 0.014351 0.943983
vt 0.682543 0.031666
vt 0.563689 0.830542
vt 0.194405 0.283322
vt 0.193142 0.011112
vt 0.194907 0.010050
vt 0.195782 0.012647
vt 0.194018 0.012639
vt 0.627154 0.642692
vt 0.630681 0.642752
vt 0.476686 0.717163
vt 0.476687 0.723466
vt 0.474191 0.723542
vt 0.474191 0.717239
vt 0.160373 0.450943
vt 0.166442 0.449034
vt 0.448347 0.754212
vt 0.446141 0.755921
vt 0.446386 0.750744
vt 0.302423 0.718132
vt 0.311157 0.718132
vt 0.320180 0.002219
vt 0.328914 0.002219
vt 0.326419 0.007210
vt 0.322675 0.007209
vt 0.500073 0.750584
vt 0.502521 0.749331
vt 0.502521 0.786763
vt 0.500073 0.786768
vt 0.710091 0.271233
vt 0.847086 0.311160
vt 0.850747 0.313655
vt 0.839614 0.312408
vt 0.681723 0.863922
vt 0.346583 0.833109
vt 0.851992 0.304921
vt 0.849577 0.304921
vt 0.160527 0.514596
vt 0.120626 0.518340
vt 0.120626 0.514597
vt 0.881326 0.153734
vt 0.883219 0.154496
vt 0.880853 0.157342
vt 0.879906 0.156961
vt 0.271661 0.289777
vt 0.274155 0.289777
vt 0.271661 0.303502
vt 0.238898 0.705099
vt 0.238897 0.701316
vt 0.262604 0.701316
vt 0.262605 0.705099
vt 0.894538 0.159155
vt 0.325171 0.532451
vt 0.330167 0.532433
vt 0.325171 0.542432
vt 0.913917 0.533351
vt 0.920155 0.533353
vt 0.920155 0.544581
vt 0.891462 0.429796
vt 0.891462 0.432291
vt 0.883977 0.432289
vt 0.883977 0.429793
vt 0.665547 0.099191
vt 0.663053 0.099191
vt 0.456363 0.775420
vt 0.452953 0.777453
vt 0.451279 0.756173
vt 0.147204 0.081353
vt 0.148965 0.084482
vt 0.148965 0.095699
vt 0.147204 0.100728
vt 0.212696 0.705099
vt 0.070890 0.252329
vt 0.072354 0.251349
vt 0.072354 0.259329
vt 0.069222 0.259624
vt 0.059251 0.349694
vt 0.061004 0.349500
vt 0.061004 0.466988
vt 0.059381 0.468174
vt 0.200587 0.935622
vt 0.200887 0.931731
vt 0.131636 0.471911
vt 0.127920 0.472029
vt 0.206385 0.912433
vt 0.210333 0.912710
vt 0.854036 0.790334
vt 0.854036 0.780353
vt 0.894871 0.154595
vt 0.896625 0.154403
vt 0.676481 0.711532
vt 0.675752 0.714263
vt 0.329115 0.837938
vt 0.985026 0.596999
vt 0.971304 0.596994
vt 0.971304 0.587014
vt 0.054541 0.514599
vt 0.790412 0.533314
vt 0.805382 0.533319
vt 0.087014 0.312549
vt 0.835323 0.780348
vt 0.901110 0.126778
vt 0.276649 0.289777
vt 0.835323 0.785338
vt 0.830333 0.786584
vt 0.293280 0.034927
vt 0.200204 0.432863
vt 0.098461 0.095766
vt 0.100226 0.094691
vt 0.100123 0.110645
vt 0.098364 0.110724
vt 0.038542 0.496668
vt 0.936373 0.519634
vt 0.936373 0.533358
vt 0.920155 0.519630
vt 0.350326 0.829372
vt 0.688069 0.578237
vt 0.690564 0.578238
vt 0.690564 0.584476
vt 0.688069 0.584475
vt 0.216734 0.916788
vt 0.948251 0.101209
vt 0.947018 0.101021
vt 0.947394 0.098554
vt 0.948627 0.098742
vt 0.342840 0.880358
vt 0.308948 0.034306
vt 0.310698 0.034078
vt 0.577415 0.880282
vt 0.300037 0.536055
vt 0.297541 0.536054
vt 0.709323 0.969942
vt 0.898306 0.303719
vt 0.903296 0.303719
vt 0.903309 0.414772
vt 0.898318 0.414772
vt 0.246856 0.424356
vt 0.246856 0.428451
vt 0.244206 0.427964
vt 0.244206 0.423870
vt 0.177243 0.348667
vt 0.178999 0.348810
vt 0.622814 0.692331
vt 0.620174 0.691865
vt 0.916709 0.197950
vt 0.915939 0.195341
vt 0.917701 0.195421
vt 0.918513 0.196987
vt 0.209988 0.907144
vt 0.212097 0.905376
vt 0.213418 0.908648
vt 0.218671 0.912237
vt 0.934187 0.320902
vt 0.935434 0.317159
vt 0.935480 0.325897
vt 0.934233 0.325898
vt 0.516866 0.731527
vt 0.516866 0.798905
vt 0.515620 0.800153
vt 0.514375 0.796409
vt 0.379564 0.713254
vt 0.380811 0.709511
vt 0.382058 0.710759
vt 0.380811 0.713254
vt 0.189448 0.282772
vt 0.083847 0.507724
vt 0.086541 0.507995
vt 0.086541 0.510736
vt 0.083885 0.510309
vt 0.165989 0.139034
vt 0.164656 0.137880
vt 0.163987 0.135873
vt 0.165989 0.136301
vt 0.379564 0.758172
vt 0.380811 0.758173
vt 0.069467 0.479129
vt 0.070919 0.478141
vt 0.741758 0.766597
vt 0.741758 0.749131
vt 0.754234 0.749134
vt 0.754234 0.766600
vt 0.849732 0.099045
vt 0.847241 0.099045
vt 0.195692 0.159186
vt 0.200323 0.301310
vt 0.204175 0.302538
vt 0.130684 0.322559
vt 0.133359 0.322985
vt 0.836571 0.860193
vt 0.840313 0.858947
vt 0.847239 0.268737
vt 0.839767 0.271233
vt 0.716762 0.812790
vt 0.716762 0.819028
vt 0.382058 0.712006
vt 0.565437 0.345467
vt 0.564258 0.345058
vt 0.566317 0.339194
vt 0.567484 0.339575
vt 0.261248 0.740621
vt 0.837818 0.568261
vt 0.837818 0.576994
vt 0.694352 0.809000
vt 0.691880 0.808979
vt 0.395775 0.712007
vt 0.395775 0.714502
vt 0.252829 0.353816
vt 0.252873 0.350033
vt 0.255368 0.350032
vt 0.255325 0.353815
vt 0.264463 0.536842
vt 0.266220 0.536727
vt 0.266248 0.538721
vt 0.264492 0.538836
vt 0.515620 0.771455
vt 0.514375 0.771455
vt 0.514375 0.768959
vt 0.286188 0.552290
vt 0.287435 0.552291
vt 0.827087 0.015446
vt 0.666906 0.733814
vt 0.673026 0.732601
vt 0.845326 0.424772
vt 0.845303 0.427287
vt 0.837818 0.427285
vt 0.837841 0.424769
vt 0.390787 0.710759
vt 0.379564 0.754429
vt 0.996254 0.715522
vt 0.998772 0.715502
vt 0.998772 0.732968
vt 0.996254 0.732988
vt 0.166549 0.226930
vt 0.168312 0.226918
vt 0.168391 0.228958
vt 0.133359 0.425092
vt 0.132507 0.425581
vt 0.122413 0.509480
vt 0.122413 0.510727
vt 0.121172 0.510724
vt 0.121172 0.509477
vt 0.519357 0.798905
vt 0.519357 0.800153
vt 0.168827 0.264146
vt 0.274967 0.867775
vt 0.384552 0.709511
vt 0.262952 0.010323
vt 0.266695 0.010324
vt 0.525584 0.798905
vt 0.524338 0.798905
vt 0.524338 0.797657
vt 0.525584 0.797657
vt 0.663053 0.573331
vt 0.663095 0.574578
vt 0.660601 0.574578
vt 0.660601 0.572082
vt 0.050241 0.120352
vt 0.050241 0.110371
vt 0.062893 0.110386
vt 0.062893 0.120368
vt 0.164786 0.226942
vt 0.191471 0.635550
vt 0.213930 0.635550
vt 0.213930 0.640532
vt 0.655906 0.210277
vt 0.656863 0.210277
vt 0.656863 0.235229
vt 0.655906 0.235229
vt 0.521847 0.798905
vt 0.520602 0.797657
vt 0.521847 0.797657
vt 0.097759 0.204458
vt 0.099518 0.204380
vt 0.985026 0.799106
vt 0.985026 0.806591
vt 0.970056 0.806587
vt 0.970056 0.799101
vt 0.062893 0.089175
vt 0.066679 0.089179
vt 0.066679 0.105399
vt 0.062893 0.104148
vt 0.953182 0.101960
vt 0.954790 0.099680
vt 0.954414 0.102147
vt 0.714244 0.885169
vt 0.716739 0.887664
vt 0.711749 0.887663
vt 0.950716 0.101584
vt 0.952325 0.099305
vt 0.674234 0.165149
vt 0.671743 0.165149
vt 0.671743 0.157662
vt 0.674234 0.157662
vt 0.380853 0.740703
vt 0.380853 0.738207
vt 0.382100 0.738207
vt 0.347584 0.744865
vt 0.767957 0.455958
vt 0.774194 0.455960
vt 0.774194 0.472178
vt 0.767957 0.472177
vt 0.166612 0.175920
vt 0.165646 0.172375
vt 0.167408 0.172375
vt 0.343374 0.770438
vt 0.343179 0.773589
vt 0.167637 0.163320
vt 0.165878 0.163192
vt 0.540529 0.796409
vt 0.539283 0.800152
vt 0.539283 0.796409
vt 0.389863 0.593690
vt 0.402338 0.635550
vt 0.402339 0.627925
vt 0.996254 0.432322
vt 0.991264 0.432320
vt 0.991264 0.429825
vt 0.301280 0.512368
vt 0.301280 0.532330
vt 0.313654 0.713187
vt 0.313652 0.718132
vt 0.530565 0.795162
vt 0.526829 0.795162
vt 0.953121 0.094382
vt 0.950656 0.094007
vt 0.956211 0.065824
vt 0.343994 0.745760
vt 0.345822 0.744787
vt 0.255341 0.378767
vt 0.252846 0.378767
vt 0.103065 0.426329
vt 0.104442 0.425226
vt 0.516866 0.797657
vt 0.097545 0.486618
vt 0.250334 0.353817
vt 0.250378 0.350034
vt 0.303775 0.512369
vt 0.305023 0.512369
vt 0.305023 0.532330
vt 0.303775 0.532330
vt 0.097545 0.480379
vt 0.099310 0.481415
vt 0.097545 0.481419
vt 0.536716 0.796409
vt 0.538038 0.795161
vt 0.008243 0.361530
vt 0.006995 0.361529
vt 0.405751 0.713255
vt 0.330167 0.105752
vt 0.337653 0.105753
vt 0.397187 0.579970
vt 0.394297 0.582349
vt 0.393505 0.581386
vt 0.396424 0.579012
vt 0.535547 0.800152
vt 0.251112 0.502385
vt 0.251112 0.505061
vt 0.250072 0.504865
vt 0.249146 0.502050
vt 0.305023 0.536073
vt 0.538038 0.773950
vt 0.539283 0.773950
vt 0.516866 0.771455
vt 0.660601 0.359967
vt 0.660601 0.354976
vt 0.663053 0.354977
vt 0.663053 0.359968
vt 0.189310 0.284012
vt 0.183114 0.283324
vt 0.183252 0.282084
vt 0.203241 0.466769
vt 0.204294 0.466583
vt 0.204294 0.469264
vt 0.202343 0.469593
vt 0.329115 0.855374
vt 0.545641 0.790391
vt 0.548136 0.790392
vt 0.571664 0.410007
vt 0.571740 0.407512
vt 0.617652 0.830502
vt 0.620147 0.830502
vt 0.620148 0.850464
vt 0.617652 0.850464
vt 0.674234 0.218801
vt 0.676649 0.218801
vt 0.676649 0.221297
vt 0.674234 0.221297
vt 0.255368 0.327266
vt 0.255368 0.335998
vt 0.674234 0.140194
vt 0.671743 0.140194
vt 0.671743 0.131460
vt 0.674234 0.131460
vt 0.676649 0.256233
vt 0.674234 0.256234
vt 0.674234 0.241261
vt 0.676649 0.241260
vt 0.877739 0.429792
vt 0.877739 0.432287
vt 0.095054 0.191445
vt 0.093289 0.191449
vt 0.093289 0.185211
vt 0.095054 0.185206
vt 0.940158 0.075106
vt 0.941921 0.075139
vt 0.941791 0.080394
vt 0.940027 0.080361
vt 0.015042 0.562280
vt 0.017533 0.562326
vt 0.573319 0.578183
vt 0.379878 0.653463
vt 0.369896 0.653463
vt 0.369897 0.650970
vt 0.379878 0.650970
vt 0.122413 0.503242
vt 0.123654 0.503245
vt 0.123654 0.504493
vt 0.122413 0.504490
vt 0.850750 0.031666
vt 0.856901 0.031666
vt 0.856901 0.040400
vt 0.850750 0.040401
vt 0.066332 0.489455
vt 0.065356 0.489306
vt 0.065008 0.488295
vt 0.066679 0.487728
vt 0.523093 0.798905
vt 0.524338 0.800153
vt 0.523093 0.800153
vt 0.021679 0.841630
vt 0.220104 0.908873
vt 0.226994 0.911803
vt 0.395775 0.710759
vt 0.397022 0.710759
vt 0.397022 0.712007
vt 0.855283 0.961252
vt 0.845303 0.969982
vt 0.845303 0.961249
vt 0.099043 0.710692
vt 0.789165 0.766611
vt 0.789165 0.770353
vt 0.774194 0.770349
vt 0.774194 0.766606
vt 0.077313 0.057921
vt 0.076356 0.058167
vt 0.076356 0.057489
vt 0.077121 0.057417
vt 0.077496 0.057446
vt 0.076356 0.055512
vt 0.076726 0.055633
vt 0.076605 0.056123
vt 0.076356 0.056100
vt 0.168827 0.106887
vt 0.168375 0.107822
vt 0.167330 0.107822
vt 0.167271 0.106061
vt 0.293673 0.552293
vt 0.292426 0.552292
vt 0.983779 0.427328
vt 0.983779 0.429823
vt 0.970056 0.429819
vt 0.970056 0.427324
vt 0.117408 0.249693
vt 0.117408 0.247601
vt 0.119172 0.247573
vt 0.119172 0.249665
vt 0.091870 0.261140
vt 0.092748 0.259610
vt 0.093635 0.260096
vt 0.093635 0.261135
vt 0.676649 0.173883
vt 0.676649 0.182617
vt 0.674234 0.182617
vt 0.674234 0.173883
vt 0.021281 0.561034
vt 0.021281 0.562281
vt 0.020033 0.562280
vt 0.020033 0.561033
vt 0.767957 0.779080
vt 0.767957 0.775337
vt 0.036886 0.014642
vt 0.124895 0.504496
vt 0.093635 0.255336
vt 0.091871 0.255368
vt 0.122413 0.506985
vt 0.655906 0.031100
vt 0.656863 0.030622
vt 0.656863 0.048089
vt 0.655906 0.048089
vt 0.782959 0.404332
vt 0.723067 0.404332
vt 0.137581 0.162337
vt 0.998772 0.432302
vt 0.998772 0.441035
vt 0.996254 0.441055
vt 0.643373 0.795804
vt 0.644557 0.791463
vt 0.649310 0.793830
vt 0.300422 0.385617
vt 0.302185 0.385589
vt 0.302185 0.387681
vt 0.300422 0.387709
vt 0.064140 0.324996
vt 0.062893 0.328739
vt 0.767957 0.749138
vt 0.774194 0.749140
vt 0.767957 0.766604
vt 0.154300 0.010507
vt 0.156058 0.010417
vt 0.156058 0.026372
vt 0.154300 0.026462
vt 0.588765 0.342782
vt 0.588765 0.358934
vt 0.587005 0.358861
vt 0.587005 0.342709
vt 0.167585 0.445475
vt 0.167639 0.441801
vt 0.169331 0.442289
vt 0.379564 0.734465
vt 0.380811 0.734466
vt 0.379564 0.738209
vt 0.266718 0.102625
vt 0.266718 0.167499
vt 0.392034 0.709511
vt 0.392034 0.710759
vt 0.390787 0.709511
vt 0.460195 0.584671
vt 0.460195 0.585919
vt 0.458954 0.585916
vt 0.458954 0.584668
vt 0.013794 0.561033
vt 0.013794 0.559786
vt 0.584680 0.466039
vt 0.584680 0.464798
vt 0.548136 0.724270
vt 0.550631 0.724271
vt 0.153395 0.501618
vt 0.153396 0.504112
vt 0.150900 0.504112
vt 0.150900 0.501618
vt 0.167617 0.425445
vt 0.169444 0.424514
vt 0.170101 0.428167
vt 0.165659 0.428451
vt 0.526829 0.797657
vt 0.544393 0.791638
vt 0.148405 0.504112
vt 0.148404 0.501618
vt 0.620147 0.829254
vt 0.621395 0.828007
vt 0.540529 0.773950
vt 0.844056 0.734190
vt 0.854036 0.734193
vt 0.854036 0.749164
vt 0.844056 0.749161
vt 0.178060 0.443891
vt 0.177086 0.444056
vt 0.613909 0.828006
vt 0.615157 0.829254
vt 0.615157 0.830502
vt 0.617652 0.854206
vt 0.313654 0.710692
vt 0.389540 0.709511
vt 0.388293 0.709511
vt 0.811643 0.424762
vt 0.811620 0.427277
vt 0.805382 0.427275
vt 0.805405 0.424760
vt 0.913917 0.519628
vt 0.913917 0.495924
vt 0.920155 0.495926
vt 0.250348 0.375026
vt 0.252843 0.375025
vt 0.250351 0.378768
vt 0.325166 0.014713
vt 0.330167 0.023410
vt 0.325166 0.023447
vt 0.569554 0.578202
vt 0.812868 0.774103
vt 0.814115 0.775351
vt 0.805382 0.775349
vt 0.805382 0.774101
vt 0.892709 0.586991
vt 0.892709 0.596971
vt 0.883977 0.596969
vt 0.883977 0.586988
vt 0.996254 0.878954
vt 0.996254 0.890182
vt 0.991264 0.890181
vt 0.991264 0.878952
vt 0.643531 0.451150
vt 0.643531 0.446162
vt 0.649769 0.446161
vt 0.649769 0.451149
vt 0.330167 0.309112
vt 0.325166 0.309148
vt 0.324991 0.701316
vt 0.324986 0.688676
vt 0.339959 0.688676
vt 0.339964 0.701316
vt 0.164570 0.291858
vt 0.164050 0.296009
vt 0.162297 0.295818
vt 0.162817 0.291667
vt 0.530565 0.797657
vt 0.620147 0.856702
vt 0.620147 0.854207
vt 0.531811 0.798905
vt 0.531811 0.800152
vt 0.530565 0.800152
vt 0.530565 0.798905
vt 0.140978 0.278650
vt 0.141115 0.277410
vt 0.146073 0.277960
vt 0.145935 0.279200
vt 0.017533 0.572301
vt 0.276649 0.246106
vt 0.276649 0.254840
vt 0.617652 0.829254
vt 0.917515 0.046305
vt 0.915756 0.046207
vt 0.293276 0.289438
vt 0.297024 0.289420
vt 0.915669 0.052263
vt 0.915698 0.050244
vt 0.917457 0.050342
vt 0.917428 0.052361
vt 0.877739 0.495913
vt 0.883977 0.495915
vt 0.883977 0.519619
vt 0.877739 0.519617
vt 0.191470 0.650969
vt 0.191470 0.653464
vt 0.302185 0.388727
vt 0.401968 0.779386
vt 0.125919 0.351840
vt 0.125919 0.346642
vt 0.127684 0.346637
vt 0.127684 0.351836
vt 0.302185 0.383497
vt 0.300422 0.383525
vt 0.302185 0.382452
vt 0.383262 0.713255
vt 0.382058 0.714502
vt 0.382058 0.758173
vt 0.158921 0.218050
vt 0.160314 0.219133
vt 0.767957 0.646837
vt 0.767957 0.620638
vt 0.774194 0.620640
vt 0.774194 0.646839
vt 0.403257 0.735714
vt 0.199348 0.436496
vt 0.985026 0.688072
vt 0.992512 0.688074
vt 0.790412 0.921310
vt 0.387046 0.709511
vt 0.526829 0.798905
vt 0.531811 0.797657
vt 0.240132 0.657205
vt 0.240132 0.653464
vt 0.262591 0.653464
vt 0.262591 0.657205
vt 0.168549 0.233037
vt 0.168747 0.238136
vt 0.970056 0.472237
vt 0.970056 0.495940
vt 0.952591 0.495935
vt 0.952591 0.472231
vt 0.158945 0.461086
vt 0.660601 0.127888
vt 0.660601 0.119154
vt 0.663053 0.119155
vt 0.663053 0.127889
vt 0.325171 0.134465
vt 0.330167 0.163142
vt 0.325171 0.163160
vt 0.015042 0.563527
vt 0.017533 0.563573
vt 0.020033 0.567268
vt 0.917399 0.054380
vt 0.915640 0.054282
vt 0.903937 0.472217
vt 0.903937 0.495921
vt 0.891462 0.495917
vt 0.891462 0.472213
vt 0.614640 0.647859
vt 0.617135 0.647858
vt 0.617136 0.650354
vt 0.614640 0.650354
vt 0.970079 0.424809
vt 0.656523 0.386729
vt 0.657510 0.385266
vt 0.658282 0.386852
vt 0.657391 0.387308
vt 0.617136 0.652849
vt 0.614640 0.652849
vt 0.271661 0.313484
vt 0.070590 0.024224
vt 0.070590 0.017808
vt 0.072354 0.017816
vt 0.072354 0.024232
vt 0.534226 0.797657
vt 0.020033 0.563527
vt 0.276649 0.323465
vt 0.276649 0.320970
vt 0.123509 0.024493
vt 0.124518 0.024643
vt 0.070590 0.046681
vt 0.072354 0.046689
vt 0.072354 0.052036
vt 0.070590 0.052028
vt 0.171844 0.077889
vt 0.170605 0.078029
vt 0.170464 0.076789
vt 0.173083 0.077748
vt 0.075144 0.134009
vt 0.076610 0.135381
vt 0.075144 0.137615
vt 0.953746 0.098259
vt 0.955587 0.094757
vt 0.956211 0.098634
vt 0.017625 0.467893
vt 0.018443 0.468446
vt 0.285161 0.281054
vt 0.285161 0.289786
vt 0.282679 0.289780
vt 0.282679 0.281048
vt 0.321936 0.481184
vt 0.320173 0.481132
vt 0.320285 0.479112
vt 0.322047 0.479164
vt 0.680370 0.731145
vt 0.195782 0.475748
vt 0.021281 0.568515
vt 0.021281 0.567268
vt 0.112607 0.317791
vt 0.111732 0.317333
vt 0.111732 0.316264
vt 0.113497 0.316271
vt 0.091870 0.263219
vt 0.093635 0.263215
vt 0.093635 0.265294
vt 0.091870 0.265299
vt 0.526829 0.800153
vt 0.694352 0.593170
vt 0.694352 0.599407
vt 0.452640 0.811937
vt 0.452640 0.814427
vt 0.280197 0.302248
vt 0.282679 0.302254
vt 0.649393 0.907087
vt 0.651146 0.907271
vt 0.289930 0.575995
vt 0.287435 0.575995
vt 0.287435 0.554786
vt 0.289930 0.554787
vt 0.259232 0.289759
vt 0.350326 0.855526
vt 0.436303 0.584671
vt 0.440026 0.585928
vt 0.436303 0.585919
vt 0.828406 0.261251
vt 0.363660 0.593690
vt 0.147153 0.504158
vt 0.148401 0.507898
vt 0.147153 0.507898
vt 0.817858 0.822760
vt 0.804135 0.822756
vt 0.167765 0.606373
vt 0.170260 0.603882
vt 0.176499 0.603882
vt 0.176499 0.607618
vt 0.588931 0.591918
vt 0.591602 0.592369
vt 0.630096 0.737322
vt 0.630389 0.736402
vt 0.633367 0.735712
vt 0.634164 0.739148
vt 0.083704 0.197201
vt 0.081847 0.189255
vt 0.083704 0.188397
vt 0.882729 0.974984
vt 0.884000 0.977459
vt 0.877762 0.977457
vt 0.877739 0.974982
vt 0.925143 0.344694
vt 0.921616 0.344776
vt 0.921588 0.340820
vt 0.925060 0.339663
vt 0.243207 0.525236
vt 0.245055 0.526094
vt 0.246856 0.546013
vt 0.245102 0.546203
vt 0.638731 0.600064
vt 0.727990 0.819031
vt 0.726742 0.814040
vt 0.661373 0.671558
vt 0.661419 0.667819
vt 0.259209 0.010322
vt 0.407329 0.640532
vt 0.407329 0.635550
vt 0.416063 0.635550
vt 0.416064 0.640532
vt 0.789165 0.822752
vt 0.789165 0.838970
vt 0.774194 0.838966
vt 0.774194 0.823995
vt 0.017356 0.399968
vt 0.019318 0.402973
vt 0.017356 0.413117
vt 0.238886 0.607618
vt 0.238887 0.593690
vt 0.262594 0.593690
vt 0.262593 0.607618
vt 0.395775 0.709511
vt 0.249163 0.077768
vt 0.252886 0.077777
vt 0.252886 0.095241
vt 0.249163 0.095232
vt 0.805382 0.969970
vt 0.397022 0.783128
vt 0.395775 0.783128
vt 0.563283 0.574573
vt 0.563283 0.573935
vt 0.204175 0.177796
vt 0.217103 0.177713
vt 0.217103 0.185197
vt 0.458954 0.578431
vt 0.708075 0.472159
vt 0.708075 0.495863
vt 0.170453 0.587337
vt 0.170453 0.582346
vt 0.177939 0.582347
vt 0.177939 0.587337
vt 0.050241 0.167766
vt 0.028769 0.167743
vt 0.028769 0.144036
vt 0.050241 0.145307
vt 0.756729 0.969956
vt 0.744254 0.969952
vt 0.585927 0.473482
vt 0.584680 0.472244
vt 0.585927 0.472241
vt 0.636899 0.574577
vt 0.623174 0.574576
vt 0.623174 0.573939
vt 0.636899 0.573939
vt 0.655906 0.567092
vt 0.656863 0.567092
vt 0.656863 0.572083
vt 0.655906 0.572083
vt 0.339953 0.593690
vt 0.918907 0.432299
vt 0.918907 0.441032
vt 0.912670 0.432297
vt 0.719303 0.646823
vt 0.719303 0.670527
vt 0.694352 0.670519
vt 0.694352 0.646815
vt 0.674234 0.477083
vt 0.676649 0.477083
vt 0.339953 0.667265
vt 0.356174 0.667265
vt 0.356180 0.688676
vt 0.503813 0.466745
vt 0.505061 0.467990
vt 0.503813 0.478105
vt 0.918373 0.200038
vt 0.919324 0.198553
vt 0.654025 0.404332
vt 0.653622 0.400631
vt 0.654025 0.390796
vt 0.206479 0.338055
vt 0.207214 0.336454
vt 0.183986 0.602560
vt 0.183986 0.606373
vt 0.182738 0.603882
vt 0.665547 0.117907
vt 0.666794 0.127889
vt 0.263106 0.930451
vt 0.263148 0.914229
vt 0.268136 0.914229
vt 0.268136 0.930449
vt 0.096033 0.471701
vt 0.097785 0.472620
vt 0.097759 0.476608
vt 0.096001 0.476687
vt 0.055330 0.453959
vt 0.453987 0.581102
vt 0.096200 0.445774
vt 0.097953 0.446693
vt 0.055330 0.420492
vt 0.694330 0.591942
vt 0.694307 0.589467
vt 0.716762 0.590721
vt 0.240133 0.629247
vt 0.855283 0.694271
vt 0.855283 0.707994
vt 0.051802 0.435190
vt 0.734273 0.646827
vt 0.734273 0.670531
vt 0.240134 0.667265
vt 0.262593 0.667265
vt 0.262599 0.688676
vt 0.238892 0.688676
vt 0.855283 0.586979
vt 0.855283 0.596960
vt 0.844056 0.596957
vt 0.844056 0.586976
vt 0.126976 0.268580
vt 0.125603 0.269688
vt 0.123749 0.267308
vt 0.125467 0.265250
vt 0.832805 0.792843
vt 0.836548 0.794092
vt 0.617652 0.895377
vt 0.673887 0.659083
vt 0.671394 0.669066
vt 0.169011 0.629247
vt 0.160277 0.635550
vt 0.160277 0.629247
vt 0.056183 0.394978
vt 0.452641 0.894210
vt 0.899998 0.005747
vt 0.901369 0.005722
vt 0.902610 0.008220
vt 0.095054 0.040688
vt 0.095054 0.051085
vt 0.093289 0.051089
vt 0.093289 0.039653
vt 0.716762 0.579493
vt 0.718033 0.576978
vt 0.727990 0.579497
vt 0.655906 0.351256
vt 0.656863 0.351257
vt 0.656863 0.354999
vt 0.655906 0.354999
vt 0.550631 0.757956
vt 0.550631 0.762946
vt 0.548136 0.762945
vt 0.548136 0.757955
vt 0.829085 0.790327
vt 0.707600 0.299930
vt 0.707600 0.306169
vt 0.705185 0.304922
vt 0.705185 0.299931
vt 0.617135 0.642868
vt 0.614639 0.642868
vt 0.614638 0.636630
vt 0.617134 0.636630
vt 0.730508 0.578230
vt 0.719303 0.575711
vt 0.440758 0.760845
vt 0.720550 0.545769
vt 0.719303 0.568225
vt 0.710570 0.545767
vt 0.754234 0.707964
vt 0.741758 0.707961
vt 0.087911 0.591047
vt 0.111618 0.591047
vt 0.191473 0.593690
vt 0.212684 0.593690
vt 0.259232 0.055215
vt 0.262975 0.055216
vt 0.720550 0.519570
vt 0.720550 0.533294
vt 0.710570 0.533291
vt 0.709323 0.519567
vt 0.064140 0.029284
vt 0.064140 0.033027
vt 0.050241 0.035507
vt 0.811643 0.977437
vt 0.238976 0.142667
vt 0.463486 0.688719
vt 0.459743 0.688719
vt 0.610425 0.705557
vt 0.551434 0.715979
vt 0.822848 0.865179
vt 0.822848 0.861436
vt 0.046735 0.593614
vt 0.046735 0.591047
vt 0.064204 0.591047
vt 0.062956 0.593614
vt 0.262286 0.517955
vt 0.260365 0.517015
vt 0.261914 0.512854
vt 0.263836 0.513794
vt 0.125343 0.593614
vt 0.122846 0.607618
vt 0.031762 0.593614
vt 0.033010 0.591047
vt 0.540839 0.667265
vt 0.547085 0.688719
vt 0.537103 0.688719
vt 0.238976 0.079048
vt 0.238976 0.096512
vt 0.217103 0.101620
vt 0.217103 0.084156
vt 0.767980 0.977425
vt 0.755504 0.977421
vt 0.172152 0.495580
vt 0.167234 0.496070
vt 0.166821 0.492345
vt 0.171738 0.491855
vt 0.447389 0.742960
vt 0.822848 0.568256
vt 0.822848 0.545800
vt 0.125343 0.591047
vt 0.028018 0.607618
vt 0.042991 0.607618
vt 0.491704 0.729091
vt 0.036753 0.667265
vt 0.054221 0.667265
vt 0.059219 0.688719
vt 0.042999 0.688719
vt 0.217103 0.034260
vt 0.217103 0.049229
vt 0.202934 0.053051
vt 0.028026 0.688719
vt 0.694352 0.575704
vt 0.694352 0.568218
vt 0.660601 0.421106
vt 0.695600 0.432233
vt 0.696847 0.429738
vt 0.691880 0.428469
vt 0.694375 0.427222
vt 0.881459 0.847751
vt 0.882729 0.855216
vt 0.755481 0.429755
vt 0.755481 0.427260
vt 0.825320 0.839001
vt 0.827815 0.847735
vt 0.696870 0.424727
vt 0.843430 0.027924
vt 0.845844 0.029171
vt 0.050241 0.332467
vt 0.804250 0.407198
vt 0.807427 0.409537
vt 0.050241 0.272576
vt 0.028769 0.278791
vt 0.028769 0.263818
vt 0.050241 0.258851
vt 0.021677 0.856552
vt 0.238847 0.342282
vt 0.216844 0.334944
vt 0.115455 0.932114
vt 0.238976 0.237470
vt 0.238976 0.253687
vt 0.217103 0.251311
vt 0.217103 0.235094
vt 0.583261 0.635398
vt 0.244199 0.340962
vt 0.245181 0.343516
vt 0.553314 0.662193
vt 0.565791 0.662193
vt 0.238976 0.287367
vt 0.238976 0.277388
vt 0.244199 0.278591
vt 0.244199 0.288570
vt 0.217103 0.282496
vt 0.217103 0.318671
vt 0.028769 0.288773
vt 0.050241 0.291291
vt 0.050241 0.283805
vt 0.062893 0.280078
vt 0.671585 0.938232
vt 0.675306 0.938113
vt 0.474706 0.662193
vt 0.487184 0.662193
vt 0.062893 0.268848
vt 0.861776 0.158432
vt 0.234513 0.419287
vt 0.238040 0.419282
vt 0.244199 0.297302
vt 0.238976 0.296099
vt 0.694307 0.578239
vt 0.694307 0.584477
vt 0.282679 0.323460
vt 0.280197 0.323454
vt 0.398269 0.710759
vt 0.398269 0.712007
vt 0.010880 0.553297
vt 0.010651 0.545815
vt 0.719303 0.687993
vt 0.734273 0.687997
vt 0.702694 0.309913
vt 0.398269 0.709511
vt 0.397022 0.709511
vt 0.436015 0.574565
vt 0.428529 0.574565
vt 0.428529 0.573928
vt 0.436015 0.573928
vt 0.825842 0.024180
vt 0.646881 0.573940
vt 0.646881 0.574577
vt 0.066679 0.022039
vt 0.066674 0.024118
vt 0.064909 0.024118
vt 0.064915 0.022039
vt 0.666794 0.359968
vt 0.666794 0.363712
vt 0.663053 0.363712
vt 0.756729 0.961223
vt 0.755481 0.951242
vt 0.769204 0.951246
vt 0.769204 0.961227
vt 0.525584 0.800153
vt 0.665547 0.167817
vt 0.665547 0.177799
vt 0.663053 0.169064
vt 0.735521 0.878877
vt 0.301271 0.662193
vt 0.307509 0.662193
vt 0.307512 0.667265
vt 0.301273 0.667265
vt 0.690164 0.261251
vt 0.687598 0.261250
vt 0.102881 0.653464
vt 0.104129 0.650969
vt 0.122844 0.653464
vt 0.121597 0.657205
vt 0.244199 0.117674
vt 0.244199 0.127653
vt 0.238976 0.127697
vt 0.238976 0.118965
vt 0.028769 0.255084
vt 0.204175 0.232682
vt 0.204175 0.248899
vt 0.612144 0.642868
vt 0.612143 0.636630
vt 0.023690 0.263810
vt 0.023690 0.256324
vt 0.028769 0.238863
vt 0.805382 0.855193
vt 0.789165 0.846456
vt 0.297027 0.102279
vt 0.293279 0.102297
vt 0.238976 0.136429
vt 0.217103 0.137795
vt 0.217103 0.130311
vt 0.023690 0.104100
vt 0.023690 0.097862
vt 0.028769 0.097870
vt 0.028769 0.105356
vt 0.285161 0.207456
vt 0.285161 0.213693
vt 0.282679 0.213687
vt 0.282679 0.207450
vt 0.666794 0.374941
vt 0.666794 0.384923
vt 0.664300 0.384923
vt 0.664300 0.376189
vt 0.550460 0.584419
vt 0.546934 0.584509
vt 0.546934 0.577429
vt 0.550460 0.577339
vt 0.569928 0.830542
vt 0.845303 0.951269
vt 0.836571 0.931305
vt 0.744254 0.921297
vt 0.569554 0.817737
vt 0.569554 0.823974
vt 0.200323 0.232702
vt 0.200323 0.248918
vt 0.660601 0.008105
vt 0.663053 0.008106
vt 0.663053 0.016841
vt 0.660601 0.016839
vt 0.200323 0.267629
vt 0.578443 0.464813
vt 0.392076 0.754428
vt 0.395817 0.754429
vt 0.769204 0.941265
vt 0.744254 0.961219
vt 0.855283 0.890140
vt 0.876491 0.890147
vt 0.767957 0.902590
vt 0.774194 0.890116
vt 0.774194 0.902592
vt 0.660601 0.275121
vt 0.660601 0.281359
vt 0.774194 0.961228
vt 0.271661 0.135059
vt 0.271661 0.128820
vt 0.274155 0.128820
vt 0.274155 0.135058
vt 0.436303 0.582177
vt 0.139033 0.245957
vt 0.136538 0.240975
vt 0.139034 0.242144
vt 0.206786 0.524913
vt 0.208550 0.524923
vt 0.696470 0.024181
vt 0.696470 0.027924
vt 0.692658 0.024180
vt 0.173130 0.299791
vt 0.175101 0.299967
vt 0.357432 0.701316
vt 0.357433 0.705099
vt 0.339965 0.705099
vt 0.845303 0.931307
vt 0.845303 0.941288
vt 0.925226 0.349725
vt 0.927899 0.350201
vt 0.929255 0.373981
vt 0.924819 0.373547
vt 0.895181 0.790366
vt 0.896429 0.792862
vt 0.895204 0.794089
vt 0.892709 0.790345
vt 0.144708 0.045884
vt 0.142865 0.046817
vt 0.842850 0.398097
vt 0.017501 0.346165
vt 0.013760 0.344918
vt 0.738016 0.969950
vt 0.804135 0.799052
vt 0.805382 0.790319
vt 0.051724 0.645513
vt 0.051724 0.640532
vt 0.077926 0.640532
vt 0.077927 0.645513
vt 0.940260 0.069816
vt 0.939492 0.065426
vt 0.941256 0.065459
vt 0.942024 0.069849
vt 0.152330 0.083928
vt 0.150579 0.079607
vt 0.153057 0.078653
vt 0.153811 0.082974
vt 0.113634 0.035251
vt 0.115540 0.034444
vt 0.114900 0.039456
vt 0.448344 0.760612
vt 0.446878 0.759631
vt 0.655906 0.459611
vt 0.320180 0.587345
vt 0.322675 0.582355
vt 0.688075 0.605680
vt 0.686911 0.608125
vt 0.685221 0.608622
vt 0.686384 0.606177
vt 0.158896 0.507685
vt 0.158009 0.510181
vt 0.157131 0.510736
vt 0.157131 0.507686
vt 0.696544 0.266242
vt 0.695298 0.268737
vt 0.270974 0.420171
vt 0.269666 0.423443
vt 0.220058 0.891892
vt 0.221319 0.890661
vt 0.221319 0.895884
vt 0.682279 0.574578
vt 0.679836 0.573498
vt 0.681375 0.568419
vt 0.683818 0.569499
vt 0.714313 0.903822
vt 0.716739 0.892655
vt 0.666794 0.392410
vt 0.664300 0.392410
vt 0.135120 0.102147
vt 0.135120 0.099652
vt 0.137615 0.100899
vt 0.464971 0.390145
vt 0.604710 0.388945
vt 0.606003 0.390145
vt 0.163211 0.474010
vt 0.163509 0.469317
vt 0.165405 0.470171
vt 0.165989 0.475268
vt 0.500028 0.794250
vt 0.492546 0.799242
vt 0.492592 0.795503
vt 0.497580 0.793007
vt 0.066679 0.327495
vt 0.066679 0.323752
vt 0.337653 0.362759
vt 0.754234 0.823989
vt 0.004598 0.700291
vt 0.004598 0.706518
vt 0.002103 0.706442
vt 0.002103 0.700215
vt 0.330167 0.054601
vt 0.337653 0.053353
vt 0.337653 0.079553
vt 0.330167 0.079553
vt 0.010452 0.718132
vt 0.012948 0.718132
vt 0.012947 0.729355
vt 0.010452 0.729355
vt 0.002009 0.476291
vt 0.007000 0.475043
vt 0.007000 0.487519
vt 0.002009 0.488767
vt 0.585927 0.466036
vt 0.585927 0.467277
vt 0.882729 0.766638
vt 0.882729 0.770381
vt 0.876491 0.770379
vt 0.876491 0.766637
vt 0.741758 0.837708
vt 0.754234 0.837712
vt 0.741758 0.846442
vt 0.721798 0.969946
vt 0.280197 0.246114
vt 0.282679 0.246120
vt 0.282679 0.254852
vt 0.280197 0.254846
vt 0.774194 0.799043
vt 0.772947 0.807776
vt 0.200323 0.255155
vt 0.029322 0.920276
vt 0.029322 0.929009
vt 0.655906 0.558359
vt 0.656863 0.558359
vt 0.713751 0.286205
vt 0.200323 0.177815
vt 0.805382 0.861431
vt 0.805382 0.865174
vt 0.271661 0.121334
vt 0.274155 0.121333
vt 0.833540 0.227562
vt 0.521847 0.800153
vt 0.674234 0.211315
vt 0.676649 0.211315
vt 0.676649 0.215058
vt 0.674234 0.215058
vt 0.691880 0.568197
vt 0.734273 0.568230
vt 0.330167 0.326578
vt 0.325166 0.326615
vt 0.649954 0.610047
vt 0.649944 0.632502
vt 0.179499 0.294666
vt 0.181255 0.294809
vt 0.571740 0.402521
vt 0.571740 0.396282
vt 0.108953 0.017931
vt 0.110289 0.016780
vt 0.302418 0.885275
vt 0.262975 0.231124
vt 0.259232 0.231123
vt 0.010461 0.539580
vt 0.040399 0.713187
vt 0.735521 0.890105
vt 0.217103 0.201414
vt 0.217103 0.212641
vt 0.204175 0.211476
vt 0.119101 0.662193
vt 0.120351 0.667265
vt 0.105378 0.667265
vt 0.050241 0.139068
vt 0.381136 0.688719
vt 0.369906 0.688719
vt 0.520872 0.662193
vt 0.532102 0.662193
vt 0.530857 0.667265
vt 0.519627 0.667265
vt 0.805382 0.770358
vt 0.244199 0.096468
vt 0.244199 0.102705
vt 0.238976 0.103996
vt 0.099814 0.158510
vt 0.098055 0.158588
vt 0.538038 0.771454
vt 0.719303 0.732905
vt 0.096310 0.428822
vt 0.098069 0.428744
vt 0.098011 0.437718
vt 0.096252 0.437797
vt 0.845303 0.972477
vt 0.845303 0.974972
vt 0.837818 0.974970
vt 0.837818 0.972475
vt 0.655906 0.302600
vt 0.656863 0.302600
vt 0.585927 0.464795
vt 0.713754 0.040401
vt 0.156058 0.040333
vt 0.154300 0.040423
vt 0.010549 0.640532
vt 0.010549 0.645513
vt 0.005558 0.645513
vt 0.005558 0.640532
vt 0.935125 0.441037
vt 0.935125 0.456008
vt 0.918907 0.456003
vt 0.398269 0.783128
vt 0.821600 0.902606
vt 0.821600 0.911339
vt 0.714996 0.304921
vt 0.713751 0.294939
vt 0.903937 0.931325
vt 0.913917 0.931328
vt 0.912670 0.941308
vt 0.903937 0.941305
vt 0.255368 0.214999
vt 0.255368 0.221236
vt 0.252886 0.221230
vt 0.252886 0.214993
vt 0.734273 0.593181
vt 0.734273 0.599419
vt 0.719303 0.599415
vt 0.719303 0.593177
vt 0.755481 0.941261
vt 0.050241 0.178996
vt 0.381129 0.593690
vt 0.014351 0.929013
vt 0.014351 0.920280
vt 0.050241 0.213932
vt 0.028769 0.215157
vt 0.028769 0.202679
vt 0.050241 0.202703
vt 0.204175 0.139126
vt 0.325166 0.105789
vt 0.325166 0.124503
vt 0.822848 0.969976
vt 0.811620 0.969972
vt 0.014961 0.079147
vt 0.018702 0.079147
vt 0.018702 0.096615
vt 0.014961 0.096615
vt 0.121670 0.081413
vt 0.123428 0.081323
vt 0.123428 0.096281
vt 0.121670 0.096371
vt 0.099769 0.165490
vt 0.098010 0.165568
vt 0.805382 0.941276
vt 0.585927 0.468518
vt 0.811620 0.533321
vt 0.822848 0.533324
vt 0.811620 0.545797
vt 0.837841 0.977445
vt 0.822871 0.977441
vt 0.876491 0.961258
vt 0.837818 0.969980
vt 0.876491 0.749171
vt 0.882729 0.749172
vt 0.565437 0.410007
vt 0.249163 0.214984
vt 0.249163 0.221221
vt 0.244199 0.221209
vt 0.701297 0.286205
vt 0.342711 0.468514
vt 0.342435 0.468514
vt 0.342435 0.461028
vt 0.342712 0.461028
vt 0.821600 0.890130
vt 0.811620 0.890127
vt 0.790412 0.870160
vt 0.854036 0.775363
vt 0.821600 0.870169
vt 0.812868 0.870167
vt 0.812868 0.865176
vt 0.767957 0.823993
vt 0.767957 0.838964
vt 0.357515 0.579583
vt 0.355231 0.577774
vt 0.844056 0.715476
vt 0.854036 0.716727
vt 0.996254 0.861488
vt 0.996254 0.865231
vt 0.991264 0.865229
vt 0.991264 0.861486
vt 0.918907 0.931329
vt 0.918907 0.941310
vt 0.985026 0.732984
vt 0.971304 0.732980
vt 0.473848 0.587346
vt 0.472601 0.587346
vt 0.836571 0.902611
vt 0.403257 0.738210
vt 0.585927 0.474723
vt 0.141426 0.453813
vt 0.939244 0.008102
vt 0.941023 0.007875
vt 0.941012 0.014081
vt 0.939267 0.014338
vt 0.105524 0.330560
vt 0.102855 0.326710
vt 0.936373 0.799091
vt 0.935125 0.807824
vt 0.920155 0.807820
vt 0.920155 0.799087
vt 0.854036 0.870179
vt 0.855283 0.878912
vt 0.754234 0.770343
vt 0.845326 0.977448
vt 0.660601 0.257652
vt 0.663053 0.257654
vt 0.362411 0.635550
vt 0.366154 0.635550
vt 0.088261 0.462278
vt 0.087014 0.463525
vt 0.570419 0.393787
vt 0.571664 0.393787
vt 0.204175 0.070518
vt 0.204175 0.087982
vt 0.200323 0.088001
vt 0.200323 0.071784
vt 0.854013 0.794097
vt 0.668900 0.622900
vt 0.671394 0.621652
vt 0.691880 0.432211
vt 0.734273 0.774080
vt 0.734273 0.855172
vt 0.734273 0.846439
vt 0.844056 0.902613
vt 0.700051 0.317399
vt 0.280069 0.688719
vt 0.286308 0.688719
vt 0.286311 0.701316
vt 0.280072 0.701316
vt 0.767957 0.770347
vt 0.767957 0.774090
vt 0.754234 0.772838
vt 0.821600 0.878902
vt 0.695600 0.440966
vt 0.706828 0.440969
vt 0.706828 0.455940
vt 0.821600 0.921320
vt 0.014351 0.937746
vt 0.029322 0.937741
vt 0.029322 0.945226
vt 0.805382 0.870164
vt 0.812868 0.878900
vt 0.817858 0.807789
vt 0.804135 0.807785
vt 0.676649 0.192599
vt 0.674234 0.192599
vt 0.674234 0.186360
vt 0.676649 0.186360
vt 0.767957 0.715454
vt 0.767957 0.732920
vt 0.789165 0.749145
vt 0.774194 0.846451
vt 0.836571 0.715474
vt 0.836571 0.734188
vt 0.821600 0.734183
vt 0.821600 0.715470
vt 0.207884 0.587339
vt 0.195407 0.587338
vt 0.195407 0.582348
vt 0.207884 0.582349
vt 0.045540 0.937737
vt 0.045540 0.943974
vt 0.844056 0.775360
vt 0.029322 0.899068
vt 0.045540 0.899063
vt 0.741758 0.687999
vt 0.741758 0.694237
vt 0.734273 0.692987
vt 0.882729 0.862702
vt 0.812868 0.861434
vt 0.251796 0.524552
vt 0.254312 0.524574
vt 0.254312 0.562000
vt 0.251796 0.561978
vt 0.252886 0.237446
vt 0.255368 0.237452
vt 0.789165 0.807781
vt 0.468456 0.574567
vt 0.462217 0.574567
vt 0.462217 0.573930
vt 0.468456 0.573930
vt 0.836571 0.749159
vt 0.821600 0.749154
vt 0.195782 0.439129
vt 0.190597 0.439800
vt 0.643723 0.595075
vt 0.637465 0.596299
vt 0.636199 0.592533
vt 0.013794 0.563526
vt 0.013794 0.562280
vt 0.971304 0.749199
vt 0.073021 0.273602
vt 0.070671 0.267853
vt 0.754234 0.694241
vt 0.271661 0.177481
vt 0.274155 0.177481
vt 0.271661 0.194950
vt 0.156058 0.029364
vt 0.154300 0.029454
vt 0.734273 0.749128
vt 0.734273 0.732910
vt 0.789165 0.732926
vt 0.805382 0.732931
vt 0.656523 0.367448
vt 0.658282 0.367571
vt 0.282679 0.158801
vt 0.285161 0.158807
vt 0.285161 0.170033
vt 0.282679 0.170028
vt 0.721798 0.455944
vt 0.821600 0.694261
vt 0.836571 0.694265
vt 0.836571 0.707989
vt 0.821600 0.707984
vt 0.249163 0.202510
vt 0.789165 0.790315
vt 0.774194 0.790310
vt 0.070590 0.133301
vt 0.072354 0.133309
vt 0.072354 0.147211
vt 0.070590 0.147203
vt 0.905185 0.716742
vt 0.051629 0.713187
vt 0.292426 0.512370
vt 0.811620 0.715467
vt 0.811620 0.707981
vt 0.682540 0.274975
vt 0.282679 0.194976
vt 0.285161 0.194982
vt 0.891462 0.865200
vt 0.891462 0.870190
vt 0.882729 0.870187
vt 0.882729 0.865197
vt 0.125209 0.405942
vt 0.127684 0.405918
vt 0.127644 0.415853
vt 0.125148 0.417101
vt 0.633466 0.720121
vt 0.634164 0.729993
vt 0.631485 0.729682
vt 0.630788 0.719810
vt 0.502567 0.796749
vt 0.493839 0.801741
vt 0.532016 0.351385
vt 0.529520 0.351461
vt 0.529521 0.342439
vt 0.532016 0.342363
vt 0.122694 0.405920
vt 0.122653 0.415854
vt 0.790412 0.694252
vt 0.790412 0.688014
vt 0.996254 0.765425
vt 0.998772 0.765405
vt 0.998772 0.769148
vt 0.996254 0.769167
vt 0.154932 0.189456
vt 0.157500 0.190261
vt 0.155657 0.195834
vt 0.153089 0.195030
vt 0.741758 0.596926
vt 0.045520 0.946446
vt 0.051778 0.942725
vt 0.053006 0.943949
vt 0.673841 0.700843
vt 0.670194 0.700843
vt 0.669794 0.696121
vt 0.673887 0.694415
vt 0.164432 0.036324
vt 0.163494 0.030050
vt 0.152667 0.164520
vt 0.153221 0.172084
vt 0.150514 0.171450
vt 0.150253 0.165099
vt 0.592752 0.680981
vt 0.592752 0.674518
vt 0.594306 0.676737
vt 0.594440 0.680473
vt 0.461972 0.789545
vt 0.461972 0.752122
vt 0.464325 0.753404
vt 0.464325 0.789579
vt 0.502567 0.739354
vt 0.505061 0.749335
vt 0.254251 0.573159
vt 0.251756 0.571912
vt 0.117900 0.263642
vt 0.120947 0.263869
vt 0.121600 0.269191
vt 0.119010 0.269865
vt 0.639799 0.699734
vt 0.682760 0.905844
vt 0.685237 0.905839
vt 0.685237 0.942024
vt 0.682760 0.940781
vt 0.298271 0.891267
vt 0.300767 0.891265
vt 0.300736 0.898742
vt 0.298259 0.898749
vt 0.584509 0.644116
vt 0.580765 0.645513
vt 0.580765 0.640532
vt 0.584508 0.640455
vt 0.295776 0.934930
vt 0.295746 0.898746
vt 0.298289 0.933685
vt 0.643722 0.598818
vt 0.648711 0.600066
vt 0.043283 0.779707
vt 0.040604 0.779396
vt 0.251756 0.514526
vt 0.254251 0.513278
vt 0.244845 0.448491
vt 0.247541 0.438573
vt 0.256333 0.433792
vt 0.257650 0.436291
vt 0.256787 0.561976
vt 0.256746 0.571911
vt 0.992512 0.646904
vt 0.996254 0.646905
vt 0.996254 0.670609
vt 0.992512 0.670608
vt 0.214123 0.587339
vt 0.214123 0.582349
vt 0.324980 0.607618
vt 0.486312 0.799243
vt 0.486357 0.802990
vt 0.002009 0.554890
vt 0.007000 0.553642
vt 0.008248 0.564871
vt 0.002009 0.567366
vt 0.244038 0.485905
vt 0.246650 0.485939
vt 0.248970 0.493481
vt 0.246305 0.495941
vt 0.532016 0.358934
vt 0.529521 0.357765
vt 0.655138 0.671559
vt 0.662665 0.674058
vt 0.655184 0.675306
vt 0.051778 0.895319
vt 0.045540 0.892825
vt 0.045520 0.890307
vt 0.053006 0.892800
vt 0.300767 0.934926
vt 0.122653 0.358468
vt 0.125148 0.357220
vt 0.125209 0.368516
vt 0.122694 0.368494
vt 0.870073 0.319173
vt 0.872507 0.317857
vt 0.870987 0.326303
vt 0.868313 0.325876
vt 0.256746 0.514525
vt 0.256787 0.524550
vt 0.592817 0.395610
vt 0.595858 0.395312
vt 0.594304 0.400850
vt 0.249001 0.486023
vt 0.529863 0.362758
vt 0.532357 0.362716
vt 0.532357 0.370241
vt 0.529863 0.370283
vt 0.680247 0.942024
vt 0.680247 0.905840
vt 0.459361 0.752145
vt 0.461843 0.742171
vt 0.464454 0.743396
vt 0.709629 0.694736
vt 0.712671 0.695030
vt 0.713611 0.701439
vt 0.711168 0.700359
vt 0.152394 0.076090
vt 0.149916 0.077045
vt 0.679836 0.562796
vt 0.682878 0.563090
vt 0.553981 0.471999
vt 0.556475 0.471957
vt 0.556475 0.479481
vt 0.553981 0.479523
vt 0.774194 0.707970
vt 0.790412 0.707975
vt 0.249163 0.059057
vt 0.252886 0.059065
vt 0.825320 0.807812
vt 0.935125 0.902640
vt 0.913917 0.921347
vt 0.505061 0.786767
vt 0.543335 0.591047
vt 0.911110 0.135584
vt 0.912403 0.134341
vt 0.072354 0.072354
vt 0.070590 0.072347
vt 0.040311 0.798626
vt 0.043980 0.798734
vt 0.730508 0.591953
vt 0.731755 0.584468
vt 0.811620 0.732933
vt 0.357812 0.855602
vt 0.421056 0.592445
vt 0.831558 0.851479
vt 0.835300 0.850232
vt 0.069695 0.244018
vt 0.069695 0.240302
vt 0.070936 0.240348
vt 0.463918 0.585927
vt 0.461436 0.585922
vt 0.149365 0.385889
vt 0.149365 0.380483
vt 0.150383 0.384087
vt 0.936373 0.708018
vt 0.936373 0.715504
vt 0.921403 0.716747
vt 0.921403 0.708014
vt 0.582716 0.856700
vt 0.582711 0.854223
vt 0.608908 0.854242
vt 0.120380 0.258452
vt 0.115266 0.264364
vt 0.118465 0.256557
vt 0.263021 0.890526
vt 0.268052 0.890525
vt 0.268136 0.899256
vt 0.263106 0.899257
vt 0.478434 0.581111
vt 0.480915 0.582344
vt 0.480858 0.587332
vt 0.478364 0.587346
vt 0.133870 0.503211
vt 0.076108 0.112753
vt 0.076610 0.115446
vt 0.076108 0.116334
vt 0.620147 0.861692
vt 0.136367 0.505748
vt 0.136367 0.510736
vt 0.935480 0.287218
vt 0.940514 0.287222
vt 0.940468 0.307181
vt 0.935434 0.307177
vt 0.933705 0.388914
vt 0.933964 0.382621
vt 0.939057 0.382605
vt 0.938798 0.390145
vt 0.754234 0.688003
vt 0.767957 0.790308
vt 0.891462 0.902627
vt 0.891462 0.911360
vt 0.882729 0.911357
vt 0.882729 0.902624
vt 0.252886 0.202519
vt 0.655184 0.667820
vt 0.805382 0.707980
vt 0.805382 0.715465
vt 0.790412 0.715460
vt 0.941128 0.135678
vt 0.942821 0.136167
vt 0.941272 0.153221
vt 0.936977 0.152510
vt 0.192457 0.121955
vt 0.190792 0.121373
vt 0.605232 0.633824
vt 0.117564 0.039333
vt 0.486357 0.739356
vt 0.486312 0.735608
vt 0.306455 0.587345
vt 0.303960 0.582354
vt 0.315189 0.582355
vt 0.403257 0.754430
vt 0.452080 0.799875
vt 0.453323 0.799768
vt 0.453987 0.807246
vt 0.451417 0.806239
vt 0.303361 0.056619
vt 0.452641 0.896625
vt 0.516276 0.894134
vt 0.730508 0.825250
vt 0.718033 0.826493
vt 0.726742 0.822773
vt 0.716762 0.824018
vt 0.889143 0.147650
vt 0.896625 0.147890
vt 0.896544 0.150383
vt 0.889122 0.148920
vt 0.229469 0.356290
vt 0.231946 0.357385
vt 0.229242 0.360949
vt 0.228478 0.360274
vt 0.286300 0.603882
vt 0.287547 0.601467
vt 0.292538 0.601467
vt 0.665198 0.731610
vt 0.405751 0.779385
vt 0.133359 0.262385
vt 0.129615 0.262461
vt 0.952591 0.890169
vt 0.970056 0.890174
vt 0.825297 0.414985
vt 0.829039 0.421350
vt 0.825296 0.421357
vt 0.940514 0.325901
vt 0.940605 0.332149
vt 0.935618 0.333397
vt 0.951343 0.961281
vt 0.951343 0.970014
vt 0.935125 0.861470
vt 0.935125 0.865213
vt 0.920155 0.865208
vt 0.920155 0.861465
vt 0.936373 0.775387
vt 0.936373 0.779130
vt 0.920155 0.780373
vt 0.920155 0.775383
vt 0.822848 0.576989
vt 0.822848 0.586970
vt 0.811620 0.586966
vt 0.811620 0.576986
vt 0.891462 0.855219
vt 0.891462 0.847733
vt 0.895204 0.851477
vt 0.892709 0.855219
vt 0.940468 0.317163
vt 0.120625 0.522083
vt 0.755481 0.545780
vt 0.755481 0.533304
vt 0.767957 0.533308
vt 0.767957 0.545784
vt 0.486357 0.795504
vt 0.767957 0.707968
vt 0.774194 0.715456
vt 0.903937 0.951286
vt 0.912670 0.951289
vt 0.912670 0.961269
vt 0.902690 0.961266
vt 0.636044 0.407504
vt 0.643531 0.407504
vt 0.636044 0.446162
vt 0.431049 0.701316
vt 0.431050 0.705099
vt 0.844056 0.780350
vt 0.070590 0.103359
vt 0.070590 0.088387
vt 0.072354 0.088395
vt 0.072354 0.103366
vt 0.249163 0.237438
vt 0.244199 0.237426
vt 0.655906 0.073041
vt 0.656863 0.073041
vt 0.656863 0.099240
vt 0.655906 0.099240
vt 0.150900 0.500371
vt 0.148404 0.500371
vt 0.935125 0.951295
vt 0.951343 0.951300
vt 0.081503 0.028888
vt 0.083262 0.028989
vt 0.325166 0.193121
vt 0.330167 0.193085
vt 0.330167 0.215542
vt 0.325166 0.215578
vt 0.983779 0.921368
vt 0.882729 0.890148
vt 0.891462 0.890151
vt 0.854036 0.766630
vt 0.249163 0.289829
vt 0.249163 0.297314
vt 0.169158 0.066874
vt 0.171636 0.066593
vt 0.172289 0.071551
vt 0.169811 0.071832
vt 0.734273 0.766594
vt 0.891462 0.961263
vt 0.891462 0.951282
vt 0.952591 0.779135
vt 0.970056 0.779140
vt 0.970056 0.789121
vt 0.952591 0.790363
vt 0.844056 0.766627
vt 0.875244 0.870185
vt 0.875244 0.878918
vt 0.844056 0.707991
vt 0.935125 0.822795
vt 0.952591 0.806582
vt 0.952591 0.822800
vt 0.952591 0.799096
vt 0.936373 0.790358
vt 0.876491 0.734200
vt 0.735521 0.545774
vt 0.743006 0.545776
vt 0.743006 0.568232
vt 0.204175 0.217713
vt 0.217103 0.218878
vt 0.441020 0.667265
vt 0.449754 0.667265
vt 0.448513 0.688719
vt 0.439779 0.688719
vt 0.028769 0.111595
vt 0.050241 0.102884
vt 0.905185 0.694286
vt 0.905185 0.688048
vt 0.824072 0.822782
vt 0.918907 0.951290
vt 0.244199 0.136385
vt 0.244199 0.142622
vt 0.249163 0.166335
vt 0.252886 0.166343
vt 0.262592 0.629247
vt 0.062893 0.071707
vt 0.066679 0.072958
vt 0.244199 0.077756
vt 0.071282 0.277975
vt 0.073773 0.279241
vt 0.882729 0.774124
vt 0.876491 0.774122
vt 0.920155 0.855227
vt 0.882729 0.972488
vt 0.985026 0.772907
vt 0.985026 0.775402
vt 0.970056 0.775397
vt 0.970056 0.772902
vt 0.891462 0.941302
vt 0.882729 0.951280
vt 0.882729 0.941299
vt 0.303960 0.007208
vt 0.290235 0.007208
vt 0.290235 0.002217
vt 0.306455 0.002218
vt 0.891462 0.972491
vt 0.891462 0.974986
vt 0.882729 0.931318
vt 0.935125 0.890164
vt 0.920155 0.902635
vt 0.920155 0.890160
vt 0.913917 0.865206
vt 0.903937 0.865203
vt 0.970056 0.822805
vt 0.882729 0.961260
vt 0.882729 0.969993
vt 0.369910 0.701316
vt 0.381139 0.701316
vt 0.912670 0.974992
vt 0.912693 0.977467
vt 0.903960 0.977465
vt 0.903937 0.974990
vt 0.891462 0.931321
vt 0.891462 0.969996
vt 0.135330 0.688676
vt 0.160285 0.688676
vt 0.160290 0.701316
vt 0.028769 0.221395
vt 0.050241 0.220171
vt 0.066679 0.111638
vt 0.499661 0.662193
vt 0.244199 0.110189
vt 0.238976 0.110234
vt 0.050241 0.085416
vt 0.079176 0.667265
vt 0.084174 0.688719
vt 0.160291 0.705099
vt 0.182736 0.662193
vt 0.191470 0.662193
vt 0.191472 0.667265
vt 0.181490 0.667265
vt 0.028769 0.080402
vt 0.028769 0.062933
vt 0.050241 0.067948
vt 0.217103 0.289981
vt 0.217103 0.306197
vt 0.494685 0.705099
vt 0.996254 0.789128
vt 0.998772 0.789109
vt 0.998772 0.797842
vt 0.996254 0.797862
vt 0.952591 0.620693
vt 0.971304 0.620698
vt 0.971304 0.646897
vt 0.952591 0.646892
vt 0.040393 0.885275
vt 0.031659 0.885275
vt 0.836571 0.688028
vt 0.844056 0.688030
vt 0.844056 0.694268
vt 0.330167 0.174371
vt 0.337653 0.174371
vt 0.337653 0.184352
vt 0.330167 0.184351
vt 0.735521 0.519575
vt 0.743006 0.519577
vt 0.743006 0.533300
vt 0.735521 0.533298
vt 0.266718 0.298494
vt 0.262975 0.298493
vt 0.029322 0.892830
vt 0.882729 0.921338
vt 0.001716 0.797984
vt 0.767957 0.576973
vt 0.774194 0.576975
vt 0.774194 0.586955
vt 0.172755 0.645513
vt 0.172755 0.640532
vt 0.053161 0.582358
vt 0.035693 0.582357
vt 0.035693 0.581110
vt 0.053161 0.581110
vt 0.276649 0.135058
vt 0.276649 0.158765
vt 0.274155 0.158765
vt 0.913917 0.911366
vt 0.301272 0.645513
vt 0.855283 0.688033
vt 0.951343 0.921358
vt 0.985026 0.878951
vt 0.983779 0.890178
vt 0.970056 0.878946
vt 0.913917 0.902633
vt 0.920155 0.870198
vt 0.920155 0.878931
vt 0.913917 0.878929
vt 0.913917 0.870197
vt 0.891462 0.921340
vt 0.066679 0.280082
vt 0.996254 0.577041
vt 0.996254 0.587021
vt 0.217103 0.119084
vt 0.204175 0.119167
vt 0.204175 0.109188
vt 0.217103 0.109105
vt 0.628401 0.613387
vt 0.631928 0.613447
vt 0.855283 0.495906
vt 0.855283 0.519610
vt 0.855306 0.424774
vt 0.855283 0.427290
vt 0.903937 0.890155
vt 0.903937 0.902631
vt 0.992512 0.732987
vt 0.996254 0.931352
vt 0.998772 0.931333
vt 0.998772 0.941313
vt 0.085725 0.281357
vt 0.088261 0.313797
vt 0.259232 0.308473
vt 0.259232 0.298492
vt 0.556203 0.889152
vt 0.547469 0.891719
vt 0.900195 0.860212
vt 0.903937 0.858965
vt 0.903937 0.794091
vt 0.905185 0.790349
vt 0.906432 0.790349
vt 0.903937 0.799082
vt 0.123428 0.272797
vt 0.120707 0.275230
vt 0.150383 0.033176
vt 0.148591 0.034049
vt 0.054435 0.381677
vt 0.053476 0.379185
vt 0.054830 0.378054
vt 0.056445 0.381301
vt 0.891462 0.862704
vt 0.767957 0.670541
vt 0.754234 0.670537
vt 0.359915 0.645513
vt 0.359915 0.640532
vt 0.325166 0.174407
vt 0.325166 0.184388
vt 0.249163 0.110201
vt 0.249163 0.102716
vt 0.252886 0.102725
vt 0.252886 0.110210
vt 0.903937 0.878927
vt 0.891462 0.878923
vt 0.985026 0.870218
vt 0.970056 0.870213
vt 0.952591 0.861475
vt 0.952591 0.865218
vt 0.721798 0.440974
vt 0.913917 0.890158
vt 0.882729 0.878920
vt 0.266243 0.469306
vt 0.264750 0.473517
vt 0.013234 0.008458
vt 0.011986 0.007210
vt 0.015729 0.007210
vt 0.016977 0.008458
vt 0.903937 0.911364
vt 0.903937 0.921344
vt 0.006995 0.281683
vt 0.008243 0.281683
vt 0.008243 0.287921
vt 0.006995 0.287921
vt 0.080100 0.083982
vt 0.081860 0.084083
vt 0.996254 0.597002
vt 0.998772 0.587002
vt 0.998772 0.596982
vt 0.050241 0.050479
vt 0.064140 0.054238
vt 0.028769 0.042970
vt 0.062966 0.701316
vt 0.064215 0.705099
vt 0.023690 0.026741
vt 0.023690 0.019255
vt 0.064140 0.039266
vt 0.238976 0.041625
vt 0.996254 0.779148
vt 0.998772 0.777881
vt 0.023690 0.041714
vt 0.023690 0.060430
vt 0.995007 0.975017
vt 0.993782 0.977491
vt 0.542084 0.662193
vt 0.952591 0.870208
vt 0.935125 0.870203
vt 0.935125 0.855232
vt 0.474707 0.645513
vt 0.474707 0.640532
vt 0.492163 0.574568
vt 0.492163 0.573931
vt 0.920155 0.839009
vt 0.920155 0.846494
vt 0.913917 0.846493
vt 0.913917 0.839007
vt 0.836571 0.670561
vt 0.821600 0.688023
vt 0.821600 0.670557
vt 0.983779 0.951310
vt 0.970056 0.951306
vt 0.970056 0.931344
vt 0.970056 0.941325
vt 0.998772 0.839012
vt 0.998772 0.846498
vt 0.066679 0.233916
vt 0.062893 0.218939
vt 0.066679 0.218943
vt 0.460981 0.657205
vt 0.465972 0.657205
vt 0.674234 0.294913
vt 0.676649 0.294913
vt 0.676649 0.301152
vt 0.674234 0.301152
vt 0.915165 0.577017
vt 0.920155 0.568285
vt 0.920155 0.577018
vt 0.991264 0.427330
vt 0.202934 0.028103
vt 0.996254 0.855250
vt 0.998772 0.855231
vt 0.998772 0.862716
vt 0.023690 0.079146
vt 0.930068 0.011964
vt 0.932765 0.011530
vt 0.933135 0.035492
vt 0.928677 0.035876
vt 0.238976 0.015430
vt 0.244199 0.040334
vt 0.244199 0.059045
vt 0.238976 0.061584
vt 0.119864 0.892739
vt 0.936177 0.012645
vt 0.935722 0.036074
vt 0.118978 0.890167
vt 0.929305 0.006337
vt 0.932827 0.006436
vt 0.570792 0.688719
vt 0.565804 0.702563
vt 0.573280 0.667265
vt 0.578271 0.667265
vt 0.936349 0.006535
vt 0.035503 0.662193
vt 0.051723 0.662193
vt 0.996254 0.774158
vt 0.998772 0.774138
vt 0.983779 0.972518
vt 0.983779 0.931348
vt 0.970056 0.921364
vt 0.996254 0.822813
vt 0.998772 0.822794
vt 0.928711 0.391697
vt 0.926100 0.393285
vt 0.925184 0.391779
vt 0.695600 0.974928
vt 0.694375 0.974908
vt 0.691880 0.973659
vt 0.204175 0.102951
vt 0.200323 0.104217
vt 0.266718 0.231125
vt 0.935125 0.878936
vt 0.952591 0.878941
vt 0.991264 0.931351
vt 0.970056 0.975010
vt 0.970079 0.977484
vt 0.951366 0.977479
vt 0.951343 0.975004
vt 0.076957 0.375288
vt 0.079448 0.375307
vt 0.079448 0.440182
vt 0.076957 0.440164
vt 0.676649 0.050356
vt 0.676649 0.061586
vt 0.674234 0.061586
vt 0.674234 0.051604
vt 0.023039 0.702563
vt 0.024288 0.705099
vt 0.020543 0.702563
vt 0.563309 0.702563
vt 0.554575 0.702563
vt 0.856901 0.024180
vt 0.851995 0.024180
vt 0.991264 0.961292
vt 0.459361 0.789567
vt 0.464454 0.798283
vt 0.461843 0.799552
vt 0.256306 0.498647
vt 0.254882 0.501137
vt 0.011796 0.662193
vt 0.020530 0.662193
vt 0.574525 0.662193
vt 0.023690 0.280031
vt 0.023690 0.290012
vt 0.525873 0.688719
vt 0.515891 0.688719
vt 0.023690 0.222635
vt 0.023690 0.216396
vt 0.839769 0.099045
vt 0.833542 0.099045
vt 0.833542 0.067852
vt 0.839769 0.067852
vt 0.736768 0.961217
vt 0.095054 0.119705
vt 0.095054 0.130102
vt 0.093289 0.130107
vt 0.093289 0.119710
vt 0.983779 0.941329
vt 0.255368 0.202525
vt 0.805382 0.780339
vt 0.998772 0.970008
vt 0.020531 0.645513
vt 0.020530 0.640532
vt 0.034256 0.640532
vt 0.034256 0.645513
vt 0.337653 0.433873
vt 0.337653 0.442606
vt 0.066679 0.268852
vt 0.062893 0.256371
vt 0.066679 0.256375
vt 0.992512 0.775404
vt 0.992512 0.779147
vt 0.985026 0.779145
vt 0.103075 0.587333
vt 0.095589 0.587333
vt 0.095589 0.582342
vt 0.103075 0.582343
vt 0.575773 0.657205
vt 0.575773 0.653463
vt 0.580764 0.653464
vt 0.580764 0.657205
vt 0.825296 0.409906
vt 0.070590 0.081971
vt 0.072354 0.081979
vt 0.172754 0.662193
vt 0.172754 0.657205
vt 0.182736 0.657205
vt 0.985026 0.855247
vt 0.991264 0.855249
vt 0.985026 0.861485
vt 0.952591 0.587008
vt 0.952591 0.577028
vt 0.971304 0.577033
vt 0.470976 0.701316
vt 0.483454 0.701316
vt 0.482207 0.705099
vt 0.470978 0.705099
vt 0.463490 0.701316
vt 0.462243 0.705099
vt 0.458489 0.591047
vt 0.438535 0.701316
vt 0.909547 0.414772
vt 0.910812 0.418520
vt 0.903327 0.418520
vt 0.456000 0.688719
vt 0.458499 0.701316
vt 0.495920 0.607618
vt 0.457240 0.667265
vt 0.023690 0.238855
vt 0.023690 0.314967
vt 0.023690 0.298746
vt 0.891462 0.807811
vt 0.148627 0.010262
vt 0.150383 0.010399
vt 0.286188 0.554785
vt 0.998772 0.878935
vt 0.998772 0.890163
vt 0.051622 0.867775
vt 0.064100 0.879040
vt 0.051623 0.879040
vt 0.774217 0.977426
vt 0.361175 0.701316
vt 0.363671 0.701316
vt 0.364920 0.705099
vt 0.361177 0.705099
vt 0.431045 0.688719
vt 0.915165 0.716745
vt 0.921403 0.734213
vt 0.915165 0.734211
vt 0.051623 0.885275
vt 0.064100 0.885275
vt 0.028769 0.137797
vt 0.028769 0.129063
vt 0.050241 0.131582
vt 0.388615 0.667265
vt 0.389870 0.688719
vt 0.432286 0.667265
vt 0.836571 0.890135
vt 0.844056 0.890137
vt 0.557741 0.429645
vt 0.560391 0.430083
vt 0.560391 0.439800
vt 0.557741 0.439362
vt 0.470530 0.737202
vt 0.471900 0.739672
vt 0.474191 0.708217
vt 0.476687 0.708141
vt 0.612320 0.685504
vt 0.611801 0.681909
vt 0.310141 0.395546
vt 0.309531 0.390288
vt 0.312116 0.389683
vt 0.312116 0.395820
vt 0.269776 0.532016
vt 0.269776 0.522236
vt 0.272392 0.521808
vt 0.272392 0.531588
vt 0.867446 0.318591
vt 0.865686 0.313599
vt 0.868073 0.312436
vt 0.360540 0.577190
vt 0.363190 0.577629
vt 0.363190 0.587346
vt 0.360540 0.586908
vt 0.471900 0.802043
vt 0.470530 0.804563
vt 0.601046 0.392827
vt 0.603239 0.394444
vt 0.009491 0.054619
vt 0.008248 0.054601
vt 0.534854 0.362759
vt 0.534854 0.370283
vt 0.682778 0.898363
vt 0.680265 0.898358
vt 0.486357 0.733117
vt 0.493839 0.734364
vt 0.970056 0.765417
vt 0.952591 0.766659
vt 0.952591 0.749193
vt 0.558972 0.472000
vt 0.558972 0.479524
vt 0.263804 0.432723
vt 0.263880 0.435192
vt 0.059212 0.607618
vt 0.258129 0.899259
vt 0.253071 0.899259
vt 0.252919 0.891772
vt 0.257977 0.890525
vt 0.883954 0.807829
vt 0.691880 0.880091
vt 0.002004 0.341568
vt 0.002004 0.357786
vt 0.996254 0.870221
vt 0.998772 0.870201
vt 0.295776 0.891269
vt 0.895204 0.858963
vt 0.996254 0.902658
vt 0.998772 0.902638
vt 0.895182 0.855240
vt 0.896429 0.857736
vt 0.195609 0.124500
vt 0.197201 0.125261
vt 0.196512 0.128842
vt 0.194507 0.128993
vt 0.459016 0.446187
vt 0.461081 0.446173
vt 0.460005 0.449731
vt 0.458478 0.448848
vt 0.900195 0.850231
vt 0.991264 0.870219
vt 0.985026 0.865227
vt 0.932827 0.050772
vt 0.929305 0.050673
vt 0.307523 0.701316
vt 0.307519 0.688719
vt 0.098731 0.053885
vt 0.100490 0.053806
vt 0.100355 0.074747
vt 0.098596 0.074826
vt 0.158892 0.171931
vt 0.161460 0.172735
vt 0.985026 0.789125
vt 0.992512 0.789127
vt 0.903937 0.839004
vt 0.415682 0.716373
vt 0.413186 0.716449
vt 0.413186 0.710222
vt 0.415682 0.710146
vt 0.187270 0.424519
vt 0.185502 0.425613
vt 0.952591 0.846504
vt 0.952591 0.855237
vt 0.935125 0.846499
vt 0.477976 0.799590
vt 0.478105 0.802057
vt 0.471771 0.798328
vt 0.144462 0.118967
vt 0.146876 0.118389
vt 0.438536 0.705099
vt 0.263670 0.438959
vt 0.257466 0.438810
vt 0.840313 0.786587
vt 0.554561 0.657205
vt 0.543332 0.657205
vt 0.543332 0.653463
vt 0.554562 0.653463
vt 0.059275 0.476166
vt 0.061005 0.475820
vt 0.060817 0.479561
vt 0.059275 0.480943
vt 0.197201 0.131449
vt 0.195334 0.133359
vt 0.900195 0.795338
vt 0.095054 0.023013
vt 0.093289 0.020938
vt 0.706828 0.902572
vt 0.704333 0.911304
vt 0.049545 0.019862
vt 0.048527 0.016257
vt 0.050564 0.016298
vt 0.051074 0.018981
vt 0.302185 0.333397
vt 0.300131 0.333170
vt 0.299916 0.330507
vt 0.300786 0.329923
vt 0.302185 0.331705
vt 0.659700 0.646890
vt 0.658075 0.647577
vt 0.049545 0.012815
vt 0.051074 0.013696
vt 0.100072 0.118623
vt 0.098313 0.118701
vt 0.509643 0.662193
vt 0.356160 0.001910
vt 0.356160 0.002323
vt 0.920155 0.822790
vt 0.920155 0.790353
vt 0.913917 0.799085
vt 0.913917 0.790352
vt 0.674234 0.017916
vt 0.671743 0.017916
vt 0.160278 0.607618
vt 0.117107 0.422069
vt 0.116569 0.419437
vt 0.118096 0.418556
vt 0.119172 0.422055
vt 0.222176 0.572629
vt 0.222437 0.569971
vt 0.224156 0.569585
vt 0.224156 0.573218
vt 0.118096 0.425613
vt 0.116569 0.424730
vt 0.662860 0.904842
vt 0.913917 0.780371
vt 0.903937 0.786606
vt 0.952591 0.839019
vt 0.935125 0.839013
vt 0.952591 0.772897
vt 0.952591 0.775392
vt 0.936373 0.774140
vt 0.952591 0.770402
vt 0.936373 0.770397
vt 0.410691 0.716373
vt 0.410691 0.710146
vt 0.293673 0.512370
vt 0.828408 0.099045
vt 0.952591 0.694300
vt 0.971304 0.694305
vt 0.952591 0.708023
vt 0.070590 0.114053
vt 0.072354 0.114060
vt 0.918907 0.972499
vt 0.121670 0.104349
vt 0.123428 0.104259
vt 0.123428 0.127194
vt 0.121670 0.127284
vt 0.719303 0.691735
vt 0.877739 0.716734
vt 0.936373 0.734217
vt 0.152881 0.374756
vt 0.154639 0.374666
vt 0.154639 0.425523
vt 0.152881 0.425613
vt 0.691880 0.921261
vt 0.694352 0.921282
vt 0.249163 0.127665
vt 0.249163 0.117685
vt 0.252886 0.117694
vt 0.252886 0.127673
vt 0.399516 0.780632
vt 0.400763 0.780632
vt 0.891462 0.775374
vt 0.349922 0.574560
vt 0.349922 0.573923
vt 0.891462 0.774127
vt 0.915165 0.709260
vt 0.905185 0.709257
vt 0.665547 0.302572
vt 0.665547 0.320041
vt 0.663053 0.320041
vt 0.951343 0.441042
vt 0.952591 0.456013
vt 0.998772 0.911371
vt 0.998772 0.921352
vt 0.919116 0.159955
vt 0.918534 0.174559
vt 0.916771 0.174479
vt 0.917354 0.159875
vt 0.952591 0.732975
vt 0.892709 0.694282
vt 0.892709 0.688044
vt 0.091321 0.407319
vt 0.093080 0.407242
vt 0.663053 0.461035
vt 0.666794 0.461035
vt 0.837818 0.441008
vt 0.845303 0.441010
vt 0.844056 0.455981
vt 0.837818 0.455979
vt 0.952591 0.715509
vt 0.062893 0.186498
vt 0.066679 0.186502
vt 0.970056 0.441047
vt 0.970056 0.456018
vt 0.913917 0.472220
vt 0.920155 0.472222
vt 0.271661 0.035240
vt 0.275402 0.035240
vt 0.275402 0.052708
vt 0.271661 0.052708
vt 0.936373 0.694295
vt 0.179663 0.570322
vt 0.422290 0.574565
vt 0.403574 0.574563
vt 0.403574 0.573926
vt 0.422290 0.573927
vt 0.200323 0.139145
vt 0.790412 0.495887
vt 0.790412 0.519591
vt 0.774194 0.519586
vt 0.774194 0.495882
vt 0.255338 0.375024
vt 0.877739 0.670574
vt 0.855283 0.670567
vt 0.992512 0.822812
vt 0.660601 0.099190
vt 0.917868 0.191249
vt 0.916105 0.191169
vt 0.883977 0.734202
vt 0.255368 0.278617
vt 0.255368 0.289844
vt 0.252886 0.289838
vt 0.274155 0.070176
vt 0.271661 0.070177
vt 0.445654 0.759874
vt 0.612148 0.605404
vt 0.614644 0.605403
vt 0.021682 0.718132
vt 0.021681 0.729355
vt 0.805382 0.670552
vt 0.790412 0.670548
vt 0.996254 0.806595
vt 0.064106 0.710692
vt 0.458500 0.705099
vt 0.394861 0.688719
vt 0.394864 0.701316
vt 0.671743 0.095275
vt 0.671743 0.082798
vt 0.674234 0.082798
vt 0.342711 0.514675
vt 0.342435 0.514675
vt 0.342435 0.503446
vt 0.342712 0.503447
vt 0.883977 0.620672
vt 0.892709 0.620675
vt 0.193351 0.157671
vt 0.194728 0.156568
vt 0.998772 0.866459
vt 0.741758 0.620630
vt 0.734273 0.620628
vt 0.903937 0.870194
vt 0.891462 0.455995
vt 0.891462 0.441024
vt 0.998772 0.454759
vt 0.996254 0.456026
vt 0.389873 0.701316
vt 0.134075 0.629247
vt 0.135324 0.607618
vt 0.660601 0.156586
vt 0.663053 0.156587
vt 0.366163 0.688719
vt 0.821600 0.646853
vt 0.836571 0.646858
vt 0.407328 0.662193
vt 0.822848 0.519601
vt 0.822848 0.495897
vt 0.998772 0.806575
vt 0.029302 0.947699
vt 0.200323 0.119186
vt 0.204175 0.131641
vt 0.200323 0.131661
vt 0.855283 0.441013
vt 0.855283 0.455984
vt 0.359914 0.662193
vt 0.362410 0.662193
vt 0.665547 0.186533
vt 0.665547 0.208992
vt 0.666794 0.354977
vt 0.388612 0.662193
vt 0.394851 0.662193
vt 0.394853 0.667265
vt 0.741758 0.670533
vt 0.674234 0.029145
vt 0.671743 0.029145
vt 0.366153 0.652216
vt 0.366153 0.653463
vt 0.474706 0.657205
vt 0.487184 0.657205
vt 0.191384 0.124793
vt 0.189719 0.124211
vt 0.996254 0.694313
vt 0.996254 0.688075
vt 0.998772 0.688055
vt 0.998772 0.694293
vt 0.912693 0.424791
vt 0.912670 0.427307
vt 0.903937 0.427304
vt 0.903960 0.424789
vt 0.317395 0.729355
vt 0.313652 0.729355
vt 0.996254 0.772910
vt 0.998772 0.772891
vt 0.877739 0.472209
vt 0.883977 0.472211
vt 0.087922 0.705099
vt 0.086673 0.701316
vt 0.111628 0.701316
vt 0.111629 0.705099
vt 0.366166 0.701316
vt 0.366168 0.705099
vt 0.992512 0.772909
vt 0.300038 0.705099
vt 0.286312 0.705099
vt 0.300036 0.701316
vt 0.369911 0.705099
vt 0.381140 0.705099
vt 0.062893 0.201471
vt 0.050241 0.186482
vt 0.612145 0.650354
vt 0.612144 0.647859
vt 0.286300 0.667265
vt 0.300033 0.688719
vt 0.325171 0.458842
vt 0.325171 0.462585
vt 0.649769 0.407504
vt 0.070590 0.012461
vt 0.072354 0.012469
vt 0.636044 0.451150
vt 0.754234 0.646833
vt 0.065351 0.799231
vt 0.952591 0.688062
vt 0.936373 0.688057
vt 0.324992 0.705099
vt 0.307524 0.705099
vt 0.342711 0.524656
vt 0.342435 0.524656
vt 0.767957 0.568240
vt 0.774194 0.568242
vt 0.356171 0.662193
vt 0.844056 0.670564
vt 0.805382 0.972466
vt 0.837818 0.429780
vt 0.837818 0.432275
vt 0.822848 0.432270
vt 0.822848 0.429775
vt 0.271661 0.213666
vt 0.271661 0.229886
vt 0.280074 0.705099
vt 0.660601 0.169063
vt 0.755481 0.620634
vt 0.971304 0.688067
vt 0.324978 0.662193
vt 0.324980 0.667265
vt 0.162676 0.729355
vt 0.227558 0.729355
vt 0.935148 0.977474
vt 0.935125 0.974999
vt 0.774194 0.670543
vt 0.682540 0.262498
vt 0.053026 0.899061
vt 0.835957 0.019190
vt 0.835957 0.024181
vt 0.832145 0.024180
vt 0.833390 0.017942
vt 0.165901 0.280160
vt 0.165764 0.281400
vt 0.952591 0.533363
vt 0.952591 0.519639
vt 0.286188 0.575994
vt 0.774194 0.596936
vt 0.716762 0.584484
vt 0.091618 0.368429
vt 0.093376 0.368353
vt 0.093331 0.374336
vt 0.091572 0.374412
vt 0.774194 0.533310
vt 0.883977 0.670575
vt 0.892709 0.670578
vt 0.755481 0.576969
vt 0.099041 0.729355
vt 0.845303 0.432277
vt 0.790412 0.576980
vt 0.805382 0.576984
vt 0.811620 0.568253
vt 0.736768 0.440978
vt 0.280062 0.667265
vt 0.674234 0.072816
vt 0.671743 0.072816
vt 0.671743 0.061586
vt 0.837818 0.586974
vt 0.996254 0.747958
vt 0.998772 0.747939
vt 0.584509 0.653506
vt 0.584509 0.657247
vt 0.774194 0.545785
vt 0.741758 0.646829
vt 0.970056 0.972514
vt 0.837818 0.596955
vt 0.844056 0.620661
vt 0.836571 0.620658
vt 0.844056 0.646860
vt 0.613192 0.574575
vt 0.613192 0.573938
vt 0.855283 0.646863
vt 0.905185 0.519625
vt 0.892709 0.519621
vt 0.855283 0.472202
vt 0.844056 0.472199
vt 0.996254 0.620706
vt 0.992512 0.620705
vt 0.992512 0.597001
vt 0.821600 0.620654
vt 0.767980 0.424749
vt 0.767957 0.427264
vt 0.755504 0.424745
vt 0.755481 0.519581
vt 0.855283 0.429785
vt 0.845303 0.429782
vt 0.070590 0.196395
vt 0.070590 0.184632
vt 0.072354 0.184639
vt 0.072354 0.196403
vt 0.271661 0.016524
vt 0.271661 0.012781
vt 0.275402 0.012781
vt 0.275402 0.016524
vt 0.398594 0.662193
vt 0.805382 0.429770
vt 0.811620 0.429772
vt 0.811620 0.432267
vt 0.855284 0.620664
vt 0.674234 0.148928
vt 0.671743 0.148928
vt 0.877739 0.586986
vt 0.877739 0.596967
vt 0.382058 0.734466
vt 0.727990 0.584487
vt 0.066679 0.201475
vt 0.066679 0.212704
vt 0.062893 0.212700
vt 0.166430 0.223871
vt 0.164668 0.223883
vt 0.822848 0.596950
vt 0.811620 0.596947
vt 0.163995 0.206545
vt 0.165757 0.206533
vt 0.996254 0.708036
vt 0.998772 0.708017
vt 0.822848 0.427280
vt 0.744254 0.429752
vt 0.744254 0.427257
vt 0.755481 0.432250
vt 0.744254 0.432247
vt 0.855283 0.533334
vt 0.877739 0.533340
vt 0.877739 0.544568
vt 0.985026 0.545848
vt 0.985026 0.568304
vt 0.971304 0.568300
vt 0.971304 0.545844
vt 0.671743 0.107753
vt 0.736768 0.429750
vt 0.736768 0.427255
vt 0.790412 0.472183
vt 0.790412 0.455965
vt 0.805382 0.455969
vt 0.736791 0.424739
vt 0.647377 0.921583
vt 0.649130 0.921766
vt 0.648410 0.926943
vt 0.646657 0.926759
vt 0.877739 0.568272
vt 0.877739 0.577006
vt 0.076957 0.277975
vt 0.079448 0.279241
vt 0.079448 0.311679
vt 0.076957 0.311661
vt 0.520873 0.657205
vt 0.532102 0.657205
vt 0.883977 0.544570
vt 0.892709 0.544573
vt 0.691880 0.440944
vt 0.855283 0.432280
vt 0.774194 0.440989
vt 0.244199 0.335972
vt 0.304344 0.910644
vt 0.305565 0.910391
vt 0.018702 0.328693
vt 0.767957 0.495881
vt 0.998772 0.620686
vt 0.998772 0.646885
vt 0.181922 0.158914
vt 0.146348 0.275480
vt 0.811620 0.455971
vt 0.822848 0.455974
vt 0.822848 0.472193
vt 0.070590 0.177146
vt 0.070590 0.168591
vt 0.072354 0.168599
vt 0.072354 0.177154
vt 0.051723 0.657205
vt 0.051723 0.653464
vt 0.077926 0.653464
vt 0.162810 0.180904
vt 0.164570 0.180974
vt 0.164570 0.183014
vt 0.162810 0.182944
vt 0.499661 0.657205
vt 0.509643 0.657205
vt 0.062893 0.132845
vt 0.066679 0.132849
vt 0.171869 0.023877
vt 0.170630 0.024018
vt 0.736768 0.432245
vt 0.122853 0.688676
vt 0.238976 0.220006
vt 0.172756 0.667265
vt 0.023690 0.111587
vt 0.325166 0.579878
vt 0.325166 0.573640
vt 0.330167 0.574852
vt 0.330167 0.579842
vt 0.107074 0.342744
vt 0.108739 0.343325
vt 0.106592 0.349001
vt 0.104928 0.348420
vt 0.822871 0.424765
vt 0.612145 0.652849
vt 0.121172 0.503240
vt 0.790412 0.429766
vt 0.767957 0.440987
vt 0.915165 0.596978
vt 0.935125 0.495930
vt 0.066679 0.250136
vt 0.822848 0.441004
vt 0.811620 0.441000
vt 0.719303 0.749124
vt 0.252886 0.254910
vt 0.249163 0.254901
vt 0.285161 0.035312
vt 0.523093 0.797657
vt 0.169024 0.701316
vt 0.170267 0.688676
vt 0.877739 0.455991
vt 0.002009 0.458824
vt 0.007000 0.458824
vt 0.007000 0.462567
vt 0.002009 0.462567
vt 0.454731 0.574566
vt 0.443501 0.574566
vt 0.443501 0.573928
vt 0.454731 0.573929
vt 0.755481 0.440984
vt 0.688069 0.589465
vt 0.877739 0.646870
vt 0.342711 0.480990
vt 0.342435 0.480990
vt 0.744276 0.424742
vt 0.441017 0.662193
vt 0.441017 0.657205
vt 0.449752 0.657205
vt 0.449751 0.662193
vt 0.013794 0.568514
vt 0.013794 0.567267
vt 0.905185 0.586994
vt 0.905185 0.577014
vt 0.915165 0.586997
vt 0.905185 0.670582
vt 0.292426 0.554787
vt 0.292426 0.575996
vt 0.936373 0.646887
vt 0.952591 0.670596
vt 0.936373 0.670591
vt 0.744254 0.440980
vt 0.395775 0.734466
vt 0.392034 0.734466
vt 0.388613 0.653463
vt 0.388613 0.652216
vt 0.394851 0.652216
vt 0.394851 0.653463
vt 0.767957 0.519584
vt 0.883977 0.646872
vt 0.985026 0.620702
vt 0.985026 0.646902
vt 0.952591 0.545838
vt 0.905185 0.596975
vt 0.261249 0.710692
vt 0.274974 0.710692
vt 0.017537 0.575996
vt 0.015042 0.575996
vt 0.015038 0.572301
vt 0.892709 0.646874
vt 0.379878 0.657205
vt 0.388612 0.657205
vt 0.028769 0.186459
vt 0.023690 0.186451
vt 0.023690 0.178964
vt 0.028769 0.178972
vt 0.289930 0.552291
vt 0.293673 0.554788
vt 0.141934 0.287204
vt 0.143502 0.284047
vt 0.877739 0.620671
vt 0.023690 0.167735
vt 0.023690 0.144028
vt 0.366156 0.593690
vt 0.369899 0.593690
vt 0.883977 0.533342
vt 0.892709 0.533345
vt 0.936373 0.587003
vt 0.920155 0.586999
vt 0.088713 0.218499
vt 0.086953 0.218420
vt 0.271661 0.158765
vt 0.935125 0.472226
vt 0.342840 0.830542
vt 0.286298 0.662193
vt 0.280059 0.662193
vt 0.280059 0.657205
vt 0.286298 0.657205
vt 0.582716 0.861690
vt 0.952591 0.568295
vt 0.936373 0.577023
vt 0.936373 0.568290
vt 0.457238 0.662193
vt 0.903937 0.429799
vt 0.903937 0.432295
vt 0.985026 0.670605
vt 0.971304 0.670601
vt 0.918907 0.974994
vt 0.970056 0.865223
vt 0.012468 0.186452
vt 0.014961 0.186452
vt 0.014961 0.203920
vt 0.012468 0.203920
vt 0.280059 0.653464
vt 0.684189 0.863787
vt 0.416063 0.650970
vt 0.424797 0.650970
vt 0.424797 0.653463
vt 0.416063 0.653463
vt 0.492163 0.002331
vt 0.492163 0.001918
vt 0.503392 0.001919
vt 0.503392 0.002332
vt 0.266718 0.068940
vt 0.998772 0.670589
vt 0.671743 0.241261
vt 0.671743 0.225040
vt 0.674234 0.225040
vt 0.919324 0.154740
vt 0.917562 0.154660
vt 0.134076 0.667265
vt 0.160279 0.667265
vt 0.811620 0.670554
vt 0.271661 0.088893
vt 0.274155 0.088892
vt 0.213931 0.667265
vt 0.992512 0.495947
vt 0.996254 0.495948
vt 0.996254 0.519652
vt 0.992512 0.519651
vt 0.528347 0.574570
vt 0.510879 0.574570
vt 0.510879 0.573932
vt 0.528347 0.573933
vt 0.952591 0.596989
vt 0.837818 0.472197
vt 0.996254 0.533376
vt 0.998772 0.533356
vt 0.998772 0.545832
vt 0.996254 0.545851
vt 0.970056 0.855242
vt 0.970056 0.861480
vt 0.604458 0.001924
vt 0.613192 0.001925
vt 0.613192 0.002338
vt 0.604458 0.002338
vt 0.494673 0.594860
vt 0.244199 0.254890
vt 0.023690 0.129055
vt 0.023690 0.119073
vt 0.028769 0.120329
vt 0.992512 0.533374
vt 0.169025 0.705099
vt 0.179007 0.705099
vt 0.494673 0.591047
vt 0.213929 0.657205
vt 0.213929 0.653464
vt 0.992512 0.545850
vt 0.701526 0.227562
vt 0.708998 0.227562
vt 0.514375 0.775198
vt 0.018702 0.203920
vt 0.018702 0.216397
vt 0.014961 0.216397
vt 0.985026 0.472241
vt 0.991264 0.472243
vt 0.985026 0.495945
vt 0.877739 0.441020
vt 0.883977 0.441022
vt 0.883977 0.455992
vt 0.936373 0.545833
vt 0.909535 0.303719
vt 0.970056 0.770407
vt 0.282679 0.229904
vt 0.285161 0.229910
vt 0.285161 0.052776
vt 0.281438 0.052767
vt 0.996254 0.568308
vt 0.992512 0.568307
vt 0.356171 0.652216
vt 0.359915 0.652216
vt 0.359915 0.653464
vt 0.356171 0.653464
vt 0.983779 0.432318
vt 0.244199 0.262374
vt 0.238976 0.262419
vt 0.342711 0.354982
vt 0.342435 0.354982
vt 0.342435 0.351239
vt 0.342712 0.351239
vt 0.465972 0.653463
vt 0.465972 0.650970
vt 0.474707 0.650970
vt 0.474706 0.653463
vt 0.951343 0.432309
vt 0.935125 0.432304
vt 0.255368 0.117700
vt 0.255368 0.127679
vt 0.261220 0.495050
vt 0.262509 0.498796
vt 0.256257 0.494931
vt 0.655906 0.547130
vt 0.656863 0.547130
vt 0.091549 0.377404
vt 0.093308 0.377327
vt 0.093278 0.381316
vt 0.091519 0.381393
vt 0.565794 0.591047
vt 0.280197 0.095177
vt 0.280197 0.088940
vt 0.282679 0.088945
vt 0.282679 0.095182
vt 0.432283 0.662193
vt 0.935125 0.429809
vt 0.918907 0.429804
vt 0.095589 0.007197
vt 0.095589 0.002206
vt 0.103075 0.002207
vt 0.103075 0.007197
vt 0.951343 0.429813
vt 0.101801 0.387298
vt 0.101801 0.386254
vt 0.103566 0.386264
vt 0.103566 0.387308
vt 0.111932 0.907599
vt 0.217103 0.066693
vt 0.023690 0.203919
vt 0.874044 0.400591
vt 0.842850 0.400591
vt 0.066679 0.033031
vt 0.066679 0.040517
vt 0.985026 0.456022
vt 0.991264 0.456024
vt 0.700613 0.977405
vt 0.696870 0.977403
vt 0.020544 0.705099
vt 0.019284 0.607618
vt 0.556203 0.891643
vt 0.556203 0.894134
vt 0.547469 0.894134
vt 0.985026 0.441052
vt 0.991264 0.441053
vt 0.983802 0.424813
vt 0.996254 0.472244
vt 0.200323 0.053073
vt 0.012468 0.079147
vt 0.012468 0.096616
vt 0.087537 0.038727
vt 0.089297 0.038806
vt 0.998772 0.472225
vt 0.936349 0.050871
vt 0.789165 0.799048
vt 0.991287 0.424815
vt 0.993782 0.424816
vt 0.023690 0.015512
vt 0.028769 0.016767
vt 0.111452 0.031403
vt 0.113358 0.030595
vt 0.122501 0.024342
vt 0.122172 0.026073
vt 0.849730 0.260003
vt 0.849730 0.227562
vt 0.970056 0.432314
vt 0.066679 0.030535
vt 0.079448 0.472620
vt 0.076957 0.473849
vt 0.932741 0.053827
vt 0.931818 0.055330
vt 0.929219 0.053728
vt 0.003252 0.007210
vt 0.004500 0.004714
vt 0.009491 0.007210
vt 0.008243 0.009705
vt 0.922511 0.391304
vt 0.921588 0.388809
vt 0.925115 0.388726
vt 0.928642 0.388644
vt 0.544593 0.702563
vt 0.553328 0.705099
vt 0.543346 0.705099
vt 0.922201 0.374146
vt 0.008055 0.667265
vt 0.005557 0.662193
vt 0.244199 0.017880
vt 0.244199 0.025365
vt 0.095054 0.213278
vt 0.093289 0.213283
vt 0.093289 0.207045
vt 0.095054 0.207040
vt 0.175490 0.514596
vt 0.186712 0.514595
vt 0.690091 0.040401
vt 0.701300 0.040401
vt 0.835729 0.001721
vt 0.106198 0.019373
vt 0.104440 0.019468
vt 0.998772 0.495929
vt 0.846938 0.001721
vt 0.838296 0.006712
vt 0.014961 0.104102
vt 0.012468 0.104102
vt 0.324883 0.721916
vt 0.186364 0.286583
vt 0.187270 0.291222
vt 0.185502 0.292315
vt 0.174800 0.529664
vt 0.175920 0.533435
vt 0.169844 0.533407
vt 0.169835 0.529664
vt 0.849501 0.319894
vt 0.846934 0.324885
vt 0.838292 0.319894
vt 0.160314 0.086541
vt 0.158284 0.084907
vt 0.158580 0.081292
vt 0.160314 0.080973
vt 0.323636 0.718175
vt 0.076610 0.489455
vt 0.074074 0.488604
vt 0.074074 0.484989
vt 0.076610 0.485840
vt 0.854330 0.323637
vt 0.851840 0.324884
vt 0.855652 0.319894
vt 0.850750 0.009207
vt 0.108748 0.419535
vt 0.112078 0.417997
vt 0.112078 0.424194
vt 0.108878 0.423973
vt 0.261284 0.571690
vt 0.121599 0.474751
vt 0.124708 0.475004
vt 0.124847 0.479438
vt 0.121599 0.480943
vt 0.544393 0.749221
vt 0.137615 0.483567
vt 0.136568 0.483649
vt 0.136303 0.482419
vt 0.264646 0.575372
vt 0.265299 0.578834
vt 0.001721 0.715723
vt 0.002969 0.713229
vt 0.006710 0.711939
vt 0.006710 0.714434
vt 0.506786 0.583513
vt 0.508448 0.582922
vt 0.508128 0.587346
vt 0.249163 0.314778
vt 0.252886 0.314786
vt 0.715000 0.024180
vt 0.708849 0.024180
vt 0.839541 0.014198
vt 0.564268 0.407512
vt 0.564192 0.410007
vt 0.664271 0.942210
vt 0.518035 0.796409
vt 0.164570 0.410580
vt 0.162687 0.411426
vt 0.162947 0.409351
vt 0.861709 0.310698
vt 0.861618 0.308204
vt 0.118504 0.203366
vt 0.117265 0.203499
vt 0.040398 0.740621
vt 0.041644 0.750555
vt 0.136296 0.286919
vt 0.896404 0.008386
vt 0.591082 0.413505
vt 0.450185 0.420637
vt 0.449950 0.413156
vt 0.282256 0.791742
vt 0.280519 0.791445
vt 0.159969 0.094033
vt 0.161733 0.092948
vt 0.161733 0.095054
vt 0.518035 0.730279
vt 0.310193 0.368195
vt 0.310193 0.363347
vt 0.312116 0.364017
vt 0.312116 0.368865
vt 0.883935 0.007986
vt 0.890169 0.008186
vt 0.882909 0.147450
vt 0.029005 0.556606
vt 0.025258 0.556494
vt 0.381633 0.409814
vt 0.890310 0.004469
vt 0.327671 0.007191
vt 0.335158 0.004697
vt 0.450381 0.426872
vt 0.591278 0.419740
vt 0.023690 0.137789
vt 0.116025 0.203633
vt 0.869099 0.162194
vt 0.686656 0.756467
vt 0.388254 0.770129
vt 0.387771 0.774616
vt 0.385848 0.772997
vt 0.385530 0.769466
vt 0.614074 0.694305
vt 0.612197 0.695168
vt 0.611801 0.690523
vt 0.614395 0.691270
vt 0.523136 0.582509
vt 0.523328 0.581483
vt 0.657328 0.654812
vt 0.657921 0.658474
vt 0.656296 0.659161
vt 0.656296 0.654647
vt 0.496549 0.436963
vt 0.495425 0.436421
vt 0.496549 0.434197
vt 0.353487 0.588765
vt 0.396876 0.583488
vt 0.399765 0.581109
vt 0.400076 0.587346
vt 0.075588 0.029793
vt 0.075588 0.023436
vt 0.076610 0.029576
vt 0.475278 0.477717
vt 0.494302 0.433115
vt 0.495425 0.433656
vt 0.494302 0.435880
vt 0.109752 0.351190
vt 0.400076 0.577591
vt 0.394949 0.585073
vt 0.120696 0.049467
vt 0.012468 0.060431
vt 0.014961 0.060431
vt 0.843430 0.019190
vt 0.839617 0.016694
vt 0.845845 0.017942
vt 0.077520 0.014879
vt 0.075483 0.014839
vt 0.076501 0.011396
vt 0.078029 0.012277
vt 0.138320 0.402886
vt 0.136557 0.402839
vt 0.181595 0.382220
vt 0.180422 0.385889
vt 0.180422 0.381702
vt 0.207950 0.334852
vt 0.891462 0.427301
vt 0.142948 0.132668
vt 0.144708 0.132738
vt 0.144708 0.134777
vt 0.142948 0.134708
vt 0.703943 0.019190
vt 0.440026 0.578443
vt 0.436303 0.579682
vt 0.436303 0.578434
vt 0.111847 0.226032
vt 0.112078 0.227052
vt 0.111849 0.227277
vt 0.111579 0.226438
vt 0.111450 0.226219
vt 0.109725 0.227437
vt 0.109450 0.227160
vt 0.109980 0.226910
vt 0.129074 0.453684
vt 0.126414 0.454234
vt 0.125517 0.452714
vt 0.841602 0.404332
vt 0.109221 0.337068
vt 0.110886 0.337649
vt 0.274972 0.729355
vt 0.006995 0.587346
vt 0.010738 0.587346
vt 0.353265 0.578486
vt 0.653484 0.643496
vt 0.064912 0.020023
vt 0.064909 0.021063
vt 0.299634 0.340939
vt 0.299634 0.337303
vt 0.302185 0.338272
vt 0.302185 0.341909
vt 0.900172 0.858984
vt 0.830333 0.858944
vt 0.829085 0.855200
vt 0.831535 0.855241
vt 0.832782 0.857737
vt 0.142595 0.081514
vt 0.143290 0.085123
vt 0.141533 0.084989
vt 0.140839 0.081381
vt 0.163152 0.419135
vt 0.162429 0.422776
vt 0.162429 0.416504
vt 0.162998 0.417381
vt 0.125517 0.456825
vt 0.127310 0.455754
vt 0.727454 0.009207
vt 0.856898 0.304921
vt 0.856898 0.312407
vt 0.311156 0.729355
vt 0.136634 0.201111
vt 0.137185 0.196179
vt 0.138414 0.196351
vt 0.139091 0.201457
vt 0.325171 0.500013
vt 0.087606 0.017528
vt 0.087619 0.013490
vt 0.089379 0.013568
vt 0.089369 0.016597
vt 0.160279 0.593614
vt 0.167766 0.593614
vt 0.856901 0.009207
vt 0.106236 0.031339
vt 0.104478 0.031435
vt 0.098880 0.303100
vt 0.097121 0.303178
vt 0.138260 0.411982
vt 0.136496 0.411935
vt 0.106430 0.091171
vt 0.104672 0.091266
vt 0.104585 0.064342
vt 0.106343 0.064246
vt 0.117799 0.208461
vt 0.116559 0.208595
vt 0.255368 0.077783
vt 0.255368 0.095246
vt 0.306067 0.418327
vt 0.106307 0.053277
vt 0.104549 0.053373
vt 0.104520 0.044398
vt 0.106278 0.044303
vt 0.856901 0.051630
vt 0.850750 0.051630
vt 0.255368 0.313545
vt 0.027399 0.350899
vt 0.029793 0.360570
vt 0.026228 0.361536
vt 0.024696 0.353405
vt 0.671743 0.477083
vt 0.671743 0.457119
vt 0.674234 0.458367
vt 0.020271 0.518193
vt 0.023759 0.519248
vt 0.701528 0.055374
vt 0.304984 0.481609
vt 0.307980 0.479753
vt 0.159916 0.533407
vt 0.159907 0.529664
vt 0.186654 0.390529
vt 0.184893 0.390577
vt 0.833541 0.163928
vt 0.831050 0.163928
vt 0.831051 0.099045
vt 0.674234 0.120230
vt 0.671743 0.120230
vt 0.671743 0.115239
vt 0.674234 0.115239
vt 0.320619 0.404322
vt 0.320619 0.343190
vt 0.386106 0.574562
vt 0.386106 0.573925
vt 0.509644 0.640532
vt 0.095054 0.100990
vt 0.095054 0.114507
vt 0.093289 0.114511
vt 0.093289 0.100995
vt 0.261247 0.729355
vt 0.850825 0.099045
vt 0.853240 0.099044
vt 0.294936 0.718132
vt 0.655906 0.535902
vt 0.656863 0.535902
vt 0.774194 0.732922
vt 0.604458 0.574575
vt 0.604458 0.573938
vt 0.847240 0.163928
vt 0.839768 0.163928
vt 0.078776 0.136015
vt 0.080536 0.136117
vt 0.300762 0.313143
vt 0.297024 0.313124
vt 0.377845 0.409725
vt 0.035307 0.436566
vt 0.031781 0.436522
vt 0.849731 0.163928
vt 0.216316 0.891860
vt 0.089359 0.019626
vt 0.089339 0.025683
vt 0.087580 0.025604
vt 0.087599 0.019547
vt 0.856899 0.163926
vt 0.293276 0.315638
vt 0.293276 0.313142
vt 0.293275 0.320628
vt 0.099037 0.885275
vt 0.853240 0.065355
vt 0.856901 0.065355
vt 0.856900 0.099044
vt 0.115473 0.943443
vt 0.115466 0.938300
vt 0.118995 0.938303
vt 0.119016 0.942479
vt 0.132827 0.640532
vt 0.132827 0.635550
vt 0.161525 0.640532
vt 0.089350 0.007196
vt 0.088102 0.002206
vt 0.424798 0.645513
vt 0.300763 0.230801
vt 0.097081 0.014016
vt 0.099654 0.012372
vt 0.100728 0.016911
vt 0.098970 0.016989
vt 0.404504 0.783128
vt 0.300765 0.102298
vt 0.300764 0.165926
vt 0.690166 0.099045
vt 0.221129 0.565096
vt 0.223109 0.565685
vt 0.613031 0.601207
vt 0.611266 0.600131
vt 0.617139 0.675306
vt 0.614644 0.675306
vt 0.300762 0.289438
vt 0.302532 0.549778
vt 0.719303 0.620624
vt 0.694352 0.620616
vt 0.691880 0.620595
vt 0.654368 0.574578
vt 0.654368 0.573940
vt 0.209629 0.901616
vt 0.212398 0.901485
vt 0.084865 0.270167
vt 0.086541 0.269617
vt 0.086541 0.272392
vt 0.660601 0.514686
vt 0.335158 0.584833
vt 0.035503 0.650969
vt 0.172737 0.349979
vt 0.174501 0.349979
vt 0.174469 0.353152
vt 0.173588 0.354678
vt 0.138361 0.279616
vt 0.138499 0.278376
vt 0.337653 0.522453
vt 0.337653 0.533681
vt 0.018702 0.316215
vt 0.612148 0.675306
vt 0.534302 0.800152
vt 0.197201 0.205954
vt 0.195628 0.209681
vt 0.193593 0.209969
vt 0.195166 0.206242
vt 0.106256 0.037322
vt 0.104498 0.037418
vt 0.007094 0.700215
vt 0.007094 0.706442
vt 0.656863 0.574578
vt 0.655906 0.573941
vt 0.280197 0.194970
vt 0.280197 0.207444
vt 0.660601 0.558357
vt 0.663053 0.558359
vt 0.663053 0.567093
vt 0.660601 0.567091
vt 0.325171 0.366520
vt 0.330167 0.365254
vt 0.325171 0.370263
vt 0.142804 0.075461
vt 0.141082 0.074319
vt 0.325171 0.487537
vt 0.682542 0.040400
vt 0.532103 0.645513
vt 0.520874 0.645513
vt 0.095054 0.087474
vt 0.093289 0.087479
vt 0.565792 0.645513
vt 0.565792 0.640532
vt 0.655906 0.514693
vt 0.656863 0.514693
vt 0.656863 0.524674
vt 0.655906 0.524674
vt 0.691880 0.862625
vt 0.665547 0.567093
vt 0.665547 0.573332
vt 0.254127 0.340985
vt 0.249163 0.340973
vt 0.912670 0.429802
vt 0.096986 0.324119
vt 0.098745 0.324041
vt 0.098713 0.329026
vt 0.096954 0.329105
vt 0.091671 0.361449
vt 0.093430 0.361373
vt 0.470063 0.581103
vt 0.325171 0.391472
vt 0.325171 0.398957
vt 0.276649 0.121333
vt 0.276649 0.128819
vt 0.112078 0.129904
vt 0.109583 0.129903
vt 0.533056 0.800152
vt 0.664300 0.367455
vt 0.666794 0.367455
vt 0.691880 0.646794
vt 0.691880 0.670498
vt 0.734273 0.862658
vt 0.249163 0.142634
vt 0.249163 0.136397
vt 0.252886 0.136405
vt 0.252886 0.142643
vt 0.300767 0.017461
vt 0.096548 0.391927
vt 0.098307 0.391848
vt 0.266718 0.055217
vt 0.280060 0.629247
vt 0.093289 0.080201
vt 0.095054 0.080196
vt 0.017025 0.507898
vt 0.014485 0.507898
vt 0.015726 0.504153
vt 0.017019 0.504155
vt 0.158094 0.941069
vt 0.158087 0.942024
vt 0.403257 0.751935
vt 0.694307 0.824011
vt 0.564408 0.363573
vt 0.096851 0.345060
vt 0.098610 0.344981
vt 0.897089 0.418520
vt 0.314916 0.501134
vt 0.008243 0.573622
vt 0.003252 0.576117
vt 0.200323 0.217733
vt 0.096593 0.384947
vt 0.098352 0.384868
vt 0.285161 0.246126
vt 0.633571 0.655473
vt 0.635582 0.655030
vt 0.861618 0.162467
vt 0.915921 0.387351
vt 0.917906 0.388863
vt 0.634558 0.652589
vt 0.633230 0.653746
vt 0.329115 0.881604
vt 0.336602 0.881604
vt 0.137398 0.276998
vt 0.140014 0.276033
vt 0.149877 0.124846
vt 0.596587 0.694493
vt 0.124895 0.503248
vt 0.098378 0.380880
vt 0.096619 0.380958
vt 0.304216 0.257670
vt 0.305581 0.257800
vt 0.306673 0.259182
vt 0.305308 0.259053
vt 0.142750 0.354983
vt 0.143290 0.354156
vt 0.143290 0.360352
vt 0.142575 0.356739
vt 0.115453 0.209969
vt 0.344088 0.885416
vt 0.344088 0.882849
vt 0.314380 0.279562
vt 0.314380 0.248371
vt 0.205814 0.460790
vt 0.207369 0.459958
vt 0.208669 0.464359
vt 0.207114 0.465192
vt 0.559947 0.889152
vt 0.180058 0.131309
vt 0.181595 0.130451
vt 0.116456 0.034088
vt 0.702029 0.699756
vt 0.700554 0.702018
vt 0.697271 0.703740
vt 0.696587 0.699323
vt 0.938548 0.121675
vt 0.943442 0.126802
vt 0.871953 0.820030
vt 0.871917 0.818266
vt 0.874968 0.818201
vt 0.875040 0.821729
vt 0.180176 0.555377
vt 0.669752 0.767445
vt 0.667071 0.766749
vt 0.607663 0.931848
vt 0.875344 0.813769
vt 0.872902 0.814728
vt 0.872756 0.807672
vt 0.874749 0.807617
vt 0.350327 0.894134
vt 0.606417 0.622227
vt 0.124840 0.249693
vt 0.123458 0.248712
vt 0.519248 0.578506
vt 0.519248 0.585705
vt 0.517168 0.585927
vt 0.516154 0.581627
vt 0.871548 0.404332
vt 0.089508 0.471012
vt 0.090798 0.469763
vt 0.654231 0.654317
vt 0.652825 0.648741
vt 0.660601 0.320039
vt 0.392983 0.913558
vt 0.390909 0.913650
vt 0.390385 0.907444
vt 0.392460 0.907353
vt 0.320629 0.240850
vt 0.661848 0.424849
vt 0.656044 0.775291
vt 0.661436 0.770408
vt 0.664369 0.772369
vt 0.657743 0.777453
vt 0.085725 0.464774
vt 0.658282 0.902734
vt 0.658282 0.927722
vt 0.655678 0.927837
vt 0.655448 0.903864
vt 0.320619 0.249619
vt 0.261043 0.524867
vt 0.261043 0.528559
vt 0.259988 0.532016
vt 0.259808 0.527299
vt 0.195231 0.287179
vt 0.195782 0.293517
vt 0.112078 0.040078
vt 0.112078 0.070020
vt 0.109583 0.070019
vt 0.109583 0.040077
vt 0.119172 0.209568
vt 0.516276 0.896625
vt 0.266718 0.571625
vt 0.264961 0.571740
vt 0.484241 0.923660
vt 0.485199 0.923653
vt 0.485199 0.933634
vt 0.484241 0.934119
vt 0.509644 0.645513
vt 0.098680 0.334012
vt 0.096922 0.334091
vt 0.168827 0.240176
vt 0.399516 0.709511
vt 0.547469 0.896625
vt 0.449752 0.645513
vt 0.900172 0.794110
vt 0.690564 0.589466
vt 0.690610 0.591921
vt 0.416064 0.645513
vt 0.049655 0.347657
vt 0.049655 0.358775
vt 0.047891 0.361771
vt 0.047891 0.342569
vt 0.573319 0.812727
vt 0.569554 0.812746
vt 0.831049 0.227562
vt 0.676649 0.408457
vt 0.676649 0.419687
vt 0.674234 0.419687
vt 0.674234 0.407210
vt 0.298777 0.601467
vt 0.307512 0.593690
vt 0.324981 0.593690
vt 0.127791 0.267426
vt 0.126860 0.265372
vt 0.147874 0.399034
vt 0.148836 0.398124
vt 0.148836 0.399977
vt 0.503940 0.368865
vt 0.505181 0.365119
vt 0.506474 0.365122
vt 0.506480 0.368865
vt 0.330167 0.451339
vt 0.337653 0.451339
vt 0.325171 0.467576
vt 0.690626 0.400591
vt 0.666794 0.397401
vt 0.663053 0.397400
vt 0.432283 0.657205
vt 0.432283 0.653463
vt 0.096896 0.338079
vt 0.098655 0.338001
vt 0.325171 0.451357
vt 0.656863 0.359990
vt 0.655906 0.359990
vt 0.423550 0.629247
vt 0.861963 0.012434
vt 0.862066 0.009945
vt 0.868300 0.010156
vt 0.869445 0.012686
vt 0.407329 0.645513
vt 0.098796 0.316063
vt 0.097038 0.316142
vt 0.111939 0.931145
vt 0.200323 0.211495
vt 0.392076 0.738208
vt 0.395817 0.738208
vt 0.188347 0.102147
vt 0.188347 0.097100
vt 0.190107 0.097173
vt 0.190107 0.101211
vt 0.319560 0.475539
vt 0.321323 0.475591
vt 0.839538 0.278719
vt 0.663613 0.641257
vt 0.662849 0.624945
vt 0.664612 0.624919
vt 0.665375 0.641231
vt 0.649947 0.668703
vt 0.649966 0.672469
vt 0.325171 0.381491
vt 0.102881 0.645513
vt 0.102781 0.010847
vt 0.104804 0.010482
vt 0.079478 0.522085
vt 0.065762 0.522085
vt 0.218625 0.015496
vt 0.220630 0.015345
vt 0.221319 0.017953
vt 0.219452 0.019862
vt 0.300246 0.329515
vt 0.593021 0.797303
vt 0.592805 0.803092
vt 0.075284 0.095309
vt 0.076610 0.093792
vt 0.076610 0.096472
vt 0.118819 0.509443
vt 0.508448 0.580234
vt 0.512155 0.580026
vt 0.511514 0.583496
vt 0.869258 0.017669
vt 0.998772 0.802832
vt 0.457239 0.645513
vt 0.891485 0.424785
vt 0.136572 0.593614
vt 0.337653 0.403930
vt 0.337653 0.326579
vt 0.454746 0.591047
vt 0.389875 0.705099
vt 0.530565 0.768959
vt 0.526829 0.768959
vt 0.337653 0.408921
vt 0.337653 0.417654
vt 0.213930 0.645513
vt 0.671743 0.123973
vt 0.674234 0.123973
vt 0.337653 0.287903
vt 0.337653 0.302874
vt 0.337653 0.163143
vt 0.744276 0.977418
vt 0.655906 0.016898
vt 0.656863 0.016898
vt 0.154639 0.289142
vt 0.153071 0.292299
vt 0.671743 0.186360
vt 0.671743 0.182617
vt 0.716739 0.897645
vt 0.665547 0.235195
vt 0.665547 0.257654
vt 0.905185 0.533349
vt 0.269733 0.500709
vt 0.266679 0.500805
vt 0.850826 0.065356
vt 0.848335 0.055374
vt 0.286299 0.645513
vt 0.280060 0.645513
vt 0.171271 0.227795
vt 0.173083 0.228785
vt 0.171271 0.229831
vt 0.577415 0.881604
vt 0.883520 0.163845
vt 0.885275 0.163672
vt 0.881421 0.007883
vt 0.881602 0.148634
vt 0.306110 0.264140
vt 0.253148 0.915480
vt 0.258205 0.915480
vt 0.012468 0.337428
vt 0.350327 0.895303
vt 0.896565 0.003398
vt 0.446435 0.420792
vt 0.446205 0.413291
vt 0.856897 0.316151
vt 0.850746 0.316151
vt 0.132984 0.221319
vt 0.132984 0.219249
vt 0.134778 0.220351
vt 0.120178 0.217282
vt 0.121926 0.217515
vt 0.344087 0.829296
vt 0.835725 0.324885
vt 0.337653 0.281665
vt 0.878182 0.413806
vt 0.877921 0.417570
vt 0.872830 0.417409
vt 0.871720 0.413623
vt 0.701525 0.271233
vt 0.319054 0.451306
vt 0.322047 0.453164
vt 0.325171 0.341568
vt 0.040399 0.710692
vt 0.673887 0.621652
vt 0.070590 0.154689
vt 0.072354 0.154697
vt 0.097521 0.241354
vt 0.099279 0.241275
vt 0.099202 0.253241
vt 0.097443 0.253320
vt 0.051629 0.710692
vt 0.021281 0.405978
vt 0.019182 0.414021
vt 0.148690 0.458589
vt 0.659135 0.432555
vt 0.659555 0.437203
vt 0.653207 0.437507
vt 0.654483 0.432372
vt 0.153084 0.088248
vt 0.155561 0.087294
vt 0.275230 0.475020
vt 0.436963 0.412970
vt 0.436950 0.419296
vt 0.433202 0.419339
vt 0.433215 0.413013
vt 0.062423 0.015133
vt 0.062270 0.018903
vt 0.057176 0.018886
vt 0.055959 0.015133
vt 0.762712 0.419077
vt 0.757578 0.419938
vt 0.891380 0.369762
vt 0.893233 0.368883
vt 0.893788 0.372553
vt 0.888420 0.373121
vt 0.659700 0.440914
vt 0.653352 0.441219
vt 0.935437 0.053393
vt 0.587800 0.807853
vt 0.593021 0.808665
vt 0.064104 0.729355
vt 0.768122 0.414710
vt 0.768941 0.419938
vt 0.062318 0.011418
vt 0.055854 0.011418
vt 0.036531 0.795959
vt 0.037124 0.794038
vt 0.741819 0.415483
vt 0.758763 0.407209
vt 0.762719 0.409256
vt 0.654025 0.788307
vt 0.654025 0.792253
vt 0.649310 0.789884
vt 0.436950 0.425485
vt 0.433202 0.425528
vt 0.172565 0.499304
vt 0.167648 0.499795
vt 0.115794 0.408553
vt 0.113831 0.408984
vt 0.511643 0.477339
vt 0.511057 0.481898
vt 0.509054 0.482362
vt 0.509951 0.476840
vt 0.139034 0.249617
vt 0.330167 0.241741
vt 0.325166 0.241777
vt 0.006710 0.719422
vt 0.001719 0.721916
vt 0.665605 0.765768
vt 0.136196 0.212027
vt 0.133618 0.215644
vt 0.131672 0.212638
vt 0.133055 0.210319
vt 0.154048 0.097993
vt 0.157099 0.097844
vt 0.642209 0.800143
vt 0.158297 0.134261
vt 0.160865 0.135065
vt 0.152155 0.178782
vt 0.150655 0.177859
vt 0.848332 0.271232
vt 0.839614 0.273728
vt 0.609909 0.919221
vt 0.607169 0.918880
vt 0.516411 0.470803
vt 0.513854 0.473236
vt 0.686203 0.001720
vt 0.160280 0.591047
vt 0.167766 0.591047
vt 0.325166 0.264234
vt 0.330167 0.264198
vt 0.300422 0.404332
vt 0.300422 0.400122
vt 0.302185 0.400090
vt 0.302185 0.404301
vt 0.642209 0.804088
vt 0.289417 0.305120
vt 0.289417 0.310698
vt 0.287832 0.309382
vt 0.769798 0.006712
vt 0.769722 0.001721
vt 0.324885 0.715723
vt 0.002967 0.718175
vt 0.687597 0.304921
vt 0.167301 0.289552
vt 0.169063 0.289659
vt 0.104440 0.268345
vt 0.106198 0.268249
vt 0.104602 0.272392
vt 0.169827 0.525922
vt 0.175902 0.525951
vt 0.308153 0.515661
vt 0.310698 0.514775
vt 0.310698 0.518363
vt 0.308153 0.519248
vt 0.680981 0.614053
vt 0.678262 0.614302
vt 0.087619 0.265414
vt 0.089379 0.265492
vt 0.089241 0.269555
vt 0.259925 0.484382
vt 0.262461 0.483515
vt 0.262461 0.487170
vt 0.259925 0.488036
vt 0.201674 0.518338
vt 0.196687 0.518338
vt 0.196687 0.514595
vt 0.202876 0.514591
vt 0.097411 0.258306
vt 0.099170 0.258227
vt 0.088628 0.244746
vt 0.086868 0.244667
vt 0.106991 0.264682
vt 0.105233 0.264777
vt 0.105223 0.261786
vt 0.106981 0.261690
vt 0.694352 0.687985
vt 0.691880 0.687964
vt 0.255368 0.263648
vt 0.337653 0.365255
vt 0.110659 0.265547
vt 0.109064 0.269690
vt 0.232669 0.350421
vt 0.229369 0.348869
vt 0.229502 0.344423
vt 0.232669 0.344216
vt 0.300766 0.043660
vt 0.152881 0.324896
vt 0.154639 0.324807
vt 0.855283 0.974975
vt 0.312093 0.243758
vt 0.310869 0.243737
vt 0.115991 0.414095
vt 0.114960 0.414263
vt 0.320619 0.435513
vt 0.230006 0.361624
vt 0.232669 0.361788
vt 0.685637 0.401881
vt 0.661806 0.361216
vt 0.661848 0.363710
vt 0.465566 0.795819
vt 0.556204 0.895303
vt 0.936977 0.114858
vt 0.938914 0.114358
vt 0.315633 0.445475
vt 0.037270 0.812497
vt 0.039814 0.813447
vt 0.039507 0.820483
vt 0.037493 0.820435
vt 0.320629 0.444209
vt 0.318128 0.445475
vt 0.310465 0.374816
vt 0.312116 0.379596
vt 0.310465 0.380214
vt 0.222847 0.575611
vt 0.221129 0.575996
vt 0.209969 0.468760
vt 0.208414 0.469593
vt 0.145311 0.425512
vt 0.147264 0.428451
vt 0.383742 0.425057
vt 0.384337 0.425916
vt 0.384471 0.427675
vt 0.383742 0.431288
vt 0.209969 0.459176
vt 0.207543 0.454668
vt 0.209551 0.454715
vt 0.119588 0.044222
vt 0.206499 0.454617
vt 0.165989 0.467535
vt 0.164236 0.467710
vt 0.207189 0.907354
vt 0.207993 0.902276
vt 0.040234 0.832860
vt 0.042561 0.837317
vt 0.038953 0.839877
vt 0.037136 0.834547
vt 0.488463 0.585509
vt 0.486748 0.585927
vt 0.486523 0.581273
vt 0.489455 0.582128
vt 0.039329 0.827539
vt 0.041918 0.826724
vt 0.040279 0.831096
vt 0.037225 0.831019
vt 0.165659 0.287434
vt 0.166632 0.285962
vt 0.153392 0.507898
vt 0.154639 0.504158
vt 0.154639 0.507898
vt 0.196686 0.522081
vt 0.205515 0.548603
vt 0.203809 0.549041
vt 0.203889 0.545387
vt 0.205594 0.544949
vt 0.389376 0.912775
vt 0.388853 0.906569
vt 0.042561 0.820560
vt 0.029782 0.489078
vt 0.033309 0.489122
vt 0.686150 0.760338
vt 0.678806 0.761793
vt 0.711489 0.227562
vt 0.182206 0.144078
vt 0.183871 0.144659
vt 0.088572 0.261908
vt 0.086812 0.261829
vt 0.105204 0.255802
vt 0.106962 0.255707
vt 0.137820 0.591047
vt 0.337653 0.309112
vt 0.636199 0.636220
vt 0.676649 0.156414
vt 0.676649 0.165148
vt 0.252886 0.297323
vt 0.339950 0.662193
vt 0.337653 0.193085
vt 0.337653 0.215542
vt 0.255368 0.419937
vt 0.285161 0.320971
vt 0.285161 0.323466
vt 0.099653 0.183439
vt 0.097894 0.183518
vt 0.161525 0.645513
vt 0.951343 0.972509
vt 0.935125 0.972504
vt 0.671743 0.191351
vt 0.132827 0.645513
vt 0.122845 0.645513
vt 0.709346 0.977407
vt 0.671743 0.173883
vt 0.276649 0.035240
vt 0.276649 0.052708
vt 0.256546 0.587342
vt 0.247812 0.587341
vt 0.246564 0.582351
vt 0.255298 0.582351
vt 0.100703 0.020900
vt 0.098938 0.021975
vt 0.100651 0.028877
vt 0.098892 0.028956
vt 0.655906 0.169106
vt 0.656863 0.169106
vt 0.655906 0.003175
vt 0.656863 0.003175
vt 0.656863 0.008165
vt 0.655906 0.008643
vt 0.015042 0.569761
vt 0.985026 0.822810
vt 0.582716 0.867928
vt 0.665547 0.003115
vt 0.665547 0.008106
vt 0.663053 0.003115
vt 0.150896 0.507898
vt 0.342711 0.456037
vt 0.342435 0.456037
vt 0.342435 0.452295
vt 0.342712 0.452295
vt 0.575774 0.640532
vt 0.440875 0.413100
vt 0.442638 0.413055
vt 0.442638 0.417101
vt 0.440875 0.416134
vt 0.274155 0.271061
vt 0.276649 0.271061
vt 0.276649 0.279795
vt 0.274155 0.281043
vt 0.100580 0.039846
vt 0.098822 0.039924
vt 0.665547 0.030566
vt 0.663053 0.030566
vt 0.665547 0.296334
vt 0.110562 0.587334
vt 0.110562 0.582343
vt 0.121791 0.582344
vt 0.120543 0.587334
vt 0.255368 0.297328
vt 0.660601 0.030564
vt 0.254127 0.014161
vt 0.254127 0.017903
vt 0.252886 0.017901
vt 0.252886 0.012911
vt 0.250275 0.344747
vt 0.230344 0.587340
vt 0.230344 0.582350
vt 0.002009 0.543661
vt 0.007000 0.543661
vt 0.471421 0.370269
vt 0.470386 0.370284
vt 0.470386 0.365761
vt 0.471713 0.366020
vt 0.471430 0.367610
vt 0.253998 0.343508
vt 0.487741 0.578836
vt 0.489455 0.578418
vt 0.168117 0.439839
vt 0.169146 0.439595
vt 0.330167 0.037134
vt 0.325166 0.037170
vt 0.665547 0.016841
vt 0.325166 0.054637
vt 0.889143 0.001935
vt 0.896625 0.002175
vt 0.052238 0.418520
vt 0.052238 0.415711
vt 0.053911 0.416272
vt 0.072354 0.213513
vt 0.070590 0.215644
vt 0.187211 0.300630
vt 0.185450 0.300678
vt 0.020478 0.433979
vt 0.018720 0.434125
vt 0.676725 0.545709
vt 0.666406 0.615414
vt 0.668900 0.612918
vt 0.332657 0.002220
vt 0.313941 0.007209
vt 0.281500 0.582353
vt 0.290235 0.582353
vt 0.290235 0.587344
vt 0.282748 0.587343
vt 0.271519 0.582352
vt 0.271519 0.587343
vt 0.271661 0.281043
vt 0.660601 0.048032
vt 0.342435 0.364962
vt 0.342711 0.365100
vt 0.660601 0.072987
vt 0.674234 0.201333
vt 0.671743 0.201333
vt 0.676649 0.115239
vt 0.342711 0.257806
vt 0.342435 0.257668
vt 0.239762 0.486618
vt 0.237999 0.486582
vt 0.285161 0.302260
vt 0.285161 0.313487
vt 0.002004 0.390224
vt 0.006995 0.390224
vt 0.006995 0.396462
vt 0.002004 0.396462
vt 0.129278 0.582344
vt 0.129278 0.587335
vt 0.755481 0.455954
vt 0.325166 0.079589
vt 0.656863 0.156630
vt 0.655906 0.156630
vt 0.660601 0.461034
vt 0.127684 0.368492
vt 0.656863 0.001927
vt 0.655906 0.002340
vt 0.255368 0.110215
vt 0.671743 0.256234
vt 0.701838 0.921284
vt 0.676649 0.082798
vt 0.018702 0.060431
vt 0.020271 0.348742
vt 0.022074 0.345708
vt 0.070590 0.040265
vt 0.072354 0.040273
vt 0.671394 0.611670
vt 0.727990 0.589477
vt 0.342840 0.881604
vt 0.117640 0.222253
vt 0.119389 0.222486
vt 0.394866 0.705099
vt 0.271661 0.169995
vt 0.274155 0.169995
vt 0.132826 0.662193
vt 0.160276 0.662193
vt 0.056748 0.459690
vt 0.054072 0.460425
vt 0.595858 0.405981
vt 0.061005 0.333411
vt 0.058565 0.333212
vt 0.478105 0.738439
vt 0.477976 0.742209
vt 0.471771 0.742195
vt 0.245094 0.562448
vt 0.246856 0.562504
vt 0.246856 0.578834
vt 0.245094 0.578777
vt 0.147522 0.048468
vt 0.150383 0.049542
vt 0.150383 0.055330
vt 0.147676 0.055291
vt 0.293275 0.009993
vt 0.297019 0.009993
vt 0.142088 0.010962
vt 0.144708 0.011611
vt 0.478328 0.477551
vt 0.478946 0.480260
vt 0.681864 0.625984
vt 0.998772 0.973750
vt 0.261058 0.502533
vt 0.388727 0.745687
vt 0.388721 0.750854
vt 0.386949 0.751917
vt 0.386067 0.745226
vt 0.173131 0.295090
vt 0.174222 0.287322
vt 0.175920 0.286726
vt 0.175920 0.295092
vt 0.006995 0.371510
vt 0.008243 0.371510
vt 0.008243 0.381491
vt 0.007000 0.381473
vt 0.284953 0.750555
vt 0.306809 0.464801
vt 0.305056 0.464600
vt 0.870300 0.813889
vt 0.869706 0.807738
vt 0.137356 0.063986
vt 0.138379 0.064197
vt 0.139034 0.066135
vt 0.137356 0.066679
vt 0.832142 0.271232
vt 0.659700 0.428132
vt 0.655048 0.427948
vt 0.651188 0.596301
vt 0.049130 0.760531
vt 0.928670 0.344611
vt 0.595802 0.697001
vt 0.310800 0.252530
vt 0.075455 0.033259
vt 0.076610 0.032805
vt 0.076610 0.036886
vt 0.074997 0.036180
vt 0.479524 0.481061
vt 0.703047 0.695792
vt 0.696587 0.695595
vt 0.066679 0.054242
vt 0.590605 0.394071
vt 0.714313 0.881365
vt 0.155885 0.115725
vt 0.158937 0.115575
vt 0.471355 0.587346
vt 0.276649 0.177481
vt 0.403587 0.603882
vt 0.109128 0.688676
vt 0.200553 0.940530
vt 0.202598 0.941073
vt 0.003252 0.582355
vt 0.004500 0.584851
vt 0.209969 0.476011
vt 0.208216 0.479524
vt 0.208100 0.477766
vt 0.208100 0.474378
vt 0.562062 0.705099
vt 0.038893 0.346075
vt 0.040758 0.345177
vt 0.261043 0.557076
vt 0.261043 0.562562
vt 0.259371 0.567484
vt 0.259371 0.561999
vt 0.627531 0.677103
vt 0.626719 0.674550
vt 0.927733 0.340138
vt 0.876603 0.308883
vt 0.127644 0.358466
vt 0.134043 0.240899
vt 0.606591 0.593973
vt 0.605142 0.596661
vt 0.315643 0.011258
vt 0.315633 0.018780
vt 0.941439 0.130995
vt 0.943132 0.131484
vt 0.270579 0.329424
vt 0.278067 0.328219
vt 0.747106 0.419077
vt 0.752516 0.414710
vt 0.753335 0.419938
vt 0.385848 0.763206
vt 0.388727 0.765627
vt 0.654615 0.615218
vt 0.658282 0.615177
vt 0.096001 0.010474
vt 0.097759 0.010396
vt 0.718010 0.898873
vt 0.023216 0.581109
vt 0.023216 0.582356
vt 0.173083 0.157818
vt 0.171309 0.156711
vt 0.824095 0.855199
vt 0.815363 0.855196
vt 0.563688 0.358041
vt 0.565288 0.357300
vt 0.850823 0.261251
vt 0.263880 0.498800
vt 0.263616 0.505061
vt 0.176987 0.416631
vt 0.213929 0.650969
vt 0.255368 0.136411
vt 0.255368 0.142648
vt 0.276649 0.070176
vt 0.276649 0.088892
vt 0.540824 0.574571
vt 0.540824 0.573934
vt 0.255368 0.166349
vt 0.547063 0.574572
vt 0.547063 0.573934
vt 0.998772 0.568288
vt 0.998772 0.577021
vt 0.891485 0.977461
vt 0.271661 0.207427
vt 0.255368 0.059071
vt 0.262591 0.662193
vt 0.300767 0.013718
vt 0.255368 0.254916
vt 0.070590 0.119400
vt 0.072354 0.119407
vt 0.252886 0.040354
vt 0.252886 0.025385
vt 0.255368 0.025391
vt 0.255368 0.040360
vt 0.276649 0.169994
vt 0.002009 0.309112
vt 0.002009 0.326578
vt 0.520873 0.653463
vt 0.509643 0.653463
vt 0.509643 0.650970
vt 0.520873 0.650970
vt 0.342711 0.411124
vt 0.342435 0.411124
vt 0.342435 0.402390
vt 0.342712 0.402391
vt 0.342711 0.547113
vt 0.342435 0.547113
vt 0.342435 0.535884
vt 0.342712 0.535884
vt 0.282679 0.177512
vt 0.285161 0.177518
vt 0.018702 0.119074
vt 0.018702 0.111588
vt 0.666794 0.156587
vt 0.325171 0.475061
vt 0.014961 0.291261
vt 0.018702 0.291261
vt 0.018702 0.298747
vt 0.014961 0.298748
vt 0.337653 0.426387
vt 0.200323 0.110454
vt 0.873854 0.419972
vt 0.877531 0.421357
vt 0.460981 0.650970
vt 0.460981 0.653463
vt 0.477976 0.805828
vt 0.110744 0.223803
vt 0.111385 0.223993
vt 0.111101 0.225213
vt 0.109450 0.223421
vt 0.109878 0.223547
vt 0.110014 0.224032
vt 0.553314 0.650970
vt 0.565791 0.650970
vt 0.565791 0.653463
vt 0.718033 0.811522
vt 0.694330 0.811515
vt 0.200587 0.890996
vt 0.202696 0.889228
vt 0.208136 0.895561
vt 0.204864 0.896880
vt 0.741972 0.419938
vt 0.655184 0.611672
vt 0.655138 0.607924
vt 0.661419 0.609176
vt 0.661419 0.611671
vt 0.583430 0.806720
vt 0.506231 0.799316
vt 0.509317 0.797198
vt 0.066679 0.120372
vt 0.264342 0.328219
vt 0.176850 0.131274
vt 0.158682 0.166507
vt 0.161733 0.166357
vt 0.070634 0.587331
vt 0.051918 0.587330
vt 0.070629 0.582359
vt 0.145130 0.203612
vt 0.882849 0.002959
vt 0.137049 0.080863
vt 0.135842 0.081152
vt 0.070629 0.007213
vt 0.070634 0.002205
vt 0.712072 0.706518
vt 0.709629 0.705438
vt 0.942001 0.021031
vt 0.939255 0.020544
vt 0.249163 0.012902
vt 0.249163 0.017892
vt 0.244199 0.014138
vt 0.540529 0.473947
vt 0.540529 0.479524
vt 0.159898 0.525922
vt 0.249163 0.040345
vt 0.565791 0.657205
vt 0.002009 0.522452
vt 0.007000 0.521205
vt 0.007000 0.532433
vt 0.002009 0.533680
vt 0.678364 0.695030
vt 0.680385 0.695517
vt 0.139034 0.423639
vt 0.137257 0.425613
vt 0.136443 0.420020
vt 0.138206 0.420067
vt 0.065008 0.485556
vt 0.065985 0.485706
vt 0.013794 0.575995
vt 0.013794 0.572255
vt 0.221319 0.903719
vt 0.135516 0.587335
vt 0.135516 0.582345
vt 0.159223 0.582346
vt 0.159223 0.587336
vt 0.681579 0.406687
vt 0.682474 0.406281
vt 0.683903 0.410508
vt 0.681280 0.409831
vt 0.179923 0.409444
vt 0.179923 0.403958
vt 0.181595 0.404522
vt 0.181595 0.410007
vt 0.648126 0.806061
vt 0.644557 0.807246
vt 0.244568 0.379964
vt 0.245790 0.379847
vt 0.158723 0.121804
vt 0.156669 0.121953
vt 0.879036 0.401881
vt 0.299149 0.410866
vt 0.301183 0.411033
vt 0.302185 0.415682
vt 0.299149 0.415334
vt 0.682542 0.065355
vt 0.682542 0.051630
vt 0.272908 0.010285
vt 0.275402 0.010285
vt 0.076501 0.018443
vt 0.078029 0.017562
vt 0.489143 0.436430
vt 0.484446 0.435797
vt 0.484183 0.430510
vt 0.490449 0.431948
vt 0.657262 0.637244
vt 0.657410 0.633530
vt 0.659700 0.631995
vt 0.659700 0.638420
vt 0.446635 0.427008
vt 0.676649 0.029145
vt 0.676725 0.017916
vt 0.649130 0.928554
vt 0.647233 0.929406
vt 0.129103 0.454684
vt 0.560681 0.580218
vt 0.562719 0.580137
vt 0.185392 0.310086
vt 0.187153 0.310038
vt 0.058272 0.021419
vt 0.060746 0.022688
vt 0.045399 0.012752
vt 0.043122 0.011311
vt 0.672989 0.571911
vt 0.672730 0.571911
vt 0.671760 0.568025
vt 0.671743 0.566920
vt 0.672989 0.566920
vt 0.473563 0.473256
vt 0.470572 0.473272
vt 0.600032 0.690310
vt 0.230729 0.366027
vt 0.229284 0.364590
vt 0.655184 0.605433
vt 0.662665 0.606680
vt 0.018230 0.002202
vt 0.033202 0.002203
vt 0.002009 0.241741
vt 0.007000 0.241741
vt 0.006995 0.264216
vt 0.002009 0.264198
vt 0.160550 0.190107
vt 0.160550 0.187318
vt 0.161733 0.186728
vt 0.161733 0.189517
vt 0.008243 0.241760
vt 0.008243 0.264216
vt 0.200323 0.029372
vt 0.701376 0.030419
vt 0.703943 0.027924
vt 0.903851 0.010718
vt 0.167903 0.098583
vt 0.164704 0.092393
vt 0.831535 0.790368
vt 0.133915 0.206318
vt 0.128609 0.209826
vt 0.128460 0.206101
vt 0.699037 0.027924
vt 0.697792 0.024181
vt 0.127120 0.261140
vt 0.127120 0.257480
vt 0.305221 0.450711
vt 0.305474 0.445566
vt 0.306441 0.450458
vt 0.306441 0.456825
vt 0.666794 0.456044
vt 0.663053 0.457292
vt 0.378232 0.425613
vt 0.376668 0.424802
vt 0.337653 0.567366
vt 0.009491 0.564889
vt 0.009491 0.573622
vt 0.172979 0.503029
vt 0.166821 0.503642
vt 0.935618 0.279745
vt 0.940605 0.280992
vt 0.875721 0.011650
vt 0.003103 0.899053
vt 0.337653 0.582338
vt 0.161703 0.054511
vt 0.161496 0.061226
vt 0.152780 0.092719
vt 0.155831 0.092569
vt 0.947162 0.066966
vt 0.155110 0.483974
vt 0.156425 0.496314
vt 0.580764 0.662193
vt 0.767969 0.410254
vt 0.055523 0.022699
vt 0.054306 0.018946
vt 0.918930 0.977469
vt 0.132826 0.657205
vt 0.132826 0.653464
vt 0.207694 0.447561
vt 0.209702 0.447608
vt 0.205209 0.343328
vt 0.921753 0.350883
vt 0.568290 0.594707
vt 0.204251 0.946952
vt 0.204294 0.950579
vt 0.686656 0.843796
vt 0.111953 0.941430
vt 0.111932 0.937254
vt 0.606223 0.684514
vt 0.603703 0.685503
vt 0.603037 0.628566
vt 0.014961 0.256325
vt 0.018702 0.256324
vt 0.018702 0.263811
vt 0.014961 0.265059
vt 0.152407 0.158169
vt 0.149993 0.158747
vt 0.271519 0.007207
vt 0.271519 0.002216
vt 0.282748 0.002217
vt 0.281500 0.007207
vt 0.705188 0.024181
vt 0.865686 0.325294
vt 0.159507 0.128032
vt 0.157513 0.128032
vt 0.325171 0.374005
vt 0.081944 0.011543
vt 0.083704 0.011644
vt 0.257977 0.939186
vt 0.252919 0.939186
vt 0.253071 0.930452
vt 0.258129 0.930453
vt 0.675306 0.905692
vt 0.320619 0.280810
vt 0.447259 0.591047
vt 0.924391 0.394402
vt 0.874931 0.799624
vt 0.872366 0.800550
vt 0.002004 0.408938
vt 0.007000 0.408920
vt 0.007000 0.417653
vt 0.002009 0.417653
vt 0.574527 0.652259
vt 0.682539 0.304921
vt 0.133025 0.123695
vt 0.134774 0.123928
vt 0.002009 0.371492
vt 0.002009 0.381473
vt 0.485199 0.913672
vt 0.484241 0.912723
vt 0.263021 0.937940
vt 0.268052 0.939186
vt 0.280197 0.070228
vt 0.280197 0.052764
vt 0.282679 0.070234
vt 0.342711 0.418609
vt 0.342435 0.418609
vt 0.015038 0.571054
vt 0.694330 0.825239
vt 0.694352 0.691728
vt 0.690633 0.691707
vt 0.001815 0.644116
vt 0.001815 0.640455
vt 0.142453 0.441012
vt 0.146608 0.443775
vt 0.032910 0.760531
vt 0.032908 0.799189
vt 0.644095 0.927143
vt 0.642208 0.927837
vt 0.808665 0.417786
vt 0.807486 0.421357
vt 0.178278 0.012979
vt 0.180067 0.013975
vt 0.180176 0.017025
vt 0.176681 0.017025
vt 0.272244 0.458553
vt 0.275230 0.462576
vt 0.388339 0.902125
vt 0.389871 0.903000
vt 0.577414 0.830542
vt 0.163372 0.073773
vt 0.162434 0.067500
vt 0.163606 0.067072
vt 0.164570 0.073360
vt 0.311158 0.353073
vt 0.310135 0.353259
vt 0.310135 0.350565
vt 0.312116 0.350197
vt 0.537221 0.468538
vt 0.881583 0.002895
vt 0.339951 0.653464
vt 0.324978 0.653464
vt 0.324978 0.650970
vt 0.339951 0.652216
vt 0.938695 0.061001
vt 0.940459 0.061034
vt 0.267254 0.480943
vt 0.264753 0.479724
vt 0.132149 0.117313
vt 0.133898 0.117546
vt 0.847090 0.024180
vt 0.255368 0.102731
vt 0.468862 0.579860
vt 0.471355 0.579860
vt 0.231140 0.353068
vt 0.232669 0.354418
vt 0.144634 0.347107
vt 0.142028 0.347584
vt 0.142028 0.344530
vt 0.144708 0.345017
vt 0.002009 0.037134
vt 0.002009 0.053353
vt 0.066450 0.016406
vt 0.067132 0.014463
vt 0.068098 0.014258
vt 0.068098 0.017024
vt 0.109945 0.029184
vt 0.112767 0.028020
vt 0.161427 0.042708
vt 0.663031 0.942250
vt 0.662945 0.939756
vt 0.213848 0.889357
vt 0.212574 0.897051
vt 0.478049 0.470220
vt 0.479524 0.469258
vt 0.036567 0.341388
vt 0.038324 0.341537
vt 0.258464 0.327329
vt 0.260224 0.328435
vt 0.689431 0.837632
vt 0.684268 0.416289
vt 0.682510 0.416154
vt 0.126265 0.280162
vt 0.126104 0.284898
vt 0.124359 0.285161
vt 0.124359 0.279394
vt 0.465337 0.437752
vt 0.461674 0.438382
vt 0.461674 0.430447
vt 0.464802 0.430686
vt 0.536716 0.730279
vt 0.924999 0.195782
vt 0.922247 0.195479
vt 0.922247 0.170695
vt 0.924989 0.172040
vt 0.503468 0.808665
vt 0.503468 0.804182
vt 0.205713 0.542244
vt 0.203809 0.541705
vt 0.875782 0.010409
vt 0.014331 0.890317
vt 0.029302 0.889065
vt 0.100933 0.410007
vt 0.100933 0.405898
vt 0.103566 0.405425
vt 0.103566 0.409534
vt 0.882828 0.149944
vt 0.325166 0.009723
vt 0.676649 0.148928
vt 0.069999 0.235292
vt 0.070130 0.235268
vt 0.128807 0.151124
vt 0.129103 0.154639
vt 0.127506 0.153889
vt 0.126767 0.151276
vt 0.081574 0.215159
vt 0.083600 0.215379
vt 0.676649 0.071568
vt 0.451072 0.735874
vt 0.299445 0.355846
vt 0.302185 0.355509
vt 0.301500 0.358973
vt 0.299445 0.360352
vt 0.421357 0.578396
vt 0.416409 0.580512
vt 0.199935 0.331332
vt 0.203658 0.332588
vt 0.523136 0.577844
vt 0.869706 0.824550
vt 0.873279 0.827108
vt 0.933705 0.337770
vt 0.938798 0.336506
vt 0.193593 0.202872
vt 0.194317 0.200960
vt 0.934093 0.373861
vt 0.939186 0.375092
vt 0.007000 0.079553
vt 0.009491 0.079571
vt 0.008243 0.105771
vt 0.007000 0.105752
vt 0.140673 0.510736
vt 0.140673 0.500955
vt 0.143290 0.500527
vt 0.143290 0.510308
vt 0.015264 0.514778
vt 0.017025 0.514774
vt 0.017025 0.517829
vt 0.016095 0.517300
vt 0.844675 0.024181
vt 0.049117 0.492293
vt 0.052057 0.485815
vt 0.202875 0.522077
vt 0.164704 0.166735
vt 0.167327 0.167408
vt 0.043976 0.490874
vt 0.042767 0.489566
vt 0.398594 0.657205
vt 0.394851 0.657205
vt 0.398594 0.653463
vt 0.175507 0.491487
vt 0.175920 0.495211
vt 0.890606 0.376357
vt 0.892369 0.376426
vt 0.892369 0.401495
vt 0.890606 0.401426
vt 0.122533 0.906640
vt 0.216947 0.938606
vt 0.392983 0.902864
vt 0.476573 0.471182
vt 0.476614 0.473090
vt 0.002004 0.367767
vt 0.006995 0.367768
vt 0.044565 0.514599
vt 0.036992 0.514591
vt 0.204294 0.940593
vt 0.046482 0.426053
vt 0.047724 0.426157
vt 0.055030 0.489175
vt 0.407328 0.657205
vt 0.126517 0.459631
vt 0.130234 0.459513
vt 0.551833 0.769224
vt 0.002009 0.079552
vt 0.666794 0.547129
vt 0.665547 0.558359
vt 0.055501 0.899037
vt 0.117753 0.472722
vt 0.115276 0.472727
vt 0.129103 0.272703
vt 0.127730 0.273811
vt 0.172897 0.439595
vt 0.173083 0.442289
vt 0.407329 0.653463
vt 0.407329 0.652216
vt 0.112354 0.350969
vt 0.113497 0.354722
vt 0.755481 0.568236
vt 0.018702 0.280031
vt 0.691880 0.575683
vt 0.342711 0.390329
vt 0.342435 0.389914
vt 0.693122 0.404332
vt 0.544393 0.765439
vt 0.146195 0.196914
vt 0.243303 0.347484
vt 0.245769 0.347272
vt 0.070590 0.030641
vt 0.072354 0.030648
vt 0.922470 0.055454
vt 0.924961 0.056748
vt 0.240034 0.439270
vt 0.242599 0.439932
vt 0.241969 0.445311
vt 0.240034 0.445475
vt 0.659700 0.660432
vt 0.658075 0.661119
vt 0.604765 0.601049
vt 0.506786 0.580824
vt 0.028783 0.515356
vt 0.032271 0.516411
vt 0.130743 0.425613
vt 0.129773 0.421051
vt 0.051918 0.002204
vt 0.143488 0.437205
vt 0.147643 0.439969
vt 0.663613 0.621366
vt 0.665375 0.621339
vt 0.131567 0.475596
vt 0.127616 0.476687
vt 0.148671 0.410138
vt 0.148965 0.415289
vt 0.147759 0.421357
vt 0.147759 0.414994
vt 0.542084 0.650970
vt 0.036849 0.826599
vt 0.091770 0.348486
vt 0.093528 0.348410
vt 0.093483 0.354393
vt 0.091724 0.354469
vt 0.124806 0.052806
vt 0.123458 0.046686
vt 0.899888 0.255368
vt 0.913604 0.255366
vt 0.323637 0.713229
vt 0.451524 0.793639
vt 0.453987 0.793403
vt 0.668035 0.903372
vt 0.938964 0.129749
vt 0.388408 0.762096
vt 0.385530 0.759675
vt 0.101904 0.323263
vt 0.101649 0.320561
vt 0.244913 0.515046
vt 0.246856 0.516953
vt 0.937865 0.058339
vt 0.939628 0.058372
vt 0.671743 0.051605
vt 0.671743 0.040375
vt 0.674234 0.040375
vt 0.342711 0.493466
vt 0.342435 0.493466
vt 0.918907 0.427309
vt 0.918930 0.424793
vt 0.487184 0.653463
vt 0.356171 0.657205
vt 0.359914 0.657205
vt 0.276649 0.102617
vt 0.276649 0.110103
vt 0.274155 0.110104
vt 0.462807 0.582154
vt 0.462807 0.584649
vt 0.012468 0.178966
vt 0.014961 0.178965
vt 0.369896 0.657205
vt 0.366153 0.657205
vt 0.271661 0.110104
vt 0.121791 0.007198
vt 0.110562 0.007197
vt 0.110562 0.002207
vt 0.120543 0.002208
vt 0.008243 0.390224
vt 0.008243 0.396463
vt 0.649769 0.370093
vt 0.752363 0.410254
vt 0.089345 0.008462
vt 0.070629 0.008461
vt 0.431699 0.753655
vt 0.671743 0.215058
vt 0.671743 0.211315
vt 0.006995 0.302892
vt 0.008243 0.302892
vt 0.123428 0.258679
vt 0.012468 0.298748
vt 0.676725 0.009181
vt 0.676725 0.002943
vt 0.607208 0.388834
vt 0.342711 0.356229
vt 0.342435 0.356229
vt 0.671743 0.221297
vt 0.671743 0.220049
vt 0.195156 0.111567
vt 0.195782 0.117713
vt 0.128460 0.214489
vt 0.002004 0.364024
vt 0.006995 0.364025
vt 0.271661 0.022763
vt 0.275402 0.022762
vt 0.091876 0.334526
vt 0.093635 0.334449
vt 0.093582 0.341429
vt 0.091823 0.341506
vt 0.477201 0.579850
vt 0.480943 0.579850
vt 0.339951 0.657205
vt 0.342435 0.567074
vt 0.342712 0.567074
vt 0.342711 0.568179
vt 0.528347 0.001920
vt 0.540824 0.001921
vt 0.540824 0.002334
vt 0.528347 0.002333
vt 0.346178 0.574560
vt 0.346178 0.573923
vt 0.532102 0.653463
vt 0.930193 0.001775
vt 0.932889 0.001341
vt 0.936302 0.002456
vt 0.002009 0.501243
vt 0.007000 0.499995
vt 0.007000 0.511224
vt 0.002009 0.511223
vt 0.018230 0.587328
vt 0.010738 0.002220
vt 0.342711 0.281373
vt 0.342435 0.281373
vt 0.342435 0.275135
vt 0.342712 0.275135
vt 0.013714 0.019256
vt 0.013714 0.015513
vt 0.342711 0.302582
vt 0.342435 0.302582
vt 0.342435 0.296344
vt 0.342712 0.296344
vt 0.002009 0.467557
vt 0.007000 0.467558
vt 0.012468 0.341171
vt 0.006995 0.002219
vt 0.342435 0.361220
vt 0.342712 0.361220
vt 0.276649 0.010285
vt 0.276649 0.012780
vt 0.155254 0.063842
vt 0.156058 0.063269
vt 0.710524 0.900118
vt 0.714267 0.901367
vt 0.180015 0.011860
vt 0.179079 0.010366
vt 0.009491 0.009705
vt 0.010734 0.008476
vt 0.010322 0.008883
vt 0.010026 0.008880
vt 0.009884 0.008878
vt 0.009898 0.008951
vt 0.009766 0.009433
vt 0.343683 0.574560
vt 0.343683 0.573923
vt 0.492293 0.439825
vt 0.488891 0.442638
vt 0.488276 0.440012
vt 0.458478 0.443555
vt 0.460005 0.442675
vt 0.424797 0.657205
vt 0.416063 0.657205
vt 0.246564 0.007205
vt 0.247812 0.002215
vt 0.256546 0.002215
vt 0.255298 0.007206
vt 0.249163 0.025376
vt 0.487184 0.650970
vt 0.280197 0.279795
vt 0.280197 0.288527
vt 0.280197 0.271063
vt 0.282679 0.271069
vt 0.161524 0.657205
vt 0.053566 0.453987
vt 0.301271 0.657205
vt 0.307509 0.657205
vt 0.342435 0.558341
vt 0.342712 0.558341
vt 0.307510 0.653464
vt 0.307510 0.650970
vt 0.499661 0.653463
vt 0.676649 0.040375
vt 0.240131 0.662193
vt 0.342711 0.427343
vt 0.342435 0.427343
vt 0.342711 0.009395
vt 0.342435 0.009395
vt 0.342712 0.008290
vt 0.188989 0.705099
vt 0.276649 0.095131
vt 0.002009 0.174370
vt 0.007000 0.174371
vt 0.007000 0.184351
vt 0.002009 0.184351
vt 0.457238 0.657205
vt 0.002009 0.433872
vt 0.007000 0.433872
vt 0.007000 0.442606
vt 0.002009 0.442605
vt 0.014961 0.129056
vt 0.018702 0.129056
vt 0.018702 0.137790
vt 0.014961 0.137790
vt 0.012468 0.291261
vt 0.018702 0.104101
vt 0.002009 0.281664
vt 0.002009 0.287902
vt 0.280059 0.650969
vt 0.286298 0.650969
vt 0.286298 0.653464
vt 0.588238 0.001923
vt 0.588238 0.002337
vt 0.457238 0.650970
vt 0.457238 0.653463
vt 0.096368 0.419848
vt 0.098127 0.419769
vt 0.676649 0.131459
vt 0.676649 0.123973
vt 0.655906 0.361424
vt 0.605118 0.647119
vt 0.888420 0.246591
vt 0.890178 0.246747
vt 0.503115 0.801426
vt 0.664014 0.898537
vt 0.662646 0.898609
vt 0.484183 0.440221
vt 0.418561 0.591200
vt 0.944939 0.314235
vt 0.947699 0.314570
vt 0.946054 0.316721
vt 0.944298 0.316858
vt 0.307831 0.038242
vt 0.307293 0.041104
vt 0.307612 0.038831
vt 0.878182 0.410090
vt 0.871720 0.409906
vt 0.342711 0.444809
vt 0.342435 0.444809
vt 0.342435 0.436076
vt 0.342712 0.436076
vt 0.438525 0.591047
vt 0.309904 0.885275
vt 0.337653 0.022163
vt 0.195782 0.107822
vt 0.193142 0.107356
vt 0.337653 0.576100
vt 0.899888 0.138081
vt 0.128368 0.253667
vt 0.705099 0.701588
vt 0.702379 0.705099
vt 0.012468 0.026743
vt 0.007000 0.451339
vt 0.002009 0.451338
vt 0.676725 0.573159
vt 0.676725 0.566920
vt 0.617139 0.605403
vt 0.202735 0.503274
vt 0.199642 0.503642
vt 0.199642 0.497499
vt 0.202876 0.498887
vt 0.605789 0.395161
vt 0.605042 0.400526
vt 0.185234 0.592445
vt 0.095054 0.180008
vt 0.093289 0.180012
vt 0.337653 0.035887
vt 0.012468 0.280032
vt 0.014961 0.280032
vt 0.342711 0.156612
vt 0.342435 0.156612
vt 0.342435 0.127917
vt 0.342712 0.127917
vt 0.018702 0.186451
vt 0.945942 0.339072
vt 0.947699 0.338935
vt 0.293673 0.575996
vt 0.088102 0.587332
vt 0.089350 0.582342
vt 0.018702 0.178965
vt 0.579504 0.001923
vt 0.579504 0.002336
vt 0.660601 0.003114
vt 0.005598 0.892814
vt 0.649769 0.365105
vt 0.219727 0.011003
vt 0.221319 0.011764
vt 0.070629 0.581111
vt 0.089345 0.581113
vt 0.137615 0.503253
vt 0.694330 0.576971
vt 0.337653 0.264199
vt 0.276649 0.022762
vt 0.014961 0.222636
vt 0.012468 0.222636
vt 0.012468 0.216398
vt 0.252757 0.010444
vt 0.249033 0.010435
vt 0.674234 0.398476
vt 0.676649 0.398475
vt 0.342711 0.169088
vt 0.342435 0.169088
vt 0.091473 0.387376
vt 0.093232 0.387299
vt 0.093156 0.397271
vt 0.091397 0.397347
vt 0.101801 0.384166
vt 0.103566 0.384176
vt 0.002004 0.361529
vt 0.565806 0.705099
vt 0.621926 0.001925
vt 0.621926 0.002339
vt 0.002004 0.400205
vt 0.006995 0.400205
vt 0.342435 0.393657
vt 0.342712 0.393657
vt 0.432283 0.650970
vt 0.337653 0.241742
vt 0.503392 0.574569
vt 0.503392 0.573932
vt 0.021281 0.563527
vt 0.213929 0.662193
vt 0.674234 0.389742
vt 0.671743 0.389742
vt 0.671743 0.366035
vt 0.674234 0.367282
vt 0.362410 0.657205
vt 0.362410 0.653464
vt 0.008243 0.400205
vt 0.008243 0.408939
vt 0.007000 0.426387
vt 0.002009 0.426386
vt 0.324978 0.657205
vt 0.271661 0.271061
vt 0.398594 0.652216
vt 0.679867 0.631859
vt 0.305023 0.575996
vt 0.301271 0.653464
vt 0.076205 0.237022
vt 0.077965 0.237123
vt 0.161524 0.653464
vt 0.532102 0.650970
vt 0.342435 0.335020
vt 0.342712 0.335020
vt 0.362410 0.652216
vt 0.676649 0.140194
vt 0.280197 0.229898
vt 0.280197 0.213681
vt 0.342711 0.320049
vt 0.342435 0.320049
vt 0.674234 0.279941
vt 0.671743 0.279941
vt 0.671743 0.273702
vt 0.674234 0.273702
vt 0.276649 0.016524
vt 0.008243 0.364025
vt 0.285161 0.254858
vt 0.285161 0.271074
vt 0.671743 0.419687
vt 0.671743 0.407210
vt 0.671743 0.294913
vt 0.002009 0.302874
vt 0.301271 0.650969
vt 0.671743 0.301152
vt 0.095054 0.144658
vt 0.093289 0.144663
vt 0.676649 0.273702
vt 0.676649 0.279940
vt 0.008243 0.367768
vt 0.161524 0.650969
vt 0.998772 0.519633
vt 0.676649 0.201333
vt 0.214123 0.007203
vt 0.214123 0.002213
vt 0.230344 0.002214
vt 0.230344 0.007204
vt 0.116067 0.338122
vt 0.117753 0.346165
vt 0.285161 0.070240
vt 0.159223 0.007200
vt 0.159223 0.002210
vt 0.018702 0.222636
vt 0.018702 0.238856
vt 0.121670 0.151217
vt 0.123428 0.151127
vt 0.123428 0.169076
vt 0.121670 0.169166
vt 0.462807 0.579659
vt 0.676649 0.225040
vt 0.499661 0.650970
vt 0.013794 0.569761
vt 0.285161 0.128869
vt 0.285161 0.135106
vt 0.282679 0.135100
vt 0.282679 0.128863
vt 0.012468 0.238857
vt 0.014961 0.238857
vt 0.012468 0.256325
vt 0.676649 0.120230
vt 0.671743 0.341080
vt 0.674234 0.341080
vt 0.123428 0.136169
vt 0.121670 0.136259
vt 0.177939 0.007201
vt 0.170453 0.007201
vt 0.170453 0.002210
vt 0.177939 0.002211
vt 0.095054 0.066680
vt 0.093289 0.066685
vt 0.148729 0.525922
vt 0.095054 0.058363
vt 0.093289 0.058367
vt 0.191470 0.657205
vt 0.179839 0.286515
vt 0.181595 0.286658
vt 0.014961 0.119074
vt 0.547063 0.001921
vt 0.563283 0.001922
vt 0.563283 0.002335
vt 0.547063 0.002334
vt 0.122845 0.650969
vt 0.132826 0.650969
vt 0.671743 0.398476
vt 0.012468 0.144029
vt 0.014961 0.144029
vt 0.014961 0.167736
vt 0.012468 0.167736
vt 0.280197 0.158795
vt 0.280197 0.135094
vt 0.280197 0.177506
vt 0.195407 0.007202
vt 0.195407 0.002212
vt 0.207884 0.002212
vt 0.207884 0.007203
vt 0.093289 0.200806
vt 0.095054 0.200802
vt 0.676649 0.318620
vt 0.674234 0.318621
vt 0.018702 0.144029
vt 0.018702 0.167735
vt 0.280197 0.170022
vt 0.510879 0.001919
vt 0.510879 0.002332
vt 0.012468 0.137791
vt 0.012468 0.265059
vt 0.342711 0.186555
vt 0.342435 0.186555
vt 0.342435 0.177822
vt 0.342712 0.177822
vt 0.012468 0.041715
vt 0.014961 0.041715
vt 0.012468 0.119075
vt 0.012468 0.129057
vt 0.123428 0.190017
vt 0.121670 0.190107
vt 0.018702 0.041715
vt 0.676649 0.367282
vt 0.676649 0.341079
vt 0.671743 0.318621
vt 0.671743 0.448385
vt 0.674234 0.448385
vt 0.240132 0.650969
vt 0.262591 0.650969
vt 0.676725 0.558186
vt 0.855306 0.977450
vt 0.007000 0.193085
vt 0.002009 0.193084
vt 0.002009 0.215541
vt 0.007000 0.215541
vt 0.002009 0.134447
vt 0.007000 0.134447
vt 0.007000 0.163142
vt 0.002009 0.163142
vt 0.671743 0.503286
vt 0.002009 0.124466
vt 0.007000 0.124466
vt 0.454731 0.001916
vt 0.454731 0.002329
vt 0.428529 0.001914
vt 0.428529 0.002328
vt 0.676649 0.389741
vt 0.676649 0.448385
vt 0.676649 0.458367
vt 0.436015 0.001915
vt 0.436015 0.002328
vt 0.123428 0.144146
vt 0.121670 0.144236
vt 0.285161 0.088951
vt 0.443501 0.001915
vt 0.443501 0.002328
vt 0.012468 0.111588
vt 0.014961 0.111588
vt 0.285161 0.121384
vt 0.282679 0.121378
vt 0.282679 0.102667
vt 0.285161 0.095188
vt 0.285161 0.102673
vt 0.282679 0.110152
vt 0.285161 0.110157
vt 0.280197 0.110146
vt 0.280197 0.102661
vt 0.002009 0.105752
vt 0.280197 0.121372
vt 0.671743 0.528241
vt 0.280197 0.128857
vt 0.386106 0.002325
vt 0.386106 0.001912
vt 0.095054 0.218477
vt 0.093289 0.218481
vt 0.342435 0.073023
vt 0.342712 0.073023
vt 0.077926 0.650969
vt 0.089320 0.031740
vt 0.087560 0.031661
vt 0.477976 0.735972
vt 0.283920 0.010361
vt 0.285161 0.012859
vt 0.051724 0.650969
vt 0.575774 0.645513
vt 0.368638 0.002324
vt 0.368638 0.001911
vt 0.033202 0.587329
vt 0.342435 0.018128
vt 0.342712 0.018128
vt 0.009491 0.015943
vt 0.032907 0.839093
vt 0.015007 0.011774
vt 0.018748 0.011773
vt 0.390745 0.778138
vt 0.673065 0.001695
vt 0.675556 0.001695
vt 0.676153 0.002332
vt 0.674958 0.002412
vt 0.673045 0.002332
vt 0.673005 0.003638
vt 0.675929 0.002715
vt 0.676466 0.002666
vt 0.255368 0.339741
vt 0.288715 0.591288
vt 0.287328 0.590200
vt 0.129103 0.148464
vt 0.127506 0.147713
vt 0.000000 0.000000
s 1
usemtl tripo_mat_d417ecab
f 10/1/1 96/2/2 97/3/3 11/4/4
f 11/4/4 13/5/5 14/6/6 10/1/1
f 287/7/7 286/8/8 278/9/9 279/10/10
f 2547/11/11 2549/12/11 2546/13/11 2545/14/11
f 2/15/12 6/16/13 106/17/14
f 76/18/15 74/19/16 69/20/16 71/21/15
f 405/22/17 404/23/18 329/24/19 330/25/20
f 65/26/16 69/27/16 70/28/21 64/29/21
f 1475/30/22 1468/31/23 1302/32/24 1408/33/25
f 781/34/26 782/35/27 658/36/28 657/37/29
f 6233/38/30 6241/39/31 6242/40/32 6234/41/15
f 104/42/33 87/43/34 85/44/35
f 6246/45/36 6254/46/37 6256/47/38 6247/48/39
f 165/49/40 164/50/41 137/51/42 138/52/40
f 719/53/43 710/54/44 673/55/45 681/56/46
f 1245/57/47 1341/58/48 1342/59/49 1246/60/50
f 6206/61/51 6245/62/52 6265/63/53 6211/64/54
f 65/26/16 64/29/21 6/65/13 7/66/55
f 87/43/34 86/67/56 84/68/57 85/44/35
f 214/69/58 215/70/59 227/71/60 225/72/61
f 4976/73/22 4973/74/22 4786/75/25 4845/76/62
f 247/77/40 267/78/40 268/79/40 248/80/40
f 6224/81/30 6231/82/30 6232/83/15 6225/84/15
f 6233/38/30 6234/41/15 6232/83/15 6231/82/30
f 111/85/63 13/86/5 11/87/4
f 97/88/3 99/89/64 109/90/63
f 1412/91/65 1420/92/66 1411/93/67 1306/94/68
f 257/95/69 256/96/70 251/97/71 253/98/72
f 271/99/63 73/100/73 67/101/73
f 2269/102/74 2239/103/75 621/104/76 623/105/76
f 551/106/77 549/107/78 544/108/79 545/109/80
f 5862/110/81 5857/111/82 5271/112/82 5288/113/81
f 351/114/83 359/115/84 362/116/85 353/117/86
f 33/118/87 21/119/88 18/120/89
f 55/121/90 61/122/91 62/123/92 59/124/93
f 19/125/94 25/126/95 32/127/96
f 2516/128/97 2518/129/98 2519/130/99 2515/131/100
f 4332/132/101 4329/133/102 4292/134/103 4300/135/104
f 377/136/105 184/137/106 183/138/107 163/139/108
f 5316/140/109 5312/141/109 5309/142/110 5310/143/110
f 3662/144/111 3659/145/112 3612/146/112 3616/147/111
f 189/148/113 193/149/114 198/150/115 192/151/116
f 22/152/117 24/153/118 17/154/119 21/155/88
f 715/156/120 679/157/121 641/158/122 642/159/123
f 199/160/124 194/161/125 191/162/126 192/163/116
f 853/164/127 854/165/128 848/166/129 836/167/130
f 22/168/117 34/169/131 36/170/132
f 2237/171/133 2244/172/134 2232/173/135 2231/174/136
f 37/175/137 39/176/138 42/177/139 38/178/140
f 38/179/140 34/180/131 33/181/87
f 20/182/141 23/183/142 35/184/143
f 27/185/144 26/186/145 25/187/95
f 1652/188/146 1650/189/147 1645/190/148 1641/191/149
f 1518/192/150 1508/193/151 1506/194/152 1505/195/153
f 1377/196/154 1379/197/155 1384/198/156 1368/199/157
f 175/200/158 174/201/159 161/202/160 162/203/161
f 4321/204/162 4322/205/163 4313/206/164 4320/207/165
f 2206/208/166 2224/209/167 2225/210/168 2205/211/169
f 4400/212/101 4395/213/170 4362/214/170 4381/215/101
f 29/216/171 44/217/172 45/218/173
f 746/219/174 758/220/175 742/221/176 731/222/177
f 63/223/178 42/177/139 39/176/138
f 52/224/179 48/225/180 47/226/181 43/227/182
f 5209/228/101 5223/229/101 5206/230/170 5205/231/170
f 667/232/183 669/233/184 664/234/185 662/235/186
f 193/236/114 189/237/113 188/238/187 186/239/188
f 1512/240/189 1532/241/190 1539/242/191 1517/243/192
f 3608/244/193 3586/245/194 3569/246/195 3573/247/196
f 199/248/124 202/249/197 197/250/198 194/251/125
f 45/218/173 63/252/178 39/253/138 29/216/171
f 499/254/199 507/255/200 510/256/201 504/257/202
f 2275/258/203 2220/259/204 2216/260/205 2214/261/206
f 421/262/207 420/263/208 416/264/209 417/265/210
f 707/266/211 709/267/212 706/268/213 701/269/214
f 183/270/107 179/271/215 178/272/216 175/273/158
f 53/274/217 51/275/218 48/276/180 52/277/179
f 426/278/219 423/279/220 412/280/221 413/281/222
f 4122/282/223 4121/283/224 4071/284/225 4072/285/226
f 6205/286/63 6206/61/51 6193/287/63 6192/288/63
f 49/289/227 55/290/90 59/291/93 50/292/228
f 465/293/229 467/294/230 460/295/231 455/296/232
f 414/297/233 60/298/234 54/299/235 56/300/236
f 679/301/121 676/302/237 670/303/238 641/304/122
f 46/305/239 54/306/235 55/307/90 49/308/227
f 3570/309/240 3557/310/241 2113/311/242 2119/312/243
f 473/313/244 472/314/245 460/295/231 467/294/230
f 483/315/246 479/316/247 474/317/248 470/318/249
f 373/319/250 374/320/251 368/321/252 369/322/253
f 5620/323/254 5619/324/255 5602/325/255 5603/326/254
f 4105/327/256 4059/328/257 4034/329/21 4038/330/21
f 3980/331/258 3979/332/259 3974/333/259 3975/334/260
f 3/335/261 89/336/262 96/2/2 10/1/1
f 219/337/263 218/338/264 207/339/265 208/340/266
f 4063/341/63 4110/342/63 4041/343/73 4036/344/73
f 4064/345/63 4063/341/63 382/346/63 383/347/63
f 381/348/40 386/349/40 307/350/40 292/351/40
f 6229/352/30 6230/353/267 6227/354/267 6226/355/30
f 266/356/257 246/357/257 64/358/21 70/359/21
f 71/21/15 69/20/16 65/360/16 66/361/15
f 3621/362/11 3625/363/11 3626/364/11 3622/365/11
f 274/366/268 273/367/63 255/368/63 265/369/269
f 6166/370/30 6117/371/30 6271/372/270 6270/373/270
f 2516/128/97 2515/131/100 1193/374/271 1194/375/272
f 6202/376/40 6201/377/18 6190/378/18 6191/379/40
f 6273/380/270 6185/381/18 6190/382/18 6272/383/270
f 2135/384/11 2134/385/11 2131/386/273 520/387/274
f 6274/388/270 6072/389/30 6067/390/30 6275/391/270
f 101/392/120 100/393/275 99/394/64 98/395/276
f 68/396/277 66/361/15 8/397/278 14/398/6
f 6276/399/270 4406/400/279 4404/401/279 6277/402/270
f 4353/403/280 4368/404/280 4376/405/281 4358/406/281
f 4036/407/73 4035/408/277 82/409/277 83/410/73
f 1480/411/22 1475/30/22 1408/33/25 1417/412/25
f 110/413/63 109/90/63 99/89/64 100/414/275
f 4343/415/254 4342/416/282 4340/417/282 4341/418/254
f 78/419/73 293/420/63 382/346/63 83/421/73
f 79/422/16 4032/423/16 4034/424/21 80/425/21
f 4428/426/282 4430/427/282 4420/428/40 4417/429/40
f 8/397/278 7/430/55 1/431/283 3/432/261
f 126/433/120 124/434/120 118/435/11 121/436/11
f 379/437/40 4060/438/40 4061/439/40 380/440/40
f 78/441/73 77/442/277 72/443/277 73/444/73
f 1300/445/284 1301/446/285 1284/447/286 1280/448/287
f 427/449/288 424/450/289 415/451/290 420/452/208
f 95/453/11 94/454/11 91/455/291 92/456/291
f 249/457/292 108/458/293 107/459/294
f 1313/460/295 1322/461/295 1323/462/63 1314/463/63
f 4248/464/296 4249/465/296 4247/466/297 4243/467/298
f 246/357/257 266/356/257 267/78/40 247/77/40
f 4112/468/299 4111/469/300 4064/345/63 4065/470/63
f 91/455/291 94/454/11 90/471/301 86/472/56
f 6241/473/31 6233/474/30 6279/475/270 6278/476/302
f 88/477/303 91/478/291 86/479/56 87/480/34
f 705/481/304 4443/482/304 4466/483/305 765/484/305
f 1444/485/63 1443/486/63 1420/92/66 1421/487/63
f 109/90/63 110/413/63 255/368/63
f 1304/488/306 1303/489/307 1290/490/275 1292/491/275
f 413/492/222 434/493/308 445/494/309 432/495/310
f 442/496/311 433/497/312 412/498/221 425/499/313
f 3013/500/314 3012/501/314 3010/502/315 3011/503/315
f 6226/355/30 6227/354/267 6180/504/267 6179/505/30
f 3405/506/11 3407/507/11 3408/508/11 3406/509/11
f 4326/510/316 4328/511/317 4309/512/318 4308/513/319
f 122/514/120 123/515/275 103/516/275 102/517/120
f 2287/518/11 2286/519/11 2283/520/11 2285/521/11
f 2234/522/320 2240/523/321 2241/524/322 2233/525/323
f 270/526/324 269/527/325 249/457/292
f 4127/528/326 4125/529/327 4129/530/328 4128/531/329
f 1483/532/330 1488/533/330 1489/534/331 1484/535/331
f 206/536/332 207/537/265 250/538/333
f 250/539/333 213/540/334 206/541/332
f 4378/542/281 4376/405/281 4368/404/280 4370/543/280
f 113/544/291 117/545/11 95/453/11 92/456/291
f 4063/341/63 4036/344/73 83/421/73 382/346/63
f 82/546/277 81/547/15 76/18/15 77/548/277
f 279/10/10 278/9/9 133/549/335 134/550/307
f 4357/551/336 4355/552/254 4343/553/254 4347/554/337
f 4367/555/279 4368/404/280 4353/403/280 4352/556/279
f 6279/475/270 6233/474/30 6231/557/30 6280/558/270
f 118/435/11 117/545/11 113/544/291 115/559/291
f 129/560/338 131/561/339 276/562/340
f 4288/563/341 4924/564/341 4925/565/279 4289/566/279
f 6282/567/270 6133/568/18 6147/569/18 6281/570/270
f 4656/571/342 4691/572/342 4649/573/343 4648/574/343
f 4394/575/281 4392/576/281 4384/577/280 4386/578/280
f 3091/579/344 3092/580/345 3087/581/11 3088/582/346
f 558/583/347 555/584/348 551/106/77 553/585/349
f 4404/586/279 4406/587/279 4407/588/280 4405/589/280
f 6232/83/15 6257/590/30 6229/591/30 6225/84/15
f 4261/592/296 4264/593/270 4265/594/270 4263/595/296
f 135/596/307 134/550/307 125/597/275 127/598/275
f 4647/599/343 4655/600/342 4656/571/342 4648/574/343
f 4925/601/279 4923/602/270 4287/603/270 4289/604/279
f 4269/605/341 4257/606/341 4177/607/350 4191/608/350
f 4223/609/350 4238/610/350 4239/611/350 4224/612/350
f 250/613/333 207/614/265 108/458/293 249/457/292
f 276/562/340 282/615/351 284/616/352
f 812/617/353 811/618/354 803/619/355 804/620/356
f 424/621/289 423/622/220 418/623/357 415/624/290
f 220/625/358 224/626/359 275/627/360
f 4213/628/361 4200/629/362 4120/630/40 4180/631/40
f 1403/632/363 1402/633/364 1397/634/365 1398/635/366
f 4383/636/279 4385/637/279 4386/578/280 4384/577/280
f 4204/638/367 4201/639/368 4195/640/369 4197/641/42
f 321/642/370 320/643/40 318/644/40 317/645/371
f 4214/646/372 4206/647/373 4195/640/369 4201/639/368
f 5872/648/374 5875/649/374 5868/650/318 5871/651/318
f 2177/652/11 2176/653/301 2165/654/301 2166/655/11
f 1592/656/375 1591/657/375 1575/658/376 1577/659/377
f 6080/660/378 6083/661/378 6086/662/374 6081/663/374
f 4206/664/373 4214/665/372 4217/666/379 4208/667/371
f 5024/668/380 5025/669/381 5011/670/382 5010/671/63
f 4817/672/383 4814/673/384 4806/674/385 4808/675/386
f 896/676/387 899/677/318 902/678/318 897/679/388
f 4556/680/40 4555/681/101 4419/682/101 4421/683/40
f 81/547/15 79/684/16 74/19/16 76/18/15
f 380/440/40 4061/439/40 4062/685/40 381/348/40
f 1335/686/40 1333/687/40 1329/688/40 1330/689/40
f 4282/690/270 4281/691/296 4276/692/296 4277/693/270
f 148/694/389 147/695/291 139/696/291 140/697/390
f 3895/698/260 3894/699/259 3891/700/259 3892/701/260
f 1667/702/291 1679/703/41 1684/704/41 1669/705/291
f 1140/706/282 1139/707/40 1137/708/40 1138/709/282
f 601/710/391 603/711/392 2204/712/393 599/713/394
f 151/714/275 154/715/307 146/716/307 143/717/275
f 5636/718/254 5635/719/255 5622/720/255 5623/721/254
f 912/722/63 911/723/395 909/724/396 910/725/63
f 1876/726/397 1894/727/398 1817/728/399 1814/729/400
f 150/730/120 151/731/275 143/732/275 142/733/120
f 775/734/401 774/735/402 770/736/403 771/737/404
f 4284/738/279 4282/690/270 4277/693/270 4279/739/279
f 4746/740/405 4745/741/406 4732/742/406 4733/743/405
f 4250/744/270 4248/745/296 4244/746/407 4246/747/408
f 3223/748/11 3222/749/11 3220/750/11 3221/751/11
f 5667/752/409 5662/753/409 5643/754/410 5644/755/410
f 4178/756/411 4179/757/412 4119/758/413 4145/759/414
f 1634/760/415 1632/761/416 1555/762/417 1627/763/418
f 431/764/419 430/765/420 427/766/288 428/767/421
f 373/319/250 157/768/422 156/769/423
f 373/319/250 369/322/253 157/768/422
f 162/203/161 161/202/160 158/770/424
f 581/771/425 580/772/426 575/773/427 577/774/428
f 348/775/429 354/776/430 356/777/431 349/778/432
f 550/779/433 548/780/434 543/781/435 544/782/79
f 4771/783/436 4773/784/437 4766/785/438 4765/786/439
f 4454/787/440 4453/788/441 4451/789/442 4452/790/443
f 1632/791/416 1576/792/120 1528/793/123 1555/794/417
f 174/795/159 177/796/444 180/797/445 176/798/446
f 50/292/228 63/799/178 45/800/173 49/289/227
f 1529/801/447 1543/802/448 1545/803/449 1530/804/450
f 513/805/451 511/806/452 507/807/200 506/808/453
f 5243/809/101 5245/810/101 5241/811/170 5232/812/170
f 30/813/454 43/814/182 44/815/172 29/816/171
f 4894/817/455 4893/818/456 4889/819/457 4888/820/458
f 197/821/198 196/822/459 187/823/460 194/824/125
f 5858/825/82 5859/826/82 3576/827/461 3575/828/462
f 335/829/463 334/830/464 305/831/465 306/832/466
f 153/833/467 145/834/468 136/835/369 137/51/42
f 59/836/93 58/837/469 51/838/218 50/839/228
f 367/840/470 366/841/471 358/842/472 361/843/473
f 6252/844/318 6251/845/318 6236/846/318 6237/847/318
f 101/848/120 98/849/276 90/471/301 94/454/11
f 1309/850/474 1308/851/40 401/852/40 402/853/474
f 4283/854/341 4284/855/279 4279/856/279 4278/857/341
f 157/768/422 369/322/253 155/858/475 158/859/424
f 1218/860/307 1310/861/476 403/862/476 173/863/307
f 72/864/277 71/21/15 66/361/15 68/396/277
f 2520/865/477 2517/866/11 2513/867/11 2515/868/100
f 769/869/478 4474/870/479 4484/871/480 777/872/481
f 4239/611/350 4742/873/350 4924/874/341 4288/875/341
f 170/876/275 1215/877/275 1218/860/307 173/863/307
f 4753/878/282 4752/879/18 4739/880/18 4740/881/282
f 1558/882/482 1559/883/483 1355/884/484 1353/885/485
f 52/224/179 43/227/182 30/886/454 31/887/486
f 181/888/487 411/889/488 176/890/446 180/891/445
f 36/892/132 35/893/143 23/894/142 22/895/117
f 1589/896/489 1587/897/490 1585/898/491 1553/899/492
f 197/900/198 203/901/493 15/902/494 196/903/459
f 613/904/495 615/905/496 616/906/496 614/907/495
f 3135/908/11 3134/909/497 3131/910/498 3133/911/11
f 190/912/499 191/913/126 194/914/125
f 63/915/178 53/916/217 41/917/500 42/918/139
f 192/919/116 198/920/115 199/921/124
f 205/922/501 208/923/266 209/924/502
f 51/925/218 53/926/217 63/927/178 50/928/228
f 5094/929/503 5095/930/504 5082/931/505 5081/932/506
f 209/933/502 208/934/266 207/935/265 206/936/332
f 210/937/507 211/938/508 212/939/509
f 5323/940/510 5324/941/317 4328/942/317 4327/943/510
f 4502/944/511 4501/945/512 4477/946/513 4500/947/514
f 4154/948/515 4153/949/516 4131/950/517 4132/951/518
f 3107/952/519 3106/953/520 3103/954/521 3105/955/522
f 1096/956/523 1092/957/524 1083/958/525 1084/959/526
f 5079/960/527 5075/961/511 5072/962/528 5031/963/529
f 2491/964/11 2488/965/11 2486/966/11 2487/967/11
f 4097/968/530 4133/969/531 4134/970/532 4098/971/533
f 4868/972/534 4877/973/535 4861/974/536 4860/975/537
f 384/976/63 383/347/63 294/977/63 295/978/63
f 229/979/538 228/980/539 216/981/540
f 223/982/541 228/983/539 235/984/542
f 245/985/543 236/986/544 229/979/538
f 240/987/545 241/988/546 245/985/543
f 223/989/541 222/990/547 221/991/548
f 301/992/549 641/304/122 670/303/238 298/993/550
f 230/994/551 224/626/359 222/995/547
f 230/996/551 235/997/542 236/998/544
f 4824/999/552 4823/1000/553 4854/1001/554 4821/1002/555
f 403/862/476 1310/861/476 1313/460/295 406/1003/295
f 3901/1004/112 3882/1005/260 3682/1006/260 3685/1007/112
f 661/1008/556 660/1009/40 644/1010/557 645/1011/558
f 892/1012/559 890/1013/560 888/1014/561 887/1015/562
f 4675/1016/254 4673/1017/282 4671/1018/282 4672/1019/254
f 4137/1020/563 4140/1021/564 4133/1022/531 4136/1023/565
f 299/1024/566 311/1025/567 297/1026/568 298/1027/550
f 257/1028/69 253/1029/72 252/1030/569
f 254/1031/570 260/1032/571 262/1033/572
f 256/1034/70 257/1035/69 258/1036/573
f 3692/1037/11 3693/1038/11 3205/1039/11 3204/1040/11
f 258/1036/573 257/1035/69 252/1041/569
f 261/1042/574 260/1032/571 259/1043/575
f 4105/327/256 4106/1044/576 4060/438/40 4059/328/257
f 4406/400/279 6276/399/270 6283/1045/270
f 4626/1046/281 4624/1047/336 4622/1048/336 4623/1049/281
f 258/1036/573 344/1050/577 345/1051/578
f 867/1052/579 866/1053/580 862/1054/581 865/1055/40
f 260/1056/571 254/1057/570 253/1058/72 251/1059/71
f 2084/1060/582 2073/1061/583 2085/1062/584 2088/1063/585
f 4924/564/341 4929/1064/341 4930/1065/279 4925/565/279
f 4065/470/63 4064/345/63 383/347/63 384/976/63
f 1308/851/40 1307/1066/40 400/1067/40 401/852/40
f 2304/1068/11 2303/1069/11 2294/1070/11 2296/1071/11
f 1227/1072/405 1226/1073/586 1216/1074/586 1217/1075/405
f 1396/1076/587 1375/1077/588 1372/1078/589 1274/1079/590
f 446/1080/591 437/1081/592 436/1082/593 435/1083/594
f 1439/1084/40 1440/1085/25 1417/412/25 1416/1086/40
f 1319/1087/476 1310/861/476 1218/860/307 1228/1088/307
f 6284/1089/270 4385/1090/279 4383/1091/279 6285/1092/270
f 1222/1093/595 1221/1094/291 1211/1095/291 1212/1096/595
f 4412/1097/336 4414/1098/336 4411/1099/254 4409/1100/254
f 4244/1101/407 4242/1102/596 4240/1103/597 4241/1104/598
f 2173/1105/11 2289/1106/11 2290/1107/11 2174/1108/11
f 1210/1109/40 1209/1110/41 164/50/41 165/49/40
f 4106/1044/576 4157/1111/599 4158/1112/40 4107/1113/40
f 2354/1114/11 2390/1115/11 2412/1116/11 2367/1117/11
f 301/1118/549 297/1119/568 287/7/7
f 1346/1120/600 1402/633/364 1422/1121/601 1349/1122/602
f 124/1123/120 125/1124/275 123/515/275 122/514/120
f 4304/1125/15 5313/1126/15 5321/1127/15 4319/1128/15
f 447/1129/603 446/1130/591 442/1131/311 443/1132/604
f 301/1133/549 298/1027/550 297/1026/568
f 509/1134/605 508/1135/606 503/1136/607 502/1137/608
f 1627/763/418 1555/762/417 1423/1138/609 1429/1139/610
f 301/1140/549 302/1141/611 641/158/122
f 1555/794/417 1528/793/123 1349/1142/602 1422/1143/601
f 1339/1144/612 1348/1145/40 1356/1146/40 1345/1147/613
f 333/1148/614 332/1149/615 327/1150/616
f 388/1151/40 394/1152/40 339/1153/40 309/1154/40
f 308/1155/40 387/1156/40 388/1151/40 309/1154/40
f 3650/1157/11 3649/1158/11 3642/1159/11 3643/1160/11
f 1459/1161/40 4785/1162/40 4786/75/25 1460/1163/25
f 1219/1164/41 1227/1165/405 1217/1166/405 1209/1167/41
f 3741/1168/11 3744/1169/11 3715/1170/11 3714/1171/11
f 3061/1172/617 3062/1173/618 2642/1174/619 2643/1175/620
f 300/1176/621 299/1024/566 298/1027/550
f 1092/1177/524 1099/1178/622 1082/1179/623 1083/1180/525
f 2007/1181/624 2010/1182/625 2006/1183/626 2005/1184/627
f 4070/1185/628 4076/1186/629 4079/1187/630 4073/1188/631
f 1455/1189/632 1454/1190/478 1435/1191/478 1436/1192/633
f 391/1193/634 390/1194/635 297/1119/568 311/1195/567
f 4525/1196/636 4529/1197/637 4524/1198/638 4522/1199/639
f 300/1176/621 671/1200/640 672/1201/641
f 427/449/288 430/1202/420 425/1203/313 424/450/289
f 5120/1204/642 5117/1205/643 5115/1206/644 5116/1207/645
f 2316/1208/11 2322/1209/11 2313/1210/11 2314/1211/11
f 1427/1212/646 1426/1213/647 1424/1214/648 1425/1215/649
f 1216/1074/586 1212/1216/595 167/1217/595 171/1218/586
f 417/265/210 416/264/209 57/1219/650 58/1220/469
f 1527/1221/651 1556/1222/652 1351/1223/653 1349/1224/602
f 643/1225/654 642/159/123 332/1226/615
f 4396/1227/170 4402/1228/101 4416/1229/101 4397/1230/170
f 460/1231/231 459/1232/655 456/1233/656 455/1234/232
f 87/43/34 104/42/33 105/1235/657 88/1236/303
f 3/432/261 10/1237/1 14/398/6 8/397/278
f 393/1238/63 392/1239/658 312/1240/659 313/1241/63
f 2752/1242/11 2751/1243/11 2744/1244/11 2747/1245/11
f 1355/1246/484 1354/1247/660 1352/1248/661 1353/1249/485
f 4091/1250/662 4088/1251/663 4085/1252/664 4087/1253/665
f 334/1254/464 340/1255/666 341/1256/478
f 395/1257/667 4085/1258/664 4086/1259/668 397/1260/478
f 4573/1261/281 4592/1262/336 4571/1263/336 4572/1264/281
f 170/876/275 173/863/307 154/715/307 151/714/275
f 104/42/33 247/77/40 248/80/40 105/1235/657
f 268/79/40 291/1265/40 292/351/40 270/526/324
f 921/1266/120 933/1267/669 877/1268/670 861/1269/671
f 4760/1270/672 4759/1271/673 1449/1272/674 1450/1273/658
f 1001/1274/675 999/1275/676 969/1276/676 971/1277/675
f 305/1278/465 334/1279/464 341/1280/478 313/1241/63
f 4212/1281/370 4211/1282/40 4209/1283/40 4208/1284/371
f 1338/1285/677 1344/1286/678 1336/1287/386 1331/1288/679
f 4111/469/300 4110/342/63 4063/341/63 4064/345/63
f 721/1289/680 719/53/43 681/56/46 685/1290/681
f 83/410/73 82/409/277 77/442/277 78/441/73
f 4086/1291/668 4077/1292/682 393/1238/63 397/1293/478
f 1966/1294/40 1960/1295/40 1950/1296/676 1955/1297/683
f 4415/1298/281 4413/1299/281 4405/589/280 4407/588/280
f 4646/1300/343 4647/599/343 1171/1301/684 1170/1302/684
f 1877/1303/685 1873/1304/686 1751/1305/15 1753/1306/15
f 6194/1307/687 6186/1308/40 6158/1309/688 6161/1310/689
f 975/1311/690 973/1312/691 962/1313/40 965/1314/40
f 4586/1315/282 4576/1316/40 4558/1317/40 4567/1318/282
f 519/1319/692 2129/1320/693 2153/1321/694 528/1322/695
f 336/1323/696 337/1324/697 338/1325/698
f 1351/1326/653 1556/1327/652 1557/1328/699 1353/1329/485
f 1574/1330/700 1569/1331/701 1556/1222/652 1527/1221/651
f 1449/1332/674 1448/1333/702 1350/1334/703 1357/1335/704
f 4072/285/226 4071/284/225 389/1336/63 390/1194/635
f 714/1337/705 713/1338/706 338/1325/698
f 201/1339/707 198/150/115 193/149/114 200/1340/708
f 713/1338/706 714/1337/705 726/1341/709
f 4576/1316/40 4574/1342/101 4557/1343/101 4558/1317/40
f 622/1344/710 621/104/76 611/1345/76 612/1346/710
f 1096/1347/523 1097/1348/41 1093/1349/291 1092/1350/524
f 5387/1351/318 5386/1352/374 5378/1353/374 5379/1354/318
f 313/1241/63 312/1240/659 303/1355/711 305/1278/465
f 5706/1356/403 5703/1357/403 5695/1358/63 5700/1359/63
f 353/1360/86 354/1361/430 348/1362/429 347/1363/712
f 39/253/138 37/1364/137 26/1365/145 29/216/171
f 32/1366/96 33/1367/87 18/1368/89 19/1369/94
f 200/1370/708 195/1371/713 16/1372/714 17/1373/119
f 2640/1374/715 2630/1375/716 2599/1376/717 2598/1377/718
f 463/1378/719 465/293/229 455/296/232 451/1379/720
f 201/1339/707 200/1340/708 17/154/119 24/153/118
f 367/1380/470 361/1381/473 360/1382/721
f 264/1383/63 272/1384/63 263/1385/63 111/85/63
f 676/1386/237 677/1387/722 678/1388/15 674/1389/15
f 2898/1390/11 2897/1391/11 2824/1392/11 2825/1393/11
f 1686/1394/41 1712/1395/41 1676/1396/291 1670/1397/291
f 2974/1398/11 2973/1399/11 2969/1400/11 2970/1401/11
f 1191/1402/723 1190/1403/15 1187/1404/15 1189/1405/724
f 765/484/305 744/1406/305 691/1407/304 705/481/304
f 117/545/11 122/1408/120 102/1409/120 95/453/11
f 4847/1410/725 4846/1411/726 4787/1412/727 4788/1413/728
f 4366/1414/40 4365/1415/101 4363/1416/101 4364/1417/40
f 6205/286/63 6244/1418/63 6245/62/52 6206/61/51
f 1350/1334/703 1347/1419/63 1340/1420/295 1346/1120/600
f 4073/1188/631 4072/1421/226 4070/1185/628
f 4778/1422/729 4780/1423/730 4775/1424/731 4772/1425/732
f 4072/1426/226 4073/1427/631 4075/1428/733
f 4777/1429/734 4782/1430/735 4779/1431/736 4834/1432/737
f 4072/285/226 4114/1433/738 4122/282/223
f 4772/1434/732 4775/1435/731 4771/1436/436 4770/1437/739
f 5098/1438/740 5102/1439/741 5038/1440/742 5027/1441/743
f 4088/1442/663 4086/1259/668 4085/1258/664
f 4765/1443/439 4762/1444/744 4761/1445/745 4759/1446/673
f 4093/1447/746 4091/1250/662 4087/1253/665
f 96/2/2 98/395/276 99/394/64 97/3/3
f 4795/1448/747 4800/1449/748 4758/1450/40 4756/1451/40
f 4202/1452/749 4199/1453/750 4087/1454/665
f 5279/1455/751 5295/1456/752 5307/1457/318 5289/1458/318
f 331/1459/295 406/1003/295 407/1460/63 342/1461/63
f 3086/1462/753 3085/1463/754 3082/1464/755 3084/1465/756
f 1839/1466/40 1824/1467/757 1129/1468/757 1139/707/40
f 444/1469/758 443/1470/604 430/765/420 431/764/419
f 2036/1471/759 2035/1472/760 2017/1473/760 2032/1474/759
f 265/369/269 255/368/63 110/413/63 112/1475/761
f 4596/1476/281 4594/1477/336 4593/1478/336 4595/1479/281
f 4068/1480/40 4117/1481/762 4120/630/40 4069/1482/40
f 4409/1483/254 4408/1484/282 4389/1485/282 4390/1486/254
f 657/37/29 658/36/28 647/1487/763 646/1488/764
f 6287/1489/270 6004/1490/18 6012/1491/18 6286/1492/270
f 4391/1493/336 4393/1494/336 4390/1495/254 4388/1496/254
f 5073/1497/765 5052/1498/766 5026/1499/767 5037/1500/768
f 1312/1501/17 1311/1502/18 404/23/18 405/22/17
f 2614/1503/769 2623/1504/770 2564/1505/318 2612/1506/771
f 4473/1507/772 4472/1508/773 4470/1509/774 4471/1510/775
f 439/1511/776 445/1512/309 434/1513/308 438/1514/777
f 4113/1515/778 4112/468/299 4065/470/63 4066/1516/779
f 388/1151/40 4069/1482/40 4084/1517/40 394/1152/40
f 478/1518/780 476/1519/781 472/314/245 473/313/244
f 4460/1520/782 4463/1521/783 4458/1522/784 4457/1523/785
f 1212/1096/595 1211/1095/291 166/1524/291 167/1525/595
f 466/1526/786 465/1527/229 463/1528/719 464/1529/787
f 490/1530/788 496/1531/789 497/1532/790 492/1533/791
f 444/1534/758 445/1535/309 439/1536/776 448/1537/792
f 428/1538/421 429/1539/793 432/1540/310 431/1541/419
f 5054/1542/794 5077/1543/795 5085/1544/796 5055/1545/797
f 2001/1546/798 2003/1547/799 2004/1548/800 2002/1549/798
f 4229/1550/406 4225/1551/40 4094/1552/40 4203/1553/801
f 164/1554/41 1209/1167/41 1217/1166/405 172/1555/405
f 5014/1556/802 5019/1557/63 5005/1558/63 5004/1559/802
f 387/1156/40 4068/1480/40 4069/1482/40 388/1151/40
f 342/1461/63 407/1460/63 410/1560/63 399/1561/63
f 462/1562/803 470/1563/249 474/1564/248 468/1565/804
f 2693/1566/805 2694/1567/806 2692/1568/807 2691/1569/808
f 472/1570/245 471/1571/809 459/1232/655 460/1231/231
f 447/1129/603 449/1572/810 437/1573/592 446/1130/591
f 469/1574/811 477/1575/812 483/1576/246 470/1577/249
f 4927/1578/296 4926/1579/813 4921/1580/813 4922/1581/814
f 4498/1582/815 4503/1583/816 4494/1584/817 4491/1585/818
f 6224/81/30 6225/84/15 6220/1586/15 6219/1587/30
f 445/1535/309 444/1534/758 431/1541/419 432/1540/310
f 4800/1449/748 4835/1588/40 4768/1589/40 4758/1450/40
f 4226/1590/63 4727/1591/63 4734/1592/307 4231/1593/307
f 1320/1594/18 1318/1595/474 1309/1596/474 1311/1597/18
f 450/1598/819 448/1537/792 439/1536/776 441/1599/820
f 456/1600/656 459/1601/655 461/1602/821 457/1603/822
f 466/1604/786 464/1605/787 454/1606/823 458/1607/824
f 484/1608/825 490/1530/788 492/1533/791 485/1609/826
f 1616/1610/827 1617/1611/828 1595/1612/828 1594/1613/827
f 503/1614/607 501/1615/829 494/1616/830 495/1617/831
f 418/1618/357 423/279/220 426/278/219 419/1619/832
f 722/1620/833 744/1406/305 745/1621/834 724/1622/835
f 678/1388/15 682/1623/836 675/1624/837 674/1389/15
f 440/1625/838 452/1626/839 454/1627/823 441/1628/820
f 5423/1629/30 5420/1630/30 5412/1631/15 5417/1632/15
f 352/1633/840 357/1634/841 359/1635/84 351/1636/83
f 1726/1637/842 1725/1638/579 1713/1639/40 1714/1640/18
f 453/1641/843 456/1600/656 457/1603/822 452/1642/839
f 457/1643/822 461/1644/821 462/1645/803 458/1646/824
f 482/1647/844 488/1648/845 489/1649/846 480/1650/847
f 4330/1651/170 4334/1652/101 4349/1653/101 4331/1654/170
f 2245/1655/848 2253/1656/849 2255/1657/11 2248/1658/850
f 2660/1659/851 2662/1660/852 2658/1661/853 2659/1662/854
f 168/1663/11 169/1664/120 150/1665/120 149/1666/11
f 2665/1667/855 2668/1668/856 2657/1669/857 2656/1670/858
f 372/1671/859 371/1672/860 366/841/471 367/840/470
f 5113/1673/861 5119/1674/862 5120/1675/642 5116/1676/645
f 758/220/175 757/1677/863 743/1678/864 742/221/176
f 479/1679/247 478/1680/780 473/1681/244 474/1682/248
f 672/1683/641 675/1684/837 681/1685/46 673/1686/45
f 4546/1687/865 5010/671/63 5011/670/382 4547/1688/866
f 811/1689/354 807/1690/867 802/1691/868 803/1692/355
f 504/1693/202 502/1694/608 498/1695/869 497/1696/790
f 34/169/131 38/1697/140 40/1698/870 36/170/132
f 450/1699/819 449/1700/810 447/1701/603 448/1702/792
f 443/1132/604 442/1131/311 425/1203/313 430/1202/420
f 824/1703/871 850/1704/282 823/1705/872 822/1706/873
f 509/1134/605 512/1707/874 515/1708/875 508/1135/606
f 203/901/493 20/1709/141 19/1710/94 15/902/494
f 599/1711/394 598/1712/876 592/1713/877 593/1714/878
f 501/1715/829 505/1716/879 506/1717/453 500/1718/880
f 366/1719/471 364/1720/881 357/1721/841 358/1722/472
f 6290/1723/882 4660/1724/883 4661/1725/884 6288/1726/885 6289/1727/886
f 1201/1728/887 1196/1729/888 1179/1730/15 1190/1403/15
f 543/1731/435 542/1732/889 513/805/451
f 558/583/347 564/1733/890 565/1734/891 555/584/348
f 557/1735/892 567/1736/893 568/1737/894 560/1738/895
f 19/1369/94 18/1368/89 16/1739/714 15/1740/494
f 3190/1741/11 3208/1742/11 3172/1743/896 3167/1744/897
f 178/1745/216 185/1746/898 188/1747/187 177/1748/444
f 542/1732/889 543/1731/435 548/1749/434
f 491/1750/899 488/1751/845 482/1752/844 486/1753/900
f 261/1042/574 347/1754/712 348/775/429 260/1032/571
f 2122/1755/901 5267/1756/902 5268/1757/903 2123/1758/904
f 4293/1759/905 4291/1760/906 516/1761/907
f 5518/1762/110 5517/1763/110 2919/1764/908 2920/1765/909
f 2153/1321/694 2125/1766/910 517/1767/911
f 4294/1768/110 4290/1769/912 517/1767/911
f 1525/1770/40 1523/1771/913 1519/1772/914 1521/1773/40
f 529/1774/915 532/1775/916 533/1776/917
f 4882/1777/918 4881/1778/919 4870/1779/920 4872/1780/921
f 5270/1781/922 5277/1782/923 5288/113/81 5271/112/82
f 5272/1783/924 5273/1784/925 5268/1785/903 5267/1786/902
f 5857/111/82 5858/825/82 3575/828/462 3574/1787/926
f 521/1788/927 530/1789/495 531/1790/495 523/1791/710
f 5374/1792/110 5399/1793/110 5402/1794/109 5388/1795/109
f 4014/1796/928 4015/1797/929 4012/1798/930 4013/1799/931
f 954/1800/932 952/1801/933 935/1802/934 936/1803/935
f 4136/1804/565 4126/1805/936 4124/1806/937 4137/1807/563
f 2130/1808/938 2129/1320/693 519/1319/692
f 3710/1809/11 3711/1810/11 3709/1811/11 3708/1812/11
f 1658/1813/939 1659/1814/940 1657/1815/941 1654/1816/942
f 534/1817/496 531/1790/495 530/1789/495
f 402/853/474 401/852/40 320/643/40 321/642/370
f 2291/1818/11 2289/1106/11 2217/1819/11 2218/1820/11
f 627/1821/710 628/1822/710 626/1823/76 625/1824/76
f 842/1825/760 841/1826/76 839/1827/76 840/1828/943
f 464/1529/787 463/1528/719 449/1700/810 450/1699/819
f 5009/1829/944 5008/1830/254 4544/1831/945 4545/1832/946
f 2632/1833/947 2634/1834/948 2636/1835/949 2635/1836/950
f 438/1837/777 440/1838/838 441/1839/820 439/1840/776
f 1324/1841/40 1321/1842/17 1312/1501/17 1315/1843/40
f 615/905/496 613/904/495 536/1844/495 538/1845/496
f 4566/1846/254 4565/1847/282 4432/1848/282 4433/1849/254
f 1055/1850/951 1117/1851/11 1118/1852/11 1067/1853/951
f 3950/1854/952 3953/1855/953 3847/1856/953 3842/1857/952
f 2198/1858/954 2199/1859/954 2159/1860/910 2158/1861/910
f 2480/1862/11 2478/1863/11 2472/1864/11 2473/1865/11
f 169/1866/120 170/1867/275 151/731/275 150/730/120
f 1730/1868/378 1731/1869/955 1729/1870/956 1727/1871/378
f 1869/1872/63 1870/1873/341 1857/1874/341 1856/1875/63
f 535/1876/495 537/1877/496 538/1845/496 536/1844/495
f 3216/1878/11 3215/1879/11 3209/1880/11 3210/1881/11
f 2417/1882/11 2420/1883/11 2421/1884/11 2419/1885/11
f 3339/1886/11 3338/1887/11 3336/1888/11 3337/1889/11
f 704/1890/15 703/1891/16 689/1892/16 690/1893/15
f 4330/1651/170 537/1877/496 534/1817/496
f 615/905/496 4359/1894/170 4360/1895/170 616/906/496
f 5245/810/101 5259/1896/101 5242/1897/170 5241/811/170
f 4359/1894/170 4363/1416/101 4365/1415/101 4360/1895/170
f 5206/230/170 5231/1898/170 2105/1899/957 2099/1900/957
f 4395/213/170 4400/212/101 4402/1228/101 4396/1227/170
f 4363/1416/101 4359/1894/170 4331/1654/170 4349/1653/101
f 571/1901/958 570/1902/959 565/1734/891 564/1733/890
f 40/1903/870 41/1904/500 31/1905/486 28/1906/960
f 569/1907/961 564/1908/890 558/1909/347 559/1910/962
f 204/1911/963 202/1912/197 201/1913/707 24/1914/118
f 559/1910/962 558/1909/347 553/1915/349
f 59/1916/93 62/1917/92 417/1918/210 58/1919/469
f 590/1920/964 596/1921/965 600/1922/966 591/1923/967
f 4842/1924/968 4841/1925/969 4830/1926/970 4832/1927/971
f 561/1928/972 556/1929/973 554/1930/974
f 563/1931/975 567/1932/893 561/1933/972 562/1934/976
f 1352/1248/661 1354/1247/660 1357/1935/704 1350/1936/703
f 4907/1937/977 4908/1938/978 4886/1939/979 4884/1940/980
f 555/1941/348 565/1942/891 566/1943/981
f 572/1944/982 571/1945/958 564/1908/890 569/1907/961
f 566/1943/981 562/1946/976 561/1928/972
f 600/1947/966 595/1948/983 594/1949/984 591/1950/967
f 3425/1951/985 3423/1952/986 3419/1953/100 3418/1954/987
f 4829/1955/988 4830/1956/970 4864/1957/989 4863/1958/990
f 366/1719/471 371/1959/860 155/1960/475 364/1720/881
f 4459/1961/991 4456/1962/992 4074/1963/993 4455/1964/994
f 573/1965/995 568/1737/894 567/1736/893 563/1966/975
f 577/774/428 575/773/427 562/1946/976 570/1967/959
f 5172/1968/101 5191/1969/101 5169/1970/996 5168/1971/997
f 2234/522/320 2233/525/323 2230/1972/998 2226/1973/999
f 1692/1974/1000 1694/1975/1001 1691/1976/1002 1689/1977/1003
f 4325/1978/1004 4323/1979/1005 4322/1980/163 4321/1981/162
f 582/1982/1006 581/771/425 577/774/428
f 574/1983/1007 580/1984/426 584/1985/1008 578/1986/1009
f 1208/1987/1010 1205/1988/1011 1191/1989/723 1204/1990/1012
f 1103/1991/282 1096/956/523 1084/959/526 1087/1992/282
f 556/1993/973 561/1933/972 567/1932/893 557/1994/892
f 2688/1995/1013 2674/1996/1014 2651/1997/1015 2661/1998/1016
f 596/1921/965 590/1920/964 588/1999/1017
f 562/1934/976 574/1983/1007 578/1986/1009 563/1931/975
f 592/1713/877 589/2000/1018 582/2001/1006 586/2002/1019
f 4499/2003/1020 4477/2004/513 4473/2005/772 4469/2006/1021
f 597/2007/1022 596/2008/965 588/2009/1017
f 589/2000/1018 592/1713/877 598/1712/876
f 552/2010/1023 547/2011/1024 541/2012/1025 540/2013/1026
f 288/2014/1027 287/7/7 279/10/10 280/2015/1028
f 601/710/391 599/713/394 593/2016/878
f 589/2017/1018 588/2009/1017 581/771/425 582/1982/1006
f 375/2018/1029 377/136/105 163/139/108 160/2019/1030
f 498/2020/869 502/1137/608 503/1136/607 495/2021/831
f 2699/2022/1031 2702/2023/1032 2695/2024/1033 2694/2025/806
f 2208/2026/11 2210/2027/11 2145/2028/11 2143/2029/11
f 604/2030/1034 603/2031/392 601/2032/391 595/2033/983
f 1380/2034/1035 1378/2035/1036 1360/2036/1037 1370/2037/1038
f 2222/2038/1039 604/2039/1034 602/2040/1040
f 5045/2041/1041 5044/2042/1042 1619/2043/1043 1624/2044/1044
f 2202/2045/1045 2205/2046/169 2221/2047/1046
f 2206/208/166 2203/2048/1047 2201/2049/1048
f 6064/2050/1049 6065/2051/378 5972/2052/378 5971/2053/1049
f 4834/2054/737 4833/2055/1050 4774/2056/1051 4777/2057/734
f 4526/2058/1052 4527/2059/1053 4514/2060/1054 4505/2061/1055
f 973/2062/691 974/2063/1056 901/2064/318 900/2065/1057
f 2228/2066/1058 2227/2067/1059 2207/2068/1060
f 2217/1819/11 2289/1106/11 2173/1105/11 2152/2069/11
f 1615/2070/658 1610/2071/63 1563/2072/63 1593/2073/1061
f 624/2074/710 633/2075/495 634/2076/495 627/2077/710
f 2219/2078/11 2218/1820/11 2211/2079/11 2213/2080/11
f 463/1378/719 451/1379/720 437/1573/592 449/1572/810
f 5291/2081/254 5298/2082/1062 5300/2083/1063 5293/2084/1064
f 2689/2085/1065 2703/2086/1066 2685/2087/1067 2676/2088/1068
f 2659/1662/854 2715/2089/11 2733/2090/11 2660/1659/851
f 2800/2091/954 2801/2092/954 2769/2093/910 2768/2094/910
f 6291/2095/1069 4561/2096/1070 4559/2097/1070 6292/2098/1069
f 4489/2099/63 4474/2100/479 769/2101/478 779/2102/63
f 527/2103/710 526/2104/76 524/2105/76 525/2106/710
f 5575/2107/410 5574/2108/410 2957/2109/1071 2958/2110/1071
f 634/2076/495 638/2111/496 639/2112/496 635/2113/495
f 2082/2114/1072 2072/2115/318 1656/2116/1073 1657/1815/941
f 1263/2117/303 1272/2118/657 1273/2119/1074 1266/2120/1075
f 2270/2121/1076 2268/2122/1077 2266/2123/1078 2269/2124/74
f 2269/102/74 2266/2125/1078 2243/2126/1079 2239/103/75
f 2281/2127/1080 2282/2128/1081 2279/2129/1082 2277/2130/1083
f 3825/2131/953 3827/2132/953 3829/2133/1084 3826/2134/1084
f 5608/2135/410 5607/2136/410 3012/501/314 3013/500/314
f 616/906/496 4360/1895/170 4361/2137/170 619/2138/496
f 5309/142/110 4294/1768/110 517/1767/911 2125/1766/910
f 640/2139/1085 4399/2140/170 4550/2141/170 815/2142/1086
f 1576/792/120 1574/2143/700 1527/2144/651 1528/793/123
f 5233/2145/101 5231/1898/170 5206/230/170 5223/229/101
f 3563/2146/1087 3572/2147/1088 3573/247/196 3569/246/195
f 4926/2148/813 4931/2149/1089 4811/2150/1090 4753/878/282
f 637/2151/496 633/2075/495 631/2152/495 632/2153/496
f 4632/2154/1070 4614/2155/1091 6294/2156/1092 6293/2157/1069
f 625/1824/76 626/1823/76 2271/2158/11
f 2282/2159/1081 2281/2160/1080 2268/2161/1077 2270/2162/1076
f 555/584/348 554/2163/974 549/107/78 551/106/77
f 772/2164/1093 770/2165/403 707/2166/211 708/2167/1094
f 278/9/9 265/369/269 112/1475/761 133/549/335
f 1328/2168/63 1326/2169/63 1314/463/63 1323/462/63
f 4254/2170/1095 4253/2171/1096 4173/2172/1097 4174/2173/1098
f 4568/2174/254 4567/2175/282 4565/1847/282 4566/1846/254
f 2741/2176/11 2740/2177/11 2734/2178/11 2735/2179/11
f 3268/2180/1099 3266/2181/1099 3259/2182/11 3261/2183/11
f 401/852/40 400/1067/40 319/2184/40 320/643/40
f 2273/2185/11 2284/2186/11 2285/521/11
f 3830/2187/1084 3829/2133/1084 3827/2132/953 3828/2188/953
f 2142/2189/11 2136/2190/11 522/2191/76 524/2105/76
f 1293/2192/1100 1291/2193/120 1282/2194/11 1287/2195/1101
f 4784/2196/40 4785/1162/40 1459/1161/40 1458/2197/40
f 140/697/390 139/696/291 119/2198/291 120/2199/303
f 632/2153/496 4395/213/170 4396/1227/170 637/2151/496
f 372/1671/859 375/2018/1029 160/2019/1030 371/1672/860
f 5779/2200/1102 5778/2201/410 3361/2202/314 3362/2203/1103
f 815/2142/1086 4550/2141/170 4551/2204/170 816/2205/1104
f 816/2205/1104 4551/2204/170 4552/2206/1105 821/2207/1106
f 2057/2208/1107 5150/2209/170 5167/2210/1108 2063/2211/1109
f 2340/2212/11 2339/2213/11 2193/2214/11 2195/2215/11
f 4585/2216/280 4611/2217/1110 4623/2218/281 4598/2219/281
f 4652/2220/40 4650/2221/342 4630/2222/342 4631/2223/40
f 2948/2224/1111 2999/2225/952 3006/2226/315 2960/2227/1112
f 706/2228/213 704/1890/15 690/1893/15 692/2229/1113
f 1723/2230/1114 1742/2231/1115 1743/2232/1116 1736/2233/1117
f 77/548/277 76/18/15 71/21/15 72/864/277
f 648/2234/1118 645/1011/558 644/1010/557
f 4840/2235/1119 4843/2236/1120 4784/2196/40 4783/2237/40
f 2631/2238/1121 2629/2239/1122 2628/2240/1123 2626/2241/1124
f 1543/802/448 1548/2242/1125 1549/2243/1126 1545/803/449
f 660/1009/40 656/2244/1127 644/1010/557
f 2227/2245/1059 2231/174/136 2232/173/135 2224/209/167
f 1561/2246/1128 1547/2247/1129 1544/2248/1130 1535/2249/1131
f 4416/1229/101 4418/2250/101 4398/2251/170 4397/1230/170
f 4729/2252/63 4727/1591/63 1326/2169/63 1328/2168/63
f 1548/2242/1125 1566/2253/1132 1569/2254/701 1549/2243/1126
f 726/2255/709 725/2256/1133 648/2234/1118
f 408/2257/40 405/22/17 330/25/20 343/2258/40
f 5068/2259/1134 5067/2260/1135 5021/2261/1136 5022/2262/1137
f 785/2263/1138 784/2264/40 660/1009/40 661/1008/556
f 1536/2265/1139 1562/2266/1140 1516/2267/63 1515/2268/63
f 649/2269/1141 725/2256/1133 727/2270/1142
f 2492/2271/11 2491/964/11 2489/2272/11 2490/2273/11
f 1554/2274/1143 1551/2275/1144 1546/2276/1145 1550/2277/1146
f 658/36/28 652/2278/1147 647/1487/763
f 386/349/40 4067/2279/40 4068/1480/40 387/1156/40
f 1570/2280/1148 1588/2281/1149 1554/2282/1143 1550/2283/1146
f 1554/2284/1143 1553/899/492 1552/2285/1150 1551/2286/1144
f 1551/2287/1144 1552/2288/1150 1532/2289/190 1531/2290/1151
f 1554/2284/1143 1588/2291/1149 1589/896/489 1553/899/492
f 1511/2292/1152 1531/2293/1151 1532/2294/190 1512/2295/189
f 4447/2296/1153 4459/1961/991 4444/2297/1154 4450/2298/1155
f 4501/945/512 4476/2299/1156 4475/2300/1157 4472/1508/773
f 885/2301/40 895/2302/1158 868/2303/1159 865/1055/40
f 3062/2304/618 3072/2305/1160 2641/2306/1161 2642/2307/619
f 4632/2308/1070 4633/2309/341 4615/2310/1162 4614/2311/1091
f 1183/2312/760 1203/2313/1163 1204/2314/1012 1195/2315/1164
f 1472/2316/1165 1306/94/68 1305/2317/1166 1296/2318/1167
f 653/2319/1168 659/2320/1169 665/2321/1170
f 3109/2322/1171 3069/2323/1172 3066/2324/1173 3045/2325/1174
f 694/2326/1175 692/2229/1113 683/2327/1176 687/2328/1177
f 5050/2329/1178 5091/2330/1179 5048/2331/1180 5045/2041/1041
f 1498/2332/1181 1512/240/189 1517/243/192 1504/2333/295
f 1585/2334/491 1584/2335/1182 1541/2336/1183 1542/2337/1184
f 1592/2338/375 1644/2339/1185 1649/2340/1186 1603/2341/1187
f 6295/2342/270 4422/2343/1188 4406/400/279 6283/1045/270
f 2249/2344/1189 2247/2345/1190 2240/2346/321 2244/2347/134
f 4671/2348/282 4652/2220/40 4631/2223/40 4638/2349/282
f 1903/2350/63 1897/2351/1191 1771/2352/1192 1779/2353/63
f 3495/2354/11 3493/2355/11 3489/2356/11 3490/2357/11
f 127/598/275 143/717/275 146/716/307 135/596/307
f 959/2358/1193 1178/2359/15 1179/1730/15 1101/2360/1194
f 5161/2361/279 5174/2362/279 5175/2363/280 5162/2364/280
f 3260/2365/11 3258/2366/11 3244/2367/11 3245/2368/11
f 4695/2369/282 4692/2370/40 4659/2371/40 4679/2372/282
f 664/2373/185 663/2374/1195 662/2375/186
f 317/2376/371 326/2377/1196 329/2378/19 321/2379/370
f 1533/2380/1197 1538/2381/1198 1541/2382/1183 1537/2383/1199
f 1584/2335/1182 1567/2384/1200 1537/2385/1199 1541/2336/1183
f 3563/2386/1087 3562/2387/259 3556/2388/1201 3558/2389/1202
f 1535/2249/1131 1534/2390/40 1513/2391/40 1514/2392/1203
f 1584/2335/1182 1586/2393/1204 1568/2394/1205 1567/2384/1200
f 1562/2266/1140 1567/2395/1200 1568/2396/1205 1563/2072/63
f 307/350/40 386/349/40 387/1156/40 308/1155/40
f 1507/2397/1206 1515/2268/63 1502/2398/63 1501/2399/403
f 6146/2400/409 6156/2401/409 6159/2402/63 6149/2403/63
f 3625/363/11 3627/2404/11 3628/2405/11 3626/364/11
f 2105/1899/957 2104/2406/1207 2098/2407/1207 2099/1900/957
f 726/1341/709 728/2408/1208 712/2409/1209 713/1338/706
f 2025/2410/1210 2013/2411/1211 2007/1181/624 2009/2412/1212
f 4076/1186/629 4070/1185/628 391/2413/634 392/2414/658
f 3386/2415/1213 3385/2416/1214 2004/1548/800 2011/2417/1215
f 862/1054/581 884/2418/1216 885/2301/40 865/1055/40
f 4453/2419/441 4461/2420/1217 4448/2421/15 4446/2422/15
f 4450/2298/1155 4449/2423/1218 4445/2424/1219 4447/2296/1153
f 1299/2425/1220 1404/2426/1221 1406/2427/1222 1300/445/284
f 1766/2428/1223 1747/2429/1224 1731/2430/955 1739/2431/1225
f 35/2432/143 28/2433/960 27/185/144 25/187/95
f 2259/2434/1226 2258/2435/1227 2249/2436/1189 2250/2437/1228
f 1164/2438/759 1165/2439/759 1156/2440/760 1155/2441/760
f 869/2442/1229 872/2443/1230 873/2444/510 871/2445/510
f 1639/2446/1231 1638/2447/1232 1582/2448/1233 1583/2449/1234
f 4035/2450/277 4033/2451/15 81/547/15 82/546/277
f 3578/2452/11 3579/2453/11 3545/2454/11 3544/2455/11
f 690/1893/15 689/1892/16 684/2456/1235
f 2285/521/11 2283/520/11 2272/2457/11 2273/2185/11
f 6296/2458/270 5143/2459/279 5131/2460/1236 6297/2461/270
f 1650/2462/147 1652/2463/146 1653/2464/1237 1651/2465/1238
f 697/2466/1239 696/2467/1240 692/2468/1113
f 1664/2469/1241 1658/1813/939 1654/1816/942 1652/188/146
f 695/2470/1242 694/2471/1175 693/2472/1243
f 1692/2473/1000 1689/2474/1003 1682/2475/254 1683/2476/1244
f 1163/2477/759 1152/2478/760 844/2479/760 856/2480/759
f 612/1346/710 611/1345/76 609/2481/76 610/2482/710
f 4470/1509/774 4472/1508/773 4467/2483/834 4466/483/305
f 4084/1517/40 4094/1552/40 398/2484/40 394/1152/40
f 4441/2485/16 4445/2486/1219 4449/2487/1218 4443/2488/304
f 2093/2489/757 2092/2490/76 2080/2491/76 2081/2492/757
f 2785/2493/11 2781/2494/11 2774/2495/11 2775/2496/11
f 433/2497/312 435/2498/594 438/2499/777 434/2500/308
f 4536/2501/63 4538/2502/63 4521/2503/1245 4489/2099/63
f 1657/2504/941 1656/2505/1073 1653/2464/1237 1654/2506/942
f 2132/2507/1246 2137/2508/1246 2155/2509/954 2154/2510/954
f 4153/2511/516 4154/2512/515 4155/2513/1247 4152/2514/1248
f 1664/2515/1241 1666/2516/1249 1663/2517/1250 1658/2518/939
f 5110/2519/1251 5109/2520/1252 1666/2521/1249 1664/2522/1241
f 1801/2523/254 1799/2524/282 1796/2525/282 1797/2526/254
f 1325/2527/40 1315/1843/40 408/2257/40 409/2528/40
f 831/2529/1253 826/2530/1254 754/2531/1255 755/2532/1256
f 772/2164/1093 845/2533/1257 847/2534/1258 773/2535/1259
f 846/2536/1260 832/2537/1261 755/2538/1256 756/2539/1262
f 699/2540/1263 807/2541/867 808/2542/1264
f 4574/1342/101 4576/1316/40 4577/2543/40 4575/2544/1265
f 817/2545/1266 702/2546/1267 700/2547/1268
f 825/2548/1269 802/2549/868 698/2550/1270 753/2551/1271
f 2182/2552/11 2186/2553/11 2188/2554/11 2185/2555/11
f 2006/1183/626 2010/1182/625 2003/2556/799 2000/2557/1272
f 2469/2558/11 2468/2559/11 2466/2560/11 2467/2561/11
f 4110/342/63 4111/469/300 4161/2562/1273 4046/2563/73
f 2058/2564/1266 2059/2565/1274 1622/2566/1094 1612/2567/1267
f 851/2568/1275 849/2569/1276 846/2570/1260 847/2571/1258
f 772/2164/1093 773/2535/1259 771/2572/404 770/2165/403
f 328/2573/476 403/862/476 406/1003/295 331/1459/295
f 802/1691/868 807/1690/867 699/2574/1263 698/2575/1270
f 2456/2576/1277 2455/2577/1278 830/2578/1279 834/2579/1280
f 4094/1552/40 4225/1551/40 409/2528/40 398/2484/40
f 810/2580/1281 809/2581/1282 800/2582/76 801/2583/1283
f 4029/2584/1284 6213/2585/82 6214/2586/82 4030/2587/1285
f 6208/2588/1286 6207/2589/18 6197/2590/1287 6198/2591/1288
f 3730/2592/11 3729/2593/11 3519/2594/11 3521/2595/11
f 2330/2596/11 2479/2597/11 2573/2598/11 2401/2599/11
f 5109/2520/1252 5049/2600/1289 1625/2601/1290 1666/2521/1249
f 1704/2602/1291 1683/2603/1244 947/2604/1292 955/2605/1293
f 608/2606/710 614/907/495 617/2607/495 610/2608/710
f 945/2609/1294 942/2610/1295 931/2611/270 932/2612/1296
f 818/2613/1274 845/2533/1257 772/2164/1093 708/2167/1094
f 419/2614/832 426/2615/219 429/2616/793 422/2617/1297
f 5049/2600/1289 5109/2520/1252 5111/2618/1298 5051/2619/1299
f 745/1621/834 732/2620/1157 724/1622/835
f 4467/2483/834 4475/2300/1157 767/2621/834 766/2622/834
f 1596/2623/1300 1593/2624/1061 1568/2625/1205 1586/2626/1204
f 762/2627/63 746/2628/174 731/2629/177
f 769/869/478 758/220/175 746/219/174
f 4653/2630/40 4673/2631/282 4674/2632/282 4657/2633/40
f 4998/2634/63 4536/2501/63 795/2635/63 1522/2636/63
f 1614/2637/827 5032/2638/1301 5035/2639/827 1616/1610/827
f 1992/2640/1302 1980/2641/63 1978/2642/63 1979/2643/1303
f 829/2644/1304 827/2645/11 825/2548/1269 826/2646/1254
f 784/2264/40 780/2647/1305 656/2244/1127 660/1009/40
f 2443/2648/11 2442/2649/11 796/2650/76 798/2651/76
f 1590/2652/1306 1599/2653/1307 1601/2654/1308 1598/2655/1309
f 1986/2656/1310 1985/2657/1311 1982/2658/1312 1983/2659/1313
f 1606/2660/1314 1607/2661/1315 1598/2662/1309 1601/2663/1308
f 1612/2664/1267 1611/2665/1316 1598/2666/1309 1607/2667/1315
f 1619/2043/1043 1618/2668/1317 1597/2669/1318 1590/2652/1306
f 3148/2670/1319 3097/2671/1320 3096/2672/1321 3050/2673/1322
f 5044/2042/1042 5043/2674/1323 1618/2668/1317 1619/2043/1043
f 6044/2675/63 6052/2676/403 6038/2677/403 6032/2678/63
f 4636/2679/282 4629/2680/40 4609/2681/40 4620/2682/282
f 3797/2683/11 3795/2684/11 3745/2685/11 3747/2686/11
f 2071/2687/1324 2068/2688/1325 1655/2689/1326 1656/2505/1073
f 832/2537/1261 831/2690/1253 755/2538/1256
f 237/2691/1327 238/2692/1328 215/70/59 214/69/58
f 756/2539/1262 763/2693/940 846/2536/1260
f 807/2541/867 811/2694/354 806/2695/1329 808/2542/1264
f 2062/2696/1330 2058/2697/1266 2055/2698/1331 2040/2699/1332
f 1663/2517/1250 1665/2700/1259 1659/2701/940 1658/2518/939
f 702/2702/1267 817/2703/1266 818/2704/1274 708/2705/1094
f 2058/2564/1266 2062/2706/1330 2065/2707/1333 2059/2565/1274
f 932/2612/1296 931/2611/270 871/2708/510 873/2709/510
f 3549/2710/11 3546/2711/11 3543/2712/11 3545/2454/11
f 5012/2713/63 4998/2634/63 1522/2636/63 1526/2714/63
f 4467/2483/834 4472/1508/773 4475/2300/1157
f 4877/973/535 4875/2715/1334 4857/2716/1335 4861/974/536
f 5028/2717/1336 5060/2718/1337 5079/960/527 5031/963/529
f 5080/2719/1338 5081/2720/506 5075/961/511 5079/960/527
f 5030/2721/1339 5043/2722/1323 5046/2723/1340 5033/2724/1341
f 4489/2099/63 4478/2725/1342 4474/2100/479
f 1637/2726/1343 1631/2727/1344 1629/2728/1345 1626/2729/1346
f 4680/2730/254 4679/2731/282 4677/2732/282 4678/2733/254
f 5048/2331/1180 5047/2734/1347 5044/2042/1042 5045/2041/1041
f 2263/2735/1348 2264/2736/1349 2261/2737/1350 2278/2738/1351
f 5060/2718/1337 5028/2717/1336 5015/2739/40 5018/2740/1352
f 1942/2741/1353 1939/2742/1353 1923/2743/318 1930/2744/1354
f 904/2745/1355 907/2746/1356 893/2747/1357 886/2748/1358
f 5152/2749/40 5151/2750/101 5141/2751/101 5142/2752/40
f 297/1119/568 310/2753/63 286/8/8 287/7/7
f 5153/2754/279 5161/2361/279 5162/2364/280 5154/2755/280
f 168/1663/11 1213/2756/11 1214/2757/120 169/1664/120
f 780/2758/1305 1495/2759/757 1496/2760/11 781/34/26
f 4790/2761/63 4789/2762/63 1463/2763/63 1464/2764/63
f 3033/2765/952 3265/2766/952 3272/2767/315 3039/2768/315
f 1841/2769/254 1840/2770/282 1140/2771/282 1142/2772/254
f 4893/2773/456 4907/2774/977 4884/2775/980 4874/2776/1359
f 5415/2777/109 5410/2778/109 5400/2779/110 5401/2780/110
f 4537/2781/40 4999/2782/40 1521/1773/40 794/2783/40
f 919/2784/291 928/2785/41 937/2786/41 922/2787/291
f 1524/2788/63 1526/2714/63 1522/2636/63 1520/2789/63
f 4408/2790/282 4401/2791/40 4382/2792/40 4389/2793/282
f 4538/2502/63 5000/2794/63 5001/2795/63 4539/2796/63
f 950/2797/802 948/2798/1360 926/2799/120 927/2800/120
f 1496/2760/11 1510/2801/1361 1511/2292/1152 1497/2802/11
f 2301/2803/11 2299/2804/11 2297/2805/11 2298/2806/11
f 1597/2807/1318 1596/2808/1300 1586/2393/1204 1587/2809/490
f 2446/2810/11 2443/2648/11 798/2651/76 800/2582/76
f 1509/2811/1362 1510/2801/1361 1496/2760/11 1495/2759/757
f 838/2812/1363 837/2813/1364 834/2814/1280 833/2815/1365
f 809/2816/1282 2448/2817/1366 2449/2818/1367
f 5301/2819/1368 5300/2820/1063 5303/2821/1369 5299/2822/1370
f 394/1152/40 398/2484/40 343/2258/40 339/1153/40
f 1427/1212/646 1626/2823/1346 1629/2824/1345 1431/2825/1371
f 6298/2826/1372 6299/2827/1373 5555/2828/1374 5569/2829/1375 5571/2830/1376 5570/2831/1377 6300/2832/1378
f 4424/2833/1379 4425/2834/1380 4423/2835/1110 4422/2836/1188
f 1524/2788/63 1520/2789/63 1503/2837/63 1516/2267/63
f 942/2610/1295 941/2838/18 930/2839/18 931/2611/270
f 2447/2840/1381 812/2841/353 804/2842/356
f 1500/2843/914 1519/1772/914 1523/1771/913 1514/2392/1203
f 2404/2844/11 2402/2845/11 2397/2846/11 2398/2847/11
f 3135/908/11 3136/2848/11 2885/2849/11 2881/2850/11
f 5732/2851/410 5731/2852/410 3279/2853/314 3297/2854/314
f 820/2855/1382 822/1706/873 823/1705/872
f 2295/2856/11 2293/2857/11 2219/2078/11 2220/2858/204
f 815/2142/1086 813/2859/1383 636/2860/1384 640/2139/1085
f 5642/2861/410 5641/2862/410 3035/2863/314 3040/2864/314
f 4533/2865/1385 4532/2866/1386 4518/2867/1387 4519/2868/1388
f 680/2869/1389 716/2870/377 735/2871/375 688/2872/1390
f 852/2873/1391 850/1704/282 824/1703/871
f 553/2874/349 551/2875/77 545/2876/80 546/2877/1392
f 4607/2878/342 4628/2879/342 4602/2880/343 4601/2881/1393
f 799/2882/1394 798/2651/76 796/2650/76 797/2883/1395
f 2069/2884/1304 2074/2885/1396 2075/2886/1397 2070/2887/1398
f 2514/2888/1399 2516/128/97 1194/375/272 1186/2889/1400
f 3090/2890/1401 3104/2891/1402 3105/955/522 3103/954/521
f 811/2892/354 810/2580/1281 805/2893/1403 806/2894/1329
f 404/2895/18 402/2896/474 321/2897/370 329/2898/19
f 2455/2577/1278 2456/2576/1277 2460/2899/1404
f 849/2900/1276 836/167/130 835/2901/1405
f 4650/2221/342 4644/2902/343 4603/2903/343 4630/2222/342
f 888/2904/561 889/2905/40 885/2301/40 884/2418/1216
f 4291/1760/906 4299/2906/1406 4300/135/104 4292/134/103
f 836/167/130 849/2900/1276 853/164/127
f 849/2907/1276 851/2908/1275 853/2909/127
f 523/2910/710 522/2191/76 520/387/274 521/2911/927
f 2318/2912/11 2321/2913/11 2323/2914/11 2319/2915/11
f 4350/2916/279 4352/556/279 4353/403/280 4351/2917/280
f 2161/2918/1246 2164/2919/1246 2197/2920/954 2196/2921/954
f 1024/2922/1407 1025/2923/1408 1010/2924/1409 1009/2925/15
f 2464/2926/1410 2463/2927/1411 2457/2928/1412
f 2465/2929/11 2464/2926/1410 2457/2928/1412 2458/2930/11
f 4644/2902/343 4645/2931/343 1169/2932/684 1168/2933/684
f 848/2934/129 855/2935/759 842/2936/760 840/2937/943
f 916/2938/318 992/2939/1413 995/2940/1414 918/2941/1415
f 2500/2942/11 2499/2943/11 1151/2944/76 1153/2945/76
f 2929/2946/301 2927/2947/1416 2922/2948/1416 2923/2949/301
f 744/1406/305 722/1620/833 686/2950/1417 691/1407/304
f 4788/1413/728 4787/1412/727 1461/2951/63 1462/2952/63
f 2503/2953/11 2502/2954/11 1157/2955/76 1159/2956/76
f 1508/193/151 1507/2957/1206 1501/2958/403 1506/194/152
f 1282/2194/11 1281/2959/11 1277/2960/291 1279/2961/291
f 4602/2880/343 4603/2903/343 858/2962/684 857/2963/684
f 1740/2964/1418 1738/2965/378 1719/2966/1419 1720/2967/1420
f 4645/2931/343 4646/1300/343 1170/1302/684 1169/2932/684
f 4846/1411/726 4839/2968/1421 4779/2969/736 4787/1412/727
f 4647/599/343 4648/574/343 1172/2970/684 1171/1301/684
f 1152/2971/760 1151/2944/76 843/2972/76 844/2973/760
f 941/2974/18 938/2975/40 929/2976/40 930/2977/18
f 1787/2978/1422 1791/2979/1423 1711/2980/1424 1707/2981/1422
f 4803/2982/40 4802/2983/40 4748/2984/40 4749/2985/40
f 893/2747/1357 887/2986/562 883/2987/1425 886/2748/1358
f 679/301/121 680/2869/1389 677/2988/722 676/302/237
f 802/2549/868 825/2548/1269 827/2645/11 803/2989/355
f 977/2990/719 992/2939/1413 916/2938/318 903/2991/318
f 4504/2992/1426 4503/1583/816 4498/1582/815 4497/2993/1427
f 1640/2994/1428 1636/2995/318 1630/2996/318 1631/2997/1344
f 898/2998/1057 895/2302/1158 885/2301/40 889/2905/40
f 749/2999/1187 747/3000/1187 735/3001/375 736/3002/375
f 1184/3003/1429 1999/3004/1430 2001/1546/798 1185/3005/1400
f 864/3006/1431 863/3007/1432 859/3008/1433 860/3009/1434
f 4462/3010/1435 4495/3011/1436 4496/3012/1437 4463/3013/783
f 407/1460/63 1314/463/63 1326/2169/63 410/1560/63
f 1732/3014/1438 1733/3015/1439 1721/3016/1440 1724/3017/1441
f 1521/1773/40 4999/2782/40 5015/2739/40 1525/1770/40
f 1112/3018/1442 1110/3019/1443 1091/3020/1444 1090/3021/1445
f 2056/3022/759 2039/3023/760 2035/1472/760 2036/1471/759
f 4451/3024/442 4453/2419/441 4446/2422/15 4442/3025/15
f 877/3026/670 878/3027/1446 876/3028/63 875/3029/1447
f 2378/3030/11 2372/3031/11 2365/3032/11 2366/3033/11
f 2467/2561/11 2466/2560/11 841/1826/76 843/2972/76
f 868/2303/1159 867/1052/579 865/1055/40
f 1120/3034/40 1115/3035/757 1052/3036/1448 1073/3037/1449
f 874/3038/1450 864/3006/1431 860/3009/1434 861/1269/671
f 2337/3039/11 2336/3040/11 2185/2555/11 2188/2554/11
f 914/3041/1451 906/3042/63 876/3028/63 881/3043/1452
f 957/3044/1453 955/2605/1293 947/2604/1292 952/3045/933
f 1976/3046/63 1978/2642/63 1969/3047/1192 1968/3048/1192
f 385/3049/63 384/976/63 295/978/63 296/3050/63
f 1973/3051/1454 1988/3052/1455 1972/3053/1456 1971/3054/1457
f 914/3041/1451 917/3055/1415 910/725/63 906/3042/63
f 1746/3056/1458 1745/3057/1459 1728/3058/1460 1729/3059/956
f 482/1647/844 480/1650/847 476/1519/781 478/1518/780
f 871/2445/510 870/3060/1461 869/2442/1229
f 5852/3061/1462 5851/3062/814 5838/3063/814 5839/3064/1463
f 938/2975/40 937/3065/41 928/3066/41 929/2976/40
f 651/3067/1464 650/3068/1465 646/3069/764 647/3070/763
f 2328/3071/11 2324/3072/11 2323/2914/11 2325/3073/11
f 896/676/387 897/679/388 872/3074/1230 869/3075/1229
f 909/3076/396 907/3077/1356 904/3078/1355 905/3079/1466
f 2452/3080/1467 2450/3081/11 2446/2810/11 2449/3082/1367
f 898/3083/1057 899/677/318 896/676/387 895/3084/1158
f 920/3085/11 924/3086/11 926/3087/120 921/3088/120
f 5140/3089/382 5139/3090/944 5137/3091/944 5138/3092/382
f 929/2976/40 928/3066/41 866/1053/580 867/1052/579
f 1163/2477/759 1164/2438/759 1155/2441/760 1152/2478/760
f 882/3093/1468 880/3094/510 879/3095/1469
f 4765/3096/439 4763/3097/1470 4764/3098/1471 4762/3099/744
f 4529/3100/637 4528/3101/1472 4526/3102/1052 4524/3103/638
f 409/2528/40 408/2257/40 343/2258/40 398/2484/40
f 1697/3104/802 1695/3105/802 1673/3106/120 1674/3107/120
f 4689/3108/281 4690/3109/281 4688/3110/336 4687/3111/336
f 4889/819/457 4866/3112/1473 4864/3113/989 4837/3114/1474
f 2321/2913/11 2318/2912/11 2310/3115/11 2312/3116/11
f 876/3028/63 878/3027/1446 881/3043/1452
f 471/3117/809 475/3118/1475 477/3119/812 469/3120/811
f 1070/3121/1476 1045/3122/40 1042/3123/40 1041/3124/1477
f 1767/3125/1478 1773/3126/63 1777/3127/63 1770/3128/1192
f 1873/1304/686 1872/3129/1479 1750/3130/676 1751/1305/15
f 3010/502/315 3007/3131/315 3001/3132/952 3003/3133/952
f 936/3134/935 953/3135/1480 954/3136/932
f 1008/3137/1481 1037/3138/1482 1039/3139/1483 1006/3140/1479
f 1931/3141/1484 1930/2744/1354 1926/3142/1485 1929/3143/1486
f 1964/3144/1487 1974/3145/1488 1943/3146/1489 1931/3147/1484
f 2171/3148/11 2173/1105/11 2174/1108/11 2172/3149/11
f 913/3150/1490 915/3151/318 917/3152/1415 914/3153/1451
f 1090/3154/1445 1091/3155/1444 1034/3156/1491 1031/3157/1492
f 918/2941/1415 917/3152/1415 915/3151/318 916/2938/318
f 5002/3158/40 4999/2782/40 4537/2781/40 4540/3159/1493
f 967/3160/15 963/3161/675 892/3162/559 894/3163/1494
f 613/904/495 606/3164/710 527/3165/710 536/1844/495
f 2342/3166/301 2341/3167/1246 2334/3168/1246 2335/3169/301
f 993/3170/1495 992/3171/1413 977/3172/719 978/3173/1496
f 1888/3174/1497 1901/3175/1353 1775/3176/1498 1765/3177/1499
f 1688/3178/18 1685/3179/40 1680/3180/40 1681/3181/18
f 4193/3182/350 4218/3183/350 4219/3184/350 4194/3185/350
f 2162/3186/301 2161/3187/1246 2146/3188/1246 2147/3189/301
f 996/3190/1500 995/3191/1414 992/3171/1413 993/3170/1495
f 2527/3192/11 2526/3193/11 2521/3194/11 2522/3195/11
f 5494/3196/317 5486/3197/318 5474/3198/318 5481/3199/317
f 1445/3200/40 4756/1451/40 4758/1450/40 1447/3201/40
f 2361/3202/1246 2368/3203/1246 2383/3204/954 2382/3205/954
f 984/3206/1407 989/3207/1407 972/3208/15 968/3209/15
f 2363/3210/11 2362/3211/301 2345/3212/301 2346/3213/11
f 962/1313/40 973/1312/691 900/3214/1057 891/3215/40
f 1780/3216/1501 1778/3217/1502 1776/3218/1503 1775/3219/1498
f 4754/3220/350 4755/3221/350 4742/873/350 4741/3222/350
f 887/1015/562 888/1014/561 884/3223/1216 883/3224/1425
f 1806/3225/270 1805/3226/270 1111/3227/270 1113/3228/1504
f 119/3229/291 121/436/11 118/435/11 115/559/291
f 967/3160/15 968/3209/15 966/3230/675 963/3161/675
f 1437/3231/40 1457/3232/40 1458/2197/40 1438/3233/40
f 4354/3234/282 4348/3235/40 4335/3236/40 4342/3237/282
f 910/725/63 909/724/396 905/3238/1466 906/3042/63
f 919/3239/291 920/3085/11 860/3240/1434 859/3241/1433
f 1058/3242/1505 1056/3243/1506 1025/3244/1408 1028/3245/1191
f 936/1803/935 935/1802/934 880/3246/510 882/3247/1468
f 903/2991/318 902/678/318 899/677/318 901/2064/318
f 2815/3248/11 2814/3249/11 2809/3250/11 2810/3251/11
f 4561/3252/1070 4562/3253/341 4560/3254/341 4559/3255/1070
f 2796/3256/11 2794/3257/11 2777/3258/11 2778/3259/11
f 4587/3260/254 4586/3261/282 4567/2175/282 4568/2174/254
f 4941/3262/298 4944/3263/1507 4894/817/455 4892/3264/1508
f 4699/3265/343 4702/3266/342 4710/3267/342 4700/3268/1509
f 606/3269/710 605/3270/76 526/2104/76 527/2103/710
f 1679/703/41 1667/702/291 923/3271/291 939/3272/41
f 1680/3180/40 1679/3273/41 939/3274/41 940/3275/40
f 937/2786/41 939/3272/41 923/3271/291 922/2787/291
f 1967/3276/1510 1951/3277/109 1919/3278/1049 1936/3279/1511
f 1000/3280/40 1011/3281/1512 980/3282/1513 970/3283/40
f 2301/2803/11 2305/3284/11 2306/3285/11 2302/3286/11
f 966/3230/675 964/3287/676 961/3288/676 963/3161/675
f 1705/3289/40 1704/2602/1291 955/2605/1293 956/3290/1514
f 4270/3291/279 4272/3292/279 4265/594/270 4264/593/270
f 225/3293/61 227/3294/60 217/3295/1515 205/3296/501
f 4426/3297/1516 4424/3298/1379 6303/3299/1517 6301/3300/1518 6302/3301/1519
f 900/2065/1057 901/2064/318 899/677/318 898/3083/1057
f 2005/3302/627 2008/3303/1520 2009/3304/1212 2007/3305/624
f 949/3306/1521 951/3307/1522 953/3308/1480
f 1197/3309/1523 1198/3310/1524 1114/3311/1525 1109/3312/1526
f 1002/3313/15 1001/1274/675 971/1277/675 972/3208/15
f 986/3314/63 985/3315/1192 911/723/395 912/722/63
f 900/3214/1057 898/2998/1057 889/2905/40 891/3215/40
f 2489/2272/11 2487/967/11 2465/2929/11 2468/2559/11
f 2395/3316/11 2393/3317/11 2387/3318/11 2388/3319/11
f 946/3320/1527 947/3321/1292 1683/3322/1244
f 961/3323/676 962/1313/40 891/3215/40 890/3324/560
f 476/3325/781 475/3326/1475 471/1571/809 472/1570/245
f 1693/3327/1528 1692/3328/1000 1683/3329/1244
f 6306/3330/1529 5556/3331/1530 5579/3332/1531 5578/3333/1532 6304/3334/1533 6305/3335/1534
f 1098/3336/1535 1094/3337/1536 956/3338/1514 960/3339/1537
f 1681/3181/18 1680/3180/40 940/3275/40 943/3340/18
f 1682/3341/254 1681/3342/18 943/3343/18 944/3344/1538
f 2385/3345/11 2340/2212/11 2195/2215/11 2300/3346/11
f 4955/3347/270 4964/3348/279 4966/3349/279 4956/3350/270
f 4603/2903/343 4644/2902/343 1168/2933/684 858/2962/684
f 958/3351/1539 1176/3352/1540 1177/3353/15
f 676/1386/237 674/1389/15 671/1200/640 670/3354/238
f 910/725/63 917/3055/1415 918/3355/1415 912/722/63
f 571/1901/958 576/3356/1541 577/3357/428 570/1902/959
f 941/2974/18 943/3340/18 940/3275/40 938/2975/40
f 1101/2360/1194 960/3339/1537 959/2358/1193
f 2524/3358/11 2523/3359/11 2506/3360/11 2507/3361/11
f 3817/3362/11 3831/3363/11 3832/3364/11 3818/3365/11
f 2635/1836/950 2641/2306/1161 2441/3366/11 2438/3367/11
f 707/3368/211 770/736/403 774/735/402 709/3369/212
f 2843/3370/11 2841/3371/11 2833/3372/11 2834/3373/11
f 790/3374/1542 1501/2399/403 1502/2398/63 786/3375/63
f 1187/1404/15 1178/2359/15 1177/3353/15
f 4672/3376/254 4681/3377/336 4682/3378/336 4675/3379/254
f 1176/3380/1540 958/3381/1539 954/3136/932 953/3135/1480
f 1101/2360/1194 1179/1730/15 1196/1729/888
f 1100/3382/1543 1099/3383/622 1098/3336/1535
f 2039/3023/760 2056/3022/759 2061/3384/1544 2043/3385/1545
f 1825/3386/11 1826/3387/11 1132/3388/11 1130/3389/11
f 969/3390/676 970/3283/40 965/1314/40 964/3391/676
f 4589/3392/254 4588/3393/282 4586/3261/282 4587/3260/254
f 4598/3394/281 4597/3395/336 4594/1477/336 4596/1476/281
f 1019/3396/317 1049/3397/81 1063/3398/1546 1033/3399/1547
f 971/1277/675 969/1276/676 964/3287/676 966/3230/675
f 1782/3400/40 1705/3289/40 956/3290/1514 1094/3401/1536
f 1880/3402/1548 1879/3403/1549 1874/3404/1550 1875/3405/1551
f 1674/3406/120 1673/3407/120 1668/3408/11 1671/3409/11
f 1707/2981/1422 1706/3410/1552 1704/2602/1291 1705/3289/40
f 1040/3411/40 1046/3412/1553 1015/3413/1554 1007/3414/40
f 915/3151/318 913/3150/1490 897/679/388 902/678/318
f 982/3415/1555 981/3416/1556 980/3417/1513
f 1095/3418/1557 1099/1178/622 1092/1177/524 1093/3419/291
f 2801/2092/954 2800/2091/954 2772/3420/1246 2779/3421/1246
f 1796/3422/282 1784/3423/41 1097/3424/41 1104/3425/282
f 4561/3252/1070 4563/3426/1558 4564/3427/1559 4562/3253/341
f 999/3428/676 1000/3280/40 970/3283/40 969/3390/676
f 5286/3429/1560 5285/3430/1561 5282/3431/1562 5283/3432/1563
f 4077/1292/682 4076/3433/629 392/1239/658 393/1238/63
f 389/1336/63 385/3049/63 296/3050/63 310/2753/63
f 2707/3434/11 2706/3435/11 2536/3436/11 2537/3437/11
f 1003/3438/676 1006/3439/1479 1007/3414/40 1004/3440/40
f 993/3441/1495 994/3442/1564 996/3443/1500
f 1937/3444/1565 1934/3445/1566 1932/3446/1567 1933/3447/1568
f 4637/3448/254 4640/3449/336 4642/3450/336 4639/3451/254
f 1815/3452/1569 1814/729/400 1792/3453/1570 1786/3454/1571
f 1656/2505/1073 1655/2689/1326 1651/2465/1238 1653/2464/1237
f 1794/3455/1572 1817/3456/399 1818/3457/1573 1795/3458/1574
f 995/3459/1414 996/3460/1500 988/3461/63 986/3314/63
f 893/3462/1357 894/3463/1494 892/1012/559 887/1015/562
f 1009/2925/15 1005/3464/675 1001/1274/675 1002/3313/15
f 5358/3465/15 5357/3466/15 5349/3467/15 5348/3468/15
f 2185/2555/11 2184/3469/301 2181/3470/301 2182/2552/11
f 1023/3471/63 1030/3472/1575 1035/3473/1576 1027/3474/63
f 6255/3475/1577 6253/3476/1578 6251/845/318 6252/844/318
f 4434/3477/336 4429/3478/254 4411/1099/254 4414/1098/336
f 4392/3479/281 4391/1493/336 4377/3480/336 4378/3481/281
f 5180/3482/282 5182/3483/282 5173/3484/40 5171/3485/40
f 2905/3486/11 2963/3487/11 2965/3488/11 2907/3489/11
f 4897/3490/350 4895/3491/350 4890/3492/1579 4891/3493/1580
f 980/3282/1513 975/1311/690 965/1314/40 970/3283/40
f 907/3077/1356 908/3494/1581 894/3495/1494 893/3496/1357
f 1689/1977/1003 1688/3497/18 1681/3342/18 1682/3341/254
f 1822/3498/1582 1823/3499/1583 1810/3500/1584 1813/3501/1585
f 1090/3502/1445 1109/3312/1526 1112/3503/1442
f 1033/3504/1547 1032/3505/1586 1018/3506/510 1019/3507/317
f 991/3508/63 990/3509/1192 987/3510/1192 988/3461/63
f 1928/3511/1587 1929/3512/1486 1926/3513/1485 1925/3514/691
f 1013/3515/1588 1014/3516/1589 1017/3517/1590
f 4967/3518/1591 4965/3519/341 4915/3520/350 4919/3521/1592
f 925/3522/11 924/3086/11 922/3523/291 923/3524/291
f 3449/3525/11 3447/3526/11 3445/3527/11 3446/3528/11
f 998/3529/1593 1086/3530/1594 1090/3531/1445 1031/3532/1492
f 1036/3533/1501 1035/3534/1576 1032/3535/1586 1033/3536/1547
f 996/3460/1500 997/3537/1595 991/3508/63 988/3461/63
f 2856/3538/11 2855/3539/11 2440/3540/11 2441/3366/11
f 1900/3541/1596 1899/3542/1597 1894/3543/398 1898/3544/1598
f 4818/3545/1599 4936/3546/1600 4941/3262/298 4892/3264/1508
f 1668/3408/11 1673/3407/120 927/3547/120 925/3522/11
f 928/2785/41 919/2784/291 859/3548/1433 866/3549/580
f 1043/3550/1601 1037/3138/1482 1008/3137/1481 1010/2924/1409
f 3224/3551/11 3225/3552/11 3223/748/11 3221/751/11
f 1875/3553/1551 1874/3554/1550 1872/3129/1479 1873/1304/686
f 979/3555/1602 1082/1179/623 1085/3556/1603 994/3442/1564
f 2438/3367/11 2437/3557/11 2434/3558/11 2435/3559/11
f 1041/3560/1477 1039/3561/1483 1037/3562/1482 1038/3563/1604
f 1134/3564/11 1133/3565/11 1131/3566/11 1132/3388/11
f 2708/3567/11 2707/3434/11 2537/3437/11 2538/3568/11
f 397/1293/478 393/1238/63 313/1241/63 341/1280/478
f 1123/3569/270 1122/3570/254 1075/3571/1605 1076/3572/1606
f 1047/3573/1607 1049/3397/81 1019/3396/317 1016/3574/1608
f 1089/3575/270 1088/3576/254 1017/3517/1590 1020/3577/270
f 3737/3578/11 3736/3579/11 3733/3580/11 3735/3581/11
f 2746/3582/11 2745/3583/11 2736/3584/11 2737/3585/11
f 1043/3550/1601 1056/3586/1506 1057/3587/1609 1044/3588/1610
f 1088/3589/254 1087/3590/282 1012/3591/1611 1017/3592/1590
f 1897/3593/1191 1898/3594/1598 1896/3595/1612 1895/3596/1613
f 1035/3597/1576 1034/3598/1491 1032/3599/1586
f 1015/3413/1554 1013/3600/1588 1004/3440/40 1007/3414/40
f 4948/3601/279 4943/3602/270 4938/3603/270 4940/3604/279
f 1969/3605/1192 1973/3606/1454 1967/3276/1510 1968/3607/1192
f 1063/3608/1546 1066/3609/1614 1068/3610/1615
f 1107/3611/270 1105/3612/254 1088/3576/254 1089/3575/270
f 2330/2596/11 2329/3613/11 2326/3614/11 2327/3615/11
f 1083/1180/525 1082/1179/623 979/3555/1602 981/3616/1556
f 3646/3617/260 3645/3618/259 3606/3619/259 3607/3620/260
f 4697/3621/1616 4696/3622/254 4680/3623/254 4688/3110/336
f 1067/1853/951 1118/1852/11 1119/3624/802 1069/3625/1617
f 1961/3626/1618 1985/3627/1311 1986/3628/1310 1963/3629/1619
f 6307/3630/270 5761/3631/18 5766/3632/18 6308/3633/270
f 2139/3634/11 2138/3635/301 2133/3636/301 2134/385/11
f 1078/3637/1620 1080/3638/1621 1081/3639/1622 1077/3640/1623
f 2621/3641/1624 2645/3642/11 2648/3643/11 2625/3644/1625
f 1069/3645/1617 1119/3646/802 1124/3647/63 1079/3648/1455
f 1073/3037/1449 1051/3649/1626 1045/3122/40
f 1051/3650/1626 1050/3651/1627 1048/3652/1628
f 4093/3653/746 4092/3654/1629 4088/3655/663 4091/3656/662
f 1071/3657/1630 1070/3658/1476 1041/3560/1477 1038/3563/1604
f 1110/3019/1443 1111/3227/270 1108/3659/270 1107/3611/270
f 1569/3660/701 1566/3661/1132 1557/1328/699 1556/1327/652
f 1784/3662/41 1781/3663/291 1093/1349/291 1097/1348/41
f 3694/3664/11 3695/3665/11 3693/1038/11 3692/1037/11
f 1050/3666/1627 1052/3667/1448 1053/3668/951
f 1051/3649/1626 1048/3669/1628 1042/3123/40 1045/3122/40
f 1047/3573/1607 1050/3670/1627 1054/3671/1631 1049/3397/81
f 1105/3672/254 1103/3673/282 1087/3590/282 1088/3589/254
f 1195/3674/1164 1193/3675/271 1182/3676/76 1183/3677/760
f 261/3678/574 259/3679/575 256/3680/70 258/3681/573
f 1226/1073/586 1222/3682/595 1212/1216/595 1216/1074/586
f 2442/2649/11 2284/2186/11 629/3683/76 796/2650/76
f 1066/3684/1614 1067/3685/951 1069/3686/1617
f 881/3043/1452 878/3027/1446 882/3687/1468 879/3688/1469
f 3207/3689/11 3206/3690/11 3203/3691/11 3205/1039/11
f 2019/3692/1632 1807/3693/1070 1114/3694/1525 1198/3695/1524
f 2389/3696/11 2391/3697/11 2392/3698/11 2390/1115/11
f 906/3042/63 905/3238/1466 875/3029/1447 876/3028/63
f 1992/3699/1302 1991/3700/1633 1990/3701/1634 1989/3702/1635
f 2837/3703/11 2835/3704/11 2831/3705/11 2832/3706/11
f 1062/3707/63 1068/3708/1615 1079/3648/1455
f 5074/3709/1636 5077/3710/795 5054/3711/794 5053/3712/1637
f 6309/3713/270 5864/3714/30 5860/3715/30 6310/3716/270
f 2722/3717/11 2723/3718/11 2721/3719/11 2719/3720/11
f 1121/3721/282 1120/3034/40 1073/3037/1449 1074/3722/1638
f 2737/3585/11 2736/3584/11 2720/3723/11 2721/3719/11
f 1072/3724/1639 1071/3725/1630 1038/3726/1604 1044/3588/1610
f 1115/3727/757 1127/3728/757 1128/3729/11 1116/3730/11
f 5128/3731/40 5127/3732/101 5125/3733/1640 5126/3734/40
f 1107/3611/270 1108/3659/270 1106/3735/254 1105/3612/254
f 1141/3736/254 1138/3737/282 1121/3738/282 1122/3739/254
f 1027/3474/63 1035/3473/1576 1036/3740/1501 1029/3741/63
f 1798/3742/270 1805/3226/270 1809/3743/270 1803/3744/270
f 1443/486/63 1442/3745/1641 1419/3746/1642 1420/92/66
f 525/2106/710 524/2105/76 522/2191/76 523/2910/710
f 1056/3747/1506 1058/3748/1505 1060/3749/1643 1057/3750/1609
f 2143/2029/11 2142/2189/11 524/2105/76 526/2104/76
f 2501/3751/11 2500/2942/11 1153/2945/76 1154/3752/76
f 1126/3753/1644 1123/3569/270 1076/3572/1606 1081/3754/1622
f 4955/3347/270 4952/3755/814 4945/3756/814 4946/3757/270
f 1910/3758/1645 1912/3759/1646 1913/3760/1647 1911/3761/1648
f 1995/3762/1649 1994/3763/1650 1698/3764/1651 1702/3765/1652
f 4584/3766/403 4610/3767/1653 4611/2217/1110 4585/2216/280
f 1339/1144/612 1338/3768/677 1320/3769/18 1321/1842/17
f 1125/3770/341 1126/3771/1644 1081/3772/1622 1080/3773/1621
f 5320/3774/318 5319/3775/374 5314/3776/374 5315/3777/318
f 3902/3778/112 3903/3779/112 3895/3780/260 3892/3781/260
f 1009/2925/15 1010/2924/1409 1008/3137/1481 1005/3464/675
f 1146/3782/341 1148/3783/341 1150/3784/1644 1149/3785/1644
f 5359/3786/374 5364/3787/374 6311/3788/270 6312/3789/270
f 1201/1728/887 1197/3790/1523 1196/1729/888
f 1143/3791/270 1141/3792/254 1122/3570/254 1123/3569/270
f 5057/3793/1654 5062/3794/1655 5014/3795/802 5013/3796/802
f 4640/3449/336 4637/3448/254 4621/3797/254 4625/3798/336
f 4945/3799/814 4944/3800/1507 4941/3801/298 4942/3802/296
f 1077/3803/1623 1072/3724/1639 1044/3588/1610 1057/3587/1609
f 1055/3804/951 1054/3805/1631 1050/3666/1627 1053/3668/951
f 4965/3519/341 4963/3806/341 4914/3807/350 4915/3520/350
f 1322/461/295 1340/1420/295 1347/1419/63 1323/462/63
f 5200/3808/254 5199/3809/282 5197/3810/282 5198/3811/254
f 1826/3387/11 1833/3812/11 1134/3564/11 1132/3388/11
f 1127/3813/757 1137/708/40 1139/707/40 1129/1468/757
f 1132/3388/11 1131/3566/11 1128/3729/11 1130/3389/11
f 3715/1170/11 3716/3814/11 3713/3815/11 3712/3816/11
f 4939/3817/341 4947/3818/341 4948/3819/279 4940/3820/279
f 1005/3464/675 1003/3821/676 999/1275/676 1001/1274/675
f 1124/3647/63 1145/3822/63 1146/3823/341 1125/3824/341
f 5284/3825/30 5860/3826/30 5861/3827/15 5287/3828/15
f 1807/3693/1070 2019/3692/1632 2020/3829/1656 1812/3830/1657
f 879/3095/1469 880/3094/510 873/2444/510 872/2443/1230
f 1061/3831/63 1060/3832/1643 1058/3833/1505 1059/3834/63
f 2379/3835/11 2378/3030/11 2366/3033/11 2367/1117/11
f 3287/3836/952 3295/3837/315 3277/3838/315 3271/3839/952
f 1155/3840/760 1156/3841/760 1154/3752/76 1153/2945/76
f 359/115/84 363/3842/1658 365/3843/1659 362/116/85
f 2103/3844/757 2102/3845/76 2100/3846/76 2101/3847/757
f 4431/3848/254 4436/3849/336 4437/3850/336 4433/3851/254
f 1063/3398/1546 1064/3852/1415 1036/3853/1501 1033/3399/1547
f 1136/3854/802 1135/3855/802 1133/3565/11 1134/3564/11
f 1129/3856/757 1824/3857/757 1825/3386/11 1130/3389/11
f 4560/3858/341 4570/3859/281 4439/3860/281 4427/3861/1162
f 1289/3862/120 1291/3863/120 1292/3864/275 1290/3865/275
f 1129/3856/757 1130/3389/11 1128/3729/11 1127/3728/757
f 3731/3866/11 3730/2592/11 3521/2595/11 3523/3867/11
f 4713/3868/40 4712/3869/1660 4710/3267/342 4711/3870/40
f 1962/3871/1661 1964/3872/1487 1931/3141/1484 1929/3143/1486
f 1825/3386/11 1828/3873/11 1831/3874/11 1826/3387/11
f 4434/3477/336 4436/3849/336 4431/3848/254 4429/3478/254
f 4718/3875/282 4711/3870/40 4703/3876/40 4706/3877/282
f 1087/1992/282 1084/959/526 982/3878/1555 1012/3879/1611
f 1812/3830/1657 1811/3880/1662 1806/3225/270 1807/3693/1070
f 1833/3812/11 1835/3881/11 1837/3882/802 1834/3883/802
f 2329/3613/11 2328/3071/11 2325/3073/11 2326/3614/11
f 5140/3884/382 5138/3885/382 5130/3886/280 5132/3887/280
f 4707/3888/254 4706/3889/282 4695/3890/282 4696/3891/254
f 855/2935/759 856/2480/759 844/2479/760 842/2936/760
f 1854/3892/63 1851/3893/63 1834/3894/802 1837/3895/802
f 1835/3881/11 1833/3812/11 1826/3387/11 1831/3874/11
f 1147/3896/63 1851/3893/63 1852/3897/341 1148/3898/341
f 1854/3892/63 1855/3899/341 1852/3897/341 1851/3893/63
f 3544/2455/11 3542/3900/11 3530/3901/11 3531/3902/11
f 4963/3806/341 4949/3903/341 4898/3904/350 4914/3807/350
f 2502/2954/11 2501/3751/11 1154/3752/76 1157/2955/76
f 461/3905/821 469/3906/811 470/3907/249 462/3908/803
f 1833/3812/11 1834/3883/802 1136/3854/802 1134/3564/11
f 4716/3909/279 4717/3910/280 4715/3911/280 4714/3912/279
f 4608/3913/40 4618/3914/282 4620/2682/282 4609/2681/40
f 2499/2943/11 2467/2561/11 843/2972/76 1151/2944/76
f 3226/3915/11 3214/3916/11 3197/3917/11 3201/3918/11
f 1138/3737/282 1141/3736/254 1142/2772/254 1140/2771/282
f 6313/3919/270 5129/3920/279 4716/3921/279 6314/3922/270
f 3909/3923/11 3911/3924/11 3916/3925/11 3910/3926/11
f 1171/1301/684 1172/2970/684 1167/3927/759 1166/3928/759
f 4940/3604/279 4938/3603/270 4933/3929/270 4935/3930/279
f 2401/2599/11 2400/3931/11 2329/3613/11 2330/2596/11
f 5069/3932/1663 5068/2259/1134 5022/2262/1137 5023/3933/1664
f 5410/2778/109 5415/2777/109 5416/3934/15 5411/3935/15
f 4273/3936/341 4271/3937/341 4192/3938/350 4194/3185/350
f 824/1703/871 4554/3939/1665 4599/3940/1666 852/2873/1391
f 4601/2881/1393 4602/2880/343 857/2963/684 854/165/128
f 5406/3941/318 5405/3942/374 5391/3943/374 5392/3944/318
f 1162/3945/760 1161/3946/76 1159/2956/76 1160/3947/760
f 4937/3948/296 4936/3949/1600 4931/3950/1089 4932/3951/296
f 3467/3952/11 3469/3953/11 3470/3954/11 3468/3955/11
f 1847/3956/254 1844/3957/282 1840/2770/282 1841/2769/254
f 4890/3492/1579 4895/3491/350 4819/3958/350 4816/3959/1667
f 1839/1466/40 1843/3960/40 1827/3961/757 1824/1467/757
f 927/3547/120 926/3087/120 924/3086/11 925/3522/11
f 4812/3962/350 4813/3963/350 4755/3221/350 4754/3220/350
f 1155/3840/760 1153/2945/76 1151/2944/76 1152/2971/760
f 1827/3964/757 1828/3873/11 1825/3386/11 1824/3857/757
f 2638/3965/1668 2637/3966/1669 2620/3967/1670 2621/3641/1624
f 5776/3968/410 5782/3969/409 5765/3970/409 5735/3971/410
f 5563/3972/1671 5564/3973/1672 5565/3974/1673 5562/3975/374
f 1230/3976/40 1229/3977/1674 1219/3978/41 1220/3979/40
f 6288/3980/885 4661/3981/884 4635/3982/1070 6315/3983/1069
f 4648/574/343 4649/573/343 1174/3984/684 1172/2970/684
f 4791/3985/1674 4796/3986/1675 4746/3987/405 4743/3988/41
f 2941/3989/1676 2938/3990/1677 2930/3991/11 2931/3992/11
f 1206/3993/1678 4700/3268/1509 4701/3994/1679 1208/1987/1010
f 1485/3995/22 1486/3996/1661 1481/3997/1661 1480/3998/22
f 1840/3999/282 1839/1466/40 1139/707/40 1140/706/282
f 4174/2173/1098 4173/2172/1097 4170/4000/1680 4171/4001/1681
f 2515/131/100 2519/130/99 2520/4002/477
f 2617/4003/1682 2615/4004/1683 2610/4005/1684 2611/4006/1685
f 1189/1405/724 1192/4007/1686 1195/4008/1164
f 6318/4009/1687 4582/4010/1688 4580/4011/1689 6317/4012/1690 6316/4013/1691
f 1321/1842/17 1320/3769/18 1311/1502/18 1312/1501/17
f 5138/3092/382 5137/3091/944 4724/4014/944 4725/4015/382
f 2095/4016/757 2094/4017/76 2092/2490/76 2093/2489/757
f 4979/4018/330 4980/4019/331 4975/4020/331 4974/4021/330
f 2366/3033/11 2365/3032/11 2350/4022/11 2352/4023/11
f 4747/4024/307 4734/1592/307 4727/1591/63 4729/2252/63
f 2518/129/98 2516/128/97 2514/2888/1399
f 1208/1987/1010 1207/4025/1692 1205/1988/1011
f 1167/4026/759 1173/4027/759 1162/4028/760 1160/4029/760
f 3385/2416/1214 3384/4030/1693 2002/1549/798 2004/1548/800
f 2117/4031/1207 2118/4032/1694 2112/4033/1695 2111/4034/1696
f 1149/4035/1644 1143/3791/270 1123/3569/270 1126/3753/1644
f 2351/4036/11 2348/4037/11 2338/4038/11 2339/2213/11
f 1207/4025/1692 1208/1987/1010 2028/4039/17
f 1274/1079/590 1372/1078/589 1259/4040/1697 1298/4041/1698
f 2025/4042/1210 2026/4043/1699 2030/4044/1700
f 2604/4045/1701 2593/4046/1702 2578/4047/11 2579/4048/11
f 2026/4043/1699 2029/4049/1703 2030/4044/1700
f 2163/4050/11 2162/3186/301 2147/3189/301 2148/4051/11
f 1039/4052/1483 1041/3124/1477 1042/3123/40 1040/3411/40
f 2003/1547/799 2001/1546/798 1999/3004/1430 2000/4053/1272
f 1183/3677/760 1182/3676/76 1180/4054/76 1181/4055/760
f 1048/3669/1628 1046/3412/1553 1040/3411/40 1042/3123/40
f 3370/4056/11 3371/4057/11 3369/4058/11 3368/4059/11
f 4879/4060/1704 4885/4061/1705 4886/4062/979 4880/4063/1706
f 1336/4064/386 1335/686/40 1330/689/40 1331/4065/679
f 4799/4066/1707 4796/3986/1675 4791/3985/1674 4794/4067/1708
f 314/4068/40 316/4069/40 319/2184/40 138/52/40
f 4807/4070/40 4805/4071/40 4802/2983/40 4803/2982/40
f 1194/375/272 1192/4072/1686 1185/4073/1400 1186/2889/1400
f 5095/930/504 5096/4074/1709 5083/4075/1710 5082/931/505
f 4956/3350/270 4966/3349/279 4968/4076/1711 4961/4077/1712
f 153/833/467 152/4078/1713 144/4079/1714 145/834/468
f 1158/4080/760 1157/2955/76 1154/3752/76 1156/3841/760
f 1502/2398/63 1515/2268/63 1516/2267/63 1503/2837/63
f 4670/4081/280 4694/4082/280 4698/4083/1715 4690/4084/281
f 4806/4085/385 4814/4086/384 4799/4066/1707 4794/4067/1708
f 4206/647/373 4207/4087/40 4196/4088/40 4195/640/369
f 322/4089/1716 323/4090/1717 145/834/468 144/4079/1714
f 3220/750/11 3222/749/11 3219/4091/11 3216/1878/11
f 3139/4092/11 3146/4093/11 3147/4094/11 3141/4095/11
f 1782/3400/40 1787/2978/1422 1707/2981/1422 1705/3289/40
f 2431/4096/11 2433/4097/11 2436/4098/11 2432/4099/11
f 2967/4100/11 2964/4101/11 2873/4102/11 2874/4103/11
f 1819/4104/282 1816/4105/1718 1790/4106/1719 1800/4107/282
f 3370/4056/11 3368/4059/11 3328/4108/11 3329/4109/11
f 1319/1087/476 1337/4110/476 1340/1420/295 1322/461/295
f 1031/3532/1492 1030/3472/1575 997/3537/1595 998/3529/1593
f 4693/4111/279 4694/4082/280 4670/4081/280 4669/4112/279
f 715/156/120 716/4113/377 680/4114/1389 679/157/121
f 5176/4115/279 5177/4116/280 5175/2363/280 5174/2362/279
f 3212/4117/11 3211/4118/11 3193/4119/11 3194/4120/11
f 322/4089/1716 325/4121/1720 326/4122/1196 323/4090/1717
f 3631/4123/11 3632/4124/11 3523/3867/11 3522/4125/11
f 1268/4126/120 1269/4127/275 1244/4128/275 1243/4129/120
f 3313/4130/11 3307/4131/11 3223/748/11 3225/3552/11
f 88/1236/303 105/1235/657 107/459/294 93/4132/1721
f 1250/4133/1722 1249/4134/1723 1248/4135/1724
f 190/4136/499 185/4137/898 178/272/216 179/271/215
f 560/4138/895 568/4139/894 569/4140/961 559/4141/962
f 2204/4142/393 2201/4143/1048 598/1712/876 599/1711/394
f 4855/4144/1725 4860/4145/537 4861/4146/536 4857/4147/1335
f 1390/4148/1726 1381/4149/1727 1374/4150/1728 1376/4151/1729
f 1374/4152/1728 1380/2034/1035 1370/2037/1038 1373/4153/1730
f 1252/4154/553 1253/4155/1731 1254/4156/1732
f 1552/2285/1150 1553/899/492 1585/898/491 1542/4157/1184
f 1255/4158/1733 1256/4159/1734 1257/4160/1735
f 552/2010/1023 557/1735/892 560/1738/895 547/2011/1024
f 1256/4161/1734 1383/4162/1736 1386/4163/1737 1257/4164/1735
f 236/998/544 235/997/542 228/4165/539 229/4166/538
f 1255/4167/1733 1258/4168/1738 1371/4169/990
f 1380/4170/1035 1381/4149/1727 1379/4171/155 1378/4172/1036
f 5601/4173/1739 5600/4174/1740 5589/4175/1741 5590/4176/1742
f 4182/4177/1743 4181/4178/1744 4121/283/224 4122/282/223
f 1475/4179/22 1476/4180/1661 1469/4181/1745 1468/4182/23
f 177/796/444 188/238/187 189/237/113 180/797/445
f 362/4183/85 360/4184/721 354/1361/430 353/1360/86
f 3154/4185/1746 3155/4186/1747 3152/4187/1748 3101/4188/1749
f 2055/2698/1331 2054/4189/1750 2044/4190/1751 2040/2699/1332
f 42/4191/139 41/4192/500 40/1698/870 38/1697/140
f 4879/4060/1704 4880/4063/1706 4832/4193/971 4831/4194/1752
f 4831/4195/1752 4829/4196/988 4826/4197/1753 4828/4198/1754
f 1388/4199/1755 1393/4200/1756 1404/4201/1221
f 2486/966/11 2475/4202/11 2462/4203/1757 2464/2926/1410
f 4573/4204/281 4572/4205/281 4562/4206/341 4564/4207/1559
f 2225/4208/168 2232/4209/135 2234/4210/320 2226/4211/999
f 2926/4212/11 2925/4213/11 2911/4214/11 2912/4215/11
f 2943/4216/1676 2945/4217/1758 2946/4218/1759 2944/4219/1760
f 827/2645/11 829/2644/1304 830/4220/1279 828/4221/11
f 128/4222/1761 114/4223/1762 93/4132/1721 107/459/294
f 1278/4224/1763 1277/4225/291 1265/4226/291 1266/4227/1075
f 5146/4228/254 5145/4229/282 5135/4230/282 5136/4231/254
f 622/4232/710 631/2152/495 633/2075/495 624/2074/710
f 1241/4233/1764 1240/4234/291 1232/4235/291 1233/4236/1765
f 3340/4237/11 3341/4238/11 3339/1886/11 3337/1889/11
f 4835/1588/40 4887/4239/40 4888/820/458 4836/4240/1766
f 4888/820/458 4889/819/457 4837/3114/1474 4836/4240/1766
f 376/4241/1767 411/4242/488 184/4243/106 377/4244/105
f 1478/4245/331 1421/487/63 1420/92/66 1412/91/65
f 3771/4246/11 3772/4247/11 3371/4057/11 3370/4056/11
f 4361/2137/170 4379/4248/101 4381/215/101 4362/214/170
f 3473/4249/11 3488/4250/11 3491/4251/11 3474/4252/11
f 5103/4253/1768 5099/4254/1769 5036/4255/828 5041/4256/1770
f 1295/4257/1771 1296/4258/1167 1294/4259/1772 1293/4260/1100
f 2136/2190/11 2142/2189/11 2144/4261/11 2141/4262/11
f 6319/4263/270 4704/4264/279 4693/4265/279 6320/4266/270
f 1301/446/285 1286/4267/1773 1284/447/286
f 1409/4268/1774 1398/635/366 1276/4269/307 1303/489/307
f 1361/4270/1775 1363/4271/1776 1364/4272/1777 1248/4273/1724
f 1467/4274/1778 1471/4275/1779 1295/4257/1771 1288/4276/1780
f 1395/4277/1781 1396/1076/587 1274/1079/590 1273/2119/1074
f 4889/4278/457 4893/2773/456 4874/2776/1359 4866/4279/1473
f 1474/4280/1782 1471/4281/1779 1467/4282/1778 1470/4283/1783
f 2043/4284/1545 2061/4285/1544 2041/4286/1784 2047/4287/1785
f 1468/31/23 1466/4288/1786 1302/32/24
f 1466/4289/1786 1465/4290/1787 1285/4291/1788 1286/4292/1773
f 1292/491/275 1294/4293/1772 1304/488/306
f 5076/4294/1789 5058/4295/1790 5029/4296/63 5033/4297/1341
f 1304/488/306 1305/2317/1166 1410/4298/1791
f 6211/4299/54 6265/4300/53 6210/4301/270 6208/2588/1286
f 1468/4182/23 1469/4181/1745 1465/4290/1787 1466/4289/1786
f 554/4302/974 550/4303/433 544/4304/79 549/4305/78
f 4849/4306/1792 4980/4307/331 4985/4308/331 4906/4309/1793
f 1306/94/68 1472/2316/1165 1473/4310/1794
f 1415/4311/1795 1406/2427/1222 1405/4312/1796
f 4900/4313/1797 4901/4314/1798 4844/4315/1799 4843/2236/1120
f 5125/3733/1640 5122/4316/1800 4701/3994/1679 4712/3869/1660
f 73/444/73 72/443/277 68/4317/277 67/4318/73
f 4555/681/101 4550/2141/170 4399/2140/170 4419/682/101
f 4121/283/224 4113/1515/778 4066/1516/779 4071/284/225
f 5224/4319/40 5223/229/101 5209/228/101 5210/4320/40
f 3569/4321/195 3568/4322/259 3562/2387/259 3563/2386/1087
f 4965/4323/341 4966/4324/279 4964/4325/279 4963/4326/341
f 1192/4072/1686 1188/4327/1801 1184/4328/1429 1185/4073/1400
f 3567/4329/11 3566/4330/11 3560/4331/11 3561/4332/11
f 3504/4333/11 3502/4334/11 3498/4335/11 3499/4336/11
f 6321/4337/270 5176/4338/279 5174/4339/279 6322/4340/270
f 4793/4341/40 4794/4342/1708 4791/4343/1674 4792/4344/40
f 4810/4345/1802 4817/672/383 4808/675/386 4804/4346/679
f 4801/4347/1803 4797/4348/1804 4757/4349/63 4761/4350/745
f 330/25/20 329/24/19 326/4122/1196 325/4121/1720
f 2495/4351/11 2493/4352/11 2488/965/11 2491/964/11
f 399/1561/63 396/4353/1805 333/1148/614 342/1461/63
f 3633/4354/11 3637/4355/11 3638/4356/11 3634/4357/11
f 1348/1145/40 1339/1144/612 1321/1842/17 1324/1841/40
f 1915/4358/560 1948/4359/676 1958/4360/40 1927/4361/40
f 4732/742/406 4745/741/406 4728/4362/40 4726/4363/40
f 1398/635/366 1397/634/365 1275/4364/307 1276/4269/307
f 1243/4129/120 1244/4128/275 1236/4365/275 1235/4366/120
f 1667/4367/291 1669/4368/291 1671/3409/11 1668/3408/11
f 3947/4369/11 3945/4370/11 3937/4371/11 3938/4372/11
f 4787/1412/727 4779/2969/736 1456/4373/1806 1461/2951/63
f 1346/1120/600 1349/1122/602 1350/1334/703
f 1145/3822/63 1147/3896/63 1148/3898/341 1146/3823/341
f 1608/4374/1271 1605/4375/1807 1602/4376/1808 1604/4377/802
f 337/4378/697 336/4379/696 332/4380/615 333/4381/614
f 337/4382/697 333/4383/614 340/4384/666 334/4385/464
f 396/4353/1805 395/4386/667 340/4387/666 333/1148/614
f 1506/194/152 1501/2958/403 790/4388/1542 791/4389/1809
f 302/4390/611 301/1118/549 287/7/7 288/2014/1027
f 2151/4391/11 2150/4392/11 2141/4262/11 2144/4261/11
f 370/4393/1810 374/4394/251 375/4395/1029 372/4396/859
f 1528/793/123 1527/2144/651 1349/1142/602
f 1422/1143/601 1423/4397/609 1555/794/417
f 4087/1454/665 4085/4398/664 395/4386/667 396/4353/1805
f 4598/2219/281 4596/4399/281 4583/4400/1811 4585/2216/280
f 1353/1329/485 1352/4401/661 1351/1326/653
f 298/1027/550 670/3354/238 671/1200/640 300/1176/621
f 4243/4402/298 4247/4403/297 4169/4404/1812 4167/4405/1508
f 5828/4406/1813 5827/4407/1814 5817/4408/1815 5818/4409/1816
f 5119/4410/862 5113/4411/861 5056/4412/1817 5087/4413/1437
f 304/4414/1818 303/4415/711 299/4416/566 300/4417/621
f 1358/4418/658 1357/4419/704 1354/4420/660
f 2950/4421/1819 2949/4422/1819 2922/4423/1416 2927/4424/1416
f 335/829/463 711/4425/1820 714/4426/705 338/4427/698
f 1353/1329/485 1557/1328/699 1558/4428/482
f 6310/3716/270 5860/3715/30 5284/4429/30 6323/4430/270
f 1566/3661/1132 1558/4428/482 1557/1328/699
f 365/4431/1659 370/4393/1810 372/4396/859 367/4432/470
f 5401/2780/110 5426/4433/110 5429/4434/109 5415/2777/109
f 710/54/44 711/4425/1820 335/829/463 306/832/466
f 720/4435/1821 726/4436/709 714/4437/705 711/4438/1820
f 3491/4251/11 3492/4439/11 3475/4440/11 3474/4252/11
f 1600/4441/1187 1599/2653/1307 1588/2291/1149 1591/4442/375
f 1356/1146/40 1447/3201/40 1451/4443/40 1432/4444/40
f 2643/4445/620 2638/3965/1668 2621/3641/1624 2625/3644/1625
f 4938/3603/270 4937/4446/296 4932/4447/296 4933/3929/270
f 5783/4448/409 5782/3969/409 5776/3968/410 5777/4449/410
f 37/1364/137 32/127/96 25/126/95 26/1365/145
f 1795/4450/1574 1808/4451/1822 2021/4452/1823 2018/4453/1824
f 1381/4149/1727 1380/4170/1035 1374/4150/1728
f 1368/199/157 1369/4454/1825 1377/196/154
f 2463/2927/1411 2464/2926/1410 2462/4203/1757 2461/4455/1826
f 1391/4456/1827 1390/4148/1726 1376/4151/1729
f 4020/4457/1828 4018/4458/1829 4007/4459/1830 4009/4460/802
f 1389/4461/1831 1390/4462/1726 1392/4463/1832
f 1959/4464/1833 1962/4465/1661 1929/3512/1486 1928/3511/1587
f 4240/4466/597 4165/4467/1834 4050/4468/1835 4051/4469/1836
f 584/4470/1008 583/4471/1837 579/4472/1838 578/4473/1009
f 2947/4474/1839 2945/4217/1758 2935/4475/11 2936/4476/11
f 6215/4477/410 6183/4478/410 4026/4479/1071 4027/4480/1840
f 1428/4481/1841 1423/4482/609 1403/632/363
f 2030/4483/1700 2031/4484/1842 2027/4485/1843 2025/4486/1210
f 1683/2476/1244 1682/2475/254 944/4487/1538 946/4488/1527
f 2692/4489/807 2690/4490/1844 2662/1660/852 2663/4491/1845
f 4356/4492/1846 4347/554/337 4344/4493/1847 4346/4494/1848
f 1410/4298/1791 1409/4268/1774 1303/489/307 1304/488/306
f 4978/4495/318 4979/4496/330 4974/4497/330 4972/4498/318
f 1490/4499/22 1485/4500/22 1440/1085/25 1460/1163/25
f 67/4318/73 68/4317/277 14/4501/6 13/4502/5
f 4039/4503/15 4037/4504/16 4032/4505/16 4033/2451/15
f 73/100/73 271/99/63 293/420/63 78/419/73
f 1421/487/63 1478/4245/331 1484/4506/331
f 1479/4507/330 1478/4508/331 1473/4509/1794 1474/4510/1782
f 2315/4511/11 2470/4512/11 2472/1864/11 2317/4513/11
f 1445/3200/40 1348/1145/40 1324/1841/40 1327/4514/40
f 1240/4515/291 1262/4516/291 1264/4517/11 1242/4518/11
f 289/4519/257 266/356/257 70/359/21 75/4520/21
f 850/4521/282 851/2568/1275 847/2571/1258 845/4522/1257
f 1234/4523/11 1242/4518/11 1243/4524/120 1235/4525/120
f 789/4526/1849 791/4389/1809 669/233/184 666/4527/1850
f 5248/4528/280 5256/4529/382 5240/4530/382 5236/4531/280
f 1484/4506/331 1489/4532/331 1444/485/63 1421/487/63
f 4973/4533/22 4971/4534/1661 1491/4535/1661 1490/4536/22
f 61/4537/91 419/2614/832 422/2617/1297 62/4538/92
f 1429/4539/610 1430/4540/1851 1431/4541/1371
f 713/1338/706 712/2409/1209 336/1323/696 338/1325/698
f 3290/4542/11 3288/4543/1852 3281/4544/11 3283/4545/11
f 6263/4546/1853 6260/4547/1854 6259/4548/1855 6243/4549/1856
f 1436/1192/633 1435/1191/478 1426/4550/647
f 721/1289/680 723/4551/1857 720/4552/1821 719/53/43
f 1629/4553/1345 1628/4554/1858 1431/4541/1371
f 4070/4555/628 4072/285/226 390/1194/635 391/1193/634
f 4095/4556/63 4087/1454/665 396/4353/1805 399/1561/63
f 1451/4443/40 1452/4557/40 1433/4558/40 1432/4444/40
f 2109/4559/1859 2108/4560/1860 2102/3845/76 2103/3844/757
f 5067/4561/1135 5066/4562/1861 5020/4563/1862 5021/4564/1136
f 4418/2250/101 4419/682/101 4399/2140/170 4398/2251/170
f 4983/4565/318 4984/4566/330 4979/4496/330 4978/4495/318
f 381/348/40 4062/685/40 4067/2279/40 386/349/40
f 5360/4567/318 5368/4568/317 5371/4569/317 5365/4570/318
f 3602/4571/11 3605/4572/11 3601/4573/11 3599/4574/11
f 4370/543/280 4384/577/280 4392/576/281 4378/542/281
f 1232/4575/291 1240/4515/291 1242/4518/11 1234/4523/11
f 4769/4576/40 4783/2237/40 1457/3232/40 1452/4557/40
f 1420/92/66 1419/3746/1642 1410/4298/1791 1411/93/67
f 4759/1271/673 4760/1270/672 4765/4577/439
f 1632/761/416 1634/760/415 1635/4578/1863 1633/4579/1864
f 4761/1445/745 4762/1444/744 4764/4580/1471
f 4090/4581/1865 4093/4582/746 4087/4583/665 4199/4584/750
f 4761/4350/745 4798/4585/1866 4801/4347/1803
f 5219/4586/1867 5221/4587/1868 5218/4588/254 5216/4589/254
f 541/4590/1025 547/4591/1024 553/4592/349 546/4593/1392
f 4778/1422/729 4779/4594/736 4780/1423/730
f 4782/4595/735 4780/4596/730 4779/4597/736
f 5121/4598/1869 5118/4599/1870 5111/4600/1298 5112/4601/1871
f 4183/4602/1872 4182/4177/1743 4122/282/223 4123/4603/1873
f 4839/2968/1421 4834/4604/737 4779/2969/736
f 821/2207/1106 819/4605/1874 814/4606/1875 816/2205/1104
f 1288/4607/1780 1287/2195/1101 1283/4608/1876 1285/4609/1788
f 1485/4500/22 1480/411/22 1417/412/25 1440/1085/25
f 2059/4610/1274 2065/4611/1333 2066/4612/282 2060/4613/1257
f 5305/4614/1049 5869/4615/1049 5870/4616/378 5306/4617/378
f 4466/483/305 4467/2483/834 766/2622/834 765/484/305
f 4849/4306/1792 4848/4618/1877 4789/2762/63
f 4790/2761/63 4975/4619/331 4980/4307/331
f 4973/4533/22 4976/4620/22 4977/4621/1661 4971/4534/1661
f 2050/4622/1878 2044/4623/1751 2054/4624/1750 2048/4625/1879
f 2469/2558/11 2504/4626/11 2521/3194/11 2490/2273/11
f 1486/4627/1661 1487/4628/318 1482/4629/318 1481/4630/1661
f 6324/4631/270 5213/4632/279 5211/4633/279 6325/4634/270
f 1603/2341/1187 1604/4635/802 1602/4636/1808 1600/4441/1187
f 794/2783/40 792/4637/1880 760/4638/1881 778/4639/305
f 1295/4640/1771 1293/2192/1100 1287/2195/1101 1288/4607/1780
f 3002/4641/1099 3000/4642/1099 2993/4643/11 2996/4644/11
f 1846/4645/282 1845/4646/40 1843/3960/40 1844/4647/282
f 2997/4648/11 2996/4644/11 2994/4649/11 2995/4650/11
f 1497/2802/11 1498/4651/1181 783/4652/1882 782/35/27
f 663/2374/1195 786/3375/63 787/4653/63 761/4654/1883
f 6327/4655/270 5526/4656/374 5528/4657/374 6326/4658/270
f 783/4659/1882 788/4660/1884 665/4661/1170 659/4662/1169
f 2633/4663/1885 2627/4664/1886 2618/4665/1887 2619/4666/1888
f 792/4637/1880 785/2263/1138 661/1008/556 760/4638/1881
f 5717/4667/409 5708/4668/409 5689/4669/410 5690/4670/410
f 791/4389/1809 790/4388/1542 664/234/185 669/233/184
f 790/3374/1542 786/3375/63 663/2374/1195 664/2373/185
f 1534/2390/40 1529/4671/447 1509/4672/1362 1513/2391/40
f 761/4654/1883 787/4653/63 793/4673/63 762/2627/63
f 1537/4674/1199 1536/2265/1139 1533/4675/1197
f 669/233/184 667/232/183 668/4676/1889 666/4527/1850
f 656/4677/1127 657/37/29 646/1488/764 644/4678/557
f 1529/4671/447 1534/2390/40 1543/4679/448
f 1477/4680/318 1479/4681/330 1474/4280/1782 1470/4283/1783
f 1531/2293/1151 1546/4682/1145 1551/4683/1144
f 1552/2288/1150 1539/4684/191 1532/2289/190
f 665/4661/1170 666/4685/1850 668/4686/1889 653/4687/1168
f 761/4654/1883 730/4688/1890 662/2375/186 663/2374/1195
f 3753/4689/11 3756/4690/11 3751/4691/11 3752/4692/11
f 4488/4693/1891 4537/2781/40 794/2783/40 778/4639/305
f 5155/4694/282 5152/2749/40 5142/2752/40 5145/4695/282
f 1563/2072/63 1610/2071/63 1526/2714/63 1524/2788/63
f 5019/1557/63 5024/668/380 5010/671/63 5005/1558/63
f 1594/1613/827 1595/1612/828 1583/2449/1234 1581/4696/1892
f 733/4697/1893 760/4638/1881 649/2269/1141 727/2270/1142
f 733/4697/1893 768/4698/305 778/4639/305 760/4638/1881
f 1563/2072/63 1568/2396/1205 1593/2073/1061
f 4564/4207/1559 4581/4699/1894 4595/4700/281 4573/4204/281
f 919/3239/291 922/3523/291 924/3086/11 920/3085/11
f 3184/4701/11 3183/4702/11 3180/4703/11 3181/4704/11
f 5029/4296/63 5030/4705/1339 5033/4297/1341
f 4521/2503/1245 4505/4706/1055 4478/2725/1342 4489/2099/63
f 354/776/430 360/4707/721 361/4708/473 356/777/431
f 2393/3317/11 2395/3316/11 2396/4709/11 2394/4710/11
f 1994/4711/1650 1993/4712/1895 1696/4713/1181 1698/4714/1651
f 862/4715/581 866/4716/580 859/4717/1433 863/4718/1432
f 1543/4679/448 1544/2248/1130 1548/4719/1125
f 5084/4720/1896 5086/4721/1897 5087/4413/1437 5085/1544/796
f 653/4687/1168 668/4686/1889 738/4722/1898 655/4723/1899
f 3451/4724/11 3441/4725/11 3440/4726/1900 3435/4727/1901
f 725/2256/1133 649/2269/1141 645/1011/558 648/2234/1118
f 1565/4728/1902 1564/4729/1903 1547/2247/1129
f 5088/4730/1904 5076/4731/1789 5033/2724/1341 5046/2723/1340
f 742/4732/176 743/4733/864 738/4734/1898 737/4735/1905
f 743/4736/864 740/4737/1906 655/4723/1899 738/4722/1898
f 1548/4719/1125 1564/4729/1903 1566/4738/1132
f 5656/4739/255 5659/4740/255 5653/4741/17 5648/4742/17
f 734/4743/1907 727/2270/1142 725/2256/1133 726/2255/709
f 2653/4744/1908 2661/1998/1016 2651/1997/1015 2650/4745/1909
f 128/4222/1761 129/560/338 116/4746/1910 114/4223/1762
f 732/2620/1157 733/4697/1893 727/2270/1142 724/1622/835
f 723/4747/1857 724/1622/835 727/2270/1142 734/4743/1907
f 1636/2995/318 1641/191/149 1645/190/148 1635/4748/1863
f 2087/4749/1911 2085/4750/584 2082/4751/1072 2083/4752/1912
f 1165/2439/759 1166/4753/759 1158/4754/760 1156/2440/760
f 2587/4755/1913 2594/4756/1914 2595/4757/1915 2588/4758/1916
f 4459/1961/991 4460/4759/782 4457/4760/785 4456/1962/992
f 741/4761/1917 750/4762/1918 739/4763/1919 740/4737/1906
f 4189/4764/350 4191/608/350 4177/607/350 4176/4765/350
f 5872/4766/374 5308/4767/374 5299/4768/1370 5306/4769/378
f 3098/4770/1920 3053/4771/1921 2572/4772/1922 2686/4773/1923
f 1344/4774/678 1345/1147/613 1342/59/49 1341/58/48
f 4908/4775/978 4911/4776/1924 4900/4313/1797 4899/4777/1925
f 1593/2624/1061 1596/2623/1300 1615/4778/658
f 1594/1613/827 1581/4696/1892 1572/4779/1301
f 4909/4780/1926 4911/4776/1924 4908/4775/978 4907/4781/977
f 4971/4782/1661 4972/4498/318 1492/4783/318 1491/4784/1661
f 739/4785/1919 736/4786/375 718/4787/1927 729/4788/1928
f 744/1406/305 765/484/305 766/2622/834 745/1621/834
f 1614/2637/827 1616/1610/827 1594/1613/827 1572/4779/1301
f 5340/4789/317 5335/4790/318 5320/3774/318 5327/4791/317
f 3792/4792/952 3793/4793/953 3787/4794/1929 3782/4795/952
f 688/2872/1390 687/4796/1177 677/2988/722 680/2869/1389
f 4376/4797/281 4375/4798/336 4357/551/336 4358/4799/281
f 3753/4689/11 3866/4800/11 3869/4801/11 3758/4802/11
f 3898/4803/11 3897/4804/11 3889/4805/11 3893/4806/11
f 4696/3891/254 4695/3890/282 4679/2731/282 4680/2730/254
f 5236/4531/280 5240/4530/382 5230/4807/382 5226/4808/280
f 758/220/175 769/869/478 777/872/481 757/1677/863
f 777/4809/481 776/4810/1930 741/4761/1917 757/4811/863
f 776/4812/1930 764/4813/1931 759/4814/1932 741/4815/1917
f 3820/4816/952 3825/2131/953 3793/4793/953 3792/4792/952
f 5301/4817/1368 5299/4818/1370 5296/4819/1933 5297/4820/1934
f 5114/4821/1935 5098/4822/740 4776/4823/1936 4781/4824/1937
f 775/734/401 771/737/404 764/4825/1931 776/4826/1930
f 1251/4827/1938 1382/4828/1939 1383/4162/1736 1256/4161/1734
f 4482/4829/1940 4483/4830/1941 775/734/401 776/4826/1930
f 3180/4703/11 3104/2891/1402 2705/4831/1942 2749/4832/11
f 693/4833/1243 694/4834/1175 687/4796/1177 688/2872/1390
f 1649/2340/1186 1650/4835/147 1651/4836/1238
f 1646/4837/1769 1639/2446/1231 1583/2449/1234 1595/1612/828
f 3817/3362/11 3815/4838/11 3802/4839/11 3803/4840/11
f 1476/4841/1661 1481/4630/1661 1482/4629/318 1477/4680/318
f 3617/4842/11 3619/4843/11 3504/4333/11 3499/4336/11
f 4541/4844/63 5005/1558/63 5010/671/63 4546/1687/865
f 2740/2177/11 2739/4845/11 2733/2090/11 2734/2178/11
f 1606/4846/1314 2054/4189/1750 2055/2698/1331
f 2058/2697/1266 1612/2664/1267 1607/2667/1315
f 4835/1588/40 4836/4240/1766 4769/4576/40 4768/1589/40
f 1460/1163/25 4786/75/25 4973/74/22 1490/4499/22
f 5335/4790/318 5334/4847/374 5319/3775/374 5320/3774/318
f 2739/4845/11 2698/4848/1943 2667/4849/1944 2733/2090/11
f 4948/3601/279 4950/4850/279 4946/3757/270 4943/3602/270
f 2048/4625/1879 2054/4624/1750 1606/2660/1314 1605/4851/1807
f 1485/3995/22 1490/4536/22 1491/4535/1661 1486/3996/1661
f 5227/4852/254 5228/4853/282 5217/4854/282 5218/4855/254
f 820/4856/1382 817/2545/1266 808/2542/1264 806/2695/1329
f 3935/4857/11 3933/4858/11 3869/4801/11 3870/4859/11
f 1572/4779/1301 1581/4696/1892 1565/4728/1902 1571/4860/1945
f 2068/4861/1325 2069/4862/1304 2052/4863/11 2049/4864/1269
f 4483/4830/1941 4479/4865/1946 774/735/402 775/734/401
f 1791/4866/1423 1792/4867/1570 1794/4868/1572 1793/4869/1947
f 5039/4870/1948 5035/2639/827 5032/2638/1301
f 4426/4871/1516 4427/4872/1162 4425/2834/1380 4424/2833/1379
f 4470/1509/774 4466/483/305 4443/482/304 4449/4873/1218
f 1720/2967/1420 1719/2966/1419 1701/4874/1949 1703/4875/1950
f 2141/4262/11 2140/4876/11 2135/384/11 2136/2190/11
f 2059/4877/1274 2060/4878/1257 1623/4879/1093 1622/4880/1094
f 1622/4881/1094 1620/4882/1951 1611/4883/1316 1612/4884/1267
f 1493/4885/330 4974/4021/330 4975/4020/331 1494/4886/331
f 847/2571/1258 846/2570/1260 763/4887/940 773/4888/1259
f 5018/2740/1352 5015/2739/40 4999/2782/40 5002/3158/40
f 5107/4889/1952 5105/4890/1953 5103/4891/1768 5104/4892/1954
f 4485/4893/1955 4511/4894/1956 4481/4895/1957 4483/4830/1941
f 4483/4830/1941 4481/4895/1957 4480/4896/1958 4479/4865/1946
f 2694/4897/806 2695/4898/1033 2690/4899/1844 2692/4900/807
f 930/2977/18 929/2976/40 867/1052/579 870/4901/1461
f 1735/4902/40 1732/4903/1438 1724/4904/1441 1725/1638/579
f 1736/4905/1117 1743/4906/1116 1744/4907/63 1737/4908/1446
f 1643/4909/318 1641/191/149 1636/2995/318
f 2029/4910/1703 2026/4911/1699 2023/4912/1959 2024/4913/1960
f 5565/4914/1673 5564/4915/1672 5569/4916/1375 5555/4917/1374
f 4783/2237/40 4784/2196/40 1458/2197/40 1457/3232/40
f 933/4918/669 934/4919/1961 878/3027/1446 877/3026/670
f 1654/2506/942 1653/2464/1237 1652/2463/146
f 422/4920/1297 421/4921/207 417/1918/210 62/1917/92
f 2525/4922/11 2531/4923/11 2532/4924/11 2530/4925/11
f 4234/4926/474 4233/4927/40 4211/1282/40 4212/1281/370
f 2055/2698/1331 2058/2697/1266 1607/2667/1315 1606/4846/1314
f 2072/2115/318 2071/4928/1324 1656/2116/1073
f 2137/2508/1246 2146/4929/1246 2156/4930/954 2155/2509/954
f 1657/1815/941 1659/1814/940 2082/2114/1072
f 831/2529/1253 833/4931/1365 829/4932/1304 826/2530/1254
f 2435/3559/11 2629/4933/1122 2631/4934/1121 2438/3367/11
f 4807/4070/40 4808/4935/386 4806/4936/385 4805/4071/40
f 2455/4937/1278 2454/4938/11 828/4221/11 830/4220/1279
f 1773/3126/63 1767/3125/1478 1741/4939/1962 1744/4907/63
f 363/4940/1658 364/4941/881 155/4942/475 369/4943/253
f 4226/1590/63 4231/1593/307 4205/4944/1963 4095/4556/63
f 3520/4945/11 3521/2595/11 3519/2594/11 3518/4946/11
f 840/1828/943 839/1827/76 837/4947/1364 838/4948/1363
f 1933/4949/1568 1932/4950/1567 1899/3542/1597 1900/3541/1596
f 1722/4951/1964 1734/4952/1965 1742/4953/1115 1723/4954/1114
f 1867/4955/254 1866/4956/282 1846/4957/282 1848/4958/254
f 1687/4959/40 1686/4960/41 1684/4961/41 1685/3179/40
f 1838/4962/802 1837/3882/802 1835/3881/11 1836/4963/11
f 4061/439/40 4107/1113/40 4108/4964/1966 4062/685/40
f 1625/2601/1290 1624/2044/1044 1620/4965/1951 1621/4966/403
f 3682/4967/260 3681/4968/259 3676/4969/259 3677/4970/260
f 1897/2351/1191 1903/2350/63 1905/4971/63 1898/3544/1598
f 933/4918/669 948/4972/1360 949/3306/1521 934/4919/1961
f 3374/4973/1099 3375/4974/952 3373/4975/952 3372/4976/1099
f 1697/3104/802 1699/4977/1967 1700/4978/1968 1698/4979/1651
f 755/2532/1256 754/2531/1255 751/4980/1969 752/4981/1970
f 1749/4982/15 1748/4983/676 1745/4984/1459 1746/4985/1458
f 1754/4986/40 1755/4987/1971 1732/4903/1438 1735/4902/40
f 877/1268/670 875/4988/1447 874/3038/1450 861/1269/671
f 324/4989/476 328/2573/476 331/1459/295 327/1150/616
f 1774/4990/1972 1773/3126/63 1744/4907/63 1743/4906/1116
f 90/471/301 89/4991/262 84/4992/57 86/472/56
f 1885/4993/40 1882/4994/40 1872/4995/1479 1874/4996/1550
f 4307/4997/1973 4308/4998/319 4305/4999/1974 4310/5000/1975
f 3930/5001/111 3931/5002/111 3928/5003/112 3927/5004/112
f 1699/4977/1967 1697/3104/802 1674/3107/120 1675/5005/120
f 5171/3485/40 5170/5006/101 5159/5007/101 5160/5008/40
f 6328/5009/270 5161/5010/279 5153/5011/279 6329/5012/270
f 1758/5013/40 1754/4986/40 1745/5014/1459 1748/5015/676
f 5156/5016/254 5155/5017/282 5145/4229/282 5146/4228/254
f 3282/5018/11 3280/5019/11 3253/5020/11 3254/5021/11
f 952/1801/933 945/2609/1294 932/2612/1296 935/1802/934
f 3987/5022/112 3975/5023/260 3926/5024/260 3929/5025/112
f 1708/5026/1423 1703/5027/1950 1701/5028/1949
f 2267/5029/1976 2280/5030/1977 2255/1657/11 2265/5031/1978
f 1711/5032/1424 1710/5033/1979 1708/5026/1423
f 5719/5034/17 5718/5035/18 5711/5036/18 5712/5037/17
f 1698/5038/1651 1700/5039/1968 1702/5040/1652
f 1994/3763/1650 1995/3762/1649 2000/5041/1272
f 3591/5042/11 3592/5043/11 3551/5044/11 3550/5045/11
f 1720/5046/1420 1703/5047/1950 1702/5048/1652
f 1997/5049/1980 1995/3762/1649 1709/5050/1981
f 1184/4328/1429 1188/4327/1801 1176/5051/1540 1175/5052/1982
f 1982/5053/1312 1985/5054/1311 1966/1294/40 1981/5055/1449
f 857/2963/684 855/5056/759 848/166/129 854/165/128
f 4606/5057/342 4607/2878/342 4601/2881/1393 4600/5058/1983
f 4012/1798/930 4010/5059/1984 4001/5060/11 4002/5061/11
f 1738/2965/378 1730/5062/378 1716/5063/1985 1719/2966/1419
f 4176/4765/350 4177/607/350 4175/5064/350 4172/5065/350
f 1910/5066/1645 1879/5067/1549 1816/4105/1718 1819/4104/282
f 1996/5068/1986 1998/5069/1987 2008/5070/1520
f 1997/5049/1980 2005/5071/627 2006/5072/626
f 1675/5073/120 1674/3406/120 1671/3409/11 1672/5074/11
f 2018/4453/1824 2008/5070/1520 1998/5069/1987
f 4782/5075/735 4781/5076/1937 4775/1424/731 4780/1423/730
f 1725/1638/579 1728/5077/1460 1735/4902/40
f 1726/5078/842 1727/1871/378 1729/1870/956
f 1721/5079/1440 1733/5080/1439 1734/4952/1965 1722/4951/1964
f 1727/5081/378 1726/5082/842 1714/5083/18 1715/5084/270
f 1740/5085/1418 1739/5086/1225 1738/5087/378
f 1981/5055/1449 1955/1297/683 1954/5088/1988 1952/5089/1989
f 1744/4907/63 1741/4939/1962 1737/4908/1446
f 5818/4409/1816 5817/4408/1815 5815/5090/1990 5816/5091/1991
f 1992/2640/1302 1989/5092/1635 1988/3052/1455 1980/2641/63
f 5229/5093/944 5227/5094/254 5218/4588/254 5221/4587/1868
f 4143/5095/1992 4144/5096/1993 4145/5097/414 4142/5098/1994
f 1728/5077/1460 1745/5014/1459 1754/4986/40 1735/4902/40
f 1960/1295/40 1966/1294/40 1985/5054/1311 1961/5099/1618
f 879/5100/1469 913/5101/1490 914/5102/1451 881/5103/1452
f 1603/2341/1187 1649/2340/1186 1651/4836/1238 1604/4635/802
f 1715/5084/270 1714/5083/18 1690/5104/18 1691/1976/1002
f 1981/5055/1449 1952/5089/1989 1860/5105/757 1865/5106/40
f 1714/1640/18 1713/1639/40 1687/4959/40 1690/5107/18
f 4665/5108/1995 4667/5109/279 4668/5110/280 4666/5111/1996
f 1642/5112/1997 1647/5113/1661 1648/5114/318 1643/4909/318
f 895/5115/1158 896/5116/387 869/5117/1229 868/5118/1159
f 1660/5119/1769 1646/4837/1769 1595/1612/828 1617/1611/828
f 1896/5120/1612 1894/727/398 1876/726/397 1878/5121/1998
f 1792/5122/1570 1791/2979/1423 1787/2978/1422 1788/5123/1999
f 1917/5124/270 1912/5125/1646 1820/5126/254 1821/5127/270
f 5797/5128/17 5813/5129/814 5815/5130/1990 5798/5131/17
f 363/4940/1658 359/1635/84 357/1634/841 364/4941/881
f 5321/1127/15 5322/5132/30 4320/5133/165 4319/1128/15
f 5698/5134/17 5697/5135/18 5692/5136/18 5693/5137/17
f 5838/5138/814 5835/5139/17 5824/5140/17 5827/5141/1814
f 3890/5142/11 3893/4806/11 3889/4805/11 3887/5143/11
f 6084/5144/1049 6085/5145/378 6083/5146/378 6082/5147/1049
f 2229/5148/2000 2228/5149/1058 2207/5150/1060 2223/5151/2001
f 1902/5152/1353 1901/3175/1353 1888/3174/1497 1889/5153/318
f 2068/4861/1325 2049/4864/1269 1608/4374/1271 1655/5154/1326
f 5769/5155/63 5789/5156/63 5811/5157/2002 5775/5158/2003
f 1770/5159/1192 1771/5160/1192 1769/5161/15 1768/5162/15
f 406/1003/295 1313/460/295 1314/463/63 407/1460/63
f 4187/5163/2004 4262/5164/2005 4266/5165/298 4188/5166/1508
f 1761/5167/2006 1883/5168/1554 1884/5169/2007 1763/5170/2008
f 1760/5171/40 1882/4994/40 1883/5172/1554 1761/5173/2006
f 1462/2952/63 1461/2951/63 1441/5174/2009 1442/3745/1641
f 4480/4896/1958 4495/5175/1436 4462/5176/1435 4454/787/440
f 1940/5177/63 1944/5178/63 1937/5179/1565 1933/4949/1568
f 2776/5180/11 2775/2496/11 2376/5181/11 2377/5182/11
f 4929/5183/341 4924/874/341 4742/873/350 4755/3221/350
f 2710/5184/11 2709/5185/11 2541/5186/11 2542/5187/11
f 5553/5188/2010 5554/5189/2011 6334/5190/2012 6330/5191/2013 6331/5192/2014
f 5556/5193/1530 6306/5194/1529 6332/5195/2015 6333/5196/2016
f 1916/5197/2017 1915/5198/560 1913/5199/1647 1914/5200/2018
f 1876/726/397 1880/3402/1548 1875/3405/1551 1878/5121/1998
f 1827/3964/757 1829/5201/757 1830/5202/11 1828/3873/11
f 3997/5203/259 3996/5204/11 3984/5205/11 3985/5206/259
f 1873/5207/686 1877/5208/685 1878/5209/1998 1875/5210/1551
f 1935/5211/2019 1937/5212/1565 1938/5213/395 1936/5214/1511
f 5751/5215/2020 5754/5216/2021 5744/5217/17 5738/5218/17
f 1883/5219/1554 1886/5220/1057 1887/5221/2022 1884/5222/2007
f 2537/3437/11 2536/3436/11 2533/5223/11 2534/5224/11
f 1777/3127/63 1779/2353/63 1771/2352/1192 1770/3128/1192
f 909/3076/396 911/5225/395 908/3494/1581 907/3077/1356
f 1895/5226/1613 1877/1303/685 1753/1306/15 1769/5161/15
f 1521/1773/40 1519/1772/914 792/4637/1880 794/2783/40
f 978/3173/1496 977/3172/719 974/5227/1056 976/5228/2023
f 1768/5162/15 1769/5161/15 1753/1306/15 1752/5229/15
f 6335/5230/270 5249/5231/279 5247/5232/279 6336/5233/270
f 5001/2795/63 5003/5234/802 4548/5235/802 4539/2796/63
f 157/768/422 158/859/424 161/5236/160 156/769/423
f 4010/5059/1984 4011/5237/2024 4009/5238/802 4008/5239/1099
f 2145/2028/11 2144/4261/11 2142/2189/11 2143/2029/11
f 4873/5240/2025 4874/5241/1359 4883/5242/2026 4872/1780/921
f 1691/1976/1002 1690/5104/18 1688/3497/18 1689/1977/1003
f 1957/5243/2027 1956/5244/2028 1953/5245/2028 1954/5246/1988
f 3574/1787/926 3575/828/462 3571/5247/2029 3570/5248/240
f 1794/4868/1572 1795/4450/1574 2018/4453/1824
f 2543/5249/11 2544/5250/11 2542/5187/11 2540/5251/11
f 1912/5252/1646 1910/5253/1645 1819/5254/282 1820/5255/254
f 1822/5256/1582 1932/5257/1567 1934/5258/1566 1823/5259/1583
f 1822/5260/1582 1813/5261/1585 1808/5262/1822
f 1717/5263/2030 1718/5264/2031 1700/5039/1968 1699/5265/1967
f 166/5266/291 1211/5267/291 1213/2756/11 168/1663/11
f 1519/1772/914 1500/2843/914 785/2263/1138 792/4637/1880
f 1909/5268/1415 1908/5269/63 1905/4971/63 1906/5270/1415
f 1949/5271/2032 1948/5272/676 1915/5273/560 1916/5274/2017
f 1983/2659/1313 1982/2658/1312 1866/4956/282 1867/4955/254
f 1901/3175/1353 1904/5275/1415 1780/5276/1501 1775/3176/1498
f 983/5277/1407 967/3160/15 894/3163/1494 908/5278/1581
f 981/3616/1556 979/3555/1602 978/5279/1496 976/5280/2023
f 1776/5281/1503 1772/5282/2033 1757/5283/2034 1764/5284/2035
f 4075/5285/733 4081/5286/2036 4114/5287/738 4072/5288/226
f 1874/4996/1550 1879/5067/1549 1881/5289/40
f 1809/3743/270 1811/3880/1662 1813/3501/1585 1810/3500/1584
f 1056/3586/1506 1043/3550/1601 1010/2924/1409 1025/2923/1408
f 1894/727/398 1896/5120/1612 1898/5290/1598
f 1756/5291/2037 1762/5292/1661 1764/5284/2035 1757/5283/2034
f 1914/5293/2018 1913/5294/1647 1912/5125/1646
f 1982/5053/1312 1981/5055/1449 1865/5106/40 1866/5295/282
f 2761/5296/11 2762/5297/11 2756/5298/11 2755/5299/11
f 1775/3219/1498 1776/3218/1503 1764/5300/2035 1765/5301/1499
f 1937/5302/1565 1935/5303/2019 1934/5304/1566
f 1803/3744/270 1809/3743/270 1810/3500/1584 1804/5305/270
f 2545/14/11 2546/13/11 2532/4924/11 2531/4923/11
f 124/434/120 122/1408/120 117/545/11 118/435/11
f 4257/606/341 4255/5306/341 4175/5064/350 4177/607/350
f 1904/5307/1415 1903/2350/63 1779/2353/63 1780/5308/1501
f 3658/5309/260 3657/5310/259 3654/5311/259 3655/5312/260
f 3868/5313/11 3872/5314/11 3875/5315/11 3870/4859/11
f 1676/5316/291 1677/5317/11 1672/5074/11 1670/5318/291
f 1724/3017/1441 1721/3016/1440 1676/1396/291 1712/1395/41
f 5302/5319/2038 5298/2082/1062 5265/5320/944 5266/5321/382
f 1604/4377/802 1651/5322/1238 1655/5154/1326 1608/4374/1271
f 2716/5323/11 2717/5324/11 2713/5325/11 2714/5326/11
f 4729/2252/63 4757/4349/63 4797/4348/1804 4747/4024/307
f 3728/5327/11 3727/5328/11 3724/5329/11 3726/5330/11
f 3026/5331/1099 3024/5332/1099 3015/5333/11 3017/5334/11
f 958/3351/1539 1177/3353/15 1178/2359/15 959/2358/1193
f 1424/5335/648 1434/5336/63 1358/5337/658 1354/5338/660
f 4725/4015/382 4724/4014/944 4722/5339/944 4723/5340/382
f 3378/5341/2039 3379/5342/2040 3365/5343/1084 3364/5344/953
f 4459/5345/991 4455/5346/994 4440/5347/2041 4444/5348/1154
f 1910/5066/1645 1911/5349/1648 1881/5289/40 1879/5067/1549
f 2735/2179/11 2734/2178/11 2717/5324/11 2716/5323/11
f 1801/5350/254 1803/3744/270 1804/5305/270 1802/5351/254
f 1924/5352/40 1925/5353/691 1921/5354/1057 1920/5355/40
f 5105/5356/1953 5106/5357/318 5101/5358/318 5100/5359/1661
f 1965/5360/2042 1964/3872/1487 1962/3871/1661 1963/3629/1619
f 5365/4570/318 5364/5361/374 5359/5362/374 5360/4567/318
f 1917/5124/270 1918/5363/378 1914/5293/2018 1912/5125/1646
f 1747/2429/1224 1766/2428/1223 1768/5162/15 1752/5229/15
f 1148/3783/341 1852/5364/341 1853/5365/1644 1150/3784/1644
f 4265/594/270 4272/3292/279 4274/5366/279 4268/5367/270
f 1859/5368/1644 1858/5369/1644 1855/5370/341 1857/5371/341
f 3859/5372/11 3860/5373/11 3855/5374/11 3854/5375/11
f 6038/2677/403 6035/5376/403 6025/5377/63 6032/2678/63
f 1954/5246/1988 1953/5245/2028 1952/5378/1989
f 1069/3645/1617 1079/3648/1455 1068/3708/1615 1066/5379/1614
f 1823/3499/1583 1821/5127/270 1804/5305/270 1810/3500/1584
f 452/5380/839 457/5381/822 458/5382/824 454/5383/823
f 1970/5384/2028 1971/5385/1457 1972/5386/1456
f 1739/5387/1225 1740/5388/1418 1737/4908/1446 1741/4939/1962
f 1981/5055/1449 1966/1294/40 1955/1297/683
f 934/4919/1961 936/5389/935 882/3687/1468 878/3027/1446
f 1075/5390/1605 1074/5391/1638 1070/3658/1476 1071/3657/1630
f 944/3344/1538 943/3343/18 941/2838/18 942/2610/1295
f 3413/5392/11 3443/5393/11 3444/5394/11 3414/5395/11
f 1973/3051/1454 1980/2641/63 1988/3052/1455
f 1972/3053/1456 1988/3052/1455 1869/1872/63 1864/5396/802
f 1602/5397/1808 1605/4851/1807 1606/2660/1314 1601/2663/1308
f 1821/5127/270 1820/5126/254 1802/5351/254 1804/5305/270
f 3773/5398/11 3774/5399/11 3772/4247/11 3771/4246/11
f 2391/3697/11 2389/3696/11 2385/3345/11 2386/5400/11
f 1780/5308/1501 1779/2353/63 1777/3127/63 1778/5401/1502
f 1881/5289/40 1911/5349/1648 1920/5355/40 1890/5402/40
f 1924/5352/40 1920/5355/40 1911/5349/1648 1913/5403/1647
f 6006/5404/63 6007/5405/63 5997/5406/63 5996/5407/63
f 950/2797/802 1695/3105/802 1696/5408/1181 951/5409/1522
f 3944/5410/11 3943/5411/11 3940/5412/11 3942/5413/11
f 4629/2680/40 4628/2879/342 4607/2878/342 4609/2681/40
f 4442/3025/15 4441/5414/16 703/1891/16 704/1890/15
f 5211/5415/279 5213/5416/279 5214/5417/280 5212/5418/280
f 5220/5419/2043 5219/4586/1867 5203/5420/2044 5204/5421/2045
f 1923/2743/318 1939/2742/1353 1907/5422/1353 1893/5423/318
f 1922/5424/2022 1926/3142/1485 1930/2744/1354 1923/2743/318
f 1857/5371/341 1870/5425/341 1871/5426/1644 1859/5368/1644
f 3873/5427/11 3871/5428/11 3861/5429/11 3864/5430/11
f 1849/5431/270 1858/5432/1644 1859/5433/1644 1850/5434/270
f 3986/5435/2046 3985/5206/259 3979/332/259 3980/331/258
f 3901/1004/112 3902/3778/112 3892/3781/260 3882/1005/260
f 975/5436/690 976/5437/2023 974/5438/1056 973/5439/691
f 2449/3082/1367 2446/2810/11 800/2582/76 809/2581/1282
f 1927/4361/40 1924/5352/40 1913/5403/1647 1915/4358/560
f 1871/5440/1644 1868/5441/270 1850/5434/270 1859/5433/1644
f 1951/3277/109 1949/5271/2032 1916/5274/2017 1919/3278/1049
f 5324/5442/317 5315/3777/318 4309/512/318 4328/511/317
f 5480/5443/510 5493/5444/510 5494/5445/317 5481/5446/317
f 1949/5447/2032 1954/5088/1988 1955/1297/683
f 1887/5221/2022 1892/5448/2022 1893/5423/318 1889/5153/318
f 4305/5449/1974 4308/513/319 4309/512/318 4306/5450/374
f 1943/3146/1489 1974/3145/1488 1977/5451/2047 1947/5452/1414
f 5453/5453/510 5454/5454/317 5451/5455/317 5450/5456/510
f 253/5457/72 254/5458/570 262/5459/572 252/5460/569
f 1973/5461/1454 1971/5462/1457 1967/5463/1510
f 1703/5027/1950 1709/5464/1981 1995/5465/1649 1702/5466/1652
f 1031/3157/1492 1034/3156/1491 1035/5467/1576 1030/5468/1575
f 1898/3544/1598 1905/4971/63 1908/5269/63 1900/3541/1596
f 5887/5469/1049 5885/5470/1049 5877/5471/15 5878/5472/15
f 1785/5473/291 1789/5474/41 1790/5475/1719 1786/5476/1571
f 4784/2196/40 4843/2236/1120 4844/4315/1799 4785/1162/40
f 1663/5477/1250 1666/2521/1249 1625/2601/1290 1621/4966/403
f 1114/3311/1525 1113/5478/1504 1112/3503/1442 1109/3312/1526
f 1925/5479/691 1926/3142/1485 1922/5424/2022 1921/5480/1057
f 1013/5481/1588 1015/5482/1554 1016/5483/1608 1014/5484/1589
f 1918/5485/378 1919/5486/1049 1916/5487/2017 1914/5488/2018
f 1890/5402/40 1920/5355/40 1921/5354/1057 1891/5489/1057
f 2047/4287/1785 2046/5490/2048 2042/5491/76 2043/4284/1545
f 2466/2560/11 2458/2930/11 839/1827/76 841/1826/76
f 1513/2391/40 1509/4672/1362 1495/5492/757 1499/5493/40
f 5864/5494/30 5865/5495/15 5861/3827/15 5860/3826/30
f 703/5496/16 4441/2485/16 4443/2488/304 705/5497/304
f 1956/5498/2028 1970/5499/2028 1863/5500/11 1862/5501/11
f 1264/4517/11 1268/5502/120 1243/4524/120 1242/4518/11
f 1613/5503/828 5031/963/529 5032/2638/1301 1614/2637/827
f 863/5504/1432 883/2987/1425 884/5505/1216 862/5506/581
f 4796/5507/1675 4795/1448/747 4745/741/406 4746/740/405
f 1170/1302/684 1171/1301/684 1166/3928/759 1165/5508/759
f 1755/5509/1971 1756/5291/2037 1733/5510/1439 1732/5511/1438
f 2605/5512/2049 2604/4045/1701 2579/4048/11 2580/5513/11
f 2088/5514/585 2087/5515/1911 2066/5516/282 2067/5517/2050
f 2071/2687/1324 2074/5518/1396 2069/5519/1304 2068/2688/1325
f 2598/5520/718 2599/5521/717 2595/5522/1915 2596/5523/2051
f 2023/5524/1959 2009/5525/1212 2008/5526/1520
f 787/4653/63 1503/2837/63 1520/2789/63 793/4673/63
f 2783/5527/301 2782/5528/1246 2779/5529/1246 2780/5530/301
f 2013/2411/1211 2010/1182/625 2007/1181/624
f 5544/5531/2052 5551/5532/2053 5557/5533/2054 5548/5534/2055
f 3431/5535/2056 3430/5536/2057 2075/5537/1397 2076/5538/2058
f 3385/2416/1214 3386/2415/1213 3390/5539/2059
f 2463/2927/1411 2461/4455/1826 2459/5540/2060 2460/5541/1404
f 2612/1506/771 2616/5542/2061 2619/5543/1888 2614/1503/769
f 98/849/276 96/5544/2 89/4991/262 90/471/301
f 1160/3947/760 1159/2956/76 1157/2955/76 1158/4080/760
f 4605/5545/40 4604/5546/342 4578/5547/2062 4579/5548/40
f 2576/5549/11 2575/5550/11 2483/5551/11 2485/5552/11
f 3393/5553/2063 3392/5554/2064 3387/5555/2065
f 2037/5556/1107 2036/5557/759 2032/5558/759 2033/5559/1107
f 1941/5560/1415 1940/5177/63 1908/5269/63 1909/5268/1415
f 5501/5561/15 5502/5562/15 5489/5563/15 5488/5564/15
f 2348/4037/11 2347/5565/11 2337/3039/11 2338/4038/11
f 1027/3474/63 1026/5566/1192 1022/5567/1192 1023/3471/63
f 5364/3787/374 5378/5568/374 6337/5569/270 6311/3788/270
f 2383/3204/954 2384/5570/954 2360/5571/910 2359/5572/910
f 1968/3607/1192 1967/3276/1510 1936/3279/1511 1938/5573/395
f 3529/5574/11 3528/5575/11 2100/3846/76 2102/3845/76
f 1310/861/476 1319/1087/476 1322/461/295 1313/460/295
f 5423/5576/30 5424/5577/510 5421/5578/510 5420/5579/30
f 3905/5580/111 6056/5581/82 6057/5582/82 3906/5583/111
f 2178/5584/11 2177/652/11 2166/655/11 2169/5585/11
f 639/2112/496 4398/2251/170 4399/2140/170 640/2139/1085
f 1026/5586/1192 1024/2922/1407 1021/5587/1407 1022/5588/1192
f 935/1802/934 932/2612/1296 873/2709/510 880/3246/510
f 1311/1597/18 1309/1596/474 402/2896/474 404/2895/18
f 5319/5589/374 5334/5590/374 6338/5591/270 6339/5592/270
f 2033/5559/1107 2032/5558/759 2027/4485/1843 2031/4484/1842
f 6340/5593/270 4336/5594/279 4310/5595/1975 6341/5596/270
f 1174/3984/684 1173/5597/759 1167/3927/759 1172/2970/684
f 638/2111/496 4397/1230/170 4398/2251/170 639/2112/496
f 3923/5598/11 3922/5599/11 3916/3925/11 3917/5600/11
f 3397/5601/11 3395/5602/11 2016/5603/76 2034/5604/76
f 6161/1310/689 6158/1309/688 6148/5605/2066 6151/5606/2067
f 5781/5607/2068 5780/5608/2069 3363/5609/2070 3365/5343/1084
f 2040/5610/1332 2041/5611/1784 2062/5612/1330
f 5117/5613/643 5107/4889/1952 5104/4892/1954 5102/5614/741
f 2064/5615/2071 2062/5616/1330 2041/5617/1784
f 4132/951/518 4131/950/517 4129/5618/328 4125/5619/327
f 2062/5620/1330 2064/5621/2071 2065/5622/1333
f 5222/5623/2072 5220/5624/2043 5212/5418/280 5214/5417/280
f 3081/5625/2073 3083/5626/2074 3084/5627/756 3082/5628/755
f 4318/5629/254 4317/5630/282 4315/5631/2075 4316/5632/2076
f 2046/5633/2048 3418/1954/987 3419/1953/100
f 872/3074/1230 897/679/388 913/3150/1490 879/5634/1469
f 4355/5635/254 4354/5636/282 4342/416/282 4343/415/254
f 3419/1953/100 3423/1952/986 3424/5637/2077
f 2045/5638/2078 2051/5639/2079 3420/5640/2080
f 5149/5641/170 5151/2750/101 5159/5007/101 5150/2209/170
f 3689/5642/11 3692/1037/11 3204/1040/11 3198/5643/11
f 3418/1954/987 3420/5644/2080 3425/1951/985
f 3397/5601/11 3398/5645/11 3396/5646/11 3395/5602/11
f 6001/5647/2068 5976/5648/2081 3788/5649/2082 3794/5650/1084
f 3719/5651/11 3718/5652/11 3512/5653/11 3514/5654/11
f 4612/5655/2083 4613/5656/1380 4611/5657/1110 4610/5658/1653
f 2664/5659/2084 2691/5660/808 2692/4489/807 2663/4491/1845
f 1014/3516/1589 1018/5661/510 1020/3577/270 1017/3517/1590
f 2612/1506/771 2564/1505/318 2563/5662/2085 2559/5663/2086
f 5188/5664/2087 5191/1969/101 5193/5665/101 5189/5666/2088
f 2085/1062/584 2087/5667/1911 2088/1063/585
f 5006/5668/2089 5018/2740/1352 5002/3158/40 4540/3159/1493
f 5191/1969/101 5188/5664/2087 5169/1970/996
f 2045/5669/2078 2046/5670/2048 2047/5671/1785 2044/4190/1751
f 5874/5672/1049 5885/5673/1049 5886/5674/378 5873/5675/378
f 3429/5676/2090 3430/5677/2057 3433/5678/2091
f 6342/5679/270 4669/5680/279 4667/5681/279 6343/5682/270
f 1781/5683/291 1785/5684/291 1788/5685/1999 1783/5686/757
f 2666/5687/2092 2663/4491/1845 2662/1660/852 2660/1659/851
f 972/3208/15 971/1277/675 966/3230/675 968/3209/15
f 1400/5688/2093 1413/5689/2094 1391/5690/1827 1376/5691/1729
f 1853/5692/1644 1842/5693/270 1144/5694/270 1150/5695/1644
f 3435/4727/1901 3434/5696/2095 3431/5697/2056
f 747/3000/1187 748/5698/802 695/2470/1242 693/2472/1243
f 3437/5699/11 3432/5700/11 3428/5701/11
f 2550/5702/11 2549/12/11 2547/11/11 2548/5703/11
f 2104/2406/1207 2101/5704/757 2095/5705/757 2098/2407/1207
f 2063/2211/1109 2061/5706/1544 2056/5707/759 2057/2208/1107
f 149/1666/11 150/1665/120 142/5708/120 141/5709/11
f 3527/5710/11 3526/5711/11 3524/5712/11 3525/5713/11
f 4029/2584/1284 4021/5714/2096 4017/5715/1088 4028/5716/1284
f 2345/3212/301 2344/5717/1246 2341/3167/1246 2342/3166/301
f 5427/5718/110 5426/4433/110 2768/2094/910 2769/2093/910
f 5644/755/410 5643/754/410 3041/5719/314 3042/5720/314
f 1504/2333/295 1517/243/192 1518/5721/150 1505/5722/153
f 762/2627/63 793/4673/63 795/2635/63 779/2102/63
f 2435/3559/11 2434/3558/11 2427/5723/11 2428/5724/11
f 793/4673/63 1520/2789/63 1522/2636/63 795/2635/63
f 2114/5725/1207 2109/5726/1859 2103/5727/757 2106/5728/1207
f 280/2015/1028 279/10/10 134/550/307 135/596/307
f 3524/5712/11 3428/5701/11 2080/2491/76 2092/2490/76
f 1984/5729/2097 1990/5730/1634 1991/5731/1633 1987/5732/2098
f 2099/1900/957 2098/2407/1207 2096/5733/1207 2097/5734/957
f 2116/5735/1207 2117/4031/1207 2111/4034/1696 2110/5736/2099
f 5576/5737/410 5575/2107/410 2961/5738/2100 2962/5739/2101
f 5498/5740/110 5461/5741/110 2806/5742/910 2891/5743/910
f 53/274/217 52/277/179 31/1905/486 41/1904/500
f 2181/3470/301 2180/5744/1246 2175/5745/1246 2176/653/301
f 1387/5746/2102 1392/5747/1832 1393/5748/1756 1388/5749/1755
f 740/4737/1906 739/4763/1919 654/5750/2103 655/4723/1899
f 3522/4125/11 3520/4945/11 3516/5751/11 3517/5752/11
f 2096/5733/1207 2098/2407/1207 2095/5705/757 2093/5753/757
f 2120/5754/957 2116/5735/1207 2114/5725/1207 2115/5755/957
f 788/4660/1884 789/5756/1849 666/4685/1850 665/4661/1170
f 6182/5757/410 6155/5758/410 3968/5759/2104 4019/5760/2105
f 2949/4422/1819 2918/5761/908 2893/5762/2106 2917/5763/2107
f 6183/4478/410 6182/5757/410 4019/5760/2105 4025/5764/1071
f 5233/2145/101 5243/809/101 5232/812/170 5231/1898/170
f 3432/5700/11 3431/5697/2056 2076/5765/2058 2078/5766/76
f 4584/3766/403 4585/2216/280 4583/4400/1811 4582/5767/1688
f 2120/5754/957 2117/4031/1207 2116/5735/1207
f 3554/5768/2108 3555/5769/2109 3560/4331/11
f 1505/195/153 1506/194/152 791/4389/1809 789/4526/1849
f 2112/5770/1695 2113/5771/242 3555/5769/2109
f 3075/5772/2110 3073/5773/2111 3072/2305/1160 3062/2304/618
f 3602/4571/11 3599/4574/11 3595/5774/11 3596/5775/259
f 2593/4046/1702 2604/4045/1701 2608/5776/2112 2601/5777/2113
f 3556/2388/1201 3557/5778/241 3558/2389/1202
f 4178/756/411 4155/5779/1247 4185/5780/2114 4179/757/412
f 3562/2387/259 3561/4332/11 3556/2388/1201
f 3574/1787/926 3570/5248/240 2124/5781/2115
f 1390/4148/1726 1389/5782/1831 1385/5783/2116 1381/4149/1727
f 3614/5784/111 5892/5785/82 5893/5786/82 3615/5787/111
f 1419/3746/1642 1418/5788/2117 1409/4268/1774 1410/4298/1791
f 4290/1769/912 4293/5789/905 516/5790/907 517/1767/911
f 2123/1758/904 5268/1757/903 5269/5791/2118
f 5372/5792/110 5346/5793/110 2160/5794/910 2331/5795/910
f 2124/5781/2115 5270/1781/922 5271/112/82
f 377/4244/105 375/4395/1029 374/4394/251 376/4241/1767
f 4293/1759/905 4295/5796/2119 4299/2906/1406 4291/1760/906
f 4296/5797/2120 4295/5798/2119 4293/5789/905 4290/1769/912
f 5584/5799/409 5577/5800/409 5574/2108/410 5575/2107/410
f 5343/5801/110 5344/5802/110 5347/5803/109 5329/5804/109
f 2197/2920/954 2198/1858/954 2158/1861/910 2157/5805/910
f 2126/5806/910 2154/2510/954 2155/2509/954
f 2129/1320/693 2132/2507/1246 2154/2510/954 2153/1321/694
f 5859/826/82 5891/5807/82 3577/5808/2121 3576/827/461
f 3613/5809/111 3609/5810/112 3608/244/193 3577/5808/2121
f 1102/5811/2122 1196/1729/888 1197/3790/1523 1109/5812/1526
f 5651/5813/409 5646/5814/409 5641/2862/410 5642/2861/410
f 3614/5784/111 3610/5815/112 3609/5810/112 3613/5809/111
f 1442/3745/1641 1441/5174/2009 1418/5788/2117 1419/3746/1642
f 1425/1215/649 1424/1214/648 1354/5816/660 1355/884/484
f 5344/5802/110 2157/5805/910 2158/1861/910
f 2027/5817/1843 2032/1474/759 2017/1473/760 2015/5818/2123
f 5328/5819/109 5316/140/109 5310/143/110 5311/5820/110
f 2052/4863/11 2069/4862/1304 2070/5821/1398 2053/5822/11
f 1110/3019/1443 1107/3611/270 1089/3575/270 1091/3020/1444
f 5287/3828/15 5286/5823/1560 5283/5824/1563 5284/3825/30
f 1944/5178/63 1946/5825/63 1938/5826/395 1937/5179/1565
f 1576/792/120 1632/791/416 1633/5827/1864 1577/5828/377
f 3388/5829/11 3395/5602/11 3396/5646/11 3394/5830/11
f 1413/5689/2094 1405/4312/1796 1393/5831/1756 1391/5690/1827
f 1947/5832/1414 1946/5825/63 1944/5178/63 1945/5833/1415
f 1697/3104/802 1698/4979/1651 1696/5408/1181 1695/3105/802
f 2166/655/11 2165/654/301 2162/3186/301 2163/4050/11
f 5473/5834/374 5485/5835/374 6344/5836/270 6345/5837/270
f 4062/685/40 4108/4964/1966 4116/5838/2124 4067/2279/40
f 6346/5839/270 5314/5840/374 5319/5589/374 6339/5592/270
f 2261/5841/1350 2260/5842/2125 2256/5843/2126 2258/5844/1227
f 4686/5845/281 4685/5846/281 4663/5847/2127 4666/5111/1996
f 1493/4885/330 1494/4886/331 1489/534/331 1488/533/330
f 2179/5848/11 2190/5849/11 2192/5850/11 2187/5851/11
f 1882/4994/40 1885/4993/40 1886/5852/1057 1883/5172/1554
f 5202/5853/2128 5187/5854/382 5177/4116/280 5179/5855/280
f 983/5277/1407 984/3206/1407 968/3209/15 967/3160/15
f 2313/1210/11 2312/3116/11 2311/5856/11 2286/519/11
f 5846/5857/409 5841/5858/409 5831/5859/2129 5832/5860/410
f 2299/2804/11 2301/2803/11 2302/3286/11 2300/3346/11
f 948/2798/1360 933/1267/669 921/1266/120 926/2799/120
f 1238/5861/2130 1237/5862/2131 1226/1073/586 1227/1072/405
f 6150/5863/63 6153/5864/403 6139/5865/63 6138/5866/63
f 5465/5867/109 5462/5868/109 5457/5869/110 5458/5870/110
f 3615/5787/111 5893/5786/82 5894/5871/82 3616/147/111
f 2355/5872/954 2331/5795/910 2160/5794/910 2200/5873/954
f 1842/5693/270 1841/5874/254 1142/5875/254 1144/5694/270
f 5893/5786/82 5906/5876/81 5911/5877/81 5894/5871/82
f 3616/147/111 5894/5871/82 5920/5878/82 3662/144/111
f 2578/4047/11 2577/5879/11 2573/2598/11 2574/5880/11
f 5641/2862/410 5608/2135/410 3013/500/314 3035/2863/314
f 4935/3930/279 4933/3929/270 4928/5881/270 4930/5882/279
f 5457/5869/110 5428/5883/110 2770/5884/910 2771/5885/910
f 619/2138/496 617/2607/495 614/907/495 616/906/496
f 6114/5886/81 6119/5887/81 6091/5888/82 6090/5889/82
f 5944/5890/1049 5941/5891/1049 5932/5892/15 5937/5893/15
f 4451/3024/442 4442/3025/15 704/1890/15 706/2228/213
f 328/2573/476 324/4989/476 146/716/307 154/715/307
f 2458/2930/11 2457/2928/1412 837/4947/1364 839/1827/76
f 1450/1273/658 1449/1272/674 1357/4419/704 1358/4418/658
f 4643/5894/281 4641/5895/281 4633/5896/341 4634/5897/341
f 799/5898/1394 814/5899/1875 819/5900/1874 801/5901/1283
f 724/1622/835 723/4747/1857 721/5902/680 722/1620/833
f 2372/3031/11 2378/3030/11 2380/5903/11 2377/5182/11
f 2293/2857/11 2291/1818/11 2218/1820/11 2219/2078/11
f 4476/2299/1156 4488/4693/1891 778/4639/305 768/4698/305
f 2367/1117/11 2412/1116/11 2416/5904/11 2379/3835/11
f 4727/1591/63 4226/1590/63 410/1560/63 1326/2169/63
f 2289/1106/11 2291/1818/11 2292/5905/11 2290/1107/11
f 999/3428/676 1003/3438/676 1004/3440/40 1000/3280/40
f 748/5906/802 753/2551/1271 698/2550/1270 695/5907/1242
f 888/2904/561 890/3324/560 891/3215/40 889/2905/40
f 2334/5908/1246 2355/5872/954 2200/5873/954 2183/5909/1246
f 5280/5910/279 5281/5911/280 5262/5912/280 5261/5913/279
f 2186/2553/11 2182/2552/11 2177/652/11 2178/5584/11
f 4557/1343/101 4574/1342/101 4552/2206/1105 4551/2204/170
f 2164/2919/1246 2175/5914/1246 2198/1858/954 2197/2920/954
f 963/3161/675 961/3288/676 890/5915/560 892/3162/559
f 1102/5916/2122 1109/5917/1526 1090/3531/1445 1086/3530/1594
f 2192/5850/11 2194/5918/11 2195/2215/11 2193/2214/11
f 2210/2027/11 2217/1819/11 2152/2069/11 2145/2028/11
f 2179/5848/11 2178/5584/11 2169/5585/11 2170/5919/11
f 3105/955/522 3183/4702/11 3190/1741/11 3107/952/519
f 2152/2069/11 2151/4391/11 2144/4261/11 2145/2028/11
f 2834/3373/11 2847/5920/11 2849/5921/11 2843/3370/11
f 2307/5922/11 2319/2915/11 2320/5923/11 2308/5924/11
f 5131/5925/1236 5132/3887/280 5130/3886/280 5129/5926/279
f 2187/5851/11 2192/5850/11 2193/2214/11 2189/5927/11
f 5451/5928/317 5454/5929/317 5446/5930/318 5441/5931/318
f 886/2748/1358 883/2987/1425 863/5504/1432 864/5932/1431
f 4858/5933/2132 4855/4144/1725 4853/5934/2133 4852/5935/2134
f 2232/173/135 2225/210/168 2224/209/167
f 1963/5936/1619 1962/4465/1661 1959/4464/1833 1961/5937/1618
f 218/5938/264 220/5939/358 131/561/339 130/5940/2135
f 2693/1566/805 2696/5941/2136 2699/5942/1031 2694/1567/806
f 3364/5344/953 3358/5943/2137 3351/5944/952 3353/5945/952
f 2379/3835/11 2416/5904/11 2418/5946/11 2381/5947/11
f 5520/5948/2138 5519/5949/2139 2920/5950/909 2921/5951/2140
f 3165/5952/2141 3159/5953/2142 3158/5954/2143 3108/5955/2144
f 429/1539/793 428/1538/421 421/5956/207 422/5957/1297
f 5012/2713/63 5029/4296/63 5058/4295/1790 5016/5958/63
f 6329/5012/270 5153/5011/279 5143/2459/279 6296/2458/270
f 5278/5959/2145 5294/5960/2146 5295/1456/752 5279/1455/751
f 2163/4050/11 2167/5961/11 2169/5585/11 2166/655/11
f 2659/1662/854 2658/1661/853 2585/5962/11 2586/5963/11
f 5251/5964/282 5244/5965/40 5234/5966/40 5237/5967/282
f 2283/520/11 2286/519/11 2311/5856/11 2282/2128/1081
f 2236/5968/2147 2242/5969/2148 2252/5970/2149 2235/5971/2150
f 4842/1924/968 4899/4777/1925 4900/4313/1797 4843/2236/1120
f 2241/5972/322 2257/5973/2151 2262/5974/2152 2242/5975/2148
f 2252/5976/2149 2238/5977/2153 2235/5978/2150
f 759/5979/1932 752/5980/1970 750/4762/1918 741/4761/1917
f 760/4638/1881 661/1008/556 645/1011/558 649/2269/1141
f 4422/2343/1188 6295/2342/270 6347/5981/2154
f 5322/5982/30 4327/5983/510 4321/204/162 4320/207/165
f 2260/5984/2125 2257/5985/2151 2247/5986/1190 2256/5987/2126
f 952/5988/933 947/5989/1292 946/5990/1527 945/5991/1294
f 1332/5992/40 1231/5993/1708 1229/3977/1674 1230/3976/40
f 2281/2160/1080 2280/5994/1977 2267/5995/1976 2268/2161/1077
f 728/5996/1208 726/5997/709 648/5998/1118 650/3068/1465
f 2619/5999/1888 2618/6000/1887 2613/6001/2155 2614/6002/769
f 683/2327/1176 684/2456/1235 682/1623/836 678/1388/15
f 2265/5031/1978 2255/1657/11 2253/1656/849
f 2220/2858/204 2219/2078/11 2213/2080/11 2216/6003/205
f 2280/5030/1977 2276/6004/2156 2255/1657/11
f 4633/5896/341 4641/5895/281 4627/6005/281 4615/6006/1162
f 2260/6007/2125 2261/6008/1350 2264/6009/1349
f 672/6010/641 673/55/45 304/6011/1818 300/6012/621
f 1558/6013/482 1566/6014/1132 1578/6015/2157 1559/6016/483
f 2678/6017/2158 2681/6018/2159 2683/6019/2160 2680/6020/2161
f 3557/6021/241 3570/5248/240 3571/5247/2029 3558/6022/1202
f 4687/3111/336 4688/3110/336 4680/3623/254 4678/6023/254
f 2486/966/11 2488/965/11 2477/6024/11 2475/4202/11
f 3153/6025/2162 3165/6026/2141 3166/6027/2163 3154/6028/1746
f 5289/1458/318 5288/113/81 5277/1782/923 5279/1455/751
f 5255/6029/944 5252/6030/254 5238/6031/254 5239/6032/944
f 4917/6033/2164 4916/6034/350 4904/6035/2165 4905/6036/2166
f 5661/6037/403 5660/6038/254 5657/6039/254 5658/6040/403
f 985/6041/1192 987/6042/1192 984/3206/1407 983/5277/1407
f 3189/6043/11 3188/6044/11 3186/6045/11 3187/6046/11
f 2474/6047/11 2476/6048/11 2473/1865/11 2471/6049/11
f 2167/5961/11 2163/4050/11 2148/4051/11 2149/6050/11
f 5909/6051/30 5910/6052/15 5905/6053/15 5904/6054/30
f 2495/4351/11 2496/6055/11 2494/6056/11 2493/4352/11
f 2175/5914/1246 2180/6057/1246 2199/1859/954 2198/1858/954
f 2322/1209/11 2321/2913/11 2312/3116/11 2313/1210/11
f 2296/1071/11 2310/3115/11 2318/2912/11 2304/1068/11
f 964/3391/676 965/1314/40 962/1313/40 961/3323/676
f 2649/6058/11 2648/3643/11 2645/3642/11 2647/6059/11
f 6348/6060/270 4338/6061/279 4336/5594/279 6340/5593/270
f 1432/4444/40 1399/6062/40 1345/1147/613 1356/1146/40
f 2772/3420/1246 2800/2091/954 2384/5570/954 2373/6063/1246
f 1685/3179/40 1684/4961/41 1679/3273/41 1680/3180/40
f 2317/4513/11 2316/1208/11 2314/1211/11 2315/4511/11
f 2408/6064/11 2407/6065/11 2400/3931/11 2401/2599/11
f 5446/5930/318 5454/5929/317 5456/6066/317 5448/6067/318
f 2397/2846/11 2388/3319/11 2308/5924/11 2320/5923/11
f 4802/2983/40 4792/4344/40 4744/6068/40 4748/2984/40
f 1760/5171/40 1761/5173/2006 1759/6069/1833 1758/5013/40
f 5785/6070/17 5807/6071/2167 5809/6072/814 5787/6073/17
f 2081/2492/757 2080/2491/76 2078/5766/76 2079/6074/757
f 3436/6075/11 3435/4727/1901 3431/5697/2056 3432/5700/11
f 4723/5340/382 4722/5339/944 4708/6076/2168 4709/6077/2169
f 2291/1818/11 2293/2857/11 2294/1070/11 2292/5905/11
f 3384/4030/1693 2514/6078/1399 1186/6079/1400 2002/1549/798
f 4984/6080/330 4985/6081/331 4980/4019/331 4979/4018/330
f 2317/4513/11 2472/1864/11 2478/1863/11 2327/3615/11
f 1783/6082/757 1782/3400/40 1094/3401/1536 1095/6083/1557
f 4976/4620/22 4981/6084/2170 4982/6085/1661 4977/4621/1661
f 134/550/307 133/549/335 123/6086/275 125/597/275
f 1223/6087/11 1234/4523/11 1235/4525/120 1224/6088/120
f 801/2583/1283 800/2582/76 798/2651/76 799/2882/1394
f 2401/2599/11 2573/2598/11 2577/5879/11 2408/6064/11
f 1576/792/120 1577/5828/377 1575/6089/376 1574/2143/700
f 4905/6036/2166 4904/6035/2165 4847/1410/725 4848/4618/1877
f 4897/3490/350 4898/3904/350 4896/6090/350 4895/3491/350
f 2295/2856/11 2309/6091/11 2310/3115/11 2296/1071/11
f 2037/5556/1107 5149/5641/170 5150/2209/170 2057/2208/1107
f 2382/3205/954 2358/6092/910 2333/6093/910 2357/6094/954
f 6146/2400/409 6136/6095/409 6128/6096/2068 6129/6097/2171
f 3906/5583/111 3907/6098/111 3903/3779/112 3902/3778/112
f 5776/3968/410 5735/3971/410 3302/6099/314 3359/6100/314
f 2304/1068/11 2318/2912/11 2319/2915/11 2307/5922/11
f 5614/6101/409 5609/6102/409 5605/6103/410 5606/6104/410
f 2173/1105/11 2171/3148/11 2151/4391/11 2152/2069/11
f 2718/6105/11 2714/5326/11 2708/3567/11 2709/5185/11
f 5487/6106/109 5482/6107/109 5460/6108/110 5461/5741/110
f 5198/3811/254 5197/3810/282 5182/6109/282 5183/6110/254
f 4702/3266/342 4699/3265/343 4649/573/343 4691/572/342
f 2149/6050/11 2148/4051/11 2139/3634/11 2140/4876/11
f 1843/3960/40 1845/4646/40 1829/6111/757 1827/3961/757
f 2513/867/11 2511/6112/11 1180/4054/76 1182/3676/76
f 2473/1865/11 2472/1864/11 2470/4512/11 2471/6049/11
f 4374/6113/254 4373/6114/282 4371/6115/282 4372/6116/254
f 2375/6117/11 2374/6118/301 2369/6119/301 2370/6120/11
f 6349/6121/270 4714/6122/279 4704/4264/279 6319/4263/270
f 974/2063/1056 977/2990/719 903/2991/318 901/2064/318
f 985/6041/1192 983/5277/1407 908/5278/1581 911/6123/395
f 339/1153/40 325/4121/1720 285/6124/40 309/1154/40
f 1797/2526/254 1796/2525/282 1104/6125/282 1106/6126/254
f 2327/3615/11 2326/3614/11 2316/1208/11 2317/4513/11
f 5400/2779/110 5399/1793/110 2358/6092/910 2359/5572/910
f 5274/6127/40 5290/6128/282 5292/6129/2172 5275/6130/2173
f 3971/6131/11 3969/6132/11 3921/6133/11 3922/5599/11
f 1029/3741/63 1028/6134/1191 1026/5566/1192 1027/3474/63
f 2415/6135/11 2414/6136/11 2394/4710/11 2396/4709/11
f 1433/4558/40 1437/3231/40 1414/6137/2174 1401/6138/2175
f 2864/6139/11 2866/6140/11 2820/6141/11 2818/6142/11
f 5396/6143/30 5393/6144/30 5385/6145/15 5390/6146/15
f 3424/6147/2077 3422/6148/11 3417/6149/11 3419/6150/100
f 2174/1108/11 2290/1107/11 2297/2805/11 2191/6151/11
f 3905/5580/111 3901/1004/112 3685/1007/112 3688/6152/111
f 857/2963/684 858/2962/684 856/6153/759 855/5056/759
f 2670/6154/11 2671/6155/11 2649/6058/11 2647/6059/11
f 5401/2780/110 5400/2779/110 2359/5572/910 2360/5571/910
f 3664/6156/111 5922/6157/82 5947/6158/82 3686/6159/111
f 2769/2093/910 2801/2092/954 2802/6160/954 2770/5884/910
f 5230/6161/382 5229/5093/944 5221/4587/1868 5222/6162/2072
f 916/2938/318 915/3151/318 902/678/318 903/2991/318
f 2370/6120/11 2369/6119/301 2362/3211/301 2363/3210/11
f 1013/3600/1588 1011/3281/1512 1000/3280/40 1004/3440/40
f 2388/3319/11 2397/2846/11 2402/2845/11 2395/3316/11
f 2364/6163/11 2363/3210/11 2346/3213/11 2349/6164/11
f 2833/3372/11 2832/3706/11 2419/1885/11 2421/1884/11
f 6170/6165/318 6169/6166/318 6120/6167/318 6121/6168/318
f 6152/6169/2176 6151/6170/2067 6143/6171/255 6144/6172/254
f 5183/6110/254 5182/6109/282 5180/6173/282 5181/6174/254
f 2351/4036/11 2353/6175/11 2354/1114/11 2352/4023/11
f 2419/1885/11 2418/5946/11 2416/5904/11 2417/1882/11
f 2303/1069/11 2298/2806/11 2292/5905/11 2294/1070/11
f 2490/2273/11 2489/2272/11 2468/2559/11 2469/2558/11
f 2778/3259/11 2777/3258/11 2380/5903/11 2381/5947/11
f 990/6176/1192 989/3207/1407 984/3206/1407 987/6042/1192
f 3088/582/346 3087/581/11 2671/6155/11 2685/2087/1067
f 1792/3453/1570 1788/5685/1999 1785/5684/291 1786/3454/1571
f 3620/6177/11 3629/6178/11 3517/5752/11 3505/6179/11
f 2721/3719/11 2720/3723/11 2718/6105/11 2719/3720/11
f 2369/6119/301 2368/6180/1246 2361/6181/1246 2362/3211/301
f 2786/6182/11 2785/2493/11 2775/2496/11 2776/5180/11
f 2353/6175/11 2389/3696/11 2390/1115/11 2354/1114/11
f 2377/5182/11 2376/5181/11 2371/6183/11 2372/3031/11
f 3195/6184/11 3196/6185/11 3189/6043/11 3187/6046/11
f 2778/3259/11 2831/3705/11 2835/3704/11 2796/3256/11
f 1711/2980/1424 1708/6186/1423 1706/3410/1552 1707/2981/1422
f 5388/1795/109 5389/6187/15 5384/6188/15 5383/6189/109
f 477/1575/812 484/1608/825 485/1609/826 483/1576/246
f 1272/2118/657 1394/6190/40 1395/4277/1781 1273/2119/1074
f 6351/6191/270 5652/6192/18 5663/6193/18 6350/6194/270
f 2424/6195/11 2415/6135/11 2396/4709/11 2403/6196/11
f 5066/4562/1861 5060/2718/1337 5018/2740/1352 5020/4563/1862
f 2400/3931/11 2399/6197/11 2328/3071/11 2329/3613/11
f 3181/4704/11 3180/4703/11 2749/4832/11 2750/6198/11
f 2427/5723/11 2426/6199/11 2409/6200/11 2410/6201/11
f 2371/6183/11 2370/6120/11 2363/3210/11 2364/6163/11
f 2484/6202/11 2482/6203/11 2476/6048/11 2477/6024/11
f 4151/6204/2177 4140/1021/564 4137/1020/563 4130/6205/2178
f 2761/5296/11 2764/6206/11 2767/6207/11 2762/5297/11
f 1730/1868/378 1738/5087/378 1739/5086/1225 1731/1869/955
f 3032/6208/1099 3031/6209/1099 3022/6210/11 3023/6211/11
f 2866/6140/11 2872/6212/11 2827/6213/11 2820/6141/11
f 3368/4059/11 3366/6214/11 3327/6215/11 3328/4108/11
f 2794/3257/11 2786/6182/11 2776/5180/11 2777/3258/11
f 1015/6216/1554 1046/6217/1553 1047/3573/1607 1016/3574/1608
f 2391/3697/11 2393/3317/11 2394/4710/11 2392/3698/11
f 2381/5947/11 2380/5903/11 2378/3030/11 2379/3835/11
f 2422/6218/11 2420/1883/11 2414/6136/11 2415/6135/11
f 1856/1875/63 1854/3892/63 1837/3895/802 1838/6219/802
f 1788/5123/1999 1787/2978/1422 1782/3400/40 1783/6082/757
f 1024/2922/1407 1026/5586/1192 1028/6220/1191 1025/2923/1408
f 1251/6221/1938 1253/4155/1731 1249/4134/1723 1250/4133/1722
f 593/6222/878 592/6223/877 586/6224/1019 587/6225/2179
f 2214/261/206 2216/260/205 2215/6226/2180 2246/6227/2181
f 3249/6228/11 3247/6229/11 3177/6230/11 3178/6231/11
f 2439/6232/11 2848/6233/11 2432/4099/11 2436/4098/11
f 2530/4925/11 2529/6234/11 2524/3358/11 2525/4922/11
f 2374/6118/301 2373/6235/1246 2368/6180/1246 2369/6119/301
f 5131/5925/1236 5143/6236/279 5144/6237/280 5132/3887/280
f 4657/2633/40 4654/6238/342 4651/6239/342 4653/2630/40
f 5019/1557/63 5062/6240/1655 5063/6241/2182 5024/668/380
f 1098/6242/1535 1099/6243/622 1095/6083/1557 1094/3401/1536
f 2437/3557/11 2436/4098/11 2433/4097/11 2434/3558/11
f 2916/6244/2183 2915/6245/954 2894/6246/1246 2899/6247/2184
f 2507/3361/11 2506/3360/11 2501/3751/11 2502/2954/11
f 2676/2088/1068 2685/2087/1067 2671/6155/11 2670/6154/11
f 3104/2891/1402 3090/2890/1401 2704/6248/2185 2705/4831/1942
f 1096/956/523 1103/1991/282 1104/3425/282 1097/3424/41
f 2388/3319/11 2387/3318/11 2306/3285/11 2308/5924/11
f 3067/6249/2186 3048/6250/318 2564/1505/318 2623/1504/770
f 1023/3471/63 1022/5567/1192 990/3509/1192 991/3508/63
f 2452/3080/1467 2462/4203/1757 2475/4202/11
f 3555/5769/2109 3554/5768/2108 2111/6251/1696 2112/5770/1695
f 2523/3359/11 2522/3195/11 2505/6252/11 2506/3360/11
f 2471/6049/11 2470/4512/11 2444/6253/11 2445/6254/11
f 2420/1883/11 2422/6218/11 2423/6255/11 2421/1884/11
f 2487/967/11 2489/2272/11 2491/964/11
f 1406/2427/1222 1415/4311/1795 1416/1086/40 1407/6256/40
f 3786/6257/2187 3785/6258/314 3783/6259/315 3784/6260/2188
f 1399/6062/40 1401/6138/2175 1395/4277/1781 1394/6190/40
f 2548/5703/11 2547/11/11 2517/866/11 2520/865/477
f 3072/2305/1160 2856/3538/11 2441/3366/11 2641/2306/1161
f 2488/965/11 2493/4352/11 2484/6202/11 2477/6024/11
f 2482/6203/11 2480/1862/11 2473/1865/11 2476/6048/11
f 2477/6024/11 2476/6048/11 2474/6047/11 2475/4202/11
f 2539/6261/11 2535/6262/11 2528/6263/11 2529/6234/11
f 2433/4097/11 2431/4096/11 2425/6264/11 2426/6199/11
f 3553/6265/2189 3559/6266/11 3552/6267/11 2108/4560/1860
f 2420/1883/11 2417/1882/11 2413/6268/11 2414/6136/11
f 2650/4745/1909 2669/6269/11 2646/6270/11 2603/6271/2190
f 2404/2844/11 2406/6272/11 2409/6200/11 2405/6273/11
f 3560/4331/11 3559/6266/11 3553/6265/2189 3554/5768/2108
f 2658/1661/853 2652/6274/2191 2584/6275/11 2585/5962/11
f 5770/6276/2192 5762/6277/17 5746/6278/17 5756/6279/814
f 1103/3673/282 1105/3672/254 1106/6126/254 1104/6125/282
f 2553/6280/11 2551/6281/11 2546/13/11 2549/12/11
f 2711/6282/11 2710/5184/11 2542/5187/11 2544/5250/11
f 2482/6203/11 2484/6202/11 2485/5552/11 2483/5551/11
f 2480/1862/11 2482/6203/11 2483/5551/11 2481/6283/11
f 2763/6284/11 2760/6285/11 2757/6286/11 2758/6287/11
f 5396/6288/30 5407/6289/30 5408/6290/510 5397/6291/510
f 1544/2248/1130 1543/4679/448 1534/2390/40 1535/2249/1131
f 2646/6270/11 2644/6292/11 2602/6293/2193 2603/6271/2190
f 2744/1244/11 2743/6294/11 2740/2177/11 2741/2176/11
f 3064/6295/11 3063/6296/11 2648/3643/11 2649/6058/11
f 3400/6297/11 3399/6298/11 3393/6299/2063 3394/5830/11
f 3072/2305/1160 3073/5773/2111 2859/6300/11 2856/3538/11
f 2428/5724/11 2427/5723/11 2410/6201/11 2411/6301/11
f 3047/6302/2194 3046/6303/2195 2562/6304/2196 2563/6305/2085
f 5377/6306/15 5385/6145/15 5393/6144/30 5380/6307/30
f 1037/3138/1482 1043/3550/1601 1044/3588/1610 1038/3726/1604
f 2581/6308/11 2584/6275/11 2580/5513/11 2576/5549/11
f 5440/6309/374 5445/6310/374 6352/6311/270 6353/6312/270
f 2754/6313/11 2746/3582/11 2737/3585/11 2738/6314/11
f 1430/4540/1851 1429/4539/610 1423/6315/609 1428/6316/1841
f 2777/3258/11 2776/5180/11 2377/5182/11 2380/5903/11
f 3391/6317/2197 3392/6318/2064 3393/6319/2063
f 1907/5422/1353 1909/6320/1415 1906/6321/1415 1902/5152/1353
f 3366/6214/11 3340/4237/11 3320/6322/11 3327/6215/11
f 1/6323/283 84/6324/57 89/336/262 3/335/261
f 2150/4392/11 2149/6050/11 2140/4876/11 2141/4262/11
f 3399/6298/11 3401/6325/11 2550/5702/11 2548/5703/11
f 2714/5326/11 2718/6105/11 2720/3723/11 2716/5323/11
f 5422/6326/317 5414/6327/318 5406/3941/318 5409/6328/317
f 1820/5255/254 1819/5254/282 1800/6329/282 1802/6330/254
f 2545/14/11 2531/4923/11 2510/6331/11 2512/6332/11
f 2711/6282/11 2724/6333/11 2727/6334/11 2722/3717/11
f 1084/6335/526 1083/6336/525 981/3416/1556 982/3415/1555
f 6060/6337/15 6064/6338/1049 5971/6339/1049 5964/6340/15
f 3531/3902/11 3564/6341/11 3578/2452/11 3544/2455/11
f 1149/4035/1644 1150/5695/1644 1144/5694/270 1143/3791/270
f 2406/6272/11 2404/2844/11 2398/2847/11 2399/6197/11
f 3476/6342/11 3479/6343/11 2765/6344/11 2759/6345/11
f 5402/1794/109 5403/6346/15 5389/6187/15 5388/1795/109
f 2706/3435/11 2583/6347/11 2498/6348/11 2536/3436/11
f 2546/13/11 2551/6281/11 2543/5249/11 2532/4924/11
f 5381/6349/510 5382/6350/317 5371/6351/317 5370/6352/510
f 3227/6353/11 3226/3915/11 3201/3918/11 3206/3690/11
f 2722/3717/11 2719/3720/11 2710/5184/11 2711/6282/11
f 4895/3491/350 4896/6090/350 4820/6354/350 4819/3958/350
f 2534/5224/11 2533/5223/11 2526/3193/11 2527/3192/11
f 2539/6261/11 2541/5186/11 2538/3568/11 2535/6262/11
f 2760/6285/11 2761/5296/11 2755/5299/11 2754/6313/11
f 1116/3730/11 1117/1851/11 1055/1850/951 1053/6355/951
f 2001/1546/798 2002/1549/798 1186/6079/1400 1185/3005/1400
f 2759/6345/11 2758/6287/11 2730/6356/11 2732/6357/11
f 1272/2118/657 1263/2117/303 1241/6358/1764 1246/60/50
f 5937/5893/15 5951/6359/15 5955/6360/1049 5944/5890/1049
f 2862/6361/11 2861/6362/11 2857/6363/11 2858/6364/11
f 2570/6365/2196 2568/6366/2198 2565/6367/2199 2566/6368/2200
f 2558/6369/2200 2588/6370/1916 2589/6371/2201 2559/6372/2086
f 2681/6018/2159 2678/6017/2158 2567/6373/2202 2657/6374/857
f 2655/6375/2203 2656/6376/858 2566/6377/2200 2565/6378/2199
f 2571/6379/2204 2570/6365/2196 2566/6368/2200 2567/6380/2202
f 3469/3953/11 3467/3952/11 3464/6381/11 3465/6382/11
f 3350/6383/1099 3351/6384/952 3349/6385/952 3348/6386/1099
f 492/6387/791 491/6388/899 486/6389/900 485/6390/826
f 3424/6147/2077 3440/4726/1900 3441/4725/11 3439/6391/11
f 2607/6392/2205 2602/6293/2193 2590/6393/2206 2600/6394/2207
f 1640/2994/1428 1642/5112/1997 1643/4909/318 1636/2995/318
f 4878/6395/2208 4879/6396/1704 4831/6397/1752 4828/6398/1754
f 186/6399/188 187/823/460 196/822/459 195/6400/713
f 2714/5326/11 2713/5325/11 2707/3434/11 2708/3567/11
f 487/6401/2209 493/6402/2210 496/6403/789 490/6404/788
f 1396/6405/587 1400/6406/2093 1376/6407/1729 1375/6408/588
f 2569/6409/2211 3050/6410/1322 3096/6411/1321 2684/6412/2212
f 3152/4187/1748 3058/6413/2213 3052/6414/2214 3053/4771/1921
f 2563/6305/2085 2562/6304/2196 2558/6415/2200 2559/6416/2086
f 2673/6417/2215 2679/6418/2155 2682/6419/2216 2677/6420/2217
f 1552/2285/1150 1542/4157/1184 1540/6421/2218 1539/242/191
f 3099/6422/2219 3098/6423/1920 2686/6424/1923 2687/6425/2220
f 3070/6426/2221 3071/6427/2222 3067/6428/2186 3068/6429/2223
f 4311/6430/2224 4315/6431/2075 4301/6432/2225 4297/6433/2226
f 1196/1729/888 1102/5811/2122 1100/3382/1543 1101/2360/1194
f 2622/6434/2227 3066/6435/1173 3068/6429/2223 2624/6436/2220
f 3384/4030/1693 3389/6437/2228 2518/6438/98 2514/6078/1399
f 2566/6439/2200 2656/1670/858 2657/1669/857 2567/6440/2202
f 3055/6441/2229 3056/6442/2230 3046/6303/2195 3047/6302/2194
f 3044/6443/2231 3054/6444/2232 3109/2322/1171 3045/2325/1174
f 3116/6445/2233 3112/6446/2234 3109/2322/1171 3054/6444/2232
f 2562/6304/2196 2560/6447/2235 2557/6448/2236 2558/6415/2200
f 3790/6449/11 3791/6450/1099 3781/6451/1099 3776/6452/11
f 5393/6453/30 5396/6288/30 5397/6291/510 5394/6454/510
f 4649/573/343 4699/3265/343 1200/6455/684 1174/3984/684
f 2595/5522/1915 2599/5521/717 2589/6371/2201 2588/6370/1916
f 2697/6456/2237 2681/6018/2159 2657/6374/857 2668/6457/856
f 5592/6458/403 5601/6459/1739 5590/6460/1742 5591/6461/2238
f 2560/6462/2235 2561/6463/2239 2610/6464/1684 2557/6465/2236
f 2655/6375/2203 2664/6466/2084 2665/6467/855 2656/6376/858
f 2630/6468/716 2616/5542/2061 2589/6469/2201 2599/6470/717
f 4646/1300/343 4654/6238/342 4655/600/342 4647/599/343
f 3065/6471/2240 3079/6472/2241 3081/6473/2073 3074/6474/2242
f 3068/6429/2223 3067/6428/2186 2623/6475/770 2624/6436/2220
f 3058/6476/2213 3059/6477/2230 3051/6478/2195 3052/6479/2214
f 3101/6480/1749 3152/6481/1748 3053/6482/1921 3098/6483/1920
f 3056/6442/2230 3054/6484/2232 3044/6485/2231 3046/6303/2195
f 2622/6486/2227 2624/6487/2220 2613/6488/2155 2611/4006/1685
f 2561/6463/2239 3045/2325/1174 3066/2324/1173 2622/6489/2227
f 3170/6490/2243 3169/6491/2244 3157/6492/2245 3156/6493/2246
f 2684/6494/2212 3096/6495/1321 3099/6422/2219 2687/6425/2220
f 3049/6496/2231 3057/6497/2232 3148/6498/1319 3050/6410/1322
f 2687/6499/2220 2686/6500/1923 2680/6501/2161 2679/6502/2155
f 2264/6503/1349 2262/5974/2152 2257/5973/2151 2260/6504/2125
f 2624/6505/2220 2623/6506/770 2614/6002/769 2613/6001/2155
f 3130/6507/2247 3129/6508/2244 3118/6509/2245 3117/6510/2248
f 2556/6511/11 3406/509/11 3464/6381/11 2726/6512/11
f 5501/5561/15 5509/6513/15 5510/6514/15 5502/5562/15
f 2658/1661/853 2662/1660/852 2654/6515/2249 2652/6274/2191
f 2970/1401/11 2969/1400/11 2967/4100/11 2968/6516/11
f 2309/6091/11 2295/2856/11 2220/2858/204 2279/2129/1082
f 2873/4102/11 2872/6212/11 2866/6140/11 2867/6517/11
f 3053/4771/1921 3052/6414/2214 2571/6518/2204 2572/4772/1922
f 525/6519/710 535/1876/495 536/1844/495 527/3165/710
f 835/6520/1405 833/6521/1365 831/2690/1253 832/2537/1261
f 5450/5456/510 5451/5455/317 5436/6522/317 5435/6523/510
f 2667/6524/1944 2668/1668/856 2665/1667/855 2666/6525/2092
f 3423/6526/986 3427/6527/2250 3440/4726/1900 3424/6147/2077
f 2722/3717/11 2727/6334/11 2728/6528/11 2723/3718/11
f 1525/1770/40 5015/2739/40 5028/2717/1336 1609/6529/828
f 819/4605/1874 821/2207/1106 822/1706/873 805/6530/1403
f 2598/6531/718 2601/5777/2113 2639/6532/2251
f 2598/6533/718 2639/6534/2251 2640/6535/715
f 2639/6532/2251 2636/1835/949 2634/1834/948
f 1955/6536/683 1950/6537/676 1948/5272/676 1949/5271/2032
f 2640/6538/715 2633/6539/1885 2630/6540/716
f 1461/2951/63 1456/4373/1806 1428/4481/1841 1441/5174/2009
f 3324/6541/11 3323/6542/11 3232/6543/11 3234/6544/11
f 2024/6545/1960 2023/6546/1959 2021/6547/1823 2020/3829/1656
f 2580/5513/11 2579/4048/11 2575/5550/11 2576/5549/11
f 2684/6548/2212 2673/6417/2215 2672/6549/2252 2569/6550/2211
f 3102/6551/2253 3103/6552/521 3094/6553/2254 3093/6554/2255
f 1067/3685/951 1066/3684/1614 1054/3805/1631 1055/3804/951
f 2700/6555/2256 2696/6556/2136 2682/6557/2216 2683/6558/2160
f 2633/4663/1885 2632/6559/947 2627/4664/1886
f 2632/6560/947 2633/6561/1885 2634/6562/948
f 4778/1422/729 4772/1425/732 1454/1190/478 1455/1189/632
f 1798/3742/270 1797/6563/254 1106/3735/254 1108/3659/270
f 2458/2930/11 2466/2560/11 2468/2559/11 2465/2929/11
f 2006/5072/626 2000/5041/1272 1995/3762/1649 1997/5049/1980
f 2627/4664/1886 2626/6564/1124 2617/6565/1682 2618/4665/1887
f 3090/6566/1401 3089/6567/2257 2703/6568/1066 2704/6569/2185
f 2600/6570/2207 2637/6571/1669 2639/6572/2251 2601/6573/2113
f 3407/507/11 3405/506/11 3401/6325/11 3402/6574/11
f 2526/3193/11 2533/5223/11 2497/6575/11 2492/2271/11
f 2846/6576/11 2845/6577/11 2842/6578/11 2844/6579/11
f 5403/6346/15 5411/3935/15 5412/1631/15 5404/6580/15
f 2616/5542/2061 2630/6468/716 2633/6581/1885 2619/5543/1888
f 2731/6582/11 2729/6583/11 2725/6584/11 2726/6512/11
f 4106/1044/576 4107/1113/40 4061/439/40 4060/438/40
f 4484/6585/480 4482/6586/1940 776/6587/1930 777/6588/481
f 1286/4292/1773 1285/4291/1788 1283/6589/1876 1284/6590/286
f 581/771/425 588/2009/1017 590/6591/964 580/772/426
f 30/813/454 29/816/171 26/186/145 27/185/144
f 2235/5978/2150 2231/6592/136 2227/2067/1059 2228/2066/1058
f 3166/6593/2163 3168/6594/2258 3155/4186/1747 3154/4185/1746
f 5325/6595/30 5326/6596/510 5323/6597/510 5322/5982/30
f 1119/3646/802 1135/6598/802 1145/3822/63 1124/3647/63
f 494/6599/830 493/6600/2210 487/6601/2209 489/6602/846
f 782/35/27 783/4652/1882 659/6603/1169 658/36/28
f 2434/3558/11 2433/4097/11 2426/6199/11 2427/5723/11
f 5007/6604/2259 5006/5668/2089 4540/3159/1493 4542/6605/2260
f 2453/6606/2261 2452/3080/1467 2449/3082/1367 2448/6607/1366
f 2451/6608/2262 2453/6606/2261 2448/6607/1366 2447/6609/1381
f 2146/4929/1246 2161/2918/1246 2196/2921/954 2156/4930/954
f 4082/6610/2263 4080/6611/2264 4079/6612/630 4078/6613/2265
f 4148/6614/2266 4147/6615/2267 4138/6616/2268 4139/6617/2269
f 2028/4039/17 2029/6618/1703 2024/6619/1960 2022/6620/2270
f 1611/6621/1316 1620/4965/1951 1624/2044/1044 1619/2043/1043
f 1079/3648/1455 1124/3647/63 1125/3824/341 1080/6622/1621
f 2030/4483/1700 2029/6618/1703 2028/4039/17 1208/1987/1010
f 1366/6623/2271 1369/6624/1825 1364/4272/1777 1363/4271/1776
f 2298/2806/11 2303/1069/11 2305/3284/11 2301/2803/11
f 1401/6138/2175 1400/5688/2093 1396/1076/587 1395/4277/1781
f 2970/1401/11 2976/6625/11 2985/6626/11 2974/1398/11
f 2831/3705/11 2778/3259/11 2381/5947/11 2418/5946/11
f 1549/6627/1126 1550/2283/1146 1546/6628/1145 1545/6629/449
f 2690/4899/1844 2688/6630/1013 2661/6631/1016 2662/6632/852
f 2903/6633/11 2902/6634/11 2897/1391/11 2898/1390/11
f 687/2328/1177 683/2327/1176 678/1388/15 677/1387/722
f 2980/6635/11 2979/6636/11 2889/6637/11 2890/6638/11
f 3180/4703/11 3183/4702/11 3105/955/522 3104/2891/1402
f 3304/6639/11 3303/6640/11 3217/6641/11 3218/6642/11
f 3515/6643/11 3508/6644/11 3496/6645/11 3501/6646/11
f 3076/6647/2272 3078/6648/2273 3123/6649/897 3077/6650/2144
f 2644/6292/11 2646/6270/11 2647/6059/11 2645/3642/11
f 2704/6569/2185 2703/6568/1066 2689/6651/1065 2695/4898/1033
f 4972/4498/318 4974/4497/330 1493/6652/330 1492/4783/318
f 3461/6653/11 3536/6654/11 3537/6655/11 3462/6656/11
f 2681/6018/2159 2697/6456/2237 2700/6657/2256 2683/6019/2160
f 1166/4753/759 1167/4026/759 1160/4029/760 1158/4754/760
f 2555/6658/11 2556/6511/11 2554/6659/11 2553/6280/11
f 2817/6660/11 2819/6661/11 2816/6662/11 2811/6663/11
f 2540/5251/11 2539/6261/11 2529/6234/11 2530/4925/11
f 1454/6664/478 1453/6665/63 1434/5336/63 1435/6666/478
f 2533/5223/11 2536/3436/11 2498/6348/11 2497/6575/11
f 3277/3838/315 3276/6667/315 3269/6668/952 3271/3839/952
f 4651/6239/342 4654/6238/342 4646/1300/343 4645/2931/343
f 2736/3584/11 2735/2179/11 2716/5323/11 2720/3723/11
f 2750/6198/11 2749/4832/11 2742/6669/11 2743/6294/11
f 2652/6274/2191 2605/5512/2049 2580/5513/11 2584/6275/11
f 5408/6670/510 5421/6671/510 5422/6672/317 5409/6673/317
f 5383/6189/109 5384/6188/15 5376/6674/15 5375/6675/109
f 6354/6676/270 5235/6677/279 5225/6678/279 6355/6679/270
f 1765/6680/1499 1764/5284/2035 1762/5292/1661 1763/6681/2008
f 2745/3583/11 2741/2176/11 2735/2179/11 2736/3584/11
f 2898/1390/11 2904/6682/11 2906/6683/11 2903/6633/11
f 2726/6512/11 2725/6584/11 2554/6659/11 2556/6511/11
f 2734/2178/11 2733/2090/11 2715/2089/11 2717/5324/11
f 1270/6684/120 1289/3862/120 1290/3865/275 1271/6685/275
f 3052/6479/2214 3051/6478/2195 2570/6365/2196 2571/6379/2204
f 5185/6686/382 5184/6687/944 5165/6688/944 5166/6689/382
f 2991/6690/11 2994/4649/11 2996/4644/11 2993/4643/11
f 1917/5124/270 1934/5304/1566 1935/5303/2019 1918/5363/378
f 3087/581/11 3064/6295/11 2649/6058/11 2671/6155/11
f 1781/5683/291 1783/5686/757 1095/3418/1557 1093/3419/291
f 2844/6579/11 2850/6691/11 2851/6692/11 2846/6576/11
f 3195/6184/11 3187/6046/11 2753/6693/11 2756/5298/11
f 5332/6694/15 5330/6695/15 5328/5819/109 5329/5804/109
f 356/6696/431 355/6697/2274 346/6698/2275 349/6699/432
f 1112/3018/1442 1113/3228/1504 1111/3227/270 1110/3019/1443
f 2525/4922/11 2524/3358/11 2507/3361/11 2508/6700/11
f 3402/6574/11 3401/6325/11 3399/6298/11 3400/6297/11
f 2817/6660/11 2811/6663/11 2793/6701/11 2798/6702/11
f 3308/6703/11 3315/6704/11 3255/6705/11 3252/6706/11
f 2753/6693/11 2752/1242/11 2747/1245/11 2748/6707/11
f 2854/6708/11 2852/6709/11 2848/6233/11 2439/6232/11
f 3198/5643/11 2767/6207/11 2764/6206/11 2766/6710/11
f 3240/6711/11 3247/6229/11 3248/6712/11 3242/6713/11
f 3252/6706/11 3251/6714/11 3249/6228/11 3250/6715/11
f 3199/6716/11 3195/6184/11 2756/5298/11 2762/5297/11
f 3453/6717/11 3454/6718/11 3452/6719/11 3436/6075/11
f 2350/4022/11 2349/6164/11 2347/5565/11 2348/4037/11
f 2356/6720/954 2357/6094/954 2333/6093/910 2332/6721/910
f 5687/6722/410 5686/6723/410 3274/6724/314 3275/6725/314
f 2816/6662/11 2815/3248/11 2810/3251/11 2811/6663/11
f 3931/5002/111 6089/6726/82 6090/5889/82 3932/6727/111
f 635/2113/495 639/2112/496 640/2139/1085 636/2860/1384
f 3710/1809/11 3708/1812/11 3705/6728/11 3706/6729/11
f 3568/4322/259 3567/4329/11 3561/4332/11 3562/2387/259
f 3364/5344/953 3365/5343/1084 3363/5609/2070 3358/5943/2137
f 2606/6730/2276 2608/5776/2112 2604/4045/1701 2605/5512/2049
f 2827/6213/11 2826/6731/11 2819/6661/11 2820/6141/11
f 5442/6732/109 5437/6733/109 5427/5718/110 5428/5883/110
f 5416/3934/15 5430/6734/15 5431/6735/15 5417/1632/15
f 2033/5559/1107 5124/6736/170 5149/5641/170 2037/5556/1107
f 3987/5022/112 3988/6737/2277 3980/6738/258 3975/5023/260
f 5498/5740/110 5500/6739/109 5487/6106/109 5461/5741/110
f 1338/6740/677 1331/6741/679 1318/1595/474 1320/1594/18
f 3186/6045/11 3188/6044/11 3185/6742/11 3182/6743/11
f 5457/5869/110 5462/5868/109 5442/6732/109 5428/5883/110
f 3136/2848/11 3142/6744/11 2890/6638/11 2885/2849/11
f 2784/6745/11 2783/5527/301 2780/5530/301 2781/2494/11
f 3332/6746/11 3331/6747/11 3316/6748/11 3317/6749/11
f 3186/6045/11 3182/6743/11 2751/1243/11 2752/1242/11
f 2799/6750/11 2798/6702/11 2795/6751/11 2797/6752/11
f 5873/6753/378 5886/6754/378 5889/6755/374 5875/6756/374
f 2791/6757/11 2790/6758/301 2783/5527/301 2784/6745/11
f 2796/3256/11 2835/3704/11 2836/6759/11 2797/6752/11
f 2975/6760/11 2968/6516/11 2875/6761/11 2886/6762/11
f 2885/2849/11 2884/6763/11 2880/6764/11 2881/2850/11
f 3242/6713/11 3248/6712/11 3253/5020/11 3246/6765/11
f 2788/6766/11 2787/6767/11 2785/2493/11 2786/6182/11
f 2794/3257/11 2796/3256/11 2797/6752/11 2795/6751/11
f 2964/4101/11 2963/3487/11 2872/6212/11 2873/4102/11
f 3187/6046/11 3186/6045/11 2752/1242/11 2753/6693/11
f 3354/6768/315 3359/6100/314 3302/6099/314 3300/6769/315
f 2813/6770/301 2812/6771/1246 2807/6772/1246 2808/6773/301
f 2799/6750/11 2839/6774/11 2864/6139/11 2818/6142/11
f 2792/6775/11 2791/6757/11 2784/6745/11 2787/6767/11
f 3847/1856/953 3848/6776/1084 3846/6777/1084 3844/6778/953
f 3662/144/111 5920/5878/82 5921/6779/82 3663/6780/111
f 3928/5003/112 3929/5025/112 3926/5024/260 3920/6781/260
f 5608/2135/410 5641/2862/410 5646/5814/409 5630/6782/409
f 5466/6783/109 5465/5867/109 5458/5870/110 5459/6784/110
f 3990/6785/111 3987/5022/112 3929/5025/112 3932/6727/111
f 6155/5758/410 6154/6786/2278 3966/6787/2279 3968/5759/2104
f 5461/5741/110 5460/6108/110 2806/5742/910
f 3847/1856/953 3844/6778/953 3840/6788/952 3842/1857/952
f 6026/6789/409 6021/6790/409 6019/6791/2068 6020/6792/2068
f 6164/6793/82 6165/6794/82 3991/6795/2280 3990/6785/111
f 2156/4930/954 2196/2921/954 2128/6796/910 2127/6797/910
f 3011/503/315 3010/502/315 3003/3133/952 3005/6798/952
f 5662/753/409 5651/5813/409 5642/2861/410 5643/754/410
f 3293/6799/1099 3294/6800/952 3292/6801/952 3291/6802/1099
f 3796/6803/11 3801/6804/11 3770/6805/11 3769/6806/11
f 1276/4269/307 1275/4364/307 1269/6807/275 1271/6808/275
f 3182/6743/11 3181/4704/11 2750/6198/11 2751/1243/11
f 3481/6809/11 3482/6810/11 3480/6811/11 3479/6343/11
f 5201/6812/2281 5198/6813/254 5183/6814/254 5186/6815/944
f 3534/6816/11 3535/6817/11 3533/6818/11 3532/6819/11
f 1262/4516/291 1265/6820/291 1267/6821/11 1264/4517/11
f 3080/6822/2282 3079/6472/2241 3063/6296/11 3064/6295/11
f 1805/3226/270 1798/3742/270 1108/3659/270 1111/3227/270
f 2793/6701/11 2792/6775/11 2787/6767/11 2788/6766/11
f 2835/3704/11 2837/3703/11 2838/6823/11 2836/6759/11
f 4975/4619/331 4790/2761/63 1464/2764/63 1494/6824/331
f 3457/6825/11 3458/6826/11 3450/6827/11 3449/3525/11
f 5197/6828/282 5192/6829/40 5173/3484/40 5182/3483/282
f 5514/6830/2283 5531/6831/2283 5532/6832/374 5515/6833/374
f 2820/6141/11 2819/6661/11 2817/6660/11 2818/6142/11
f 2786/6182/11 2794/3257/11 2795/6751/11 2788/6766/11
f 5441/5931/318 5440/6834/374 5432/6835/374 5433/6836/318
f 4769/4576/40 4836/4240/1766 4840/2235/1119 4783/2237/40
f 2755/5299/11 2756/5298/11 2753/6693/11 2748/6707/11
f 2874/4103/11 2873/4102/11 2867/6517/11 2870/6837/11
f 4718/3875/282 4720/6838/282 4713/3868/40 4711/3870/40
f 3690/6839/11 3689/5642/11 3480/6811/11 3482/6810/11
f 2966/6840/11 2965/3488/11 2963/3487/11 2964/4101/11
f 3016/6841/11 3014/6842/11 2985/6626/11 2986/6843/11
f 2875/6761/11 2874/4103/11 2870/6837/11 2871/6844/11
f 2968/6516/11 2975/6760/11 2976/6625/11 2970/1401/11
f 2888/6845/11 2887/6846/11 2882/6847/11 2883/6848/11
f 4608/3913/40 4606/5057/342 4604/5546/342 4605/5545/40
f 2575/5550/11 2574/5880/11 2481/6283/11 2483/5551/11
f 2840/6849/11 2839/6774/11 2836/6759/11 2838/6823/11
f 2788/6766/11 2795/6751/11 2798/6702/11 2793/6701/11
f 3586/245/194 3608/244/193 3609/5810/112 3589/6850/260
f 2674/1996/1014 2676/2088/1068 2670/6154/11 2669/6269/11
f 5160/5008/40 5159/5007/101 5151/2750/101 5152/2749/40
f 3818/3365/11 3832/3364/11 3837/6851/1099 3823/6852/1099
f 2804/6853/910 2828/6854/954 2829/6855/954 2805/6856/910
f 1199/6857/759 1181/6858/760 1162/4028/760 1173/4027/759
f 2754/6313/11 2755/5299/11 2748/6707/11 2746/3582/11
f 3857/6859/11 3850/6860/11 3634/4357/11 3638/4356/11
f 3882/6861/260 3881/6862/259 3681/4968/259 3682/4967/260
f 2876/6863/11 2869/6864/11 2846/6576/11 2851/6692/11
f 3366/6214/11 3367/6865/11 3341/4238/11 3340/4237/11
f 2947/4474/1839 2998/6866/1099 2999/6867/952 2948/6868/1111
f 4546/1687/865 4547/1688/866 4534/6869/2284 4528/3101/1472
f 2631/4934/1121 2632/1833/947 2635/1836/950 2438/3367/11
f 4549/6870/802 5004/1559/802 5005/1558/63 4541/4844/63
f 1281/2959/11 1289/6871/120 1270/6872/120 1267/6821/11
f 4507/6873/2285 4523/6874/2286 4488/4693/1891 4476/2299/1156
f 2881/2850/11 3125/6875/2287 3126/6876/2288
f 3163/6877/2288 3174/6878/497 3175/6879/11 3160/6880/11
f 2696/6881/2136 2693/6882/805 2677/6420/2217 2682/6419/2216
f 4563/3426/1558 4580/6883/1689 4581/6884/1894 4564/3427/1559
f 2077/6885/2289 2076/6886/2058 2075/6887/1397 2074/6888/1396
f 2863/6889/11 2862/6361/11 2858/6364/11 2859/6300/11
f 3409/6890/11 3407/507/11 3402/6574/11 3404/6891/11
f 4677/6892/282 4679/2372/282 4659/2371/40 4658/6893/40
f 2726/6512/11 3464/6381/11 3467/3952/11 2731/6582/11
f 5202/6894/2128 5201/6812/2281 5186/6815/944 5187/6895/382
f 5469/6896/15 5483/6897/15 5484/6898/15 5470/6899/15
f 2878/6900/11 2876/6863/11 2851/6692/11 2860/6901/11
f 3018/6902/11 3016/6841/11 2986/6843/11 2987/6903/11
f 2984/6904/11 2983/6905/11 2979/6636/11 2980/6635/11
f 3566/4330/11 3565/6906/11 3559/6266/11 3560/4331/11
f 2871/6844/11 2877/6907/11 2886/6762/11 2875/6761/11
f 2968/6516/11 2967/4100/11 2874/4103/11 2875/6761/11
f 2963/3487/11 2905/3486/11 2827/6213/11 2872/6212/11
f 2964/4101/11 2967/4100/11 2969/1400/11 2966/6840/11
f 2850/6691/11 2853/6908/11 2860/6901/11 2851/6692/11
f 4827/6909/2290 4824/999/552 4821/1002/555 4822/6910/2291
f 6259/6911/1855 6260/6912/1854 6258/6913/2292 6257/6914/30
f 2868/6915/11 2865/6916/11 2840/6849/11 2845/6577/11
f 2843/3370/11 2844/6579/11 2842/6578/11 2841/3371/11
f 5991/6917/1462 5990/6918/814 5987/6919/814 5988/6920/1462
f 1279/2961/291 1283/4608/1876 1287/2195/1101 1282/2194/11
f 1224/6921/120 1235/4366/120 1236/4365/275 1225/6922/275
f 3821/6923/1099 3823/6852/1099 3824/6924/952 3822/6925/952
f 2797/6752/11 2836/6759/11 2839/6774/11 2799/6750/11
f 3991/6795/2280 3992/6926/2293 3989/6927/2294 3988/6737/2277
f 6165/6794/82 6212/6928/82 3992/6926/2293 3991/6795/2280
f 4007/4459/1830 4018/4458/1829 3967/6929/2295 3964/6930/2296
f 6235/6931/81 6248/6932/81 6214/2586/82 6213/2585/82
f 4028/5716/1284 4016/6933/1088 3989/6927/2294 3992/6926/2293
f 5516/6934/110 2893/5762/2106 2918/5761/908
f 3342/6935/1099 3343/6936/952 3294/6800/952 3293/6799/1099
f 6221/6937/81 6212/6928/82 6165/6794/82 6176/6938/81
f 2918/5761/908 2949/4422/1819 2950/4421/1819
f 2927/2947/1416 2929/2946/301 2937/6939/2297 2928/6940/2298
f 5576/5737/410 5605/6103/410 5609/6102/409 5597/6941/409
f 2983/6905/11 2982/6942/11 2978/6943/11 2979/6636/11
f 3142/6744/11 3235/6944/11 2980/6635/11 2890/6638/11
f 4401/2791/40 4408/2790/282 4410/6945/282 4403/6946/40
f 2731/6582/11 2732/6357/11 2730/6356/11 2729/6583/11
f 2474/6047/11 2471/6049/11 2445/6254/11 2450/3081/11
f 5432/6947/374 5440/6309/374 6353/6312/270 6356/6948/270
f 2869/6864/11 2876/6863/11 2877/6907/11 2871/6844/11
f 3144/6949/11 3143/6950/11 3137/6951/11 3140/6952/11
f 2513/867/11 2517/866/11 2512/6332/11 2511/6112/11
f 3483/6953/11 3481/6809/11 3477/6954/11 3478/6955/11
f 2933/6956/11 2926/4212/11 2912/4215/11 2913/6957/11
f 5403/6346/15 5404/6580/15 5390/6146/15 5389/6187/15
f 2907/3489/11 2965/3488/11 2971/6958/11 2914/6959/11
f 3266/2181/1099 3268/2180/1099 3269/6960/952 3267/6961/952
f 3619/4843/11 3621/362/11 3622/365/11 3620/6177/11
f 3646/6962/260 3659/145/112 3660/6963/112 3655/6964/260
f 5667/752/409 5673/6965/63 5665/6966/63 5662/753/409
f 5979/6967/17 5987/6968/814 5990/6969/814 5984/6970/17
f 3754/6971/11 3756/4690/11 3757/6972/11 3755/6973/11
f 4013/1799/931 4012/1798/930 4002/5061/11 4003/6974/259
f 2951/6975/2299 2920/1765/909 2919/1764/908
f 5271/112/82 5857/111/82 3574/1787/926 2124/5781/2115
f 3032/6208/1099 3264/6976/1099 3265/6977/952 3033/6978/952
f 6168/6979/81 6176/6938/81 6165/6794/82 6164/6793/82
f 6218/6980/2300 6217/6981/2301 4031/6982/2302 4030/6983/1285
f 5519/6984/2139 5518/1762/110 2920/1765/909
f 5516/6934/110 5523/6985/109 5508/6986/109 5499/6987/110
f 2122/1755/901 2123/1758/904 2119/312/243 2118/6988/1694
f 6217/6981/2301 6216/6989/2303 4027/6990/1840 4031/6982/2302
f 2118/6988/1694 2119/312/243 2113/311/242 2112/6991/1695
f 6249/6992/2304 6250/6993/2305 6217/6981/2301 6218/6980/2300
f 2957/2109/1071 2956/6994/2306 2953/6995/2307
f 5205/231/170 5206/230/170 2099/1900/957 2097/5734/957
f 2956/6994/2306 5522/6996/410 5521/6997/2308
f 6250/6993/2305 6239/6998/2309 6216/6989/2303 6217/6981/2301
f 6189/6999/409 6184/7000/409 6155/5758/410 6182/5757/410
f 3344/7001/1099 3346/7002/952 3343/6936/952 3342/6935/1099
f 2499/2943/11 2504/4626/11 2469/2558/11 2467/2561/11
f 2930/3991/11 2929/2946/301 2923/2949/301 2924/7003/11
f 2991/6690/11 2990/7004/11 2971/6958/11 2972/7005/11
f 3268/2180/1099 3270/7006/1099 3271/7007/952 3269/6960/952
f 2928/7008/2298 2937/7009/2297 2939/7010/2310
f 2131/386/273 2130/7011/938 519/7012/692 518/7013/2311
f 2894/6246/1246 2915/6245/954 2830/7014/954 2821/7015/1246
f 1221/7016/291 1232/4575/291 1234/4523/11 1223/6087/11
f 2975/6760/11 2977/7017/11 2981/7018/11 2976/6625/11
f 5168/1971/997 5169/1970/996 2067/5517/2050 2064/5621/2071
f 3143/6950/11 3142/6744/11 3136/2848/11 3137/6951/11
f 2936/4476/11 2992/7019/11 2998/6866/1099 2947/4474/1839
f 2909/7020/301 2908/7021/2312 2899/7022/2184 2900/7023/301
f 4739/7024/18 4737/7025/474 4234/7026/474 4236/7027/18
f 5619/7028/255 5622/7029/255 5616/7030/17 5611/7031/17
f 4023/7032/1828 4020/4457/1828 4009/4460/802 4011/7033/2024
f 4026/4479/1071 4025/5764/1071 4023/7032/1828 4024/7034/2313
f 2954/7035/1828 2955/7036/1828 2958/2110/1071
f 2104/2406/1207 2106/5728/1207 2103/5727/757 2101/5704/757
f 4247/4403/297 4260/7037/2314 4186/7038/2315 4169/4404/1812
f 2945/4217/1758 2943/4216/1676 2932/7039/11 2935/4475/11
f 2568/7040/2198 2569/6409/2211 2672/7041/2252 2565/7042/2199
f 2881/2850/11 2880/6764/11 2862/6361/11 2863/6889/11
f 2610/6464/1684 2615/7043/1683 2587/7044/1913 2557/6465/2236
f 4329/133/102 4330/1651/170 534/1817/496 533/1776/917
f 2961/5738/2100 5575/2107/410 2958/2110/1071
f 538/1845/496 4331/1654/170 4359/1894/170 615/905/496
f 6215/4477/410 6238/7045/409 6200/7046/409 6183/4478/410
f 5522/6996/410 5574/2108/410 5577/5800/409 5552/7047/409
f 5898/7048/81 5892/5785/82 5891/5807/82 5880/7049/81
f 5606/6104/410 5605/6103/410 3008/7050/314 3009/7051/314
f 537/1877/496 4330/1651/170 4331/1654/170 538/1845/496
f 5921/6779/82 5933/7052/81 5938/7053/81 5922/6157/82
f 5597/6941/409 5584/5799/409 5575/2107/410 5576/5737/410
f 4232/7054/40 4228/7055/40 4198/7056/40 4210/7057/40
f 2170/5919/11 2169/5585/11 2167/5961/11 2168/7058/11
f 5944/7059/1049 5955/7060/1049 5956/7061/378 5945/7062/378
f 3064/6295/11 3087/581/11 3092/580/345 3080/6822/2282
f 2934/7063/11 2990/7004/11 2992/7019/11 2936/4476/11
f 2865/6916/11 2864/6139/11 2839/6774/11 2840/6849/11
f 2914/6959/11 2971/6958/11 2990/7004/11 2934/7063/11
f 2889/6637/11 2888/6845/11 2883/6848/11 2884/6763/11
f 5390/6146/15 5404/6580/15 5407/7064/30 5396/6143/30
f 2775/2496/11 2774/2495/11 2375/6117/11 2376/5181/11
f 2717/5324/11 2715/2089/11 2712/7065/11 2713/5325/11
f 2941/3989/1676 2943/4216/1676 2944/4219/1760 2942/7066/1760
f 5263/7067/282 5260/7068/40 5246/7069/40 5253/7070/282
f 2933/6956/11 2935/4475/11 2932/7039/11 2926/4212/11
f 2376/5181/11 2375/6117/11 2370/6120/11 2371/6183/11
f 4592/1262/336 4587/7071/254 4568/7072/254 4571/1263/336
f 3597/7073/260 3610/5815/112 3611/7074/112 3604/7075/260
f 3334/7076/11 3333/7077/11 3330/7078/11 3331/6747/11
f 2923/2949/301 2922/2948/1416 2908/7021/2312 2909/7020/301
f 5477/7079/30 5492/7080/30 5493/7081/510 5480/7082/510
f 5559/7083/63 5560/7084/2316 5558/7085/2317 5557/7086/2054
f 2934/7063/11 2933/6956/11 2913/6957/11 2914/6959/11
f 1549/6627/1126 1569/7087/701 1570/2280/1148 1550/2283/1146
f 5424/7088/510 5425/7089/317 5422/6672/317 5421/6671/510
f 6042/7090/409 6043/7091/63 6031/7092/63 6026/6789/409
f 3256/7093/11 3257/7094/11 3023/6211/11 3020/7095/11
f 3800/7096/11 3806/7097/11 3810/7098/11 3803/4840/11
f 3036/7099/315 3034/7100/315 3025/7101/952 3027/7102/952
f 3037/7103/315 3036/7099/315 3027/7102/952 3029/7104/952
f 3034/7100/315 3036/7099/315 3040/2864/314 3035/2863/314
f 627/2077/710 634/2076/495 635/2113/495 628/7105/710
f 3275/6725/314 3274/6724/314 3272/2767/315 3273/7106/315
f 1665/7107/1259 1663/7108/1250 1621/7109/403 1623/4879/1093
f 3043/7110/314 3042/5720/314 3038/7111/315 3039/2768/315
f 5607/2136/410 5606/6104/410 3009/7051/314 3012/501/314
f 5892/5785/82 5898/7048/81 5906/5876/81 5893/5786/82
f 2982/6942/11 2981/7018/11 2977/7017/11 2978/6943/11
f 620/7112/496 4362/214/170 4395/213/170 632/2153/496
f 5686/6723/410 5645/7113/410 3043/7110/314 3274/6724/314
f 5925/7114/81 5920/5878/82 5894/5871/82 5911/5877/81
f 5858/825/82 5866/7115/81 5879/7116/81 5859/826/82
f 2309/6091/11 2311/5856/11 2312/3116/11 2310/3115/11
f 3160/6880/11 3146/4093/11 3095/7117/2318 3106/953/520
f 4559/3255/1070 4560/3254/341 4427/7118/1162 4426/7119/1516
f 395/1257/667 397/1260/478 341/1256/478 340/1255/666
f 1863/5500/11 1864/7120/802 1838/4962/802 1836/4963/11
f 3024/5332/1099 3026/5331/1099 3027/7121/952 3025/7122/952
f 1343/7123/476 1337/4110/476 1239/7124/307 1247/7125/307
f 2184/3469/301 2183/7126/1246 2180/5744/1246 2181/3470/301
f 3258/2366/11 3259/2182/11 3257/7094/11 3256/7093/11
f 3357/7127/2319 3356/7128/315 3347/7129/952 3349/7130/952
f 3279/2853/314 3278/7131/314 3276/6667/315 3277/3838/315
f 3041/5719/314 3040/2864/314 3036/7099/315 3037/7103/315
f 3231/7132/11 3232/6543/11 3230/7133/11 3229/7134/11
f 2339/2213/11 2338/4038/11 2189/5927/11 2193/2214/11
f 3011/503/315 3034/7100/315 3035/2863/314 3013/500/314
f 1244/7135/275 1247/7125/307 1239/7124/307 1236/7136/275
f 3039/2768/315 3272/2767/315 3274/6724/314 3043/7110/314
f 6058/7137/82 6087/7138/82 3908/7139/111 3907/6098/111
f 5920/5878/82 5925/7114/81 5933/7052/81 5921/6779/82
f 5735/3971/410 5734/7140/410 3301/7141/314 3302/6099/314
f 5688/7142/410 5687/6722/410 3275/6725/314 3278/7131/314
f 5645/7113/410 5644/755/410 3042/5720/314 3043/7110/314
f 4238/610/350 4741/3222/350 4742/873/350 4239/611/350
f 4669/4112/279 4670/4081/280 4668/5110/280 4667/5109/279
f 2429/7143/11 2431/4096/11 2432/4099/11 2430/7144/11
f 3331/6747/11 3330/7078/11 3315/6704/11 3316/6748/11
f 3157/7145/2245 3151/7146/2233 3057/7147/2232 3059/7148/2230
f 3151/7149/2233 3150/7150/2320 3148/6498/1319 3057/6497/2232
f 2587/4755/1913 2588/4758/1916 2558/7151/2200 2557/7152/2236
f 236/998/544 231/7153/2321 232/7154/2322 230/996/551
f 3070/7155/2221 3113/7156/2323 3114/7157/2324 3071/7158/2222
f 349/6699/432 346/6698/2275 252/5460/569 262/5459/572
f 58/1220/469 57/1219/650 48/276/180 51/275/218
f 3055/7159/2229 3117/7160/2248 3118/7161/2245 3056/7162/2230
f 3100/7163/2325 3153/7164/2162 3154/7165/1746 3101/6480/1749
f 3118/7166/2245 3116/7167/2233 3054/7168/2232 3056/7169/2230
f 2672/7041/2252 2675/7170/2326 2655/7171/2203 2565/7042/2199
f 3150/7172/2320 3149/7173/2327 3097/2671/1320 3148/2670/1319
f 6198/2591/1288 6197/2590/1287 6194/7174/687 6195/7175/2328
f 3169/6491/2244 3164/7176/2329 3151/7177/2233 3157/6492/2245
f 3100/7178/2325 3099/6422/2219 3096/6495/1321 3097/7179/1320
f 3155/4186/1747 3168/6594/2258 3170/7180/2243 3156/7181/2246
f 3320/6322/11 3319/7182/11 3312/7183/11 3314/7184/11
f 3129/6508/2244 3127/7185/2329 3116/7186/2233 3118/6509/2245
f 3127/7187/2329 3124/7188/2330 3112/6446/2234 3116/6445/2233
f 5232/812/170 5241/811/170 2115/5755/957 2107/7189/957
f 2608/7190/2112 2607/7191/2205 2600/7192/2207 2601/7193/2113
f 3094/7194/2254 3103/954/521 3106/953/520 3095/7117/2318
f 624/7195/710 623/105/76 621/104/76 622/1344/710
f 5829/7196/2331 5828/4406/1813 5818/4409/1816 5821/7197/2332
f 1337/4110/476 1319/1087/476 1228/1088/307 1239/7124/307
f 3026/5331/1099 3028/7198/1099 3029/7199/952 3027/7121/952
f 3066/6435/1173 3069/7200/1172 3070/6426/2221 3068/6429/2223
f 4658/6893/40 4659/2371/40 4656/571/342 4655/600/342
f 2863/6889/11 3119/7201/2143 3125/6875/2287 2881/2850/11
f 3004/7202/1099 3024/5332/1099 3025/7122/952 3005/7203/952
f 3121/7204/2141 3120/7205/2142 3119/7201/2143 3077/6650/2144
f 3172/7206/896 3168/7207/2258 3166/7208/2163 3167/7209/897
f 1315/1843/40 1312/1501/17 405/22/17 408/2257/40
f 3164/7210/2329 3163/7211/2288 3162/7212/2287 3161/7213/2330
f 3131/910/498 3132/7214/896 3133/911/11
f 2218/1820/11 2217/1819/11 2210/2027/11 2211/2079/11
f 3022/6210/11 3021/7215/11 3018/6902/11 3019/7216/11
f 4030/6983/1285 4031/6982/2302 4022/7217/2333 4021/7218/2096
f 3004/7202/1099 3002/4641/1099 2996/4644/11 2997/4648/11
f 3380/7219/2334 3382/7220/2335 3379/5342/2040 3378/5341/2039
f 5252/7221/254 5251/7222/282 5237/7223/282 5238/7224/254
f 510/7225/201 509/7226/605 502/1694/608 504/1693/202
f 3282/5018/11 3284/7227/11 3285/7228/11 3283/4545/11
f 3141/4095/11 3140/6952/11 3138/7229/11 3139/4092/11
f 3082/1464/755 3085/1463/754 3078/6648/2273 3075/5772/2110
f 3120/7230/2142 3121/7231/2141 3113/7232/2323 3111/7233/2336
f 7/66/55 6/65/13 2/7234/12 1/7235/283
f 3238/7236/11 3237/7237/11 3235/6944/11 3236/7238/11
f 2693/7239/805 2691/7240/808 2675/7170/2326 2677/7241/2217
f 440/7242/838 438/2499/777 435/2498/594 436/7243/593
f 3273/7106/315 3272/2767/315 3265/2766/952 3267/7244/952
f 3124/7188/2330 3120/7245/2142 3111/7246/2336 3112/6446/2234
f 2742/6669/11 2702/2023/1032 2699/2022/1031 2701/7247/2337
f 5585/7248/63 5595/7249/63 5596/7250/63 5586/7251/63
f 2701/7252/2337 2700/7253/2256 2697/7254/2237 2698/7255/1943
f 3167/7209/897 3166/7208/2163 3165/7256/2141 3108/7257/2144
f 3160/6880/11 3162/7258/2287 3163/6877/2288
f 5304/7259/2338 5305/4614/1049 5306/4617/378 5299/7260/1370
f 2215/7261/2180 2212/7262/11 609/2481/76 611/1345/76
f 3172/7263/896 3171/7264/498 3170/7265/2243 3168/7266/2258
f 4665/7267/1995 4664/7268/2339 4660/7269/883 6358/7270/2340 6357/7271/2341
f 233/7272/2342 232/7273/2322 211/938/508 213/540/334
f 3170/7265/2243 3171/7264/498 3174/7274/497 3169/7275/2244
f 3266/2181/1099 3264/6976/1099 3257/7094/11 3259/2182/11
f 5218/4855/254 5217/4854/282 5215/7276/282 5216/7277/254
f 5630/6782/409 5625/7278/409 5607/2136/410 5608/2135/410
f 1397/634/365 1343/7123/476 1247/7125/307 1275/4364/307
f 6231/557/30 6224/7279/30 6359/7280/270 6280/558/270
f 3147/4094/11 3177/6230/11 3145/7281/11 3141/4095/11
f 3303/6640/11 3308/6703/11 3252/6706/11 3250/6715/11
f 3179/7282/11 3178/6231/11 3173/7283/11 3176/7284/11
f 5581/7285/2343 5580/7286/18 5578/3333/1532 5579/3332/1531
f 5188/5664/2087 5189/5666/2088 2089/7287/2344 2088/5514/585
f 3127/7288/2329 3129/7289/2244 3134/7290/497 3126/7291/2288
f 6269/7292/2345 6266/7293/2346 6247/7294/39 6256/7295/38
f 3127/7288/2329 3126/7291/2288 3125/7296/2287 3124/7297/2330
f 1192/4007/1686 1189/1405/724 1187/1404/15 1188/7298/1801
f 3218/6642/11 3217/6641/11 3213/7299/11 3215/1879/11
f 3171/7300/498 3172/1743/896 3208/1742/11
f 2314/1211/11 2313/1210/11 2286/519/11 2287/518/11
f 3242/6713/11 3241/7301/11 3239/7302/11 3240/6711/11
f 5274/6127/40 5275/6130/2173 5273/1784/925 5272/1783/924
f 3310/7303/11 3309/7304/11 3304/6639/11 3305/7305/11
f 3311/7306/11 3310/7303/11 3305/7305/11 3306/7307/11
f 3121/7231/2141 3122/7308/2347 3114/7309/2324 3113/7232/2323
f 3315/6704/11 3330/7078/11 3284/7227/11 3255/6705/11
f 1271/6808/275 1290/490/275 1303/489/307 1276/4269/307
f 1343/7123/476 1397/634/365 1402/633/364 1346/1120/600
f 1115/3727/757 1116/3730/11 1053/6355/951 1052/7310/1448
f 4733/743/405 4732/742/406 4229/1550/406 4230/7311/405
f 3761/7312/11 3765/7313/11 3329/4109/11 3326/7314/11
f 5397/7315/510 5408/6670/510 5409/6673/317 5398/7316/317
f 2824/1392/11 2823/7317/11 2814/3249/11 2815/3248/11
f 6141/7318/254 6140/7319/255 6053/7320/255 6054/7321/254
f 3394/5830/11 3393/6299/2063 3387/7322/2065 3388/5829/11
f 2818/6142/11 2817/6660/11 2798/6702/11 2799/6750/11
f 3276/6667/315 3273/7106/315 3267/7244/952 3269/6668/952
f 3236/7238/11 3239/7302/11 3241/7301/11 3238/7236/11
f 3229/7134/11 3230/7133/11 3225/3552/11 3224/3551/11
f 3306/7307/11 3305/7305/11 3219/4091/11 3222/749/11
f 3202/7323/11 3199/6716/11 2762/5297/11 2767/6207/11
f 3323/6542/11 3321/7324/11 3230/7133/11 3232/6543/11
f 5008/7325/254 5007/7326/2259 4543/7327/2348 4544/7328/945
f 608/7329/710 607/7330/76 605/3270/76 606/3269/710
f 1137/708/40 1127/3813/757 1115/3035/757 1120/3034/40
f 3220/750/11 3216/1878/11 3210/1881/11 3211/4118/11
f 5463/7331/15 5467/7332/15 5468/7333/15 5464/7334/15
f 1059/3834/63 1064/7335/1415 1065/7336/1415 1061/3831/63
f 3145/7281/11 3144/6949/11 3140/6952/11 3141/4095/11
f 3209/1880/11 3208/1742/11 3190/1741/11 3191/7337/11
f 5528/4657/374 5538/7338/374 6360/7339/270 6326/4658/270
f 3211/4118/11 3210/1881/11 3192/7340/11 3193/4119/11
f 3705/6728/11 3708/1812/11 3233/7341/11 3228/7342/11
f 3264/6976/1099 3266/2181/1099 3267/6961/952 3265/6977/952
f 3231/7132/11 3229/7134/11 3226/3915/11 3227/6353/11
f 4715/3911/280 4723/7343/382 4709/7344/2169 4705/7345/280
f 3146/4093/11 3139/4092/11 3086/1462/753 3095/7117/2318
f 3969/6132/11 3971/6131/11 3976/7346/11 3970/7347/11
f 3250/6715/11 3249/6228/11 3178/6231/11 3179/7282/11
f 3000/4642/1099 3002/4641/1099 3003/7348/952 3001/7349/952
f 1646/7350/1769 1660/7351/1769 1661/7352/1661 1647/7353/1661
f 3321/7324/11 3322/7354/11 3314/7184/11 3313/4130/11
f 3706/6729/11 3705/6728/11 3696/7355/11 3697/7356/11
f 5153/2754/279 5154/2755/280 5144/6237/280 5143/6236/279
f 4705/7345/280 4709/7344/2169 4698/4083/1715 4694/4082/280
f 5639/7357/254 5638/7358/255 5635/719/255 5636/718/254
f 4407/588/280 4423/7359/1110 4435/7360/281 4415/1298/281
f 3673/7361/11 3678/7362/11 3672/7363/11 3671/7364/11
f 3323/6542/11 3325/7365/11 3322/7354/11 3321/7324/11
f 3684/7366/112 3685/1007/112 3682/1006/260 3677/7367/260
f 3982/7368/11 3981/7369/11 3970/7347/11 3976/7346/11
f 3874/7370/11 3910/3926/11 3921/6133/11 3876/7371/11
f 5532/7372/374 5527/7373/318 5512/7374/318 5515/7375/374
f 3709/1811/11 3759/7376/11 3324/6541/11 3234/6544/11
f 496/1531/789 499/254/199 504/257/202 497/1532/790
f 5118/7377/1870 5119/4410/862 5087/4413/1437 5086/4721/1897
f 5490/7378/374 5503/7379/374 6361/7380/270 6362/7381/270
f 3193/4119/11 3192/7340/11 3185/6742/11 3188/6044/11
f 2802/6160/954 2801/2092/954 2779/3421/1246 2782/7382/1246
f 4652/2220/40 4671/2348/282 4673/2631/282 4653/2630/40
f 3246/6765/11 3245/2368/11 3241/7301/11 3242/6713/11
f 3623/7383/11 3618/7384/11 3541/7385/11 3548/7386/11
f 1677/5317/11 1678/7387/120 1675/5073/120 1672/5074/11
f 3698/7388/11 3694/3664/11 3690/6839/11 3691/7389/11
f 3270/7006/1099 3268/2180/1099 3261/2183/11 3263/7390/11
f 5213/5416/279 5225/7391/279 5226/4808/280 5214/5417/280
f 5099/7392/1769 5100/7393/1661 1661/7352/1661 1660/7351/1769
f 3202/7323/11 3203/3691/11 3200/7394/11 3199/6716/11
f 5349/3467/15 5353/7395/30 5338/7396/30 5333/7397/15
f 5515/7375/374 5512/7374/318 5504/7398/318 5507/7399/2349
f 747/3000/1187 749/2999/1187 751/7400/1969 748/5698/802
f 3694/3664/11 3692/1037/11 3689/5642/11 3690/6839/11
f 3233/7341/11 3231/7132/11 3227/6353/11 3228/7342/11
f 1076/3572/1606 1075/3571/1605 1071/7401/1630 1072/7402/1639
f 3196/6185/11 3197/3917/11 3194/4120/11 3189/6043/11
f 2713/5325/11 2712/7065/11 2706/3435/11 2707/3434/11
f 4916/6034/350 4913/7403/350 4903/7404/2350 4904/6035/2165
f 3084/1465/756 3094/7194/2254 3095/7117/2318 3086/1462/753
f 3473/4249/11 3474/4252/11 3471/7405/11 3466/7406/11
f 1589/896/489 1590/2652/1306 1597/2669/1318 1587/897/490
f 3288/4543/1852 3286/7407/1099 3281/4544/11
f 3312/7183/11 3311/7306/11 3306/7307/11 3307/4131/11
f 3295/3837/315 3297/2854/314 3279/2853/314 3277/3838/315
f 2738/6314/11 2737/3585/11 2721/3719/11 2723/3718/11
f 3273/7106/315 3276/6667/315 3278/7131/314 3275/6725/314
f 4934/7408/341 4929/5183/341 4755/3221/350 4813/3963/350
f 2490/2273/11 2521/3194/11 2526/3193/11 2492/2271/11
f 3039/2768/315 3038/7111/315 3030/7409/952 3033/2765/952
f 6057/5582/82 6058/7137/82 3907/6098/111 3906/5583/111
f 3278/7131/314 5689/4669/410 5688/7142/410
f 2973/1399/11 2972/7005/11 2966/6840/11 2969/1400/11
f 3298/7410/314 3297/2854/314 3295/3837/315 3296/7411/315
f 3428/5701/11 3432/5700/11 2078/5766/76 2080/2491/76
f 5731/2852/410 5690/4670/410 3279/2853/314
f 5648/4742/17 5647/7412/18 5631/7413/18 5632/7414/17
f 6364/7415/270 5615/7416/18 5626/7417/18 6363/7418/270
f 606/3164/710 613/904/495 614/907/495 608/2606/710
f 3002/4641/1099 3004/7202/1099 3005/7203/952 3003/7348/952
f 3283/4545/11 3285/7228/11 3290/4542/11
f 3288/4543/1852 3290/4542/11 3291/6802/1099
f 3721/7419/11 3724/5329/11 3727/5328/11 3722/7420/11
f 2073/7421/583 2074/7422/1396 2071/4928/1324 2072/2115/318
f 1844/4647/282 1843/3960/40 1839/1466/40 1840/3999/282
f 3305/7305/11 3304/6639/11 3218/6642/11 3219/4091/11
f 3023/6211/11 3022/6210/11 3019/7216/11 3020/7095/11
f 3031/6209/1099 3030/7423/952 3029/7199/952 3028/7198/1099
f 3439/6391/11 3438/7424/11 3416/7425/11 3422/6148/11
f 2879/7426/11 2878/6900/11 2860/6901/11 2861/6362/11
f 2838/6823/11 2842/6578/11 2845/6577/11 2840/6849/11
f 2543/5249/11 2540/5251/11 2530/4925/11 2532/4924/11
f 3911/3924/11 3909/3923/11 3885/7427/11 3896/7428/11
f 4008/5239/1099 4009/5238/802 4007/7429/1830 4006/7430/1099
f 3299/7431/315 3301/7141/314 3298/7410/314 3296/7411/315
f 5189/5666/2088 5190/7432/170 2091/7433/957 2089/7287/2344
f 3160/6880/11 3173/7283/11 3147/4094/11 3146/4093/11
f 5195/7434/279 5211/5415/279 5212/5418/280 5196/7435/280
f 637/2151/496 4396/1227/170 4397/1230/170 638/2111/496
f 5778/2201/410 5777/4449/410 3360/7436/314 3361/2202/314
f 3485/7437/11 3486/7438/11 3483/6953/11 3478/6955/11
f 2731/6582/11 3467/3952/11 3468/3955/11 2732/6357/11
f 5690/4670/410 5731/2852/410 5736/7439/409 5717/4667/409
f 2943/4216/1676 2941/3989/1676 2931/3992/11 2932/7039/11
f 3630/7440/11 3635/7441/11 3637/4355/11 3633/4354/11
f 3286/7407/1099 3287/7442/952 3271/7007/952 3270/7006/1099
f 2653/4744/1908 2650/4745/1909 2603/6271/2190 2609/7443/2351
f 2807/7444/1246 2828/6854/954 2803/7445/954 2789/7446/1246
f 3878/7447/11 3877/7448/11 3672/7363/11 3678/7362/11
f 5793/7449/409 5792/7450/409 5778/2201/410 5779/2200/1102
f 339/1153/40 343/2258/40 330/25/20 325/4121/1720
f 5175/2363/280 5185/7451/382 5166/7452/382 5162/2364/280
f 3488/4250/11 3473/4249/11 3414/5395/11 3444/5394/11
f 3307/4131/11 3306/7307/11 3222/749/11 3223/748/11
f 4690/4084/281 4689/7453/281 4668/5110/280 4670/4081/280
f 5760/7454/409 5742/7455/409 5733/7456/410 5734/7140/410
f 2859/6300/11 3073/5773/2111 3076/6647/2272 2863/6889/11
f 5733/7456/410 5732/2851/410 3297/2854/314 3298/7410/314
f 3322/7354/11 3327/6215/11 3320/6322/11 3314/7184/11
f 3245/2368/11 3244/2367/11 3238/7236/11 3241/7301/11
f 3403/7457/11 3404/6891/11 3402/6574/11 3400/6297/11
f 3765/7313/11 3771/4246/11 3370/4056/11 3329/4109/11
f 5594/7458/2352 5593/7459/18 5580/7286/18 5581/7285/2343
f 3192/7340/11 3191/7337/11 3184/4701/11 3185/6742/11
f 1438/3233/40 1439/1084/40 1416/1086/40 1415/4311/1795
f 4732/742/406 4726/4363/40 4225/1551/40 4229/1550/406
f 5812/7460/2353 5811/5157/2002 5789/5156/63 5791/7461/63
f 5651/5813/409 5654/7462/63 5649/7463/63 5646/5814/409
f 3240/6711/11 3239/7302/11 3144/6949/11 3145/7281/11
f 1284/6590/286 1283/6589/1876 1279/7464/291 1280/7465/287
f 3777/7466/1099 3779/7467/1099 3780/7468/952 3778/7469/952
f 2555/6658/11 3405/506/11 3406/509/11 2556/6511/11
f 3920/7470/260 3919/7471/259 3914/7472/259 3915/7473/260
f 4172/5065/350 4171/4001/1681 4162/7474/2354 4163/7475/299
f 1307/1066/40 1210/1109/40 165/49/40 400/1067/40
f 3345/7476/1099 3348/6386/1099 3349/6385/952 3347/7477/952
f 1491/4784/1661 1492/4783/318 1487/4628/318 1486/4627/1661
f 3859/5372/11 3862/7478/11 3863/7479/11 3860/5373/11
f 3962/7480/952 3965/7481/2355 3955/7482/2356 3952/7483/952
f 3356/7128/315 3355/7484/315 3346/7485/952 3347/7129/952
f 3335/7486/11 3334/7076/11 3331/6747/11 3332/6746/11
f 3302/6099/314 3301/7141/314 3299/7431/315 3300/6769/315
f 3377/7487/952 3778/7488/952 3783/6259/315 3381/7489/315
f 3343/7490/952 3354/6768/315 3300/6769/315 3294/7491/952
f 3683/7492/112 3686/6159/111 3687/7493/111 3684/7366/112
f 1849/5431/270 1850/5434/270 1848/7494/254 1847/7495/254
f 4772/1434/732 4770/1437/739 1453/6665/63 1454/6664/478
f 5974/7496/410 5832/5860/410 3383/7497/314 3785/6258/314
f 3663/6780/111 5921/6779/82 5922/6157/82 3664/6156/111
f 4439/7498/281 4437/3850/336 4436/3849/336 4438/7499/281
f 1453/6665/63 1450/7500/658 1358/5337/658 1434/5336/63
f 5493/5444/510 5496/7501/2357 5497/7502/2358 5494/5445/317
f 5792/7450/409 5783/4448/409 5777/4449/410 5778/2201/410
f 2236/5968/2147 2235/5971/2150 2228/5149/1058 2229/5148/2000
f 1435/6666/478 1434/5336/63 1424/5335/648 1426/7503/647
f 3784/6260/2188 3787/4794/1929 3788/5649/2082 3786/6257/2187
f 3404/6891/11 3412/7504/11 3413/5392/11 3409/6890/11
f 4757/4349/63 4729/2252/63 1328/2168/63 1446/7505/63
f 3762/7506/11 3761/7312/11 3759/7376/11 3760/7507/11
f 3380/7219/2334 3378/5341/2039 3373/7508/952 3375/7509/952
f 6365/7510/270 5610/7511/18 5615/7416/18 6364/7415/270
f 2446/2810/11 2450/3081/11 2445/6254/11 2443/2648/11
f 3457/6825/11 3459/7512/11 3460/7513/11 3458/6826/11
f 3381/7489/315 3380/7219/2334 3375/7509/952 3377/7487/952
f 1885/4993/40 1890/5402/40 1891/5489/1057 1886/5852/1057
f 5794/7514/409 5793/7449/409 5779/2200/1102 5780/5608/2069
f 3483/6953/11 3484/7515/11 3482/6810/11 3481/6809/11
f 4545/1832/946 4544/1831/945 4532/2866/1386 4533/2865/1385
f 5734/7140/410 5733/7456/410 3298/7410/314 3301/7141/314
f 2347/5565/11 2343/7516/11 2336/3040/11 2337/3039/11
f 3374/4973/1099 3372/4976/1099 3367/6865/11 3369/4058/11
f 5411/3935/15 5416/3934/15 5417/1632/15 5412/1631/15
f 3675/7517/11 3674/7518/11 3667/7519/11 3668/7520/11
f 5395/7521/317 5387/1351/318 5379/1354/318 5382/7522/317
f 3784/6260/2188 3783/6259/315 3778/7488/952 3780/7523/952
f 5195/7434/279 5196/7435/280 5179/5855/280 5178/7524/279
f 3412/7504/11 3442/7525/11 3443/5393/11 3413/5392/11
f 3766/7526/11 3765/7313/11 3761/7312/11 3762/7506/11
f 3368/4059/11 3369/4058/11 3367/6865/11 3366/6214/11
f 5841/5858/409 5833/7527/409 5830/7528/2359 5831/5859/2129
f 752/5980/1970 751/7400/1969 749/2999/1187 750/4762/1918
f 4734/1592/307 4738/7529/307 4235/7530/307 4231/1593/307
f 3633/4354/11 3631/4123/11 3629/6178/11 3630/7440/11
f 1496/2760/11 1497/2802/11 782/35/27 781/34/26
f 3355/7484/315 3354/6768/315 3343/7490/952 3346/7485/952
f 3383/7497/314 3382/7220/2335 3380/7219/2334 3381/7489/315
f 3471/7405/11 3469/3953/11 3465/6382/11 3466/7406/11
f 2887/6846/11 2886/6762/11 2877/6907/11 2882/6847/11
f 2900/7023/301 2899/7022/2184 2894/7531/1246 2895/7532/301
f 3373/7508/952 3378/5341/2039 3364/5344/953 3353/5945/952
f 3466/7406/11 3465/6382/11 3408/508/11 3410/7533/11
f 3422/6148/11 3424/6147/2077 3439/6391/11
f 1246/60/50 1241/6358/1764 1233/7534/1765 1237/5862/2131
f 2733/2090/11 2667/4849/1944 2666/5687/2092 2660/1659/851
f 3079/6472/2241 3065/6471/2240 3060/7535/2360 3063/6296/11
f 4127/7536/326 4142/7537/1994 4118/7538/2361 4109/7539/2362
f 5100/5359/1661 5101/5358/318 1662/7540/318 1661/7541/1661
f 3938/4372/11 3937/4371/11 3934/7542/11 3936/7543/11
f 1970/5499/2028 1972/7544/1456 1864/7120/802 1863/5500/11
f 3447/3526/11 3449/3525/11 3450/6827/11 3448/7545/11
f 3429/5676/2090 3421/7546/11 2053/5822/11 2070/5821/1398
f 5483/6897/15 5488/5564/15 5489/5563/15 5484/6898/15
f 3445/3527/11 3442/7525/11 3438/7424/11 3439/6391/11
f 2497/6575/11 2495/4351/11 2491/964/11 2492/2271/11
f 3409/6890/11 3413/5392/11 3414/5395/11 3410/7533/11
f 5702/7547/254 5701/7548/255 5682/7549/255 5683/7550/254
f 3618/7384/11 3617/4842/11 3538/7551/11 3541/7385/11
f 3699/7552/11 3700/7553/11 3697/7356/11 3695/3665/11
f 3490/2357/11 3489/2356/11 3448/7545/11 3450/6827/11
f 3442/7525/11 3445/3527/11 3447/3526/11 3443/5393/11
f 3493/2355/11 3491/4251/11 3488/4250/11 3489/2356/11
f 3455/7554/11 3457/6825/11 3449/3525/11 3446/3528/11
f 4747/4024/307 4751/7555/307 4738/7529/307 4734/1592/307
f 3679/7556/11 3678/7362/11 3673/7361/11 3674/7518/11
f 3490/2357/11 3497/7557/11 3500/7558/11 3495/2354/11
f 2997/4648/11 3015/5333/11 3024/5332/1099 3004/7202/1099
f 3489/2356/11 3488/4250/11 3444/5394/11 3448/7545/11
f 2826/6731/11 2825/1393/11 2816/6662/11 2819/6661/11
f 3534/6816/11 3532/6819/11 3526/5711/11 3527/5710/11
f 1347/1419/63 1446/7505/63 1328/2168/63 1323/462/63
f 5392/3944/318 5391/3943/374 5386/1352/374 5387/1351/318
f 3516/5751/11 3515/6643/11 3501/6646/11 3503/7559/11
f 5142/2752/40 5141/2751/101 5127/3732/101 5128/3731/40
f 1866/5295/282 1865/5106/40 1845/4646/40 1846/4645/282
f 3580/7560/11 3578/2452/11 3564/6341/11 3565/6906/11
f 5975/7561/2363 5974/7496/410 3785/6258/314 3786/6257/2187
f 3498/4335/11 3497/7557/11 3458/6826/11 3460/7513/11
f 5627/7562/17 5626/7563/18 5615/7564/18 5616/7030/17
f 3515/6643/11 3518/4946/11 3513/7565/11 3508/6644/11
f 3350/6383/1099 3352/7566/1099 3353/7567/952 3351/6384/952
f 5557/7086/2054 5558/7085/2317 5550/7568/2364 5548/7569/2055
f 3459/7512/11 3462/6656/11 3463/7570/11 3460/7513/11
f 3416/7425/11 3438/7424/11 3411/7571/11 3398/5645/11
f 5830/7528/2359 5781/5607/2068 3365/5343/1084 3379/5342/2040
f 2924/7003/11 2923/2949/301 2909/7020/301 2910/7572/11
f 3511/7573/11 3512/5653/11 3510/7574/11 3509/7575/11
f 3497/7557/11 3490/2357/11 3450/6827/11 3458/6826/11
f 3486/7438/11 3487/7576/11 3484/7515/11 3483/6953/11
f 6338/5591/270 5334/5590/374 5350/7577/374 6366/7578/270
f 3350/6383/1099 3348/6386/1099 3338/1887/11 3339/1886/11
f 3701/7579/11 3691/7389/11 3484/7515/11 3487/7576/11
f 3473/4249/11 3466/7406/11 3410/7533/11 3414/5395/11
f 3871/5428/11 3867/7580/11 3856/7581/11 3861/5429/11
f 3858/7582/11 3857/6859/11 3638/4356/11 3640/7583/11
f 3821/6923/1099 3819/7584/1099 3814/7585/11 3816/7586/11
f 3506/7587/11 3509/7575/11 3486/7438/11 3485/7437/11
f 3509/7575/11 3510/7574/11 3487/7576/11 3486/7438/11
f 3604/7588/260 3603/7589/259 3596/5775/259 3597/7590/260
f 3492/4439/11 3506/7587/11 3485/7437/11 3475/4440/11
f 3539/7591/11 3536/6654/11 3533/6818/11 3535/6817/11
f 3881/6862/259 3880/7592/11 3680/7593/11 3681/4968/259
f 5326/7594/510 5339/7595/510 5340/7596/317 5327/7597/317
f 5562/7598/374 5565/7599/1673 5541/7600/318 5539/7601/318
f 3621/362/11 3619/4843/11 3617/4842/11 3618/7384/11
f 3517/5752/11 3629/6178/11 3631/4123/11 3522/4125/11
f 5742/7455/409 5741/7602/409 5732/2851/410 5733/7456/410
f 3653/7603/11 3656/7604/11 3652/7605/11 3650/1157/11
f 3226/3915/11 3229/7134/11 3224/3551/11 3214/3916/11
f 3718/5652/11 3717/7606/11 3510/7574/11 3512/5653/11
f 2803/7445/954 2802/6160/954 2782/7382/1246 2789/7446/1246
f 3618/7384/11 3623/7383/11 3625/363/11 3621/362/11
f 2972/7005/11 2971/6958/11 2965/3488/11 2966/6840/11
f 1672/5074/11 1671/3409/11 1669/4368/291 1670/5318/291
f 5710/7607/17 5709/7608/18 5697/5135/18 5698/5134/17
f 3725/7609/11 3723/7610/11 3718/5652/11 3719/5651/11
f 3517/5752/11 3516/5751/11 3503/7559/11 3505/6179/11
f 403/862/476 328/2573/476 154/715/307 173/863/307
f 4848/4618/1877 4847/1410/725 4788/1413/728 4789/2762/63
f 5485/5835/374 5490/7378/374 6362/7381/270 6344/5836/270
f 1718/5264/2031 1720/7611/1420 1702/5040/1652 1700/5039/1968
f 2995/4650/11 3014/6842/11 3015/5333/11 2997/4648/11
f 3421/7546/11 3429/5676/2090 3433/5678/2091 3426/7612/2365
f 3204/1040/11 3205/1039/11 3203/3691/11 3202/7323/11
f 3877/7448/11 3858/7582/11 3640/7583/11 3672/7363/11
f 3683/7492/112 3670/7613/260 3658/7614/260 3661/7615/112
f 1717/7616/2030 1699/4977/1967 1675/5005/120 1678/7617/120
f 3507/7618/11 3506/7587/11 3492/4439/11 3494/7619/11
f 1678/7617/120 1723/7620/1114 1736/7621/1117 1717/7616/2030
f 5976/5648/2081 5975/7561/2363 3786/6257/2187 3788/5649/2082
f 3376/7622/1099 3777/7466/1099 3778/7469/952 3377/7623/952
f 3669/7624/259 3668/7520/11 3656/7604/11 3657/5310/259
f 3596/5775/259 3595/5774/11 3587/7625/11 3588/7626/259
f 2367/1117/11 2366/3033/11 2352/4023/11 2354/1114/11
f 3595/5774/11 3594/7627/11 3583/7628/11 3587/7625/11
f 5029/4296/63 5012/2713/63 1526/2714/63 1610/2071/63
f 3630/7440/11 3629/6178/11 3620/6177/11 3622/365/11
f 3313/4130/11 3314/7184/11 3312/7183/11 3307/4131/11
f 3849/7629/11 3851/7630/11 3738/7631/11 3731/3866/11
f 3835/7632/11 3833/7633/11 3811/7634/11 3812/7635/11
f 3520/4945/11 3518/4946/11 3515/6643/11 3516/5751/11
f 5653/4741/17 5652/7636/18 5647/7412/18 5648/4742/17
f 2932/7039/11 2931/3992/11 2925/4213/11 2926/4212/11
f 3850/6860/11 3849/7629/11 3632/4124/11 3634/4357/11
f 3588/7626/259 3587/7625/11 3584/7637/11 3585/7638/259
f 3499/4336/11 3498/4335/11 3460/7513/11 3463/7570/11
f 3624/7639/11 3641/7640/11 3647/7641/11 3627/2404/11
f 3586/7642/194 3585/7638/259 3568/4322/259 3569/4321/195
f 689/7643/16 691/7644/304 686/7645/1417 684/7646/1235
f 3734/7647/11 3732/7648/11 3729/2593/11 3730/2592/11
f 627/1821/710 625/1824/76 623/105/76 624/7195/710
f 4810/7649/1802 4804/7650/679 4750/7651/474 4752/7652/18
f 3575/828/462 3572/2147/1088 3571/5247/2029
f 5609/6102/409 5614/6101/409 5617/7653/63 5612/7654/63
f 3735/3581/11 3739/7655/11 3740/7656/11 3737/3578/11
f 3585/7638/259 3584/7637/11 3567/4329/11 3568/4322/259
f 2109/4559/1859 2110/7657/2099 3553/6265/2189 2108/4560/1860
f 3880/7592/11 3879/7658/11 3679/7556/11 3680/7593/11
f 3642/1159/11 3641/7640/11 3592/5043/11 3600/7659/11
f 1458/2197/40 1459/1161/40 1439/1084/40 1438/3233/40
f 3518/4946/11 3519/2594/11 3514/5654/11 3513/7565/11
f 3990/6785/111 3991/6795/2280 3988/6737/2277 3987/5022/112
f 5311/5820/110 5310/143/110 2126/5806/910 2127/6797/910
f 5344/5802/110 5343/5801/110 2128/6796/910 2157/5805/910
f 6154/6786/2278 6156/2401/409 6146/2400/409 6129/6097/2171
f 6221/6937/81 6235/6931/81 6213/2585/82 6212/6928/82
f 4294/1768/110 5309/142/110 5312/141/109 4303/7660/109
f 2155/2509/954 2156/4930/954 2127/6797/910 2126/5806/910
f 5892/5785/82 3614/5784/111 3613/5809/111
f 204/7661/963 203/7662/493 197/250/198 202/249/197
f 5871/651/318 5863/7663/318 5289/1458/318 5307/1457/318
f 2880/6764/11 2879/7426/11 2861/6362/11 2862/6361/11
f 3549/2710/11 3550/5045/11 3547/7664/11 3546/2711/11
f 3594/7627/11 3595/5774/11 3599/4574/11
f 6144/6172/254 6143/6171/255 6140/7319/255 6141/7318/254
f 3819/7584/1099 3820/7665/952 3792/7666/952 3791/6450/1099
f 2082/2114/1072 2085/7667/584 2073/7421/583 2072/2115/318
f 3603/7589/259 3602/4571/11 3596/5775/259
f 537/1877/496 535/1876/495 531/1790/495 534/1817/496
f 3862/7478/11 3859/5372/11 3857/6859/11 3858/7582/11
f 2883/6848/11 2882/6847/11 2878/6900/11 2879/7426/11
f 1711/5032/1424 1791/4866/1423 1793/4869/1947 1710/5033/1979
f 5101/5358/318 5110/7668/1251 1664/2469/1241 1662/7540/318
f 3628/2405/11 3648/7669/11 3665/7670/11 3636/7671/11
f 5341/7672/510 5354/7673/510 5355/7674/317 5342/7675/317
f 2199/1859/954 2200/5873/954 2160/5794/910 2159/1860/910
f 3046/6303/2195 3044/6485/2231 2560/6447/2235 2562/6304/2196
f 3543/2712/11 3546/2711/11 3539/7591/11 3535/6817/11
f 6159/2402/63 6187/7676/63 6188/7677/63 6160/7678/63
f 3607/3620/260 3606/3619/259 3603/7589/259 3604/7588/260
f 1776/7679/1503 1778/7680/1502 1774/7681/1972 1772/7682/2033
f 5630/6782/409 5633/7683/63 5628/7684/63 5625/7278/409
f 3903/3779/112 3904/7685/112 3900/7686/260 3895/3780/260
f 191/913/126 190/912/499 179/7687/215 182/7688/2366
f 3581/7689/11 3580/7560/11 3565/6906/11 3566/4330/11
f 5241/811/170 5242/1897/170 2120/5754/957 2115/5755/957
f 5891/5807/82 5892/5785/82 3613/5809/111 3577/5808/2121
f 3953/1855/953 3954/7690/1084 3848/6776/1084 3847/1856/953
f 5373/7691/110 5372/5792/110 2331/5795/910 2332/6721/910
f 6020/6792/2068 6039/7692/2068 6042/7090/409 6026/6789/409
f 6089/6726/82 6100/7693/81 6114/5886/81 6090/5889/82
f 4325/7694/1004 4345/7695/382 4324/7696/944 4323/7697/1005
f 114/7698/1762 113/7699/291 92/7700/291 93/7701/1721
f 3643/1160/11 3642/1159/11 3600/7659/11 3601/4573/11
f 3329/4109/11 3328/4108/11 3325/7365/11 3326/7314/11
f 3670/7702/260 3669/7624/259 3657/5310/259 3658/5309/260
f 1868/5441/270 1867/7703/254 1848/7494/254 1850/5434/270
f 3715/1170/11 3744/1169/11 3745/2685/11 3716/3814/11
f 1770/5159/1192 1768/5162/15 1766/2428/1223 1767/7704/1478
f 3654/5311/259 3653/7603/11 3644/7705/11 3645/3618/259
f 1059/3834/63 1058/3833/1505 1028/6134/1191 1029/3741/63
f 3598/7706/11 3600/7659/11 3592/5043/11 3591/5042/11
f 1399/6062/40 1432/4444/40 1433/4558/40 1401/6138/2175
f 3744/1169/11 3746/7707/11 3747/2686/11 3745/2685/11
f 3636/7671/11 3635/7441/11 3626/364/11 3628/2405/11
f 3649/1158/11 3647/7641/11 3641/7640/11 3642/1159/11
f 3939/7708/11 3935/4857/11 3870/4859/11 3875/5315/11
f 1327/4514/40 4728/4362/40 4756/1451/40 1445/3200/40
f 3611/7074/112 3612/146/112 3607/7709/260 3604/7075/260
f 3666/7710/11 3665/7670/11 3648/7669/11 3651/7711/11
f 3660/6963/112 3661/7615/112 3658/7614/260 3655/6964/260
f 2509/7712/11 2510/6331/11 2508/6700/11 2503/2953/11
f 3922/5599/11 3921/6133/11 3910/3926/11 3916/3925/11
f 4751/7555/307 4754/3220/350 4741/3222/350 4738/7529/307
f 5376/6674/15 5377/6306/15 5363/7713/15 5362/7714/15
f 3659/145/112 3646/6962/260 3607/7709/260 3612/146/112
f 6229/591/30 6226/7715/30 6220/1586/15 6225/84/15
f 1750/7716/676 1872/4995/1479 1882/4994/40 1760/5171/40
f 3652/7605/11 3651/7711/11 3649/1158/11 3650/1157/11
f 3828/2188/953 3843/7717/953 3845/7718/1084 3830/2187/1084
f 3624/7639/11 3623/7383/11 3548/7386/11 3551/5044/11
f 3627/2404/11 3647/7641/11 3648/7669/11 3628/2405/11
f 3673/7361/11 3671/7364/11 3665/7670/11 3666/7710/11
f 3513/7565/11 3511/7573/11 3507/7618/11 3508/6644/11
f 3858/7582/11 3877/7448/11 3883/7719/11 3862/7478/11
f 3854/5375/11 3851/7630/11 3849/7629/11 3850/6860/11
f 3447/3526/11 3448/7545/11 3444/5394/11 3443/5393/11
f 5685/7720/403 5683/7721/254 5681/7722/254 5684/7723/403
f 3907/6098/111 3908/7139/111 3904/7685/112 3903/3779/112
f 5447/7724/374 5471/7725/374 6367/7726/270 6368/7727/270
f 3846/6777/1084 3845/7718/1084 3843/7717/953 3844/6778/953
f 3432/5700/11 3437/5699/11 3453/6717/11 3436/6075/11
f 5459/6784/110 5458/5870/110 2804/6853/910 2805/6856/910
f 5343/5801/110 5329/5804/109 5328/5819/109 5311/5820/110
f 16/1372/714 18/120/89 21/119/88 17/1373/119
f 5383/6189/109 5375/6675/109 5372/5792/110 5373/7691/110
f 3599/4574/11 3598/7706/11 3593/7728/11 3594/7627/11
f 2049/4864/1269 2048/7729/1879 1605/4375/1807 1608/4374/1271
f 4071/284/225 4066/1516/779 385/3049/63 389/1336/63
f 1325/2527/40 1327/4514/40 1324/1841/40 1315/1843/40
f 3701/7579/11 3702/7730/11 3698/7388/11 3691/7389/11
f 6369/7731/270 5647/7732/18 5652/6192/18 6351/6191/270
f 3589/7733/260 3588/7626/259 3585/7638/259 3586/7642/194
f 5741/7602/409 5736/7439/409 5731/2852/410 5732/2851/410
f 1717/5263/2030 1736/4905/1117 1737/4908/1446 1718/5264/2031
f 1906/6321/1415 1904/5275/1415 1901/3175/1353 1902/5152/1353
f 2914/6959/11 2913/6957/11 2906/6683/11 2907/3489/11
f 3930/5001/111 3927/5004/112 3904/7685/112 3908/7139/111
f 5696/7734/409 5699/7735/63 5694/7736/63 5691/7737/409
f 3879/7658/11 3878/7447/11 3678/7362/11 3679/7556/11
f 3660/6963/112 3663/6780/111 3664/6156/111 3661/7615/112
f 5399/1793/110 5374/1792/110 2333/6093/910 2358/6092/910
f 3890/5142/11 3887/5143/11 3879/7658/11 3880/7592/11
f 1942/2741/1353 1945/7738/1415 1941/7739/1415 1939/2742/1353
f 3743/7740/11 3750/7741/11 3754/6971/11 3748/7742/11
f 3712/3816/11 3710/1809/11 3706/6729/11 3707/7743/11
f 3522/4125/11 3523/3867/11 3521/2595/11 3520/4945/11
f 1861/7744/11 1953/7745/2028 1956/5498/2028 1862/5501/11
f 3768/7746/11 3769/6806/11 3764/7747/11 3763/7748/11
f 3583/7628/11 3582/7749/11 3580/7560/11 3581/7689/11
f 3831/3363/11 3817/3362/11 3803/4840/11 3810/7098/11
f 1899/3542/1597 1932/4950/1567 1822/7750/1582 1818/7751/1573
f 5764/7752/63 5772/7753/2367 5759/7754/403 5750/7755/63
f 3763/7748/11 3764/7747/11 3762/7506/11 3760/7507/11
f 3537/6655/11 3540/7756/11 3541/7385/11 3538/7551/11
f 3702/7730/11 3703/7757/11 3699/7552/11 3698/7388/11
f 3770/6805/11 3801/6804/11 3813/7758/11 3789/7759/11
f 3347/7477/952 3346/7002/952 3344/7001/1099 3345/7476/1099
f 2865/6916/11 2868/6915/11 2870/6837/11 2867/6517/11
f 3934/7542/11 3937/4371/11 3812/7635/11 3809/7760/11
f 3742/7761/11 3741/1168/11 3722/7420/11 3727/5328/11
f 3681/4968/259 3680/7593/11 3675/7517/11 3676/4969/259
f 2480/1862/11 2481/6283/11 2479/2597/11 2478/1863/11
f 3768/7746/11 3763/7748/11 3713/3815/11 3716/3814/11
f 4283/7762/341 4278/7763/341 4219/3184/350 4224/612/350
f 3867/7580/11 3871/5428/11 3872/5314/11 3868/5313/11
f 1987/7764/2098 1991/7765/1633 1975/7766/2368 1965/5360/2042
f 3680/7593/11 3679/7556/11 3674/7518/11 3675/7517/11
f 3703/7757/11 3704/7767/11 3700/7553/11 3699/7552/11
f 5765/3970/409 5768/7768/63 5763/7769/63 5760/7454/409
f 1032/3599/1586 1034/3598/1491 1020/3577/270 1018/5661/510
f 5948/7770/82 5960/7771/81 5965/7772/81 5949/7773/82
f 1832/7774/11 1831/3874/11 1828/3873/11 1830/5202/11
f 1616/1610/827 5035/2639/827 5036/4255/828 1617/1611/828
f 1860/7775/757 1861/7744/11 1830/5202/11 1829/5201/757
f 3793/4793/953 3825/2131/953 3826/2134/1084 3794/5650/1084
f 1633/7776/1864 1644/7777/1185 1592/656/375 1577/659/377
f 3707/7743/11 3706/6729/11 3697/7356/11 3700/7553/11
f 3855/5374/11 3860/5373/11 3861/5429/11 3856/7581/11
f 3720/7778/11 3723/7610/11 3724/5329/11 3721/7419/11
f 6056/5581/82 6061/7779/81 6069/7780/81 6057/5582/82
f 3821/6923/1099 3822/6925/952 3820/7665/952 3819/7584/1099
f 1168/2933/684 1169/2932/684 1164/7781/759 1163/7782/759
f 3752/4692/11 3751/4691/11 3737/3578/11 3740/7656/11
f 3722/7420/11 3741/1168/11 3714/1171/11 3704/7767/11
f 3852/7783/11 3855/5374/11 3856/7581/11 3853/7784/11
f 1603/2341/1187 1600/4441/1187 1591/4442/375 1592/2338/375
f 4599/3940/1666 4604/5546/342 4606/5057/342 4600/5058/1983
f 4768/1589/40 4769/4576/40 1452/4557/40 1451/4443/40
f 3798/7785/11 3797/2683/11 3747/2686/11 3749/7786/11
f 3525/5713/11 3528/5575/11 3530/3901/11 3527/5710/11
f 4934/7787/341 4935/7788/279 4930/1065/279 4929/1064/341
f 5451/5928/317 5441/5931/318 5433/6836/318 5436/7789/317
f 3969/6132/11 3941/7790/11 3876/7371/11 3921/6133/11
f 1583/2449/1234 1582/2448/1233 1580/7791/2369 1581/4696/1892
f 5977/7792/409 5982/7793/409 5985/7794/63 5980/7795/63
f 2022/7796/2270 2024/6545/1960 2020/3829/1656 2019/3692/1632
f 3807/7797/11 3806/7097/11 3804/7798/11 3805/7799/11
f 3463/7570/11 3538/7551/11 3617/4842/11 3499/4336/11
f 5645/7113/410 5686/6723/410 5691/7737/409 5668/7800/409
f 3913/7801/11 3912/7802/11 3897/4804/11 3898/4803/11
f 3789/7759/11 3775/7803/11 3767/7804/11 3770/6805/11
f 3804/7798/11 3798/7785/11 3749/7786/11 3755/6973/11
f 2823/7317/11 2822/7805/301 2813/6770/301 2814/3249/11
f 2988/7806/11 2987/6903/11 2982/6942/11 2983/6905/11
f 5970/7807/374 5962/7808/318 5954/7809/318 5957/7810/374
f 5985/7794/63 5996/5407/63 5997/5406/63 5986/7811/63
f 5043/2722/1323 5030/2721/1339 1615/4778/658 1618/7812/1317
f 5730/7813/2370 5727/7814/403 5716/7815/63 5721/7816/63
f 5412/1631/15 5420/1630/30 5407/7064/30 5404/6580/15
f 4278/7763/341 4273/3936/341 4194/3185/350 4219/3184/350
f 6370/7817/270 6059/7818/30 5963/7819/30 6371/7820/270
f 166/5266/291 168/1663/11 149/1666/11 147/7821/291
f 3779/7467/1099 3781/6451/1099 3782/7822/952 3780/7468/952
f 3787/4794/1929 3784/6260/2188 3780/7523/952 3782/4795/952
f 5824/5140/17 5823/7823/18 5799/7824/18 5800/7825/17
f 1639/7826/1231 1646/7350/1769 1647/7353/1661 1642/7827/1997
f 5831/5859/2129 5830/7528/2359 3379/5342/2040 3382/7220/2335
f 6041/7828/2068 6040/7829/2068 3846/6777/1084 3848/6776/1084
f 3714/1171/11 3715/1170/11 3712/3816/11 3707/7743/11
f 1602/4636/1808 1601/2654/1308 1599/2653/1307 1600/4441/1187
f 6020/6792/2068 6019/6791/2068 3829/2133/1084 3830/2187/1084
f 3478/6955/11 3477/6954/11 3470/3954/11 3472/7830/11
f 3767/7804/11 3766/7526/11 3762/7506/11 3764/7747/11
f 5486/3197/318 5494/3196/317 5497/7831/2358 5491/7832/318
f 3931/5002/111 3932/6727/111 3929/5025/112 3928/5003/112
f 6002/7833/2068 6001/5647/2068 3794/5650/1084 3826/2134/1084
f 2890/6638/11 2889/6637/11 2884/6763/11 2885/2849/11
f 4225/1551/40 4726/4363/40 1325/2527/40 409/2528/40
f 2194/5918/11 2192/5850/11 2190/5849/11 2191/6151/11
f 3191/7337/11 3190/1741/11 3183/4702/11 3184/4701/11
f 3805/7799/11 3804/7798/11 3755/6973/11 3757/6972/11
f 3739/7655/11 3852/7783/11 3853/7784/11 3740/7656/11
f 3870/4859/11 3869/4801/11 3866/4800/11 3868/5313/11
f 3815/4838/11 3813/7758/11 3801/6804/11 3802/4839/11
f 3958/7834/11 3961/7835/1099 3951/7836/1099 3948/7837/11
f 5405/7838/374 5413/7839/374 6372/7840/270 6373/7841/270
f 3797/2683/11 3799/7842/11 3796/6803/11 3795/2684/11
f 3723/7610/11 3725/7609/11 3726/5330/11 3724/5329/11
f 3854/5375/11 3855/5374/11 3852/7783/11 3851/7630/11
f 3795/2684/11 3796/6803/11 3769/6806/11 3768/7746/11
f 3639/7843/11 3637/4355/11 3635/7441/11 3636/7671/11
f 2925/4213/11 2924/7003/11 2910/7572/11 2911/4214/11
f 3949/7844/1099 3950/7845/952 3842/7846/952 3841/7847/1099
f 3823/6852/1099 3821/6923/1099 3816/7586/11 3818/3365/11
f 3243/7848/11 3256/7093/11 3020/7095/11 2989/7849/11
f 5896/7850/30 5895/7851/30 6375/7852/270 6374/7853/270
f 2995/4650/11 2994/4649/11 2973/1399/11 2974/1398/11
f 3686/6159/111 3683/7492/112 3661/7615/112 3664/6156/111
f 617/2607/495 619/2138/496 620/7112/496 618/7854/495
f 5346/5793/110 5372/5792/110 5375/6675/109 5361/7855/109
f 2950/4421/1819 2951/6975/2299 2919/1764/908 2918/5761/908
f 2800/2091/954 2768/2094/910 2360/5571/910 2384/5570/954
f 6019/6791/2068 6002/7833/2068 3826/2134/1084 3829/2133/1084
f 6092/7856/81 6099/7857/81 6088/7858/82 6087/7138/82
f 1847/3956/254 1848/4958/254 1846/4957/282 1844/3957/282
f 3947/4369/11 3948/7837/11 3946/7859/11 3945/4370/11
f 3838/7860/952 3843/7717/953 3828/2188/953 3824/7861/952
f 2912/4215/11 2911/4214/11 2902/6634/11 2903/6633/11
f 1865/5106/40 1860/5105/757 1829/6111/757 1845/4646/40
f 3038/7111/315 3037/7103/315 3029/7104/952 3030/7409/952
f 2828/6854/954 2804/6853/910 2771/5885/910 2803/7445/954
f 610/2608/710 617/2607/495 618/7854/495 612/7862/710
f 2355/5872/954 2356/6720/954 2332/6721/910 2331/5795/910
f 5482/6107/109 5466/6783/109 5459/6784/110 5460/6108/110
f 6039/7692/2068 6020/6792/2068 3830/2187/1084 3845/7718/1084
f 5204/5421/2045 5203/5420/2044 5201/6812/2281 5202/6894/2128
f 5857/111/82 5862/110/81 5866/7115/81 5858/825/82
f 6014/7863/63 6015/7864/63 6007/5405/63 6006/5404/63
f 3935/4857/11 3939/7708/11 3940/5412/11 3936/7543/11
f 3544/2455/11 3545/2454/11 3543/2712/11 3542/3900/11
f 3637/4355/11 3639/7843/11 3640/7583/11 3638/4356/11
f 1861/7744/11 1862/5501/11 1832/7774/11 1830/5202/11
f 3836/7865/11 3946/7859/11 3949/7844/1099 3841/7847/1099
f 1988/3052/1455 1989/5092/1635 1870/1873/341 1869/1872/63
f 1330/689/40 1329/688/40 1316/7866/40 1317/7867/40
f 1725/1638/579 1724/4904/1441 1712/7868/41 1713/1639/40
f 5954/7809/318 5953/7869/318 5939/7870/318 5940/7871/318
f 5103/4891/1768 5105/4890/1953 5100/7393/1661 5099/7392/1769
f 3361/2202/314 3360/7436/314 3355/7484/315 3356/7128/315
f 3199/6716/11 3200/7394/11 3196/6185/11 3195/6184/11
f 3959/7872/11 3960/7873/11 3958/7834/11 3957/7874/11
f 1801/2523/254 1802/6330/254 1800/6329/282 1799/2524/282
f 3528/5575/11 3525/5713/11 2094/4017/76 2100/3846/76
f 3883/7719/11 3886/7875/11 3888/7876/11 3884/7877/11
f 3758/4802/11 3869/4801/11 3933/4858/11 3808/7878/11
f 3200/7394/11 3201/3918/11 3197/3917/11 3196/6185/11
f 1623/4879/1093 2060/4878/1257 2083/7879/1912 1665/7107/1259
f 3691/7389/11 3690/6839/11 3482/6810/11 3484/7515/11
f 3337/1889/11 3336/1888/11 3318/7880/11 3319/7182/11
f 5924/7881/15 5932/5892/15 5941/5891/1049 5928/7882/1049
f 1647/5113/1661 1661/7541/1661 1662/7540/318 1648/5114/318
f 1864/5396/802 1869/1872/63 1856/1875/63 1838/6219/802
f 3860/5373/11 3863/7479/11 3864/5430/11 3861/5429/11
f 6220/1586/15 6226/7715/30 6179/7883/30 6175/7884/15
f 3864/5430/11 3885/7427/11 3909/3923/11 3873/5427/11
f 3873/5427/11 3909/3923/11 3910/3926/11 3874/7370/11
f 3912/7802/11 3911/3924/11 3896/7428/11 3897/4804/11
f 3841/7847/1099 3839/7885/1099 3834/7886/11 3836/7865/11
f 5821/7887/2332 5820/7888/2371 5804/7889/63 5806/7890/63
f 3526/5711/11 3532/6819/11 3453/6717/11 3437/5699/11
f 66/361/15 65/360/16 7/430/55 8/397/278
f 3812/7635/11 3937/4371/11 3945/4370/11 3835/7632/11
f 632/2153/496 631/2152/495 618/7854/495 620/7112/496
f 3676/4969/259 3675/7517/11 3668/7520/11 3669/7624/259
f 3897/4804/11 3896/7428/11 3888/7876/11 3889/4805/11
f 3901/1004/112 3905/5580/111 3906/5583/111 3902/3778/112
f 3833/7633/11 3835/7632/11 3836/7865/11 3834/7886/11
f 3833/7633/11 3831/3363/11 3810/7098/11 3811/7634/11
f 4002/5061/11 4001/5060/11 3995/7891/11 3996/5204/11
f 633/2075/495 637/2151/496 638/2111/496 634/2076/495
f 5374/1792/110 5373/7691/110 2332/6721/910 2333/6093/910
f 5190/7432/170 5205/231/170 2097/5734/957 2091/7433/957
f 5458/5870/110 5457/5869/110 2771/5885/910 2804/6853/910
f 3955/7482/2356 3953/1855/953 3950/1854/952 3952/7483/952
f 5832/5860/410 5831/5859/2129 3382/7220/2335 3383/7497/314
f 5356/7892/109 5347/5803/109 5344/5802/110 5345/7893/110
f 2057/2208/1107 2056/5707/759 2036/5557/759 2037/5556/1107
f 3352/7566/1099 3350/6383/1099 3339/1886/11 3341/4238/11
f 6376/7894/270 5796/7895/18 5799/7896/18 6377/7897/270
f 1789/5474/41 1785/5473/291 1781/3663/291 1784/3662/41
f 5666/7898/63 5679/7899/403 5661/7900/403 5655/7901/63
f 523/1791/710 531/1790/495 535/1876/495 525/6519/710
f 3977/7902/11 3976/7346/11 3971/6131/11 3972/7903/11
f 1325/2527/40 4726/4363/40 4728/4362/40 1327/4514/40
f 5464/7334/15 5468/7333/15 5476/7904/30 5475/7905/30
f 2626/7906/1124 2628/7907/1123 2615/7043/1683 2617/7908/1682
f 2382/3205/954 2383/3204/954 2359/5572/910 2358/6092/910
f 6378/7909/270 4350/7910/279 4338/6061/279 6348/6060/270
f 5681/7911/254 5680/7912/255 5677/7913/255 5678/7914/254
f 3317/6749/11 3316/6748/11 3309/7304/11 3310/7303/11
f 1213/2756/11 1223/6087/11 1224/6088/120 1214/2757/120
f 518/7915/2311 529/1774/915 530/1789/495 521/1788/927
f 5643/754/410 5642/2861/410 3040/2864/314 3041/5719/314
f 5231/1898/170 5232/812/170 2107/7189/957 2105/1899/957
f 6091/5888/82 3932/6727/111 6090/5889/82
f 2196/2921/954 2197/2920/954 2157/5805/910 2128/6796/910
f 5410/2778/109 5402/1794/109 5399/1793/110 5400/2779/110
f 6099/7857/81 6100/7693/81 6089/6726/82 6088/7858/82
f 6168/6979/81 6164/6793/82 6091/5888/82 6119/5887/81
f 6112/7916/30 6117/7917/30 6118/7918/15 6113/7919/15
f 5707/7920/409 5696/7734/409 5687/6722/410 5688/7142/410
f 3973/7921/11 3972/7903/11 3923/5598/11 3924/7922/11
f 6123/7923/378 6124/7924/374 6111/7925/374 6109/7926/378
f 3985/5206/259 3984/5205/11 3978/7927/11 3979/332/259
f 2393/3317/11 2391/3697/11 2386/5400/11 2387/3318/11
f 1749/4982/15 1752/5229/15 1753/1306/15 1751/1305/15
f 1763/7928/2008 1762/7929/1661 1759/7930/1833 1761/7931/2006
f 3889/4805/11 3888/7876/11 3886/7875/11 3887/5143/11
f 3758/4802/11 3757/6972/11 3756/4690/11 3753/4689/11
f 448/1702/792 447/1701/603 443/1470/604 444/1469/758
f 2993/4643/11 2992/7019/11 2990/7004/11 2991/6690/11
f 3962/7480/952 3964/6930/2296 3965/7481/2355
f 5880/7049/81 5891/5807/82 5859/826/82 5879/7116/81
f 2124/7932/2115 3570/309/240 2119/312/243 2123/1758/904
f 3966/6787/2279 3967/6929/2295 3968/5759/2104
f 5499/6987/110 5498/5740/110 2891/5743/910 2892/7933/2372
f 5952/7934/81 5947/6158/82 5922/6157/82 5938/7053/81
f 5016/5958/63 5058/4295/1790 5059/7935/2373 5017/7936/63
f 4016/6933/1088 4017/5715/1088 4004/7937/1087 3998/7938/1087
f 3993/7939/11 3994/7940/11 3960/7873/11 3959/7872/11
f 2133/3636/301 2132/7941/1246 2129/7942/693 2130/7011/938
f 2892/7933/2372 2916/6244/2183 2917/5763/2107 2893/5762/2106
f 4024/7034/2313 4023/7032/1828 4011/7033/2024 4015/7943/929
f 5242/1897/170 5267/1786/902 2121/7944/2374 2120/5754/957
f 4508/7945/2375 4517/7946/2376 4530/7947/2377 4523/6874/2286
f 5345/7893/110 5344/5802/110 2158/1861/910 2159/1860/910
f 6200/7046/409 6189/6999/409 6182/5757/410 6183/4478/410
f 3993/7939/11 3999/7948/11 4000/7949/11 3994/7940/11
f 310/2753/63 296/3050/63 274/366/268 286/8/8
f 3998/7950/1087 3997/5203/259 3985/5206/259 3986/5435/2046
f 3994/7940/11 4006/7430/1099 3963/7951/1099 3960/7873/11
f 1922/5424/2022 1923/2743/318 1893/5423/318 1892/5448/2022
f 2917/5763/2107 2916/6244/2183 2899/6247/2184 2908/7952/2312
f 6173/7953/2378 6170/6165/318 6121/6168/318 6127/7954/2379
f 1889/5153/318 1888/3174/1497 1884/5222/2007 1887/5221/2022
f 4278/857/341 4279/856/279 4274/7955/279 4273/7956/341
f 4006/7430/1099 4007/7429/1830 3964/7957/2296 3963/7951/1099
f 4031/6982/2302 4027/6990/1840 4024/7958/2313 4022/7217/2333
f 2582/7959/11 2581/6308/11 2494/6056/11 2496/6055/11
f 3947/4369/11 3957/7874/11 3958/7834/11 3948/7837/11
f 3978/7927/11 3977/7902/11 3972/7903/11 3973/7921/11
f 3572/2147/1088 3575/828/462 3576/827/461 3573/247/196
f 4004/7960/1087 4005/7961/2380 4013/1799/931 4003/6974/259
f 6212/6928/82 4028/5716/1284 3992/6926/2293
f 4028/5716/1284 4017/5715/1088 4016/6933/1088
f 4303/7660/109 4296/5797/2120 4290/1769/912 4294/1768/110
f 6248/6932/81 6249/7962/2304 6218/7963/2300 6214/2586/82
f 2252/5976/2149 2254/7964/2381 2251/7965/2382 2238/5977/2153
f 4345/7695/382 4346/4494/1848 4344/4493/1847 4324/7696/944
f 1979/7966/1303 1977/5451/2047 1974/3145/1488 1975/7967/2368
f 4804/7968/679 4803/2982/40 4749/2985/40 4750/7969/474
f 3984/5205/11 3983/7970/11 3977/7902/11 3978/7927/11
f 4017/5715/1088 4021/5714/2096 4005/7971/2380 4004/7937/1087
f 4236/7027/18 4234/7026/474 4212/7972/370 4221/7973/2383
f 1836/4963/11 1835/3881/11 1831/3874/11 1832/7774/11
f 521/2911/927 520/387/274 2131/386/273 518/7013/2311
f 4014/7974/928 4013/7975/931 4005/7976/2380
f 6266/7977/2346 6269/7978/2345 6263/7979/1853 6264/7980/2384
f 2939/7010/2310 2940/7981/2385 2953/7982/2307 2952/7983/2386
f 2920/5950/909 2951/7984/2299 2952/7983/2386 2921/5951/2140
f 4021/5714/2096 4029/2584/1284 4030/2587/1285
f 2959/7985/2387 2955/7036/1828 2944/7986/1760 2946/7987/1759
f 2114/5725/1207 2116/5735/1207 2110/5736/2099 2109/5726/1859
f 4020/4457/1828 4023/7032/1828 4025/5764/1071
f 2952/7983/2386 2953/7982/2307 2956/7988/2306 2921/5951/2140
f 4027/4480/1840 4026/4479/1071 4024/7034/2313
f 4026/4479/1071 6183/4478/410 4025/5764/1071
f 6218/7963/2300 4030/2587/1285 6214/2586/82
f 5574/2108/410 5522/6996/410 2956/6994/2306 2957/2109/1071
f 6216/7989/2303 6215/4477/410 4027/4480/1840
f 6239/7990/2309 6238/7045/409 6215/4477/410 6216/7989/2303
f 6184/7000/409 6156/2401/409 6154/6786/2278 6155/5758/410
f 5542/7991/109 5535/7992/109 5517/1763/110 5518/1762/110
f 5508/6986/109 5500/6739/109 5498/5740/110 5499/6987/110
f 2960/2227/1112 3006/2226/315 3008/7050/314 2962/5739/2101
f 6122/7993/1049 6123/7994/378 6109/7995/378 6108/7996/1049
f 4977/7997/1661 4982/7998/1661 4983/4565/318 4978/4495/318
f 132/7999/657 277/8000/40 322/4089/1716 144/4079/1714
f 4038/330/21 4043/8001/2388 4105/327/256
f 1880/3402/1548 1876/726/397 1814/729/400 1815/3452/1569
f 4110/342/63 4046/2563/73 4041/343/73
f 4244/8002/407 4248/464/296 4243/467/298 4242/8003/596
f 3963/7951/1099 3964/7957/2296 3962/8004/952 3961/7835/1099
f 4043/8001/2388 4048/8005/2389 4156/8006/2390
f 6116/8007/318 6124/8008/374 6127/7954/2379 6121/6168/318
f 4161/2562/1273 4055/8009/2391 4046/2563/73
f 4050/8010/1835 4048/8011/2389 4047/8012/2392
f 4052/8013/2393 4050/8014/1835 4047/8015/2392 4049/8016/2394
f 4048/8005/2389 4050/4468/1835 4165/4467/1834
f 4910/8017/2395 4986/8018/2396 4902/8019/2397 4901/4314/1798
f 4106/1044/576 4156/8006/2390 4157/1111/599
f 4996/8020/2398 4995/8021/2399 4994/8022/2400 4993/8023/2401
f 4170/4000/1680 4056/8024/2402 4055/8009/2391
f 4162/7474/2354 4161/2562/1273 4111/469/300
f 4991/8025/2403 4992/8026/2404 4997/8027/2405 4996/8028/2398
f 4990/8029/2406 4989/8030/2407 4910/8017/2395 4959/8031/2408
f 4157/1111/599 4165/4467/1834 4166/8032/2409
f 4997/8033/2405 4992/8034/2404 4962/8035/2410 4969/8036/2411
f 4241/1104/598 4240/1103/597 4051/8037/1836
f 4245/8038/2412 4241/8039/598 4051/8040/1836 4053/8041/2413
f 1099/1178/622 1100/8042/1543 1085/3556/1603 1082/1179/623
f 6317/4012/1690 4580/4011/1689 4563/8043/1558 6380/8044/2414 6379/8045/2415
f 4245/8046/2412 4246/8047/408 4244/1101/407 4241/1104/598
f 187/823/460 186/6399/188 188/1747/187 185/1746/898
f 4996/8048/2398 4997/8049/2405 4970/8050/2416 4920/8051/2417
f 4253/8052/1096 4252/8053/2418 4058/8054/2419
f 4171/4001/1681 4170/4000/1680 4162/7474/2354
f 1463/2763/63 1462/2952/63 1442/3745/1641 1443/486/63
f 1181/6858/760 1199/6857/759 1203/2313/1163 1183/2312/760
f 5317/8055/15 5318/8056/15 5321/1127/15 5313/1126/15
f 283/8057/2420 281/8058/2421 269/527/325 270/526/324
f 4159/8059/2422 4109/7539/2362 4108/4964/1966
f 1693/8060/1528 1706/3410/1552 1708/6186/1423 1701/8061/1949
f 4904/6035/2165 4903/7404/2350 4846/1411/726 4847/1410/725
f 4117/1481/762 4119/758/413 4179/757/412
f 276/562/340 284/616/352 285/6124/40 277/8000/40
f 1399/6062/40 1394/6190/40 1342/59/49 1345/1147/613
f 959/2358/1193 960/3339/1537 957/8062/1453 958/3351/1539
f 1729/8063/956 1728/5077/1460 1725/1638/579 1726/1637/842
f 4074/8064/993 4079/8065/630 4080/8066/2264
f 4771/783/436 4775/8067/731 4776/8068/1936 4773/784/437
f 2757/6286/11 2738/6314/11 2723/3718/11 2728/6528/11
f 4494/8069/817 4493/8070/2423 4092/3654/1629 4093/3653/746
f 3009/7051/314 3008/7050/314 3006/2226/315 3007/3131/315
f 4839/2968/1421 4838/8071/2424 4833/8072/1050 4834/4604/737
f 4891/3493/1580 4890/3492/1579 4838/8071/2424 4839/2968/1421
f 600/1947/966 602/2040/1040 604/2039/1034 595/1948/983
f 5115/1206/644 5117/1205/643 5114/8073/1935 4781/5076/1937
f 4080/6611/2264 4082/6610/2263 4440/8074/2041
f 3972/7903/11 3971/6131/11 3922/5599/11 3923/5598/11
f 740/4737/1906 743/4736/864 757/4811/863 741/4761/1917
f 4458/8075/784 4083/8076/2425 4081/8077/2036
f 432/8078/310 429/2616/793 426/2615/219 413/8079/222
f 368/321/252 365/3843/1659 363/3842/1658 369/322/253
f 5098/1438/740 5027/1441/743 4766/785/438 4773/784/437
f 4092/8080/1629 4089/8081/2426 4088/8082/663
f 868/2303/1159 869/8083/1229 870/4901/1461 867/1052/579
f 414/8084/233 415/8085/290 418/8086/357 60/8087/234
f 4465/8088/2427 4464/8089/2428 4089/8090/2426
f 5056/4412/1817 5113/4411/861 4774/2056/1051 4767/8091/2429
f 4767/8091/2429 4774/2056/1051 4833/2055/1050 4798/8092/1866
f 4833/8072/1050 4838/8071/2424 4801/4347/1803 4798/4585/1866
f 717/8093/2430 715/156/120 642/159/123 643/1225/654
f 4464/8089/2428 4465/8088/2427 4468/8094/2431
f 5300/2083/1063 5301/8095/1368 5297/8096/1934 5293/2084/1064
f 4090/8097/1865 4490/8098/1817 4491/1585/818
f 5055/1545/797 5085/1544/796 5087/4413/1437 5056/4412/1817
f 6092/7856/81 6087/7138/82 6058/7137/82 6076/8099/81
f 5116/1207/645 5115/1206/644 4781/5076/1937 4782/5075/735
f 4838/8071/2424 4890/3492/1579 4816/3959/1667 4801/4347/1803
f 3511/7573/11 3509/7575/11 3506/7587/11 3507/7618/11
f 5654/7462/63 5665/6966/63 5666/7898/63 5655/7901/63
f 4493/8070/2423 4492/8100/2432 4092/3654/1629
f 5038/1440/742 5042/8101/2433 5037/1500/768 5026/1499/767
f 5112/8102/1871 5111/2618/1298 5109/2520/1252 5110/2519/1251
f 4970/8050/2416 4967/3518/1591 4919/3521/1592 4920/8051/2417
f 244/8103/2434 242/8104/2435 239/8105/2436 243/8106/2437
f 241/8107/546 242/8108/2435 244/8109/2434 245/8110/543
f 238/2692/1328 240/8111/545 216/8112/540 215/70/59
f 243/8113/2437 239/8114/2436 237/8115/1327 226/8116/2438
f 4100/8117/2439 4101/8118/2440 4104/8119/2441
f 4136/1023/565 4133/1022/531 4097/8120/530
f 4141/8121/2442 4126/8122/936 4102/8123/2443
f 4102/8124/2443 4126/8125/936 4136/8126/565
f 4140/8127/564 4134/970/532 4133/969/531
f 4139/8128/2269 4138/8129/2268 4135/8130/2444
f 4124/1806/937 4126/1805/936 4128/8131/329
f 4143/5095/1992 4128/8132/329 4126/8122/936
f 6292/2098/1069 4559/2097/1070 4426/3297/1516 6302/3301/1519
f 4147/8133/2267 4144/5096/1993 4141/8121/2442
f 2207/2068/1060 2206/8134/166 2201/4143/1048 2204/4142/393
f 6181/8135/2445 6178/8136/318 6170/6165/318 6173/7953/2378
f 5428/5883/110 5427/5718/110 2769/2093/910 2770/5884/910
f 4132/8137/518 4160/8138/2446 4159/8059/2422 4168/8139/2447
f 4909/4780/1926 4907/4781/977 4893/818/456 4894/817/455
f 4169/4404/1812 4168/8139/2447 4159/8059/2422
f 3130/8140/2247 3131/8141/498 3134/8142/497 3129/8143/2244
f 4041/8144/73 4040/8145/277 4035/408/277 4036/407/73
f 4125/8146/327 4127/8147/326 4160/8148/2446
f 4160/8149/2446 4132/951/518 4125/5619/327
f 3914/7472/259 3913/7801/11 3898/4803/11 3899/8150/259
f 4325/8151/1004 4326/8152/316 4308/8153/319 4307/8154/1973
f 213/8155/334 250/613/333 249/457/292 269/527/325
f 4160/8138/2446 4127/7536/326 4109/7539/2362 4159/8059/2422
f 4892/3264/1508 4894/817/455 4888/820/458 4887/4239/40
f 4179/757/412 4185/5780/2114 4187/5163/2004
f 905/8156/1466 904/2745/1355 874/8157/1450 875/8158/1447
f 6242/8159/32 6241/8160/31 6278/8161/302 6381/8162/2448 6382/8163/2449
f 6384/8164/2450 6240/8165/2451 6383/8166/2452
f 4145/8167/414 4150/8168/2453 4178/8169/411
f 5017/7936/63 5013/8170/802 5003/5234/802 5001/2795/63
f 116/8171/1910 115/8172/291 113/7699/291 114/7698/1762
f 324/4989/476 280/2015/1028 135/596/307 146/716/307
f 4183/4602/1872 4215/8173/2454 4218/3183/350 4193/3182/350
f 5567/8174/2455 5569/2829/1375 5564/3973/1672 5566/8175/2456
f 4124/8176/937 4130/6205/2178 4137/1020/563
f 213/540/334 211/938/508 209/8177/502 206/541/332
f 2278/8178/1351 2261/5841/1350 2258/5844/1227 2259/8179/1226
f 2280/5030/1977 2281/2127/1080 2277/2130/1083 2276/6004/2156
f 4050/8180/1835 4052/8181/2393 4053/8182/2413 4051/8183/1836
f 3120/7205/2142 3124/8184/2330 3125/6875/2287 3119/7201/2143
f 2597/8185/2457 2596/8186/2051 2595/8187/1915 2594/8188/1914
f 4661/8189/884 4660/8190/883 4663/8191/2127 4662/8192/2458
f 1538/2381/1198 1533/2380/1197 1507/2957/1206 1508/193/151
f 4477/8193/513 4501/8194/512 4472/8195/773 4473/8196/772
f 4152/8197/1248 4150/8168/2453 4146/8198/2459
f 290/8199/40 379/437/40 380/440/40 291/1265/40
f 4909/4780/1926 4951/8200/2460 4953/8201/2461 4911/4776/1924
f 4176/4765/350 4172/5065/350 4163/7475/299 4164/8202/2462
f 258/8203/573 345/8204/578 347/8205/712 261/8206/574
f 4394/8207/281 4393/1494/336 4391/1493/336 4392/3479/281
f 5326/7594/510 5327/7597/317 5324/941/317 5323/940/510
f 4258/8208/279 4256/8209/2463 4254/8210/1095 4255/8211/341
f 2088/5514/585 2089/7287/2344 2086/8212/2464 2084/8213/582
f 1906/5270/1415 1905/4971/63 1903/2350/63 1904/5307/1415
f 4242/8214/596 4243/4402/298 4167/4405/1508 4166/8032/2409
f 4261/8215/296 4260/8216/2314 4247/466/297 4249/465/296
f 4341/418/254 4340/417/282 4317/5630/282 4318/5629/254
f 4255/5306/341 4254/2170/1095 4174/2173/1098 4175/5064/350
f 4678/2733/254 4677/2732/282 4674/8217/282 4676/8218/254
f 3657/5310/259 3656/7604/11 3653/7603/11 3654/5311/259
f 4046/8219/73 4045/8220/277 4040/8145/277 4041/8144/73
f 3894/699/259 3893/4806/11 3890/5142/11 3891/700/259
f 1685/3179/40 1688/3178/18 1690/5107/18 1687/4959/40
f 4004/7960/1087 4003/6974/259 3997/5203/259 3998/7950/1087
f 4286/8221/814 4285/8222/813 4280/8223/2465 4281/8224/296
f 4500/8225/514 4499/8226/1020 4492/8100/2432 4493/8070/2423
f 5502/5562/15 5505/8227/2466 5495/8228/2467 5489/5563/15
f 4218/3183/350 4223/609/350 4224/612/350 4219/3184/350
f 4456/1962/992 4457/4760/785 4075/8229/733 4074/1963/993
f 4276/8230/296 4275/8231/2468 4266/8232/298 4267/8233/296
f 3939/7708/11 3941/7790/11 3942/5413/11 3940/5412/11
f 4266/5165/298 4275/8234/2468 4216/8235/2469 4188/5166/1508
f 4271/3937/341 4269/605/341 4191/608/350 4192/3938/350
f 308/1155/40 309/1154/40 285/6124/40 284/616/352
f 4808/4935/386 4807/4070/40 4803/2982/40 4804/7968/679
f 5325/8236/30 5322/5132/30 5321/1127/15 5318/8056/15
f 1245/8237/47 1238/8238/2130 1229/8239/1674 1231/8240/1708
f 4802/2983/40 4805/4071/40 4793/4341/40 4792/4344/40
f 6148/5605/2066 6147/8241/18 6133/8242/18 6137/8243/17
f 137/8244/42 164/1554/41 172/1555/405 153/8245/467
f 315/8246/373 317/645/371 318/644/40 316/4069/40
f 315/8247/373 323/8248/1717 326/2377/1196 317/2376/371
f 4049/8016/2394 4047/8015/2392 4042/8249/16 4044/8250/15
f 3957/7874/11 3947/4369/11 3938/4372/11 3943/5411/11
f 4289/604/279 4287/603/270 4282/690/270 4284/738/279
f 3835/7632/11 3945/4370/11 3946/7859/11 3836/7865/11
f 79/422/16 80/425/21 75/8251/21 74/8252/16
f 4731/8253/40 4730/8254/41 4227/8255/41 4228/7055/40
f 5670/8256/17 5669/8257/18 5663/8258/18 5664/8259/17
f 2362/3211/301 2361/6181/1246 2344/5717/1246 2345/3212/301
f 4198/7056/40 4197/641/42 4195/640/369 4196/4088/40
f 2182/2552/11 2181/3470/301 2176/653/301 2177/652/11
f 5025/8260/381 5023/3933/1664 5009/1829/944 5011/8261/382
f 6361/7380/270 5503/7379/374 5511/8262/374 6385/8263/270
f 120/2199/303 119/2198/291 115/8172/291 116/8171/1910
f 1934/5304/1566 1917/5124/270 1821/5127/270 1823/3499/1583
f 4382/2792/40 4381/215/101 4379/4248/101 4380/8264/40
f 5928/8265/1049 5941/8266/1049 5942/8267/378 5929/8268/378
f 4215/8173/2454 4220/8269/2470 4223/609/350 4218/3183/350
f 3139/4092/11 3138/7229/11 3085/1463/754 3086/1462/753
f 4740/881/282 4739/880/18 4236/8270/18 4237/8271/282
f 4193/3182/350 4190/8272/350 4182/4177/1743 4183/4602/1872
f 3185/6742/11 3184/4701/11 3181/4704/11 3182/6743/11
f 3531/3902/11 3530/3901/11 3528/5575/11 3529/5574/11
f 291/1265/40 380/440/40 381/348/40 292/351/40
f 5384/6188/15 5389/6187/15 5390/6146/15 5385/6145/15
f 6386/8273/270 4352/8274/279 4350/7910/279 6378/7909/270
f 2551/6281/11 2552/8275/11 2544/5250/11 2543/5249/11
f 1210/1109/40 1307/1066/40 1316/7866/40 1220/3979/40
f 5351/8276/374 5359/3786/374 6312/3789/270 6387/8277/270
f 3502/4334/11 3500/7558/11 3497/7557/11 3498/4335/11
f 4736/8278/40 4735/8279/40 4232/7054/40 4233/4927/40
f 1214/8280/120 1215/8281/275 170/1867/275 169/1866/120
f 2998/6866/1099 3000/4642/1099 3001/7349/952 2999/6867/952
f 4264/593/270 4261/592/296 4249/8282/296 4251/8283/270
f 4650/2221/342 4652/2220/40 4653/2630/40 4651/6239/342
f 267/78/40 290/8199/40 291/1265/40 268/79/40
f 715/156/120 717/8093/2430 718/8284/1927 716/4113/377
f 4743/3988/41 4746/3987/405 4733/8285/405 4730/8286/41
f 4737/8287/474 4736/8278/40 4233/4927/40 4234/4926/474
f 729/8288/1928 728/5996/1208 650/3068/1465 651/3067/1464
f 4257/8289/341 4269/8290/341 4270/8291/279 4259/8292/279
f 3886/7875/11 3883/7719/11 3877/7448/11 3878/7447/11
f 4740/881/282 4921/8293/813 4926/2148/813 4753/878/282
f 167/1525/595 166/1524/291 147/695/291 148/694/389
f 4010/5059/1984 4008/5239/1099 4000/7949/11 4001/5060/11
f 4748/2984/40 4744/6068/40 4731/8253/40 4735/8279/40
f 4258/8294/279 4259/8295/279 4251/8283/270 4250/744/270
f 4749/2985/40 4748/2984/40 4735/8279/40 4736/8278/40
f 2305/3284/11 2307/5922/11 2308/5924/11 2306/3285/11
f 1673/3106/120 1695/3105/802 950/2797/802 927/2800/120
f 1987/5732/2098 1986/2656/1310 1983/2659/1313 1984/5729/2097
f 1856/1875/63 1857/1874/341 1855/3899/341 1854/3892/63
f 4256/8296/2463 4258/8294/279 4250/744/270 4246/747/408
f 1500/2843/914 1499/5493/40 784/2264/40 785/2263/1138
f 1225/8297/275 1228/1088/307 1218/860/307 1215/877/275
f 4380/8264/40 4379/4248/101 4365/1415/101 4366/1414/40
f 4281/8224/296 4280/8223/2465 4275/8231/2468 4276/8230/296
f 4222/8298/2471 4280/8299/2465 4285/8300/813 4237/8271/282
f 4288/875/341 4283/7762/341 4224/612/350 4239/611/350
f 2208/2026/11 2143/2029/11 526/2104/76 605/3270/76
f 3178/6231/11 3177/6230/11 3147/4094/11 3173/7283/11
f 3746/7707/11 3744/1169/11 3741/1168/11 3742/7761/11
f 4364/1417/40 4363/1416/101 4349/1653/101 4348/3235/40
f 779/2102/63 769/2101/478 746/2628/174 762/2627/63
f 5278/8301/2145 5276/8302/2472 5273/8303/925 5275/8304/2173
f 4657/2633/40 4674/2632/282 4677/6892/282 4658/6893/40
f 5208/8305/40 5207/8306/101 5193/5665/101 5194/8307/40
f 6126/8308/2473 6127/8309/2379 6124/7924/374 6123/7923/378
f 4576/1316/40 4586/1315/282 4588/8310/282 4577/2543/40
f 4287/603/270 4286/8311/814 4281/691/296 4282/690/270
f 2445/6254/11 2444/6253/11 2442/2649/11 2443/2648/11
f 412/280/221 433/2497/312 434/2500/308 413/281/222
f 5297/8312/1934 5294/8313/2146 5292/8314/2172 5293/8315/1064
f 3175/6879/11 3174/6878/497 3171/7300/498 3208/1742/11
f 1062/3707/63 1079/3648/1455 1080/6622/1621 1078/8316/1620
f 4928/5881/270 4927/8317/296 4922/8318/814 4923/602/270
f 1217/1075/405 1216/1074/586 171/1218/586 172/8319/405
f 6266/7293/2346 6265/8320/53 6245/8321/52 6247/7294/39
f 850/4521/282 845/4522/1257 818/8322/1274 823/8323/872
f 1990/8324/1634 1984/8325/2097 1868/5441/270 1871/5440/1644
f 4268/5367/270 4267/8326/296 4263/595/296 4265/594/270
f 942/2610/1295 945/2609/1294 946/8327/1527 944/3344/1538
f 3415/8328/11 3416/7425/11 3398/5645/11 3397/5601/11
f 4220/8269/2470 4235/7530/307 4238/610/350 4223/609/350
f 102/1409/120 101/848/120 94/454/11 95/453/11
f 1021/5587/1407 1002/3313/15 972/3208/15 989/3207/1407
f 1517/243/192 1539/242/191 1540/6421/2218 1518/5721/150
f 2043/4284/1545 2042/5491/76 2038/8329/76 2039/8330/760
f 5315/3777/318 5314/3776/374 4306/5450/374 4309/512/318
f 4306/8331/374 5314/5840/374 6346/5839/270 6388/8332/270
f 2110/7657/2099 2111/6251/1696 3554/5768/2108 3553/6265/2189
f 1677/5317/11 1722/4951/1964 1723/4954/1114 1678/7387/120
f 4283/854/341 4288/563/341 4289/566/279 4284/855/279
f 4513/8333/2474 4515/8334/2475 4511/4894/1956 4485/4893/1955
f 5361/7855/109 5356/7892/109 5345/7893/110 5346/5793/110
f 4326/8335/316 4325/8336/1004 4321/8337/162
f 3381/7489/315 3783/6259/315 3785/6258/314 3383/7497/314
f 5535/7992/109 5523/6985/109 5516/6934/110 5517/1763/110
f 1483/532/330 1484/535/331 1478/4508/331 1479/4507/330
f 1935/5211/2019 1936/5214/1511 1919/5486/1049 1918/5485/378
f 345/8204/578 351/114/83 353/117/86 347/8205/712
f 4369/8338/279 4383/636/279 4384/577/280 4370/543/280
f 4322/205/163 4314/8339/2476 4313/206/164
f 6193/287/63 6206/61/51 6211/64/54 6199/8340/2477
f 1996/8341/1986 1997/8342/1980 1709/8343/1981 1710/8344/1979
f 5107/8345/1952 5108/8346/318 5106/5357/318 5105/5356/1953
f 4375/4798/336 4377/3480/336 4374/8347/254 4372/8348/254
f 4372/6116/254 4371/6115/282 4354/5636/282 4355/5635/254
f 4375/4798/336 4372/8348/254 4355/552/254 4357/551/336
f 4327/5983/510 5322/5982/30 5323/6597/510
f 2597/8185/2457 2629/4933/1122 2435/3559/11 2428/5724/11
f 3152/4187/1748 3155/4186/1747 3156/7181/2246 3058/6413/2213
f 5238/7224/254 5237/7223/282 5228/4853/282 5227/4852/254
f 1473/4310/1794 1478/4245/331 1412/91/65 1306/94/68
f 5867/8349/318 5866/7115/81 5862/110/81 5863/7663/318
f 1984/8325/2097 1983/8350/1313 1867/7703/254 1868/5441/270
f 1960/1295/40 1961/5099/1618 1959/8351/1833 1958/4360/40
f 4378/3481/281 4377/3480/336 4375/4798/336 4376/4797/281
f 1299/8352/1220 1298/8353/1698 1259/8354/1697 1261/8355/2478
f 4263/8356/296 4262/8357/2005 4260/8216/2314 4261/8215/296
f 3149/8358/2327 3159/8359/2142 3165/6026/2141 3153/6025/2162
f 5356/7892/109 5361/7855/109 5362/7714/15 5358/3465/15
f 5315/3777/318 5324/5442/317 5327/4791/317 5320/3774/318
f 6341/5596/270 4310/5595/1975 4305/8360/1974 4306/8331/374 6388/8332/270 6389/8361/270
f 4250/744/270 4251/8283/270 4249/8282/296 4248/745/296
f 5950/8362/30 5951/6359/15 5937/5893/15 5936/8363/30
f 4338/8364/279 4339/8365/280 4337/8366/280 4336/8367/279
f 4686/8368/281 4683/8369/336 4682/3378/336 4685/8370/281
f 4350/2916/279 4351/2917/280 4339/8365/280 4338/8364/279
f 4635/8371/1070 4634/8372/341 4633/2309/341 4632/2308/1070
f 4412/1097/336 4409/1100/254 4390/1495/254 4393/1494/336
f 4413/8373/281 4412/1097/336 4393/1494/336 4394/8207/281
f 4230/7311/405 4229/1550/406 4203/1553/801 4204/638/367
f 129/560/338 132/7999/657 120/8374/303 116/4746/1910
f 2849/5921/11 2852/6709/11 2853/6908/11 2850/6691/11
f 273/367/63 272/1384/63 264/1383/63 255/368/63
f 4371/8375/282 4373/8376/282 4366/1414/40 4364/1417/40
f 5917/8377/1049 5928/8265/1049 5929/8268/378 5918/8378/378
f 6244/1418/63 6246/45/36 6247/48/39 6245/62/52
f 4340/8379/282 4342/3237/282 4335/3236/40 4333/8380/40
f 6390/8381/270 4369/8382/279 4367/8383/279 6391/8384/270
f 295/978/63 294/977/63 272/1384/63 273/367/63
f 630/8385/2479 629/3683/76 626/1823/76 628/1822/710
f 4307/4997/1973 4337/8366/280 4345/8386/382 4325/8387/1004
f 4319/1128/15 4312/8388/2480 4298/8389/2481 4304/1125/15
f 3918/8390/11 3917/5600/11 3912/7802/11 3913/7801/11
f 4235/7530/307 4738/7529/307 4741/3222/350 4238/610/350
f 3417/6149/11 3422/6148/11 3416/7425/11 3415/8328/11
f 4637/8391/254 4636/8392/282 4620/8393/282 4621/8394/254
f 5705/8395/254 5704/8396/255 5701/7548/255 5702/7547/254
f 4181/4178/1744 4189/4764/350 4176/4765/350 4164/8202/2462
f 4371/8375/282 4364/1417/40 4348/3235/40 4354/3234/282
f 2171/3148/11 2168/7058/11 2150/4392/11 2151/4391/11
f 1066/8397/1614 1063/3398/1546 1049/3397/81 1054/3671/1631
f 4752/7652/18 4750/7651/474 4737/7025/474 4739/7024/18
f 5426/4433/110 5401/2780/110 2360/5571/910 2768/2094/910
f 580/1984/426 590/1920/964 591/1923/967 584/1985/1008
f 4279/739/279 4277/693/270 4268/5367/270 4274/5366/279
f 4226/1590/63 4095/4556/63 399/1561/63 410/1560/63
f 4641/8398/281 4640/3449/336 4625/3798/336 4627/8399/281
f 2134/385/11 2133/3636/301 2130/7011/938 2131/386/273
f 1514/2392/1203 1513/2391/40 1499/5493/40 1500/2843/914
f 4233/4927/40 4232/7054/40 4210/7057/40 4211/1282/40
f 2327/3615/11 2478/1863/11 2479/2597/11 2330/2596/11
f 5448/6067/318 5447/8400/374 5445/8401/374 5446/5930/318
f 5003/8402/802 5013/3796/802 5014/3795/802 5004/8403/802
f 1958/4360/40 1959/8351/1833 1928/8404/1587 1927/4361/40
f 2191/6151/11 2297/2805/11 2299/2804/11 2194/5918/11
f 4623/1049/281 4622/1048/336 4597/3395/336 4598/3394/281
f 4662/8405/2458 4684/8406/281 4643/5894/281 4634/5897/341
f 1291/2193/120 1289/6871/120 1281/2959/11 1282/2194/11
f 109/90/63 255/368/63 264/1383/63 111/85/63
f 2035/8407/760 2034/5604/76 2016/5603/76 2017/8408/760
f 4627/8399/281 4625/3798/336 4624/1047/336 4626/1046/281
f 2444/6253/11 2470/4512/11 2315/4511/11 2288/8409/11
f 5438/8410/15 5443/8411/15 5444/8412/15 5439/8413/15
f 4417/429/40 4416/1229/101 4402/1228/101 4403/6946/40
f 1265/6820/291 1277/2960/291 1281/2959/11 1267/6821/11
f 994/3442/1564 993/3441/1495 978/5279/1496 979/3555/1602
f 4952/3755/814 4955/3347/270 4956/3350/270 4954/8414/814
f 4411/8415/254 4410/8416/282 4408/1484/282 4409/1483/254
f 147/7821/291 149/1666/11 141/5709/11 139/8417/291
f 5123/8418/2482 5127/3732/101 5141/2751/101 5124/6736/170
f 4420/428/40 4418/2250/101 4416/1229/101 4417/429/40
f 3919/7471/259 3918/8390/11 3913/7801/11 3914/7472/259
f 16/1739/714 195/6400/713 196/822/459 15/1740/494
f 5917/8377/1049 5918/8378/378 5915/8419/378 5914/8420/1049
f 829/8421/1304 833/8422/1365 834/8423/1280 830/8424/1279
f 1188/7298/1801 1187/1404/15 1177/3353/15 1176/3352/1540
f 6380/8425/2414 4563/8426/1558 4561/2096/1070 6291/2095/1069
f 1834/3894/802 1851/3893/63 1147/3896/63 1136/8427/802
f 3831/3363/11 3833/7633/11 3834/7886/11 3832/3364/11
f 988/3461/63 987/3510/1192 985/3315/1192 986/3314/63
f 4418/2250/101 4420/428/40 4421/683/40 4419/682/101
f 610/2482/710 609/2481/76 607/7330/76 608/7329/710
f 2454/4938/11 2447/6609/1381 804/8428/356 828/4221/11
f 346/8429/2275 344/1050/577 258/1036/573 252/1041/569
f 3031/6209/1099 3032/6208/1099 3033/6978/952 3030/7423/952
f 4591/8430/254 4590/8431/282 4588/3393/282 4589/3392/254
f 1398/635/366 1409/4268/1774 1418/5788/2117 1403/632/363
f 1620/8432/1951 1622/4880/1094 1623/4879/1093 1621/7109/403
f 2505/6252/11 2504/4626/11 2499/2943/11 2500/2942/11
f 392/2414/658 391/2413/634 311/1025/567 312/8433/659
f 5591/6461/2238 5590/6460/1742 5588/8434/2483 5573/8435/2484
f 2334/5908/1246 2341/8436/1246 2356/6720/954 2355/5872/954
f 4401/2791/40 4400/212/101 4381/215/101 4382/2792/40
f 3031/6209/1099 3028/7198/1099 3021/7215/11 3022/6210/11
f 4429/8437/254 4428/8438/282 4410/8416/282 4411/8415/254
f 631/2152/495 622/4232/710 612/7862/710 618/7854/495
f 4572/4205/281 4570/3859/281 4560/3858/341 4562/4206/341
f 5924/7881/15 5928/7882/1049 5917/8439/1049 5910/6052/15
f 1637/2726/1343 1638/8440/1232 1640/8441/1428 1631/2727/1344
f 5102/1439/741 5104/8442/1954 5042/8101/2433 5038/1440/742
f 2258/8443/1227 2256/8444/2126 2247/2345/1190 2249/2344/1189
f 1642/8445/1997 1640/8441/1428 1638/8440/1232 1639/8446/1231
f 5104/8447/1954 5103/4253/1768 5041/4256/1770 5042/8448/2433
f 5121/8449/1869 5112/8450/1871 5106/5357/318 5108/8346/318
f 486/1753/900 482/1752/844 478/1680/780 479/1679/247
f 4447/2296/1153 4448/2421/15 4459/1961/991
f 5120/1204/642 5121/8449/1869 5108/8346/318 5117/1205/643
f 4473/2005/772 4471/8451/775 4469/2006/1021
f 695/8452/1242 698/2575/1270 699/2574/1263 697/2466/1239
f 1897/8453/1191 1895/5226/1613 1769/5161/15 1771/5160/1192
f 4433/1849/254 4432/1848/282 4430/8454/282 4431/8455/254
f 940/3275/40 939/3274/41 937/3065/41 938/2975/40
f 5040/8456/2485 5034/8457/2486 5073/8458/765 5037/8459/768
f 5040/8460/2485 5039/8461/1948 5072/8462/528 5034/8463/2486
f 4477/8464/513 4499/8226/1020 4500/8225/514
f 5075/961/511 5074/8465/1636 5034/8466/2486 5072/962/528
f 4544/1831/945 4543/8467/2348 4531/8468/2487 4532/2866/1386
f 5089/8469/2488 5088/8470/1904 5046/8471/1340 5047/8472/1347
f 1407/6256/40 1408/33/25 1302/32/24 1301/446/285
f 4507/6873/2285 4508/7945/2375 4523/6874/2286
f 4506/8473/2489 4502/944/511 4500/947/514
f 5081/932/506 5082/931/505 5077/8474/795 5074/8475/1636
f 2238/5977/2153 2237/8476/133 2231/6592/136 2235/5978/2150
f 4867/8477/2490 4859/8478/2491 4858/8479/2132 4850/8480/2492
f 4505/2061/1055 4524/8481/638 4526/2058/1052
f 4512/8482/2493 4514/2060/1054 4527/2059/1053
f 5151/2750/101 5149/5641/170 5124/6736/170 5141/2751/101
f 5084/8483/1896 5078/8484/2494 5091/8485/1179 5050/8486/1178
f 5077/1543/795 5078/8487/2494 5084/4720/1896 5085/1544/796
f 5091/2330/1179 5093/8488/2495 5090/8489/2496 5048/2331/1180
f 31/8490/486 30/813/454 27/185/144 28/2433/960
f 5090/8491/2496 5093/8492/2495 5097/8493/2497 5092/8494/2498
f 5094/8495/503 5080/2719/1338 5060/2718/1337 5066/4562/1861
f 1022/5588/1192 1021/5587/1407 989/3207/1407 990/6176/1192
f 4517/7946/2376 4508/7945/2375 4506/8473/2489
f 2206/208/166 2205/211/169 2202/8496/1045 2203/2048/1047
f 2336/3040/11 2335/3169/301 2184/3469/301 2185/2555/11
f 2202/8497/1045 602/8498/1040 600/1922/966 596/1921/965
f 5061/8499/2499 5062/8500/1655 5057/8501/1654 5059/8502/2373
f 5059/7935/2373 5057/8503/1654 5013/8170/802 5017/7936/63
f 5064/8504/2500 5063/6241/2182 5062/6240/1655 5061/8505/2499
f 226/8116/2438 225/8506/61 205/8507/501 210/937/507
f 4714/3912/279 4715/3911/280 4705/7345/280 4704/8508/279
f 4519/8509/1388 4518/8510/1387 4509/8511/2501 4510/8512/2502
f 4532/2866/1386 4531/8468/2487 4518/2867/1387
f 4519/2868/1388 4520/8513/2503 4533/2865/1385
f 4580/8514/1689 4582/5767/1688 4583/4400/1811 4581/4699/1894
f 5070/8515/2504 5065/8516/2505 5092/8517/2498 5071/8518/2506
f 5024/668/380 5063/6241/2182 5070/8519/2504 5025/669/381
f 5025/8520/381 5070/8521/2504 5071/8522/2506 5023/8523/1664
f 4533/2865/1385 4535/8524/2507 4545/1832/946
f 656/4677/1127 780/2758/1305 781/34/26 657/37/29
f 4386/578/280 4405/589/280 4413/1299/281 4394/575/281
f 5016/5958/63 5017/7936/63 5001/2795/63 5000/2794/63
f 2725/6584/11 2724/6333/11 2552/8275/11 2554/6659/11
f 4146/8525/2459 4148/8526/2266 4139/8527/2269 4149/8528/2508
f 1630/2996/318 1634/8529/415 1627/8530/418 1628/4554/1858
f 4549/6870/802 4541/4844/63 4529/3100/637
f 4525/8531/636 4548/8532/802 4549/8533/802 4529/8534/637
f 4503/8535/816 4500/8225/514 4493/8070/2423 4494/8069/817
f 4998/2634/63 5000/2794/63 4538/2502/63 4536/2501/63
f 4542/6605/2260 4543/8536/2348 5007/6604/2259
f 1122/3739/254 1121/3738/282 1074/8537/1638 1075/8538/1605
f 6392/8539/2509 4584/8540/403 4582/8541/1688 6318/8542/1687
f 4998/2634/63 5012/2713/63 5016/5958/63 5000/2794/63
f 4044/8250/15 4042/8249/16 4037/4504/16 4039/4503/15
f 732/2620/1157 767/2621/834 768/4698/305 733/4697/1893
f 4761/4350/745 4757/4349/63 1446/7505/63 1448/1333/702
f 3561/4332/11 3560/4331/11 3555/5769/2109 3556/2388/1201
f 4387/8543/282 4380/8264/40 4366/1414/40 4373/8376/282
f 5021/4564/1136 5020/4563/1862 5007/6604/2259
f 4621/8394/254 4620/8393/282 4618/8544/282 4619/8545/254
f 703/5496/16 705/5497/304 691/7644/304 689/7643/16
f 5123/8418/2482 5124/6736/170 2033/5559/1107 2031/4484/1842
f 827/2645/11 828/4221/11 804/8428/356 803/2989/355
f 950/2797/802 951/5409/1522 949/8546/1521 948/2798/1360
f 1979/2643/1303 1978/2642/63 1976/3046/63 1977/8547/2047
f 4543/8536/2348 4542/6605/2260 4530/7947/2377 4531/8548/2487
f 1609/6529/828 5028/2717/1336 5031/963/529 1613/5503/828
f 1178/2359/15 1187/1404/15 1190/1403/15 1179/1730/15
f 4579/5548/40 4578/5547/2062 4575/2544/1265 4577/2543/40
f 4542/6605/2260 4540/3159/1493 4523/6874/2286 4530/7947/2377
f 4565/8549/282 4567/1318/282 4558/1317/40 4556/680/40
f 3159/5953/2142 3161/8550/2330 3162/7258/2287 3158/5954/2143
f 2050/8551/1878 2051/5639/2079 2045/5638/2078 2044/8552/1751
f 4588/8310/282 4590/8553/282 4579/5548/40 4577/2543/40
f 4595/1479/281 4593/1478/336 4592/1262/336 4573/1261/281
f 1598/8554/1309 1611/8555/1316 1619/8556/1043 1590/8557/1306
f 754/8558/1255 753/2551/1271 748/5906/802 751/8559/1969
f 4689/3108/281 4687/3111/336 4683/8369/336 4686/8368/281
f 4711/3870/40 4710/3267/342 4702/3266/342 4703/3876/40
f 2869/6864/11 2868/6915/11 2845/6577/11 2846/6576/11
f 4792/4344/40 4791/4343/1674 4743/8560/41 4744/6068/40
f 4587/7071/254 4592/1262/336 4593/1478/336
f 4629/2680/40 4636/2679/282 4638/2349/282 4631/2223/40
f 3244/2367/11 3243/7848/11 3237/7237/11 3238/7236/11
f 6315/3983/1069 4635/3982/1070 4632/2154/1070 6293/2157/1069
f 6050/8561/255 6053/8562/255 6047/8563/17 6030/8564/17
f 4475/2300/1157 4476/2299/1156 768/4698/305 767/2621/834
f 4795/1448/747 4756/1451/40 4728/4362/40 4745/741/406
f 2028/4039/17 2022/6620/2270 1202/8565/2510 1207/4025/1692
f 1206/3993/1678 1203/8566/1163 1199/8567/759 1200/6455/684
f 4758/1450/40 4768/1589/40 1451/4443/40 1447/3201/40
f 6394/8568/2511 4612/5655/2083 4610/5658/1653 6393/8569/2512
f 4612/8570/2083 6394/8571/2511 6395/8572/2513
f 1587/2809/490 1586/2393/1204 1584/2335/1182 1585/2334/491
f 2013/8573/1211 2012/8574/2514 2011/8575/1215 2010/8576/625
f 6320/4266/270 4693/4265/279 4669/5680/279 6342/5679/270
f 4916/6034/350 4917/6033/2164 4919/3521/1592 4915/3520/350
f 4569/8577/336 4571/1263/336 4568/7072/254 4566/8578/254
f 4438/7499/281 4436/3849/336 4434/3477/336 4435/8579/281
f 4538/2502/63 4539/2796/63 4522/8580/639 4521/2503/1245
f 4626/8581/281 4623/2218/281 4611/2217/1110 4613/8582/1380
f 5713/8583/63 5714/8584/63 5700/1359/63 5699/7735/63
f 4617/8585/254 4616/8586/282 4590/8431/282 4591/8430/254
f 1147/3896/63 1145/3822/63 1135/6598/802 1136/8427/802
f 2442/2649/11 2444/6253/11 2288/8409/11 2284/2186/11
f 4631/2223/40 4630/2222/342 4628/2879/342 4629/2680/40
f 4627/6005/281 4626/8581/281 4613/8582/1380 4615/6006/1162
f 3215/1879/11 3213/7299/11 3208/1742/11 3209/1880/11
f 4572/1264/281 4571/1263/336 4569/8577/336 4570/8587/281
f 1270/6872/120 1268/5502/120 1264/4517/11 1267/6821/11
f 6343/5682/270 4667/5681/279 4665/8588/1995 6396/8589/270
f 4574/1342/101 4575/2544/1265 4553/8590/2515 4552/2206/1105
f 1578/8591/2157 1580/8592/2369 1582/8593/1233 1579/8594/2516
f 4616/8595/282 4605/5545/40 4579/5548/40 4590/8553/282
f 4672/1019/254 4671/1018/282 4638/8596/282 4639/8597/254
f 2922/4423/1416 2949/4422/1819 2917/5763/2107 2908/7952/2312
f 1237/5862/2131 1233/7534/1765 1222/3682/595 1226/1073/586
f 5210/4320/40 5209/228/101 5207/8306/101 5208/8305/40
f 4156/8006/2390 4106/1044/576 4105/327/256 4043/8001/2388
f 2123/1758/904 5269/5791/2118 5270/8598/922 2124/7932/2115
f 2344/8599/1246 2361/3202/1246 2382/3205/954 2357/6094/954
f 4650/2221/342 4651/6239/342 4645/2931/343 4644/2902/343
f 1002/3313/15 1021/5587/1407 1024/2922/1407 1009/2925/15
f 5668/7800/409 5667/752/409 5644/755/410 5645/7113/410
f 4596/4399/281 4595/4700/281 4581/4699/1894 4583/4400/1811
f 4673/1017/282 4675/1016/254 4676/8218/254 4674/8217/282
f 4570/8587/281 4569/8577/336 4437/3850/336 4439/7498/281
f 1795/8600/1574 1818/7751/1573 1822/7750/1582 1808/8601/1822
f 5573/8602/2484 5572/8603/2517 5558/8604/2317 5560/8605/2316
f 4789/2762/63 4788/1413/728 1462/2952/63 1463/2763/63
f 2384/5570/954 2383/3204/954 2368/3203/1246 2373/6063/1246
f 4916/6034/350 4915/3520/350 4914/3807/350 4913/7403/350
f 1816/8606/1718 1815/8607/1569 1786/5476/1571 1790/5475/1719
f 4892/3264/1508 4887/4239/40 4815/8608/2518 4818/3545/1599
f 6277/402/270 4404/401/279 4385/1090/279 6284/1089/270
f 1480/3998/22 1481/3997/1661 1476/4180/1661 1475/4179/22
f 994/8609/1564 1085/8610/1603 1086/8611/1594 998/8612/1593
f 1696/4713/1181 1993/4712/1895 1175/8613/1982 951/8614/1522
f 4913/7403/350 4914/3807/350 4898/3904/350 4897/3490/350
f 4643/8615/281 4642/3450/336 4640/3449/336 4641/8398/281
f 2168/7058/11 2171/3148/11 2172/3149/11 2170/5919/11
f 5030/4705/1339 5029/4296/63 1610/2071/63 1615/2070/658
f 5237/5967/282 5234/5966/40 5224/4319/40 5228/8616/282
f 4981/6084/2170 4986/8617/2396 4987/8618/2519 4982/6085/1661
f 1487/4628/318 1492/4783/318 1493/6652/330 1488/8619/330
f 1499/5493/40 1495/5492/757 780/2647/1305 784/2264/40
f 2343/7516/11 2342/3166/301 2335/3169/301 2336/3040/11
f 4259/8292/279 4258/8208/279 4255/8211/341 4257/8289/341
f 1487/4628/318 1488/8619/330 1483/8620/330 1482/4629/318
f 3123/8621/897 3122/8622/2347 3121/8623/2141 3077/8624/2144
f 6290/8625/882 6358/7270/2340 4660/7269/883
f 1379/197/155 1381/8626/1727 1385/8627/2116 1384/198/156
f 4706/3877/282 4703/3876/40 4692/2370/40 4695/2369/282
f 4664/8628/2339 4665/8629/1995 4666/8630/1996
f 1747/2429/1224 1746/4985/1458 1729/8631/956 1731/2430/955
f 5260/7068/40 5259/1896/101 5245/810/101 5246/7069/40
f 4497/2993/1427 4498/1582/815 4496/3012/1437 4495/3011/1436
f 4252/8053/2418 4256/8632/2463 4246/8633/408 4245/8634/2412
f 1631/2997/1344 1630/2996/318 1628/4554/1858 1629/4553/1345
f 4692/2370/40 4691/572/342 4656/571/342 4659/2371/40
f 1559/883/483 1578/8591/2157 1579/8594/2516 1560/8635/2520
f 2365/3032/11 2364/6163/11 2349/6164/11 2350/4022/11
f 3224/3551/11 3221/751/11 3212/4117/11 3214/3916/11
f 3291/6802/1099 3292/6801/952 3289/8636/952 3288/4543/1852
f 4703/3876/40 4702/3266/342 4691/572/342 4692/2370/40
f 3247/6229/11 3240/6711/11 3145/7281/11 3177/6230/11
f 5194/8307/40 5193/5665/101 5191/1969/101 5192/6829/40
f 6391/8384/270 4367/8383/279 4352/8274/279 6386/8273/270
f 3028/7198/1099 3026/5331/1099 3017/5334/11 3021/7215/11
f 4565/8549/282 4556/680/40 4421/683/40 4432/8637/282
f 3372/4976/1099 3373/4975/952 3353/7567/952 3352/7566/1099
f 3915/7473/260 3914/7472/259 3899/8150/259 3900/8638/260
f 1269/6807/275 1275/4364/307 1247/7125/307 1244/7135/275
f 4657/2633/40 4658/6893/40 4655/600/342 4654/6238/342
f 2091/7433/957 2090/8639/1207 2086/8212/2464 2089/7287/2344
f 1168/2933/684 1163/7782/759 856/6153/759 858/2962/684
f 3336/1888/11 3332/6746/11 3317/6749/11 3318/7880/11
f 4619/8640/254 4624/1047/336 4625/3798/336 4621/3797/254
f 2522/3195/11 2521/3194/11 2504/4626/11 2505/6252/11
f 2579/4048/11 2578/4047/11 2574/5880/11 2575/5550/11
f 1141/3792/254 1143/3791/270 1144/5694/270 1142/5875/254
f 1849/5431/270 1847/7495/254 1841/5874/254 1842/5693/270
f 5167/2210/1108 5170/5006/101 5172/1968/101 5168/1971/997
f 4639/8597/254 4638/8596/282 4636/8392/282 4637/8391/254
f 1842/5693/270 1853/5692/1644 1858/5432/1644 1849/5431/270
f 2357/6094/954 2356/6720/954 2341/8436/1246 2344/8599/1246
f 4708/6076/2168 4707/8641/254 4696/3622/254 4697/3621/1616
f 4689/7453/281 4686/5845/281 4666/5111/1996 4668/5110/280
f 3316/6748/11 3315/6704/11 3308/6703/11 3309/7304/11
f 628/7105/710 635/2113/495 636/2860/1384 630/8642/2479
f 3300/6769/315 3299/7431/315 3292/8643/952 3294/7491/952
f 2574/5880/11 2573/2598/11 2479/2597/11 2481/6283/11
f 1796/3422/282 1799/8644/282 1789/8645/41 1784/3423/41
f 4622/1048/336 4617/8646/254 4591/8647/254 4597/3395/336
f 5163/8648/282 5160/5008/40 5152/2749/40 5155/4694/282
f 4681/3377/336 4672/3376/254 4639/3451/254 4642/3450/336
f 2323/2914/11 2324/3072/11 2320/5923/11 2319/2915/11
f 934/4919/1961 949/3306/1521 953/3308/1480 936/5389/935
f 1807/3693/1070 1806/3225/270 1113/3228/1504 1114/3694/1525
f 5693/5137/17 5692/5136/18 5671/8649/18 5672/8650/17
f 995/3459/1414 986/3314/63 912/722/63 918/3355/1415
f 6314/3922/270 4716/3921/279 4714/6122/279 6349/6121/270
f 1862/5501/11 1863/5500/11 1836/4963/11 1832/7774/11
f 2407/6065/11 2406/6272/11 2399/6197/11 2400/3931/11
f 1118/1852/11 1133/3565/11 1135/3855/802 1119/3624/802
f 5137/3091/944 5134/8651/254 4721/8652/254 4724/4014/944
f 3330/7078/11 3333/7077/11 3285/7228/11 3284/7227/11
f 1181/4055/760 1180/4054/76 1161/3946/76 1162/3945/760
f 1116/3730/11 1128/3729/11 1131/3566/11 1117/1851/11
f 5226/4808/280 5230/4807/382 5222/5623/2072 5214/5417/280
f 2353/6175/11 2351/4036/11 2339/2213/11 2340/2212/11
f 1131/3566/11 1133/3565/11 1118/1852/11 1117/1851/11
f 1091/3020/1444 1089/3575/270 1020/3577/270 1034/3598/1491
f 3983/7970/11 3982/7368/11 3976/7346/11 3977/7902/11
f 5201/6812/2281 5203/5420/2044 5200/8653/254 5198/6813/254
f 2346/3213/11 2345/3212/301 2342/3166/301 2343/7516/11
f 2165/654/301 2164/8654/1246 2161/3187/1246 2162/3186/301
f 3281/4544/11 3286/7407/1099 3270/7006/1099 3263/7390/11
f 2398/2847/11 2397/2846/11 2320/5923/11 2324/3072/11
f 4204/638/367 4203/1553/801 4200/629/362 4201/639/368
f 6087/7138/82 6088/7858/82 3930/5001/111 3908/7139/111
f 6397/8655/270 5261/8656/279 5249/5231/279 6335/5230/270
f 1591/657/375 1588/8657/1149 1570/8658/1148 1575/658/376
f 5746/6278/17 5745/8659/18 5743/8660/18 5744/5217/17
f 3734/7647/11 3735/3581/11 3733/3580/11 3732/7648/11
f 2276/6004/2156 2274/8661/2521 2248/1658/850 2255/1657/11
f 4932/3951/296 4931/3950/1089 4926/1579/813 4927/1578/296
f 1986/3628/1310 1987/7764/2098 1965/5360/2042 1963/3629/1619
f 2642/2307/619 2641/2306/1161 2635/1836/950 2636/1835/949
f 5154/2755/280 5158/8662/382 5148/8663/382 5144/6237/280
f 2395/3316/11 2402/2845/11 2403/6196/11 2396/4709/11
f 2528/6263/11 2527/3192/11 2522/3195/11 2523/3359/11
f 3865/8664/11 3867/7580/11 3868/5313/11 3866/4800/11
f 314/4068/40 138/52/40 137/51/42 136/835/369
f 1333/687/40 1332/5992/40 1230/3976/40 1329/688/40
f 4211/1282/40 4210/7057/40 4207/4087/40 4209/1283/40
f 4208/667/371 4217/666/379 4221/8665/2383 4212/8666/370
f 3773/5398/11 3775/7803/11 3776/6452/11 3774/5399/11
f 4222/8298/2471 4221/8667/2383 4217/8668/379 4216/8235/2469
f 1778/5401/1502 1777/3127/63 1773/3126/63 1774/4990/1972
f 5126/3734/40 5133/8669/282 5135/8670/282 5128/3731/40
f 4213/628/361 4214/646/372 4201/639/368 4200/629/362
f 325/4121/1720 322/4089/1716 277/8000/40 285/6124/40
f 4079/1187/630 4074/1963/993 4075/8229/733 4073/1188/631
f 4763/8671/1470 4765/8672/439 4766/8673/438
f 4471/1510/775 4470/1509/774 4449/4873/1218 4450/8674/1155
f 4090/4581/1865 4491/8675/818 4494/8676/817 4093/4582/746
f 130/5940/2135 128/4222/1761 107/459/294 108/458/293
f 4492/8677/2432 4465/8088/2427 4089/8090/2426 4092/8678/1629
f 4763/3097/1470 5052/8679/766 5053/3712/1637
f 2609/8680/2351 2607/7191/2205 2608/7190/2112 2606/8681/2276
f 5027/1441/743 5026/1499/767 4766/785/438
f 1220/3979/40 1316/7866/40 1329/688/40 1230/3976/40
f 5872/648/374 5871/651/318 5307/1457/318 5308/8682/374
f 4464/8089/2428 4440/8074/2041 4082/6610/2263 4089/8090/2426
f 4767/8091/2429 5055/1545/797 5056/4412/1817
f 5095/8683/504 5094/8495/503 5066/4562/1861 5067/4561/1135
f 4773/784/437 4776/8068/1936 5098/1438/740
f 5026/1499/767 5027/1441/743 5038/1440/742
f 4440/8074/2041 4464/8089/2428 4468/8094/2431 4444/8684/1154
f 5113/4411/861 4777/2057/734 4774/2056/1051
f 4081/8077/2036 4083/8076/2425 4115/8685/2522 4114/8686/738
f 1337/4110/476 1343/7123/476 1346/1120/600 1340/1420/295
f 4911/4776/1924 4953/8201/2461 4957/8687/2523 4912/8688/2524
f 5871/651/318 5868/650/318 5867/8349/318 5863/7663/318
f 4781/8689/1937 4776/8690/1936 4775/8691/731
f 4080/8066/2264 4440/5347/2041 4455/5346/994 4074/8064/993
f 1146/3782/341 1149/3785/1644 1126/3771/1644 1125/3770/341
f 4457/1523/785 4458/1522/784 4081/5286/2036 4075/5285/733
f 416/8692/209 420/452/208 415/451/290 414/8693/233
f 5053/3712/1637 5054/3711/794 4764/3098/1471 4763/3097/1470
f 1573/8694/2525 1566/4738/1132 1564/4729/1903 1565/4728/1902
f 5460/6108/110 5459/6784/110 2805/6856/910 2806/5742/910
f 4540/3159/1493 4537/2781/40 4488/4693/1891 4523/6874/2286
f 4844/4315/1799 4901/4314/1798 4902/8019/2397
f 4981/8695/2170 4976/73/22 4845/76/62
f 5134/8651/254 5137/3091/944 5139/3090/944 5136/8696/254
f 2399/6197/11 2398/2847/11 2324/3072/11 2328/3071/11
f 4851/8697/2526 4850/8698/2492 4854/8699/554 4823/8700/553
f 13/86/5 111/85/63 263/1385/63 67/101/73
f 2387/3318/11 2386/5400/11 2302/3286/11 2306/3285/11
f 323/4090/1717 315/8246/373 136/835/369 145/834/468
f 1335/686/40 1336/4064/386 1334/8701/385 1333/687/40
f 1344/1286/678 1341/8702/48 1334/8703/385 1336/1287/386
f 4213/628/361 4216/8235/2469 4217/8668/379 4214/646/372
f 3344/7001/1099 3342/6935/1099 3333/7077/11 3334/7076/11
f 3333/7077/11 3342/6935/1099 3293/6799/1099 3285/7228/11
f 4698/8704/1715 4697/3621/1616 4688/3110/336 4690/3109/281
f 4949/3903/341 4947/8705/341 4896/6090/350 4898/3904/350
f 5765/3970/409 5760/7454/409 5734/7140/410 5735/3971/410
f 4903/7404/2350 4913/7403/350 4897/3490/350 4891/3493/1580
f 1811/3880/1662 1809/3743/270 1805/3226/270 1806/3225/270
f 3048/6250/318 3047/8706/2194 2563/5662/2085 2564/1505/318
f 5132/3887/280 5144/6237/280 5148/8663/382 5140/3884/382
f 5367/8707/510 5368/8708/317 5355/7674/317 5354/7673/510
f 1667/4367/291 1668/3408/11 925/3522/11 923/3524/291
f 5134/8709/254 5133/8710/282 4720/8711/282 4721/8712/254
f 1006/3439/1479 1039/4052/1483 1040/3411/40 1007/3414/40
f 4947/8705/341 4939/8713/341 4820/6354/350 4896/6090/350
f 3392/5554/2064 3390/8714/2059 3386/8715/1213 3387/5555/2065
f 1252/4154/553 1362/8716/2527 1249/4134/1723 1253/4155/1731
f 4873/8717/2025 4871/8718/2528 4862/8719/2529 4865/8720/2530
f 2233/8721/323 2241/5972/322 2242/5975/2148 2236/8722/2147
f 4823/1000/553 4824/999/552 4825/8723/1732
f 4827/8724/2290 4876/8725/2531 4878/8726/2208 4828/8727/1754
f 1360/8728/1037 1359/8729/2532 1362/8730/2527 1252/8731/553
f 1255/4167/1733 1371/4169/990 1254/8732/1732 1253/8733/1731
f 1405/4312/1796 1406/2427/1222 1404/2426/1221 1393/5831/1756
f 4764/8734/1471 4767/8735/2429 4798/8736/1866 4761/8737/745
f 4871/8718/2528 4869/8738/2533 4851/8739/2526 4862/8719/2529
f 4014/7974/928 4022/7217/2333 4024/7958/2313 4015/8740/929
f 1382/8741/1939 1384/198/156 1385/8627/2116 1383/8742/1736
f 4816/3959/1667 4809/8743/2534 4797/4348/1804 4801/4347/1803
f 1254/8732/1732 1371/4169/990 1373/8744/1730 1370/8745/1038
f 2958/2110/1071 2957/2109/1071 2953/6995/2307 2954/7035/1828
f 1370/8746/1038 1360/8728/1037 1252/8731/553 1254/8747/1732
f 2698/8748/1943 2697/8749/2237 2668/1668/856 2667/6524/1944
f 4826/8750/1753 4829/1955/988 4863/1958/990
f 1258/4168/1738 1259/8751/1697 1372/8752/589 1371/4169/990
f 745/1621/834 766/2622/834 767/2621/834 732/2620/1157
f 4886/8753/979 4885/8754/1705 4883/5242/2026 4884/8755/980
f 4876/8725/2531 4881/8756/919 4882/8757/918 4878/8726/2208
f 1386/8758/1737 1389/8759/1831 1392/5747/1832 1387/5746/2102
f 411/889/488 376/8760/1767 156/8761/423 176/890/446
f 4878/8726/2208 4882/8757/918 4885/4061/1705 4879/4060/1704
f 2253/8762/849 2245/8763/848 2246/8764/2181 2243/8765/1079
f 4859/8766/2491 4860/4145/537 4855/4144/1725 4858/5933/2132
f 5166/6689/382 5165/6688/944 5157/8767/944 5158/8768/382
f 4751/7555/307 4809/8743/2534 4812/3962/350 4754/3220/350
f 4186/7038/2315 4260/7037/2314 4262/5164/2005 4187/5163/2004
f 4912/8688/2524 4910/8017/2395 4901/4314/1798
f 4986/8018/2396 4981/8695/2170 4902/8019/2397
f 5874/5672/1049 5873/5675/378 5870/4616/378 5869/4615/1049
f 5133/8669/282 5126/3734/40 4713/3868/40 4720/6838/282
f 2891/5743/910 2915/6245/954 2916/6244/2183 2892/7933/2372
f 4918/8769/2535 4917/6033/2164 4905/6036/2166
f 4906/4309/1793 4985/4308/331 4994/8770/2400
f 4942/3802/296 4941/3801/298 4936/3949/1600 4937/3948/296
f 5090/8489/2496 5089/8771/2488 5047/2734/1347 5048/2331/1180
f 1377/8772/154 1369/8773/1825 1366/8774/2271 1367/8775/2536
f 604/2030/1034 2222/8776/1039 2223/8777/2001 603/2031/392
f 4873/5240/2025 4872/1780/921 4871/8778/2528
f 573/8779/995 572/8780/982 569/4140/961 568/4139/894
f 4012/1798/930 4015/1797/929 4011/5237/2024 4010/5059/1984
f 500/8781/880 506/808/453 507/807/200 499/8782/199
f 4884/8755/980 4883/5242/2026 4874/5241/1359
f 546/2877/1392 545/2876/80 515/1708/875 512/1707/874
f 4817/8783/383 4818/3545/1599 4815/8608/2518 4814/8784/384
f 56/300/236 54/299/235 46/8785/239 47/8786/181
f 2620/3967/1670 2637/3966/1669 2600/6394/2207 2590/6393/2206
f 2268/2122/1077 2267/8787/1976 2265/8788/1978 2266/2123/1078
f 85/44/35 84/68/57 1/8789/283 2/15/12
f 2084/8213/582 2086/8212/2464 2079/8790/757 2077/8791/2289
f 5207/8306/101 5209/228/101 5205/231/170 5190/7432/170
f 4619/8545/254 4618/8544/282 4616/8586/282 4617/8585/254
f 719/53/43 720/4552/1821 711/4425/1820 710/54/44
f 5148/8792/382 5147/8793/944 5139/3090/944 5140/3089/382
f 5114/8794/1935 5117/8795/643 5102/8796/741 5098/8797/740
f 4360/1895/170 4365/1415/101 4379/4248/101 4361/2137/170
f 4871/8778/2528 4872/1780/921 4870/1779/920 4869/8798/2533
f 4989/8030/2407 4986/8018/2396 4910/8017/2395
f 4989/8799/2407 4987/8800/2519 4986/8801/2396
f 378/8802/257 289/4519/257 75/4520/21 80/8803/21
f 4056/8024/2402 4170/4000/1680 4173/2172/1097 4057/8804/2537
f 4918/8769/2535 4994/8770/2400 4995/8805/2399
f 1299/2425/1220 1300/445/284 1297/8806/2538 1298/4041/1698
f 5136/4231/254 5135/4230/282 5133/8710/282 5134/8709/254
f 4461/8807/1217 4462/8808/1435 4463/1521/783 4460/1520/782
f 4959/8809/2408 4960/8810/2539 4990/8811/2406
f 4054/8812/2540 4057/8813/2537 4052/8013/2393 4049/8016/2394
f 4057/8814/2537 4058/8815/2419 4053/8816/2413 4052/8817/2393
f 1200/6455/684 4699/3265/343 4700/3268/1509 1206/3993/1678
f 1752/5229/15 1749/4982/15 1746/4985/1458 1747/2429/1224
f 5073/8458/765 5074/3709/1636 5053/3712/1637 5052/8679/766
f 5121/4598/1869 5120/1675/642 5119/1674/862 5118/4599/1870
f 312/8818/659 311/8819/567 299/4416/566 303/4415/711
f 4969/8820/2411 4970/8821/2416 4997/8822/2405
f 4992/8823/2404 4991/8824/2403 4989/8825/2407 4990/8826/2406
f 4991/8827/2403 4988/8828/2541 4987/8829/2519 4989/8830/2407
f 3759/7376/11 3761/7312/11 3326/7314/11 3324/6541/11
f 4719/8831/254 4718/8832/282 4706/3889/282 4707/3888/254
f 4949/8833/341 4950/8834/279 4948/3819/279 4947/3818/341
f 4958/8835/2542 4957/8836/2523 4953/8837/2461 4954/8838/814
f 2017/8408/760 2016/5603/76 2014/8839/2543 2015/8840/2123
f 5349/3467/15 5357/3466/15 5366/8841/30 5353/7395/30
f 3795/2684/11 3768/7746/11 3716/3814/11 3745/2685/11
f 2904/6682/11 2898/1390/11 2825/1393/11 2826/6731/11
f 4682/3378/336 4683/8369/336 4676/8842/254 4675/3379/254
f 2719/3720/11 2718/6105/11 2709/5185/11 2710/5184/11
f 4958/8835/2542 4961/8843/1712 4962/8844/2410 4960/8810/2539
f 4992/8845/2404 4990/8846/2406 4960/8847/2539 4962/8848/2410
f 5358/3465/15 5362/7714/15 5363/7713/15 5357/3466/15
f 1342/59/49 1394/6190/40 1272/2118/657 1246/60/50
f 4946/3757/270 4945/3756/814 4942/8849/296 4943/3602/270
f 2511/6112/11 2512/6332/11 2510/6331/11 2509/7712/11
f 5022/8850/1137 5021/8851/1136 5007/7326/2259 5008/7325/254
f 1008/3137/1481 1006/3140/1479 1003/3821/676 1005/3464/675
f 4982/7998/1661 4987/8829/2519 4988/8828/2541 4983/4565/318
f 4501/945/512 4502/944/511 4507/6873/2285 4476/2299/1156
f 5062/6240/1655 5019/1557/63 5014/1556/802
f 4541/4844/63 4546/1687/865 4528/3101/1472 4529/3100/637
f 2774/2495/11 2773/8852/301 2374/6118/301 2375/6117/11
f 1529/8853/447 1530/8854/450 1510/2801/1361 1509/2811/1362
f 376/8760/1767 374/8855/251 373/8856/250 156/8761/423
f 5071/8857/2506 5069/3932/1663 5023/3933/1664
f 4104/8858/2441 4138/6616/2268 4147/6615/2267 4103/8859/2544
f 4522/8580/639 4524/8860/638 4505/4706/1055 4521/2503/1245
f 4664/8861/2339 4666/5111/1996 4663/5847/2127 4660/8862/883
f 2677/7241/2217 2675/7170/2326 2672/7041/2252 2673/8863/2215
f 5080/2719/1338 5079/960/527 5060/2718/1337
f 4531/8548/2487 4530/7947/2377 4517/7946/2376 4518/8864/1387
f 4528/8865/1472 4534/8866/2284 4527/2059/1053 4526/2058/1052
f 5067/2260/1135 5068/2259/1134 5095/8867/504
f 3933/4858/11 3935/4857/11 3936/7543/11 3934/7542/11
f 4535/8868/2507 4533/8869/1385 4520/8870/2503 4516/8871/2545
f 5097/8872/2497 5096/8873/1709 5069/3932/1663
f 3076/6647/2272 3077/6650/2144 3119/7201/2143 2863/6889/11
f 5042/8874/2433 5040/8875/2485 5037/8876/768
f 6255/8877/1577 6268/8878/2546 6269/7292/2345 6256/7295/38
f 4502/944/511 4506/8473/2489 4508/7945/2375 4507/6873/2285
f 5047/8472/1347 5046/8471/1340 5043/8879/1323 5044/8880/1042
f 1351/1223/653 1352/8881/661 1350/8882/703 1349/1224/602
f 1581/8883/1892 1580/8884/2369 1573/8885/2525 1565/8886/1902
f 3233/7341/11 3234/6544/11 3232/6543/11 3231/7132/11
f 5076/8887/1789 5064/8888/2500 5061/8889/2499
f 2227/2067/1059 2224/8890/167 2206/8134/166 2207/2068/1060
f 5065/8891/2505 5088/8470/1904 5089/8469/2488
f 5074/3709/1636 5073/8458/765 5034/8457/2486
f 5074/8465/1636 5075/961/511 5081/2720/506
f 1580/8892/2369 1578/6015/2157 1566/6014/1132 1573/8893/2525
f 4487/8894/2547 4512/8895/2493 4513/8333/2474 4485/4893/1955
f 4497/8896/1427 4495/8897/1436 4480/8898/1958 4481/8899/1957
f 4316/8900/2076 4315/8901/2075 4311/8902/2224 4314/8903/2476
f 4515/8904/2475 4510/8905/2502 4504/8906/1426 4511/8907/1956
f 2843/3370/11 2849/5921/11 2850/6691/11 2844/6579/11
f 4462/8808/1435 4461/8807/1217 4453/8908/441 4454/8909/440
f 1742/8910/1115 1772/5282/2033 1774/8911/1972 1743/8912/1116
f 1754/4986/40 1758/5013/40 1759/6069/1833 1755/4987/1971
f 4983/4565/318 4988/8828/2541 4993/8913/2401 4984/4566/330
f 232/8914/2322 233/8915/2342 234/8916/2548 230/8917/551
f 5690/4670/410 5689/4669/410 3278/7131/314 3279/2853/314
f 5094/8495/503 5081/2720/506 5080/2719/1338
f 4518/8510/1387 4517/8918/2376 4506/8919/2489 4509/8511/2501
f 5290/6128/282 5274/6127/40 5260/7068/40 5263/7067/282
f 4520/8870/2503 4519/8920/1388 4510/8905/2502 4515/8904/2475
f 5117/1205/643 5108/8346/318 5107/8345/1952
f 1636/2995/318 1635/4748/1863 1634/8529/415 1630/2996/318
f 4227/8921/41 4730/8286/41 4733/8285/405 4230/8922/405
f 3738/7631/11 3734/7647/11 3730/2592/11 3731/3866/11
f 5051/2619/1299 5111/2618/1298 5118/8923/1870 5086/8924/1897
f 5162/2364/280 5166/7452/382 5158/8662/382 5154/2755/280
f 2087/4749/1911 2083/4752/1912 2060/4613/1257 2066/4612/282
f 5145/4695/282 5142/2752/40 5128/3731/40 5135/8670/282
f 1803/3744/270 1801/5350/254 1797/6563/254 1798/3742/270
f 1331/4065/679 1330/689/40 1317/7867/40 1318/8925/474
f 3260/2365/11 3261/2183/11 3259/2182/11 3258/2366/11
f 4933/3929/270 4932/4447/296 4927/8317/296 4928/5881/270
f 5096/8873/1709 5095/8867/504 5068/2259/1134 5069/3932/1663
f 1263/8926/303 1262/8927/291 1240/4234/291 1241/4233/1764
f 4963/4326/341 4964/4325/279 4950/8834/279 4949/8833/341
f 4934/7787/341 4939/3817/341 4940/3820/279 4935/7788/279
f 4965/4323/341 4967/8928/1591 4968/8929/1711 4966/4324/279
f 2148/4051/11 2147/3189/301 2138/3635/301 2139/3634/11
f 4954/8838/814 4953/8837/2461 4951/8930/2460 4952/8931/814
f 2422/6218/11 2429/7143/11 2430/7144/11 2423/6255/11
f 1348/1145/40 1445/3200/40 1447/3201/40 1356/1146/40
f 2096/5733/1207 2093/5753/757 2081/8932/757 2090/8639/1207
f 2765/6344/11 2763/6284/11 2758/6287/11 2759/6345/11
f 4719/8933/254 4722/5339/944 4724/4014/944 4721/8652/254
f 2003/1547/799 2010/8934/625 2011/2417/1215 2004/1548/800
f 4943/3602/270 4942/8849/296 4937/4446/296 4938/3603/270
f 2848/6233/11 2847/5920/11 2430/7144/11 2432/4099/11
f 2855/3539/11 2854/6708/11 2439/6232/11 2440/3540/11
f 2307/5922/11 2305/3284/11 2303/1069/11 2304/1068/11
f 5724/8935/255 5728/8936/255 5719/5034/17 5712/5037/17
f 5330/6695/15 5332/6694/15 5333/7397/15 5331/8937/15
f 1459/1161/40 1460/1163/25 1440/1085/25 1439/1084/40
f 4952/8931/814 4951/8930/2460 4944/3800/1507 4945/3799/814
f 5822/8938/409 5794/7514/409 5780/5608/2069 5781/5607/2068
f 5437/6733/109 5429/4434/109 5426/4433/110 5427/5718/110
f 1266/4227/1075 1265/4226/291 1262/8927/291 1263/8926/303
f 2751/1243/11 2750/6198/11 2743/6294/11 2744/1244/11
f 3485/7437/11 3478/6955/11 3472/7830/11 3475/4440/11
f 5184/6687/944 5181/8939/254 5164/8940/254 5165/6688/944
f 2441/3366/11 2440/3540/11 2437/3557/11 2438/3367/11
f 920/3085/11 921/3088/120 861/8941/671 860/3240/1434
f 5305/8942/1049 5304/8943/2338 5286/5823/1560 5287/3828/15
f 5187/6895/382 5186/6815/944 5184/6687/944 5185/6686/382
f 5316/140/109 5328/5819/109 5330/6695/15 5317/8055/15
f 1280/7465/287 1279/7464/291 1277/4225/291 1278/4224/1763
f 5181/6174/254 5180/6173/282 5163/8944/282 5164/8945/254
f 2101/3847/757 2100/3846/76 2094/4017/76 2095/4016/757
f 3565/6906/11 3564/6341/11 3552/6267/11 3559/6266/11
f 5192/6829/40 5197/6828/282 5199/8946/282 5194/8307/40
f 2901/8947/11 2900/7023/301 2895/7532/301 2896/8948/11
f 5762/6277/17 5761/8949/18 5745/8659/18 5746/6278/17
f 2884/6763/11 2883/6848/11 2879/7426/11 2880/6764/11
f 3376/7622/1099 3374/4973/1099 3369/4058/11 3371/4057/11
f 2978/6943/11 2977/7017/11 2887/6846/11 2888/6845/11
f 2810/3251/11 2809/3250/11 2791/6757/11 2792/6775/11
f 2585/5962/11 2584/6275/11 2581/6308/11 2582/7959/11
f 3360/7436/314 3359/6100/314 3354/6768/315 3355/7484/315
f 3481/6809/11 3479/6343/11 3476/6342/11 3477/6954/11
f 3284/7227/11 3282/5018/11 3254/5021/11 3255/6705/11
f 5208/8305/40 5215/8950/282 5217/8951/282 5210/4320/40
f 2814/3249/11 2813/6770/301 2808/6773/301 2809/3250/11
f 4809/8743/2534 4816/3959/1667 4819/3958/350 4812/3962/350
f 5246/7069/40 5245/810/101 5243/809/101 5244/5965/40
f 2426/6199/11 2425/6264/11 2405/6273/11 2409/6200/11
f 3805/7799/11 3808/7878/11 3809/7760/11 3807/7797/11
f 2538/3568/11 2537/3437/11 2534/5224/11 2535/6262/11
f 315/8246/373 316/4069/40 314/4068/40 136/835/369
f 5350/7577/374 5351/8276/374 6387/8277/270 6366/7578/270
f 2147/3189/301 2146/3188/1246 2137/8952/1246 2138/3635/301
f 5744/5217/17 5743/8660/18 5737/8953/18 5738/5218/17
f 4887/4239/40 4835/1588/40 4800/1449/748 4815/8608/2518
f 5527/7373/318 5526/8954/374 5511/8955/374 5512/7374/318
f 5366/8956/30 5369/8957/30 5370/8958/510 5367/8959/510
f 5293/8315/1064 5292/8314/2172 5290/8960/282 5291/8961/254
f 5291/8961/254 5290/8960/282 5263/8962/282 5264/8963/254
f 6398/8964/270 5178/8965/279 5176/4338/279 6321/4337/270
f 6399/8966/270 5282/8967/1562 5280/8968/279 6400/8969/270
f 1943/8970/1489 1942/2741/1353 1930/2744/1354 1931/3141/1484
f 6322/4340/270 5174/4339/279 5161/5010/279 6328/5009/270
f 5178/7524/279 5179/5855/280 5177/4116/280 5176/4115/279
f 3262/8971/11 3280/5019/11 3281/4544/11 3263/7390/11
f 3438/7424/11 3442/7525/11 3412/7504/11 3411/7571/11
f 3800/7096/11 3799/7842/11 3797/2683/11 3798/7785/11
f 2200/5873/954 2199/1859/954 2180/6057/1246 2183/5909/1246
f 2022/7796/2270 2019/3692/1632 1198/3695/1524 1202/8972/2510
f 5303/8973/1369 5302/8974/2038 5281/5911/280 5285/8975/1561
f 1676/5316/291 1721/5079/1440 1722/4951/1964 1677/5317/11
f 1733/5510/1439 1756/5291/2037 1757/5283/2034 1734/8976/1965
f 3775/7803/11 3773/5398/11 3766/7526/11 3767/7804/11
f 1890/5402/40 1885/4993/40 1874/4996/1550 1881/5289/40
f 5219/4586/1867 5216/4589/254 5200/8653/254 5203/5420/2044
f 6401/8977/270 5669/8978/18 5671/8979/18 6402/8980/270
f 6400/8969/270 5280/8968/279 5261/8656/279 6397/8655/270
f 5244/5965/40 5243/809/101 5233/2145/101 5234/5966/40
f 5180/3482/282 5171/3485/40 5160/5008/40 5163/8648/282
f 1669/705/291 1684/704/41 1686/1394/41 1670/1397/291
f 2315/4511/11 2314/1211/11 2287/518/11 2288/8409/11
f 2335/3169/301 2334/3168/1246 2183/7126/1246 2184/3469/301
f 5274/6127/40 5272/1783/924 5259/1896/101 5260/7068/40
f 4299/2906/1406 4301/6432/2225 4302/8981/40 4300/135/104
f 3328/4108/11 3327/6215/11 3322/7354/11 3325/7365/11
f 3419/6150/100 3417/6149/11 2042/5491/76 2046/5490/2048
f 2905/3486/11 2904/6682/11 2826/6731/11 2827/6213/11
f 4143/8982/1992 4142/8983/1994 4127/8984/326 4128/8985/329
f 5352/8986/318 5351/8987/374 5350/8988/374 5336/8989/318
f 4939/8713/341 4934/7408/341 4813/3963/350 4820/6354/350
f 5264/8963/254 5263/8962/282 5253/8990/282 5254/8991/254
f 5258/8992/382 5256/4529/382 5248/4528/280 5250/8993/280
f 2781/2494/11 2785/2493/11 2787/6767/11 2784/6745/11
f 2298/2806/11 2297/2805/11 2290/1107/11 2292/5905/11
f 4725/8994/382 4723/7343/382 4715/3911/280 4717/3910/280
f 2052/4863/11 2053/5822/11 2051/5639/2079 2050/8551/1878
f 2190/5849/11 2179/5848/11 2170/5919/11 2172/3149/11
f 2841/3371/11 2837/3703/11 2832/3706/11 2833/3372/11
f 3393/6299/2063 3399/6298/11 2548/5703/11 2520/865/477
f 1734/8976/1965 1757/5283/2034 1772/5282/2033 1742/8910/1115
f 5476/8995/30 5478/8996/510 5455/8997/510 5475/8998/30
f 5318/8056/15 5331/8937/15 5337/8999/30 5325/8236/30
f 1877/5208/685 1895/3596/1613 1896/3595/1612 1878/5209/1998
f 5249/9000/279 5261/5913/279 5262/5912/280 5250/8993/280
f 1613/5503/828 1614/2637/827 1572/4779/1301 1571/4860/1945
f 5567/9001/2455 5566/9002/2456 5546/9003/15 5549/9004/2549
f 1414/6137/2174 1437/3231/40 1438/3233/40 1415/4311/1795
f 4298/8389/2481 4297/9005/2226 4295/5798/2119 4296/5797/2120
f 5369/8957/30 5380/9006/30 5381/9007/510 5370/8958/510
f 5604/9008/403 5603/9009/254 5601/6459/1739 5592/6458/403
f 5329/5804/109 5347/5803/109 5348/3468/15 5332/6694/15
f 6294/9010/1092 4614/9011/1091 4612/9012/2083 6395/9013/2513 6403/9014/2550
f 4312/8388/2480 4311/9015/2224 4297/9005/2226 4298/8389/2481
f 4312/9016/2480 4313/9017/164 4314/8903/2476 4311/8902/2224
f 3547/7664/11 3550/5045/11 3551/5044/11 3548/7386/11
f 3126/6876/2288 3134/909/497 3135/908/11 2881/2850/11
f 1811/9018/1662 1812/9019/1657 1808/5262/1822 1813/5261/1585
f 5266/5321/382 5265/5320/944 5257/9020/944 5258/9021/382
f 5262/5912/280 5266/9022/382 5258/8992/382 5250/8993/280
f 5258/9021/382 5257/9020/944 5255/6029/944 5256/9023/382
f 5216/7277/254 5215/7276/282 5199/3809/282 5200/3808/254
f 1976/3046/63 1968/3048/1192 1938/5826/395 1946/5825/63
f 4444/8684/1154 4468/8094/2431 4471/9024/775 4450/9025/1155
f 5299/9026/1370 5303/9027/1369 5304/9028/2338
f 4327/943/510 4328/942/317 4326/9029/316 4321/9030/162
f 4047/8012/2392 4048/8011/2389 4043/9031/2388 4042/9032/16
f 3387/5555/2065 3386/8715/1213 2011/9033/1215 2012/9034/2514
f 4107/1113/40 4158/1112/40 4159/8059/2422 4108/4964/1966
f 6186/1308/40 6194/1307/687 6197/9035/1287 6191/379/40
f 3071/9036/2222 3110/9037/318 3048/6250/318 3067/6249/2186
f 5296/9038/1933 5299/4768/1370 5308/4767/374
f 5306/4769/378 5870/9039/378 5872/4766/374
f 5341/9040/510 5339/9041/510 5337/9042/30 5338/9043/30
f 1489/4532/331 1494/6824/331 1464/2764/63 1444/485/63
f 5366/8956/30 5367/8959/510 5354/9044/510 5353/9045/30
f 2431/4096/11 2429/7143/11 2424/6195/11 2425/6264/11
f 5335/4790/318 5340/4789/317 5342/9046/317 5336/8989/318
f 2039/8330/760 2038/8329/76 2034/5604/76 2035/8407/760
f 3851/7630/11 3852/7783/11 3739/7655/11 3738/7631/11
f 2805/6856/910 2829/6855/954 2830/7014/954 2806/5742/910
f 1713/1639/40 1712/7868/41 1686/4960/41 1687/4959/40
f 5249/9000/279 5250/8993/280 5248/4528/280 5247/9047/279
f 6308/3633/270 5766/3632/18 5784/9048/18 6404/9049/270
f 5235/9050/279 5247/9047/279 5248/4528/280 5236/4531/280
f 5336/8989/318 5350/8988/374 5334/4847/374 5335/4790/318
f 5338/9043/30 5353/9045/30 5354/9044/510 5341/9040/510
f 5767/9051/17 5766/9052/18 5761/8949/18 5762/6277/17
f 5254/8991/254 5253/8990/282 5251/7222/282 5252/7221/254
f 3674/7518/11 3673/7361/11 3666/7710/11 3667/7519/11
f 3417/6149/11 3415/8328/11 2038/8329/76 2042/5491/76
f 2535/6262/11 2534/5224/11 2527/3192/11 2528/6263/11
f 5380/9006/30 5393/6453/30 5394/6454/510 5381/9007/510
f 2411/6301/11 2410/6201/11 2407/6065/11 2408/6064/11
f 1977/8547/2047 1976/3046/63 1946/5825/63 1947/5832/1414
f 5239/6032/944 5238/6031/254 5227/5094/254 5229/5093/944
f 5235/9050/279 5236/4531/280 5226/4808/280 5225/7391/279
f 5677/9053/255 5664/8259/17 5653/4741/17 5659/4740/255
f 6405/9054/270 5994/9055/18 6004/1490/18 6287/1489/270
f 5304/9056/2338 5303/9057/1369 5285/3430/1561 5286/3429/1560
f 5467/7332/15 5469/6896/15 5470/6899/15 5468/7333/15
f 5874/9058/1049 5869/9059/1049 5861/3827/15 5865/5495/15
f 5772/9060/2367 5771/9061/2551 5757/9062/270 5759/9063/403
f 5158/8768/382 5157/8767/944 5147/8793/944 5148/8792/382
f 5475/8998/30 5455/8997/510 5453/9064/510 5452/9065/30
f 4721/8712/254 4720/8711/282 4718/8832/282 4719/8831/254
f 3584/7637/11 3581/7689/11 3566/4330/11 3567/4329/11
f 3580/7560/11 3582/7749/11 3579/2453/11 3578/2452/11
f 5023/3933/1664 5022/2262/1137 5008/1830/254 5009/1829/944
f 4403/6946/40 4402/1228/101 4400/212/101 4401/2791/40
f 6355/6679/270 5225/6678/279 5213/4632/279 6324/4631/270
f 2413/6268/11 2412/1116/11 2390/1115/11 2392/3698/11
f 3593/7728/11 3598/7706/11 3591/5042/11 3590/9066/11
f 3358/5943/2137 3357/7127/2319 3349/7130/952 3351/5944/952
f 5164/8945/254 5163/8944/282 5155/5017/282 5156/5016/254
f 5126/3734/40 5125/3733/1640 4712/3869/1660 4713/3868/40
f 2529/6234/11 2528/6263/11 2523/3359/11 2524/3358/11
f 5256/9023/382 5255/6029/944 5239/6032/944 5240/9067/382
f 4270/3291/279 4264/593/270 4251/8283/270 4259/8295/279
f 6325/4634/270 5211/4633/279 5195/9068/279 6406/9069/270
f 2555/6658/11 2553/6280/11 2549/12/11 2550/5702/11
f 5281/5911/280 5302/8974/2038 5266/9022/382 5262/5912/280
f 3415/8328/11 3397/5601/11 2034/5604/76 2038/8329/76
f 1061/3831/63 1065/7336/1415 1068/3708/1615 1062/3707/63
f 4422/9070/1188 4423/7359/1110 4407/588/280 4406/587/279
f 3892/701/260 3891/700/259 3881/6862/259 3882/6861/260
f 4420/428/40 4430/427/282 4432/8637/282 4421/683/40
f 3051/6478/2195 3049/9071/2231 2568/6366/2198 2570/6365/2196
f 2568/7040/2198 3049/6496/2231 3050/6410/1322 2569/6409/2211
f 5347/5803/109 5356/7892/109 5358/3465/15 5348/3468/15
f 5284/4429/30 5283/9072/1563 5282/8967/1562 6399/8966/270 6407/9073/270 6323/4430/270
f 2415/6135/11 2424/6195/11 2429/7143/11 2422/6218/11
f 5468/7333/15 5470/6899/15 5477/9074/30 5476/7904/30
f 5835/5139/17 5834/9075/18 5823/7823/18 5824/5140/17
f 3763/7748/11 3760/7507/11 3711/1810/11 3713/3815/11
f 2553/6280/11 2554/6659/11 2552/8275/11 2551/6281/11
f 2140/4876/11 2139/3634/11 2134/385/11 2135/384/11
f 5360/4567/318 5359/5362/374 5351/8987/374 5352/8986/318
f 5446/5930/318 5445/8401/374 5440/6834/374 5441/5931/318
f 2493/4352/11 2494/6056/11 2485/5552/11 2484/6202/11
f 2194/5918/11 2299/2804/11 2300/3346/11 2195/2215/11
f 6251/845/318 6248/6932/81 6235/6931/81 6236/846/318
f 2852/6709/11 2849/5921/11 2847/5920/11 2848/6233/11
f 2211/2079/11 2210/2027/11 2208/2026/11 2209/9076/11
f 3462/6656/11 3537/6655/11 3538/7551/11 3463/7570/11
f 3644/7705/11 3643/1160/11 3601/4573/11 3605/4572/11
f 2748/6707/11 2747/1245/11 2745/3583/11 2746/3582/11
f 5656/4739/255 5648/4742/17 5632/7414/17 5638/9077/255
f 3020/7095/11 3019/7216/11 2988/7806/11 2989/7849/11
f 4179/757/412 4180/631/40 4120/630/40 4117/1481/762
f 6177/9078/318 6176/6938/81 6168/6979/81 6169/6166/318
f 2402/2845/11 2404/2844/11 2405/6273/11 2403/6196/11
f 4179/757/412 4187/5163/2004 4188/5166/1508 4180/631/40
f 2861/6362/11 2860/6901/11 2853/6908/11 2857/6363/11
f 2586/5963/11 2585/5962/11 2582/7959/11 2583/6347/11
f 4811/2150/1090 4931/2149/1089 4936/3546/1600 4818/3545/1599
f 2271/2158/11 2269/102/74 623/105/76 625/1824/76
f 5215/8950/282 5208/8305/40 5194/8307/40 5199/8946/282
f 4291/1760/906 4292/134/103 532/1775/916 516/1761/907
f 1305/2317/1166 1304/488/306 1294/4293/1772 1296/2318/1167
f 1334/9079/385 1341/9080/48 1245/8237/47 1231/8240/1708
f 2117/4031/1207 2120/5754/957 2121/7944/2374 2118/4032/1694
f 4001/5060/11 4000/7949/11 3999/7948/11 3995/7891/11
f 5453/5453/510 5455/9081/510 5456/9082/317 5454/5454/317
f 3110/9037/318 3055/9083/2229 3047/8706/2194 3048/6250/318
f 3426/7612/2365 3425/9084/985 3420/5640/2080 3421/7546/11
f 2417/1882/11 2416/5904/11 2412/1116/11 2413/6268/11
f 2977/7017/11 2975/6760/11 2886/6762/11 2887/6846/11
f 3708/1812/11 3709/1811/11 3234/6544/11 3233/7341/11
f 5042/8448/2433 5041/4256/1770 5039/4870/1948 5040/9085/2485
f 3477/6954/11 3476/6342/11 3468/3955/11 3470/3954/11
f 57/9086/650 56/9087/236 47/226/181 48/225/180
f 3299/7431/315 3296/7411/315 3289/9088/952 3292/8643/952
f 5414/6327/318 5422/6326/317 5425/9089/317 5419/9090/318
f 6130/9091/409 6045/9092/409 6040/7829/2068 6041/7828/2068
f 202/9093/197 199/921/124 198/920/115 201/9094/707
f 4240/4466/597 4242/8214/596 4166/8032/2409 4165/4467/1834
f 1203/8566/1163 1206/3993/1678 1208/1987/1010 1204/1990/1012
f 4793/4341/40 4805/4071/40 4806/4936/385 4794/4342/1708
f 4144/5096/1993 4143/5095/1992 4126/8122/936 4141/8121/2442
f 2475/4202/11 2474/6047/11 2450/3081/11 2452/3080/1467
f 2618/9095/1887 2617/4003/1682 2611/4006/1685 2613/6488/2155
f 1719/2966/1419 1716/5063/1985 1694/1975/1001 1701/4874/1949
f 1533/4675/1197 1536/2265/1139 1515/2268/63 1507/2397/1206
f 36/9096/132 40/1903/870 28/1906/960 35/9097/143
f 2560/6462/2235 3044/6443/2231 3045/2325/1174 2561/6463/2239
f 3161/9098/2330 3159/9099/2142 3149/9100/2327 3150/7150/2320
f 1894/9101/398 1899/9102/1597 1818/9103/1573 1817/9104/399
f 489/9105/846 487/9106/2209 481/9107/2552 480/9108/847
f 4961/4077/1712 4968/4076/1711 4969/9109/2411 4962/9110/2410
f 826/2646/1254 825/2548/1269 753/2551/1271 754/8558/1255
f 4142/7537/1994 4145/759/414 4119/758/413 4118/7538/2361
f 441/1599/820 454/9111/823 464/9112/787 450/1598/819
f 2311/5856/11 2309/6091/11 2279/2129/1082 2282/2128/1081
f 4161/2562/1273 4162/7474/2354 4170/4000/1680 4055/8009/2391
f 4140/8127/564 4139/9113/2269 4135/9114/2444 4134/970/532
f 2221/9115/1046 2226/1973/999 2230/1972/998 2222/2038/1039
f 2960/2227/1112 2959/7985/2387 2946/7987/1759 2948/2224/1111
f 2938/3990/1677 2941/3989/1676 2942/7066/1760 2940/9116/2385
f 2615/7043/1683 2628/7907/1123 2594/9117/1914 2587/7044/1913
f 4827/6909/2290 4828/4198/1754 4826/4197/1753 4824/999/552
f 2125/1766/910 2153/1321/694 2154/2510/954 2126/5806/910
f 182/9118/2366 184/9119/106 411/9120/488 181/9121/487
f 2026/9122/1699 2025/9123/1210 2009/9124/1212 2023/9125/1959
f 1562/2266/1140 1563/2072/63 1524/2788/63 1516/2267/63
f 2097/5734/957 2096/5733/1207 2090/8639/1207 2091/7433/957
f 5808/9126/2553 5807/9127/2167 5773/9128/2554 5774/9129/2555
f 4202/1452/749 4123/4603/1873 4115/9130/2522 4199/1453/750
f 734/9131/1907 726/4436/709 720/4435/1821 723/9132/1857
f 5097/8493/2497 5093/8492/2495 5083/9133/1710 5096/9134/1709
f 4101/9135/2440 4100/9136/2439 4096/9137/2556 4098/9138/533
f 4799/9139/1707 4800/1449/748 4795/1448/747 4796/5507/1675
f 500/8781/880 499/8782/199 496/6403/789 493/6402/2210
f 2938/3990/1677 2937/6939/2297 2929/2946/301 2930/3991/11
f 4874/9140/1359 4873/8717/2025 4865/8720/2530 4866/9141/1473
f 3078/6648/2273 3076/6647/2272 3073/5773/2111 3075/5772/2110
f 5388/1795/109 5383/6189/109 5373/7691/110 5374/1792/110
f 1413/5689/2094 1414/6137/2174 1415/4311/1795 1405/4312/1796
f 2518/6438/98 3389/6437/2228 3391/6317/2197 2519/9142/99
f 4759/9143/673 4761/4350/745 1448/1333/702 1449/1332/674
f 5544/5531/2052 5543/9144/2557 5519/5949/2139 5520/5948/2138
f 694/9145/1175 695/8452/1242 697/2466/1239 692/2468/1113
f 1530/8854/450 1545/9146/449 1546/4682/1145 1531/2293/1151
f 4102/9147/2443 4136/9148/565 4097/9149/530 4099/9150/2558
f 4098/971/533 4134/970/532 4135/9114/2444 4101/9151/2440
f 2250/2437/1228 2249/2436/1189 2244/172/134 2237/171/133
f 5376/6674/15 5384/6188/15 5385/6145/15 5377/6306/15
f 3558/6022/1202 3571/5247/2029 3572/2147/1088 3563/2146/1087
f 4869/9152/2533 4867/8477/2490 4850/8480/2492 4851/9153/2526
f 1414/6137/2174 1413/5689/2094 1400/5688/2093 1401/6138/2175
f 4016/6933/1088 3998/7938/1087 3986/9154/2046 3989/6927/2294
f 47/8786/181 46/8785/239 44/815/172 43/814/182
f 4292/134/103 4329/133/102 533/1776/917 532/1775/916
f 2622/6486/2227 2611/4006/1685 2610/4005/1684 2561/9155/2239
f 2271/2158/11 2272/2457/11 2270/9156/1076 2269/102/74
f 594/9157/984 595/2033/983 601/2032/391 593/9158/878
f 1048/9159/1628 1050/3670/1627 1047/3573/1607 1046/6217/1553
f 2616/5542/2061 2612/1506/771 2559/5663/2086 2589/6469/2201
f 3392/6318/2064 3391/6317/2197 3389/6437/2228 3390/5539/2059
f 5414/6327/318 5413/9160/374 5405/3942/374 5406/3941/318
f 852/2873/1391 853/164/127 851/9161/1275 850/1704/282
f 3955/7482/2356 3956/9162/2559 3954/7690/1084 3953/1855/953
f 4553/8590/2515 4575/2544/1265 4578/5547/2062 4554/3939/1665
f 5122/4316/1800 5123/8418/2482 2031/4484/1842 2030/4483/1700
f 2215/7261/2180 2216/6003/205 2213/2080/11 2212/7262/11
f 737/4735/1905 738/4734/1898 668/9163/1889 667/9164/183
f 5572/9165/2517 5571/2830/1376 5569/2829/1375 5568/9166/2560
f 226/9167/2438 237/9168/1327 214/9169/58 225/9170/61
f 1564/4729/1903 1548/4719/1125 1544/2248/1130 1547/2247/1129
f 204/7661/963 23/183/142 20/182/141 203/7662/493
f 2955/7036/1828 2954/7035/1828 2942/9171/1760 2944/7986/1760
f 1645/9172/148 1644/9173/1185 1633/4579/1864 1635/4578/1863
f 2266/2123/1078 2265/8788/1978 2253/8762/849 2243/8765/1079
f 374/9174/251 370/9175/1810 365/9176/1659 368/9177/252
f 2203/2048/1047 2202/8496/1045 596/2008/965 597/2007/1022
f 495/1617/831 494/1616/830 489/1649/846 488/1648/845
f 835/9178/1405 836/9179/130 838/2812/1363 833/2815/1365
f 4920/8051/2417 4919/3521/1592 4917/6033/2164 4918/8769/2535
f 1345/1147/613 1344/4774/678 1338/3768/677 1339/1144/612
f 2770/5884/910 2802/6160/954 2803/7445/954 2771/5885/910
f 5548/5534/2055 5547/9180/2561 5543/9144/2557 5544/5531/2052
f 4766/785/438 5026/1499/767 5052/1498/766 4763/9181/1470
f 4980/4307/331 4849/4306/1792 4789/2762/63 4790/2761/63
f 3059/6477/2230 3057/9182/2232 3049/9071/2231 3051/6478/2195
f 4857/4147/1335 4856/9183/2562 4853/5934/2133 4855/4144/1725
f 2278/9184/1351 2259/2434/1226 2250/2437/1228 2251/9185/2382
f 1542/9186/1184 1541/2382/1183 1538/2381/1198 1540/9187/2218
f 5346/5793/110 5345/7893/110 2159/1860/910 2160/5794/910
f 4484/6585/480 4486/9188/2563 4487/9189/2547 4482/6586/1940
f 6128/6096/2068 6041/7828/2068 3848/6776/1084 3954/7690/1084
f 4078/9190/2265 4079/9191/630 4076/3433/629 4077/1292/682
f 4825/9192/1732 4863/1958/990 4865/9193/2530 4862/9194/2529
f 244/8103/2434 243/8106/2437 212/9195/509 231/9196/2321
f 1375/9197/588 1376/9198/1729 1374/4152/1728 1373/4153/1730
f 5297/8312/1934 5296/9199/1933 5295/9200/752 5294/8313/2146
f 2275/9201/203 2277/2130/1083 2279/2129/1082 2220/2858/204
f 5563/3972/1671 5562/3975/374 5534/9202/374 5533/9203/2283
f 2240/523/321 2247/5986/1190 2257/5985/2151 2241/524/322
f 5112/8450/1871 5110/7668/1251 5101/5358/318 5106/5357/318
f 2410/6201/11 2409/6200/11 2406/6272/11 2407/6065/11
f 2284/2186/11 2273/2185/11 626/1823/76 629/3683/76
f 3133/911/11 3132/7214/896 3123/6649/897 3078/6648/2273
f 259/9204/575 260/1056/571 251/1059/71 256/9205/70
f 2593/4046/1702 2601/5777/2113 2592/9206/2564 2591/9207/2565
f 355/9208/2274 350/9209/2566 344/1050/577 346/8429/2275
f 4818/3545/1599 4817/8783/383 4810/9210/1802 4811/2150/1090
f 2594/9117/1914 2628/7907/1123 2629/9211/1122 2597/9212/2457
f 1471/4275/1779 1472/9213/1165 1296/4258/1167 1295/4257/1771
f 6025/5377/63 6035/5376/403 6018/9214/403 6015/7864/63
f 4922/1581/814 4921/1580/813 4285/8222/813 4286/8221/814
f 2386/5400/11 2385/3345/11 2300/3346/11 2302/3286/11
f 5452/9215/30 5449/9216/30 5439/8413/15 5444/8412/15
f 2847/5920/11 2834/3373/11 2423/6255/11 2430/7144/11
f 3775/7803/11 3789/7759/11 3790/6449/11 3776/6452/11
f 5531/6831/2283 5533/9203/2283 5534/9202/374 5532/6832/374
f 2702/2023/1032 2742/6669/11 2749/4832/11 2705/4831/1942
f 2583/6347/11 2582/7959/11 2496/6055/11 2498/6348/11
f 2859/6300/11 2858/6364/11 2855/3539/11 2856/3538/11
f 5504/7398/318 5503/9217/374 5490/9218/374 5491/7832/318
f 2515/868/100 2513/867/11 1182/3676/76 1193/3675/271
f 5391/9219/374 5405/7838/374 6373/7841/270 6408/9220/270
f 844/2973/760 843/2972/76 841/1826/76 842/1825/760
f 5417/1632/15 5431/6735/15 5434/9221/30 5423/1629/30
f 5382/7522/317 5379/1354/318 5365/4570/318 5371/4569/317
f 2896/8948/11 2895/7532/301 2822/7805/301 2823/7317/11
f 5378/5568/374 5386/9222/374 6409/9223/270 6337/5569/270
f 3480/6811/11 3689/5642/11 3198/5643/11 2766/6710/11
f 3837/6851/1099 3839/7885/1099 3840/9224/952 3838/9225/952
f 2808/6773/301 2807/6772/1246 2789/9226/1246 2790/6758/301
f 2497/6575/11 2498/6348/11 2496/6055/11 2495/4351/11
f 3817/3362/11 3818/3365/11 3816/7586/11 3815/4838/11
f 5409/6328/317 5406/3941/318 5392/3944/318 5398/9227/317
f 5502/5562/15 5510/6514/15 5513/9228/2567 5505/8227/2466
f 2724/6333/11 2711/6282/11 2544/5250/11 2552/8275/11
f 2781/2494/11 2780/5530/301 2773/8852/301 2774/2495/11
f 1939/2742/1353 1941/7739/1415 1909/6320/1415 1907/5422/1353
f 5982/7793/409 5993/9229/409 5996/5407/63 5985/7794/63
f 4961/4077/1712 4958/9230/2542 4954/8414/814 4956/3350/270
f 2732/6357/11 3468/3955/11 3476/6342/11 2759/6345/11
f 5369/9231/30 5366/8841/30 5357/3466/15 5363/7713/15
f 1200/6455/684 1199/8567/759 1173/5597/759 1174/3984/684
f 5394/9232/510 5397/7315/510 5398/7316/317 5395/9233/317
f 5525/9234/15 5537/9235/15 5561/9236/2568 5530/9237/2567
f 797/2883/1395 796/2650/76 629/3683/76 630/8385/2479
f 5419/9090/318 5418/9238/374 5413/9160/374 5414/6327/318
f 5420/5579/30 5421/5578/510 5408/6290/510 5407/6289/30
f 5853/9239/2569 5852/3061/1462 5839/3064/1463 5840/9240/2570
f 2858/6364/11 2857/6363/11 2854/6708/11 2855/3539/11
f 2729/6583/11 2730/6356/11 2728/6528/11 2727/6334/11
f 5618/9241/63 5629/9242/63 5637/9243/403 5624/9244/403
f 6409/9223/270 5386/9222/374 5391/9219/374 6408/9220/270
f 3236/7238/11 3235/6944/11 3142/6744/11 3143/6950/11
f 5287/3828/15 5861/3827/15 5869/9059/1049 5305/8942/1049
f 2913/6957/11 2912/4215/11 2903/6633/11 2906/6683/11
f 5429/4434/109 5430/6734/15 5416/3934/15 5415/2777/109
f 2979/6636/11 2978/6943/11 2888/6845/11 2889/6637/11
f 3014/6842/11 2995/4650/11 2974/1398/11 2985/6626/11
f 2669/6269/11 2670/6154/11 2647/6059/11 2646/6270/11
f 5424/7088/510 5435/6523/510 5436/6522/317 5425/7089/317
f 6411/9245/270 5718/9246/18 5737/9247/18 6410/9248/270
f 2760/6285/11 2763/6284/11 2764/6206/11 2761/5296/11
f 6412/9249/270 5593/9250/18 5598/9251/18 6413/9252/270
f 5433/6836/318 5432/6835/374 5418/9238/374 5419/9090/318
f 5431/6735/15 5439/8413/15 5449/9216/30 5434/9221/30
f 5122/4316/1800 5125/3733/1640 5127/3732/101 5123/8418/2482
f 5959/9253/15 5968/9254/1049 5955/6360/1049 5951/6359/15
f 3014/6842/11 3016/6841/11 3017/5334/11 3015/5333/11
f 2758/6287/11 2757/6286/11 2728/6528/11 2730/6356/11
f 6099/7857/81 6101/9255/318 6103/9256/318 6100/7693/81
f 3286/7407/1099 3288/4543/1852 3289/8636/952 3287/7442/952
f 5395/7521/317 5398/9227/317 5392/3944/318 5387/1351/318
f 5204/9257/2045 5202/5853/2128 5179/5855/280 5196/7435/280
f 3235/6944/11 3237/7237/11 2984/6904/11 2980/6635/11
f 4435/8579/281 4434/3477/336 4414/1098/336 4415/9258/281
f 3138/7229/11 3133/911/11 3078/6648/2273 3085/1463/754
f 2581/6308/11 2576/5549/11 2485/5552/11 2494/6056/11
f 3502/4334/11 3503/7559/11 3501/6646/11 3500/7558/11
f 5662/753/409 5665/6966/63 5654/7462/63 5651/5813/409
f 1945/5833/1415 1944/5178/63 1940/5177/63 1941/5560/1415
f 5884/9259/318 5883/9260/318 5881/9261/318 5882/9262/318
f 4589/9263/254 4594/1477/336 4597/3395/336 4591/8647/254
f 2829/6855/954 2828/6854/954 2807/7444/1246 2812/9264/1246
f 4852/9265/2134 4854/8699/554 4850/8698/2492 4858/9266/2132
f 1229/8239/1674 1238/8238/2130 1227/1165/405 1219/1164/41
f 5684/9267/403 5679/7899/403 5666/7898/63 5674/9268/63
f 2675/7170/2326 2691/7240/808 2664/9269/2084 2655/7171/2203
f 97/88/3 109/90/63 111/85/63 11/87/4
f 3137/6951/11 3136/2848/11 3135/908/11 3133/911/11
f 2674/1996/1014 2669/6269/11 2650/4745/1909 2651/1997/1015
f 2825/1393/11 2824/1392/11 2815/3248/11 2816/6662/11
f 6417/9270/2571 6243/9271/1856 6242/8159/32 6382/8163/2449 6416/9272/2572
f 6240/8165/2451 6262/9273/2573 6414/9274/2574 6415/9275/2575 6383/8166/2452
f 1540/9187/2218 1538/2381/1198 1508/193/151 1518/192/150
f 3655/5312/260 3654/5311/259 3645/3618/259 3646/3617/260
f 5592/9276/403 5591/9277/2238 5583/9278/2576 5586/7251/63
f 2457/2928/1412 2456/9279/1277 834/9280/1280 837/4947/1364
f 4628/2879/342 4630/2222/342 4603/2903/343 4602/2880/343
f 4534/9281/2284 4535/9282/2507 4516/9283/2545 4527/9284/1053
f 4479/4865/1946 4452/790/443 709/3369/212 774/735/402
f 3175/6879/11 3208/1742/11 3213/7299/11 3176/7284/11
f 4826/8750/1753 4863/1958/990 4825/9192/1732 4824/9285/552
f 4994/8770/2400 4918/8769/2535 4905/6036/2166 4906/4309/1793
f 5312/141/109 5316/140/109 5317/8055/15 5313/1126/15
f 3122/9286/2347 3128/9287/2577 3115/9288/2578 3114/9289/2324
f 1384/198/156 1382/8741/1939 1365/9290/2579 1368/199/157
f 205/3296/501 217/3295/1515 219/9291/263 208/9292/266
f 3927/5004/112 3928/5003/112 3920/6781/260 3915/9293/260
f 4086/1291/668 4088/9294/663 4078/9190/2265 4077/1292/682
f 106/17/14 104/42/33 85/44/35 2/15/12
f 5077/8474/795 5082/931/505 5083/4075/1710 5078/9295/2494
f 539/9296/2580 541/4590/1025 546/4593/1392 512/9297/874
f 761/4654/1883 762/2627/63 731/2629/177 730/4688/1890
f 3237/7237/11 3243/7848/11 2989/7849/11 2984/6904/11
f 5505/9298/2466 5513/9299/2567 5514/6830/2283 5506/9300/2581
f 5625/7278/409 5614/6101/409 5606/6104/410 5607/2136/410
f 2832/3706/11 2831/3705/11 2418/5946/11 2419/1885/11
f 548/1749/434 556/1993/973 557/1994/892 552/9301/1023
f 2897/1391/11 2896/8948/11 2823/7317/11 2824/1392/11
f 3262/8971/11 3260/2365/11 3245/2368/11 3246/6765/11
f 3007/3131/315 3006/2226/315 2999/2225/952 3001/3132/952
f 3005/6798/952 3025/7101/952 3034/7100/315 3011/503/315
f 4496/3012/1437 4498/1582/815 4491/1585/818 4490/8098/1817
f 4469/9302/1021 4471/9024/775 4468/8094/2431 4465/8088/2427
f 4902/8019/2397 4981/8695/2170 4845/76/62 4844/4315/1799
f 4797/4348/1804 4809/8743/2534 4751/7555/307 4747/4024/307
f 54/306/235 60/9303/234 61/9304/91 55/307/90
f 3668/7520/11 3667/7519/11 3652/7605/11 3656/7604/11
f 3579/2453/11 3590/9066/11 3549/2710/11 3545/2454/11
f 6126/8308/2473 6172/9305/2582 6173/9306/2378 6127/8309/2379
f 2683/9307/2160 2682/9308/2216 2679/6502/2155 2680/6501/2161
f 2915/6245/954 2891/5743/910 2806/5742/910 2830/7014/954
f 4600/5058/1983 4601/2881/1393 854/165/128 853/164/127
f 587/6225/2179 586/6224/1019 576/9309/1541 585/9310/2583
f 5547/9311/2561 5545/9312/15 5542/7991/109 5543/9313/2557
f 2000/4053/1272 1999/3004/1430 1993/4712/1895 1994/4711/1650
f 2593/4046/1702 2591/9207/2565 2577/5879/11 2578/4047/11
f 3451/4724/11 3455/7554/11 3446/3528/11 3441/4725/11
f 4709/6077/2169 4708/6076/2168 4697/3621/1616 4698/8704/1715
f 4875/2715/1334 4877/973/535 4881/9314/919 4876/9315/2531
f 4054/8812/2540 4049/8016/2394 4044/8250/15 4045/9316/277
f 5523/6985/109 5524/9317/15 5509/6513/15 5508/6986/109
f 5577/5800/409 5584/5799/409 5585/7248/63 5582/9318/63
f 1730/5062/378 1727/5081/378 1715/5084/270 1716/5063/1985
f 5624/9319/403 5623/9320/254 5620/9321/254 5621/9322/403
f 507/255/200 511/9323/452 539/9324/2580 510/256/201
f 60/9303/234 418/1618/357 419/1619/832 61/9304/91
f 3000/4642/1099 2998/6866/1099 2992/7019/11 2993/4643/11
f 4056/9325/2402 4057/9326/2537 4054/9327/2540 4055/9328/2391
f 1763/5170/2008 1884/5169/2007 1888/9329/1497 1765/9330/1499
f 1991/7765/1633 1992/9331/1302 1979/9332/1303 1975/7766/2368
f 4883/5242/2026 4885/8754/1705 4882/1777/918 4872/1780/921
f 975/5436/690 980/3417/1513 981/3416/1556 976/5437/2023
f 1074/3722/1638 1073/3037/1449 1045/3122/40 1070/3121/1476
f 4799/9139/1707 4814/8784/384 4815/8608/2518 4800/1449/748
f 650/3068/1465 648/5998/1118 644/9333/557 646/3069/764
f 2451/6608/2262 2459/5540/2060 2461/4455/1826 2453/6606/2261
f 5343/5801/110 5311/5820/110 2127/6797/910 2128/6796/910
f 2902/6634/11 2901/8947/11 2896/8948/11 2897/1391/11
f 5449/9334/30 5450/9335/510 5435/9336/510 5434/9337/30
f 2601/5777/2113 2598/6531/718 2596/8186/2051 2592/9206/2564
f 729/9338/1928 718/9339/1927 717/9340/2430 728/9341/1208
f 180/9342/445 189/9343/113 192/9344/116 181/9345/487
f 4869/8798/2533 4870/1779/920 4868/9346/534 4867/9347/2490
f 451/9348/720 455/1234/232 456/1233/656 453/9349/843
f 243/8113/2437 226/8116/2438 210/937/507 212/939/509
f 6154/6786/2278 6129/6097/2171 3956/9162/2559 3966/6787/2279
f 3107/952/519 3108/5955/2144 3158/5954/2143 3106/953/520
f 207/614/265 218/5938/264 130/5940/2135 108/458/293
f 550/779/433 554/1930/974 556/1929/973 548/780/434
f 5552/7047/409 5577/5800/409 5582/9318/63 5559/7083/63
f 594/9157/984 593/9158/878 587/9350/2179 583/9351/1837
f 5076/4294/1789 5061/9352/2499 5059/7935/2373 5058/4295/1790
f 3063/6296/11 3060/7535/2360 2625/3644/1625 2648/3643/11
f 4842/1924/968 4843/2236/1120 4840/2235/1119 4841/1925/969
f 4147/9353/2267 4141/9354/2442 4102/9355/2443 4103/9356/2544
f 152/4078/1713 148/9357/389 140/9358/390 144/4079/1714
f 4083/8076/2425 4458/8075/784 4490/8098/1817 4090/8097/1865
f 5565/7599/1673 5555/9359/1374 5554/9360/2011 5541/7600/318
f 3132/9361/896 3131/8141/498 3130/8140/2247 3128/9362/2577
f 4822/9363/2291 4875/9364/1334 4876/9365/2531 4827/9366/2290
f 3060/9367/2360 3065/9368/2240 3074/9369/2242 3061/9370/617
f 4199/9371/750 4115/8685/2522 4083/8076/2425 4090/8097/1865
f 5600/9372/1740 5594/7458/2352 5581/7285/2343 5589/9373/1741
f 5573/8435/2484 5588/8434/2483 5571/2830/1376 5572/9165/2517
f 736/4786/375 735/2871/375 716/2870/377 718/4787/1927
f 686/7645/1417 685/9374/681 682/9375/836 684/7646/1235
f 4144/9376/1993 4146/8198/2459 4150/8168/2453 4145/8167/414
f 3162/7258/2287 3160/6880/11 3106/953/520 3158/5954/2143
f 235/984/542 230/9377/551 222/9378/547 223/982/541
f 3114/9289/2324 3115/9288/2578 3110/9037/318 3071/9036/2222
f 4037/9379/16 4038/9380/21 4034/424/21 4032/423/16
f 1361/9381/1775 1362/8730/2527 1359/8729/2532 1363/9382/1776
f 708/9383/1094 707/266/211 701/269/214 702/9384/1267
f 2274/8661/2521 2276/6004/2156 2277/2130/1083 2275/9201/203
f 6240/9385/2451 6384/9386/2450 6418/9387/2584 6203/9388/2585 6204/9389/2586
f 453/1641/843 452/1642/839 440/7242/838 436/7243/593
f 1571/4860/1945 1565/4728/1902 1547/2247/1129 1561/2246/1128
f 4153/2511/516 4152/2514/1248 4151/9390/2177 4130/9391/2178
f 699/2574/1263 700/9392/1268 696/2467/1240 697/2466/1239
f 4837/3114/1474 4864/3113/989 4830/1926/970 4841/1925/969
f 4104/8858/2441 4103/8859/2544 4096/9393/2556 4100/9394/2439
f 3115/9288/2578 3128/9287/2577 3130/9395/2247 3117/9396/2248
f 2025/2410/1210 2027/5817/1843 2015/5818/2123 2013/2411/1211
f 6230/353/267 6261/9397/2587 6228/9398/2445 6227/354/267
f 682/9375/836 685/9374/681 681/1685/46 675/1684/837
f 5051/2619/1299 5050/2329/1178 5045/2041/1041 5049/2600/1289
f 6010/9399/2588 6009/9400/2589 5999/9401/2590 6000/9402/2591
f 4097/9403/530 4098/9404/533 4096/9405/2556 4099/9406/2558
f 1998/5069/1987 1996/5068/1986 1710/5033/1979 1793/4869/1947
f 6009/9400/2589 6008/9407/2592 5998/9408/2593 5999/9401/2590
f 2951/6975/2299 2950/4421/1819 2927/4424/1416 2928/9409/2298
f 275/9410/360 234/9411/2548 282/615/351 276/562/340
f 2040/2699/1332 2044/4190/1751 2047/5671/1785 2041/9412/1784
f 3391/9413/2197 3393/9414/2063 2520/4002/477 2519/130/99
f 2666/5687/2092 2665/9415/855 2664/5659/2084 2663/4491/1845
f 1378/9416/1036 1367/8775/2536 1359/9417/2532 1360/9418/1037
f 221/9419/548 220/5939/358 218/5938/264 219/9420/263
f 44/217/172 46/305/239 49/308/227 45/218/173
f 1643/4909/318 1648/5114/318 1652/188/146 1641/191/149
f 1369/6624/1825 1368/9421/157 1365/9422/2579 1364/4272/1777
f 2453/6606/2261 2461/4455/1826 2462/4203/1757 2452/3080/1467
f 159/9423/2594 162/9424/161 158/9425/424 155/9426/475
f 4439/3860/281 4438/9427/281 4425/9428/1380 4427/3861/1162
f 4908/1938/978 4899/9429/1925 4880/9430/1706 4886/1939/979
f 4118/7538/2361 4116/5838/2124 4108/4964/1966 4109/7539/2362
f 4344/4493/1847 4347/554/337 4343/553/254 4341/9431/254
f 283/8057/2420 284/616/352 282/615/351 281/8058/2421
f 5590/6460/1742 5589/9432/1741 5587/9433/2595 5588/8434/2483
f 1389/8759/1831 1386/8758/1737 1383/9434/1736 1385/9435/2116
f 2706/3435/11 2712/7065/11 2586/5963/11 2583/6347/11
f 3103/9436/521 3102/9437/2253 3089/6567/2257 3090/6566/1401
f 1637/9438/1343 1626/2823/1346 1560/8635/2520 1579/8594/2516
f 1423/4482/609 1422/1121/601 1402/633/364 1403/632/363
f 2454/4938/11 2459/5540/2060 2451/6608/2262 2447/6609/1381
f 3089/9439/2257 3088/582/346 2685/2087/1067 2703/2086/1066
f 1416/1086/40 1417/412/25 1408/33/25 1407/6256/40
f 2283/520/11 2282/2128/1081 2270/9156/1076 2272/2457/11
f 1298/4041/1698 1297/8806/2538 1273/2119/1074 1274/1079/590
f 2136/2190/11 2135/384/11 520/387/274 522/2191/76
f 4314/8339/2476 4322/205/163 4323/7697/1005 4316/9440/2076
f 183/9441/107 175/200/158 162/203/161 163/9442/108
f 2230/9443/998 2233/8721/323 2236/8722/2147 2229/9444/2000
f 2018/4453/1824 2021/4452/1823 2023/9445/1959 2008/5070/1520
f 702/2546/1267 701/9446/214 696/9447/1240 700/2547/1268
f 245/8110/543 244/8109/2434 231/7153/2321 236/998/544
f 5552/7047/409 5551/9448/2053 5521/6997/2308 5522/6996/410
f 1375/9449/588 1373/8744/1730 1371/4169/990 1372/8752/589
f 1362/8730/2527 1361/9381/1775 1248/9450/1724 1249/9451/1723
f 2293/2857/11 2295/2856/11 2296/1071/11 2294/1070/11
f 204/1911/963 24/1914/118 22/895/117 23/894/142
f 2895/7532/301 2894/7531/1246 2821/9452/1246 2822/7805/301
f 6134/9453/63 6138/5866/63 6139/5865/63 6135/9454/63
f 5065/8891/2505 5070/9455/2504 5063/9456/2182 5064/8888/2500
f 327/1150/616 332/1149/615 302/4390/611 288/2014/1027
f 4131/950/517 4153/949/516 4130/9457/2178 4129/5618/328
f 5521/9458/2308 5520/5948/2138 2921/5951/2140 2956/7988/2306
f 390/1194/635 389/1336/63 310/2753/63 297/1119/568
f 4912/8688/2524 4957/8687/2523 4959/8031/2408 4910/8017/2395
f 532/1775/916 529/1774/915 528/9459/695 516/1761/907
f 3557/5778/241 3556/2388/1201 3555/5769/2109 2113/5771/242
f 5543/9313/2557 5542/7991/109 5518/1762/110 5519/6984/2139
f 742/4732/176 737/4735/1905 730/9460/1890 731/9461/177
f 1618/7812/1317 1615/4778/658 1596/2623/1300 1597/9462/1318
f 5276/8302/2472 5278/8301/2145 5279/9463/751 5277/9464/923
f 544/782/79 543/781/435 513/9465/451 514/9466/2596
f 598/9467/876 2201/2049/1048 2203/2048/1047 597/2007/1022
f 2223/5151/2001 2207/5150/1060 2204/712/393 603/711/392
f 5088/8470/1904 5065/8891/2505 5064/8888/2500 5076/8887/1789
f 5913/9468/318 5912/9469/318 5908/9470/318 5907/9471/318
f 475/3118/1475 481/9472/2552 484/9473/825 477/3119/812
f 5902/9474/378 5903/9475/374 5890/9476/374 5888/9477/378
f 213/8155/334 269/527/325 281/8058/2421 233/9478/2342
f 3100/7163/2325 3101/6480/1749 3098/6483/1920 3099/9479/2219
f 587/9350/2179 585/9480/2583 579/9481/1838 583/9351/1837
f 4685/8370/281 4682/3378/336 4681/3377/336 4684/9482/281
f 424/621/289 425/499/313 412/498/221 423/622/220
f 5089/8771/2488 5090/8489/2496 5092/8517/2498 5065/8516/2505
f 5193/5665/101 5207/8306/101 5190/7432/170 5189/5666/2088
f 1293/9483/1100 1294/9484/1772 1292/3864/275 1291/3863/120
f 2662/9485/852 2661/9486/1016 2653/9487/1908 2654/9488/2249
f 2680/6020/2161 2686/4773/1923 2572/4772/1922 2678/6017/2158
f 1205/9489/1011 1201/1728/887 1190/1403/15 1191/1402/723
f 5011/8261/382 5009/1829/944 4545/1832/946 4547/9490/866
f 565/1942/891 570/1967/959 562/1946/976 566/1943/981
f 428/767/421 427/766/288 420/263/208 421/262/207
f 1441/5174/2009 1428/4481/1841 1403/632/363 1418/5788/2117
f 5187/5854/382 5185/7451/382 5175/2363/280 5177/4116/280
f 4206/647/373 4208/1284/371 4209/1283/40 4207/4087/40
f 2955/7036/1828 2959/7985/2387 2961/5738/2100 2958/2110/1071
f 813/2859/1383 797/9491/1395 630/8642/2479 636/2860/1384
f 2940/7981/2385 2939/7010/2310 2937/7009/2297 2938/9492/1677
f 5551/5532/2053 5544/5531/2052 5520/5948/2138 5521/9458/2308
f 3112/6446/2234 3111/7246/2336 3069/2323/1172 3109/2322/1171
f 3190/1741/11 3167/1744/897 3108/5955/2144 3107/952/519
f 5071/9493/2506 5092/8494/2498 5097/8493/2497 5069/9494/1663
f 5947/6158/82 5952/7934/81 5960/7771/81 5948/7770/82
f 5753/9495/2597 5752/9496/2598 5729/9497/2599 5730/9498/2370
f 4604/5546/342 4599/3940/1666 4554/3939/1665 4578/5547/2062
f 5583/9278/2576 5591/9277/2238 5573/9499/2484 5560/7084/2316
f 3967/6929/2295 3966/6787/2279 3965/7481/2355 3964/6930/2296
f 1561/2246/1128 1535/2249/1131 1514/2392/1203 1523/1771/913
f 1297/8806/2538 1278/9500/1763 1266/2120/1075 1273/2119/1074
f 508/9501/606 505/9502/879 501/1615/829 503/1614/607
f 5811/9503/2002 5808/9126/2553 5774/9129/2555 5775/9504/2003
f 4610/9505/1653 4584/8540/403 6392/8539/2509 6393/9506/2512
f 3421/7546/11 3420/5640/2080 2051/5639/2079 2053/5822/11
f 821/2207/1106 4552/2206/1105 4553/8590/2515 822/1706/873
f 171/1218/586 167/1217/595 148/9357/389 152/4078/1713
f 1425/1215/649 1560/8635/2520 1626/2823/1346 1427/1212/646
f 3434/5696/2095 3435/4727/1901 3440/4726/1900 3427/6527/2250
f 5780/5608/2069 5779/2200/1102 3362/2203/1103 3363/5609/2070
f 4479/4865/1946 4480/4896/1958 4454/787/440 4452/790/443
f 3074/9507/2242 3081/5625/2073 3082/5628/755 3075/9508/2110
f 5429/4434/109 5437/6733/109 5438/8410/15 5430/6734/15
f 3446/3528/11 3445/3527/11 3439/6391/11 3441/4725/11
f 3321/7324/11 3313/4130/11 3225/3552/11 3230/7133/11
f 6166/9509/30 6174/9510/30 6175/7884/15 6167/9511/15
f 4028/5716/1284 6212/6928/82 6213/2585/82 4029/2584/1284
f 5516/6934/110 5499/6987/110 2892/7933/2372 2893/5762/2106
f 2586/5963/11 2712/7065/11 2715/2089/11 2659/1662/854
f 6419/9512/270 5711/9513/18 5718/9246/18 6411/9245/270
f 5184/6687/944 5186/6815/944 5183/6814/254 5181/8939/254
f 1975/7766/2368 1974/9514/1488 1964/3872/1487 1965/5360/2042
f 5212/5418/280 5220/5624/2043 5204/9257/2045 5196/7435/280
f 3726/5330/11 3733/3580/11 3736/3579/11 3728/5327/11
f 812/9515/353 2447/6609/1381 2448/6607/1366 809/2581/1282
f 4685/5846/281 4684/8406/281 4662/8405/2458 4663/5847/2127
f 2015/8840/2123 2014/8839/2543 2012/9516/2514 2013/9517/1211
f 5275/6130/2173 5292/6129/2172 5294/9518/2146 5278/9519/2145
f 3219/4091/11 3218/6642/11 3215/1879/11 3216/1878/11
f 3390/5539/2059 3389/6437/2228 3384/4030/1693 3385/2416/1214
f 3577/5808/2121 3608/244/193 3573/247/196 3576/827/461
f 533/1776/917 534/1817/496 530/1789/495 529/1774/915
f 69/27/16 74/8252/16 75/8251/21 70/28/21
f 1260/9520/2600 1258/9521/1738 1255/4158/1733 1257/4160/1735
f 4779/2969/736 4778/9522/729 1455/9523/632 1456/4373/1806
f 2644/6292/11 2620/3967/1670 2590/6393/2206 2602/6293/2193
f 358/1722/472 357/1721/841 350/9524/2566 355/9525/2274
f 4165/4467/1834 4157/1111/599 4156/8006/2390 4048/8005/2389
f 4020/4457/1828 4025/5764/1071 4019/5760/2105 4018/4458/1829
f 161/5236/160 174/795/159 176/798/446 156/769/423
f 1378/4172/1036 1379/4171/155 1377/9526/154 1367/9527/2536
f 1426/9528/647 1430/9529/1851 1428/9530/1841 1436/9531/633
f 3249/6228/11 3251/6714/11 3248/6712/11 3247/6229/11
f 3175/6879/11 3176/7284/11 3173/7283/11 3160/6880/11
f 2830/7014/954 2829/6855/954 2812/9264/1246 2821/7015/1246
f 4831/4195/1752 4832/9532/971 4830/9533/970 4829/4196/988
f 4509/8511/2501 4506/8919/2489 4500/9534/514 4503/9535/816
f 1175/8613/1982 1993/4712/1895 1999/3004/1430 1184/3003/1429
f 2067/5517/2050 5169/1970/996 5188/5664/2087 2088/5514/585
f 4906/4309/1793 4905/6036/2166 4848/4618/1877 4849/4306/1792
f 722/1620/833 721/5902/680 685/9536/681 686/2950/1417
f 371/9537/860 160/9538/1030 159/9539/2594 155/9540/475
f 128/4222/1761 130/5940/2135 131/561/339 129/560/338
f 1767/9541/1478 1766/9542/1223 1739/9543/1225 1741/9544/1962
f 4018/4458/1829 4019/5760/2105 3968/5759/2104 3967/6929/2295
f 492/6387/791 497/1696/790 498/1695/869 491/6388/899
f 1474/4510/1782 1473/4509/1794 1472/9213/1165 1471/4275/1779
f 4881/9314/919 4877/973/535 4868/972/534 4870/9545/920
f 3255/6705/11 3254/5021/11 3251/6714/11 3252/6706/11
f 5512/7374/318 5511/8955/374 5503/9217/374 5504/7398/318
f 4492/8677/2432 4499/9546/1020 4469/9302/1021 4465/8088/2427
f 5826/9547/63 5837/9548/63 5840/9549/2570 5829/9550/2331
f 3280/5019/11 3262/8971/11 3246/6765/11 3253/5020/11
f 2262/9551/2152 2254/9552/2381 2252/5970/2149 2242/5969/2148
f 4854/1001/554 4852/9553/2134 4853/9554/2133 4821/1002/555
f 515/9555/875 514/9556/2596 505/9502/879 508/9501/606
f 563/1966/975 578/4473/1009 579/4472/1838 573/1965/995
f 4186/7038/2315 4187/5163/2004 4185/5780/2114 4184/9557/2601
f 3309/7304/11 3308/6703/11 3303/6640/11 3304/6639/11
f 3280/5019/11 3282/5018/11 3283/4545/11 3281/4544/11
f 1609/6529/828 1561/2246/1128 1523/1771/913 1525/1770/40
f 319/2184/40 400/1067/40 165/49/40 138/52/40
f 5495/8228/2467 5492/9558/30 5484/6898/15 5489/5563/15
f 2987/6903/11 2986/6843/11 2981/7018/11 2982/6942/11
f 6336/5233/270 5247/5232/279 5235/6677/279 6354/6676/270
f 1236/7136/275 1239/7124/307 1228/1088/307 1225/8297/275
f 5870/9039/378 5873/6753/378 5875/6756/374 5872/4766/374
f 4415/9258/281 4414/1098/336 4412/1097/336 4413/8373/281
f 696/9447/1240 701/9446/214 706/2228/213 692/2229/1113
f 514/9466/2596 513/9465/451 506/1717/453 505/1716/879
f 5338/7396/30 5337/8999/30 5331/8937/15 5333/7397/15
f 2115/5755/957 2114/5725/1207 2106/5728/1207 2107/7189/957
f 1068/9559/1615 1065/9560/1415 1064/3852/1415 1063/3398/1546
f 4148/6614/2266 4146/9561/2459 4144/9562/1993 4147/6615/2267
f 1574/1330/700 1575/658/376 1570/8658/1148 1569/1331/701
f 955/9563/1293 957/9564/1453 960/9565/1537 956/9566/1514
f 6199/9567/2477 6198/2591/1288 6195/7175/2328 6196/9568/2602
f 242/9569/2435 241/9570/546 240/9571/545 238/9572/1328
f 848/2934/129 840/2937/943 838/2812/1363 836/9179/130
f 2254/7964/2381 2263/9573/1348 2278/9574/1351 2251/7965/2382
f 190/9575/499 194/824/125 187/823/460 185/1746/898
f 958/3351/1539 957/8062/1453 952/9576/933 954/9577/932
f 739/9578/1919 729/8288/1928 651/3067/1464 654/9579/2103
f 4150/9580/2453 4152/2514/1248 4155/2513/1247 4178/9581/411
f 246/357/257 106/17/14 6/16/13 64/358/21
f 1411/93/67 1410/4298/1791 1305/2317/1166 1306/94/68
f 750/4762/1918 749/2999/1187 736/3002/375 739/4763/1919
f 1650/9582/147 1649/9583/1186 1644/9173/1185 1645/9172/148
f 566/1943/981 561/1928/972 554/1930/974 555/1941/348
f 3611/7074/112 3615/5787/111 3616/147/111 3612/146/112
f 817/2703/1266 820/9584/1382 823/9585/872 818/2704/1274
f 819/9586/1874 805/2893/1403 810/2580/1281 801/2583/1283
f 2063/2211/1109 5167/2210/1108 5168/1971/997 2064/5621/2071
f 728/9341/1208 717/9340/2430 643/9587/654 712/9588/1209
f 4832/9589/971 4880/9590/1706 4899/9591/1925 4842/9592/968
f 4841/1925/969 4840/2235/1119 4836/4240/1766 4837/3114/1474
f 647/9593/763 652/9594/1147 654/9595/2103 651/9596/1464
f 1073/3037/1449 1052/3036/1448 1050/9597/1627 1051/3649/1626
f 4547/9598/866 4545/9599/946 4535/9600/2507 4534/9601/2284
f 227/3294/60 228/9602/539 223/9603/541 217/3295/1515
f 224/9604/359 230/8917/551 234/8916/2548 275/9605/360
f 1256/4159/1734 1255/4158/1733 1253/4155/1731 1251/6221/1938
f 1638/9606/1232 1637/9438/1343 1579/8594/2516 1582/8593/1233
f 416/8692/209 414/8693/233 56/9087/236 57/9086/650
f 1355/884/484 1559/883/483 1560/8635/2520 1425/1215/649
f 2244/2347/134 2240/2346/321 2234/4210/320 2232/4209/135
f 3092/580/345 3093/9607/2255 3083/9608/2074 3080/6822/2282
f 771/9609/404 773/9610/1259 763/9611/940 764/9612/1931
f 6091/5888/82 6164/6793/82 3990/6785/111 3932/6727/111
f 4078/6613/2265 4088/9613/663 4089/8090/2426 4082/6610/2263
f 5303/9614/1369 5300/2083/1063 5298/2082/1062 5302/5319/2038
f 813/2859/1383 815/2142/1086 816/2205/1104 814/4606/1875
f 178/1745/216 177/1748/444 174/201/159 175/200/158
f 5710/7607/17 5722/9615/255 5724/8935/255 5712/5037/17
f 2634/9616/948 2633/9617/1885 2640/6535/715 2639/6534/2251
f 233/9478/2342 281/8058/2421 282/615/351 234/9411/2548
f 5568/9618/2560 5567/9619/2455 5549/9620/2549 5550/9621/2364
f 692/2229/1113 690/1893/15 684/2456/1235 683/2327/1176
f 35/9622/143 25/9623/95 19/1710/94 20/1709/141
f 5635/9624/255 5627/7562/17 5616/7030/17 5622/7029/255
f 655/4723/1899 654/5750/2103 652/9625/1147 653/4687/1168
f 4103/9626/2544 4102/9627/2443 4099/9628/2558 4096/9629/2556
f 1393/9630/1756 1392/4463/1832 1390/4462/1726 1391/9631/1827
f 4181/4178/1744 4164/8202/2462 4113/1515/778 4121/283/224
f 1609/6529/828 1613/5503/828 1571/4860/1945 1561/2246/1128
f 518/9632/2311 519/1319/692 528/1322/695 529/9633/915
f 228/9634/539 227/71/60 215/70/59 216/8112/540
f 5086/9635/1897 5084/8483/1896 5050/8486/1178 5051/9636/1299
f 2652/6274/2191 2654/6515/2249 2606/6730/2276 2605/5512/2049
f 6129/6097/2171 6128/6096/2068 3954/7690/1084 3956/9162/2559
f 5337/9042/30 5339/9041/510 5326/6596/510 5325/6595/30
f 3110/9037/318 3115/9288/2578 3117/9396/2248 3055/9083/2229
f 3074/9637/2242 3075/9638/2110 3062/1173/618 3061/1172/617
f 904/2745/1355 886/2748/1358 864/5932/1431 874/8157/1450
f 4021/7218/2096 4022/7217/2333 4014/7974/928 4005/7976/2380
f 2230/9443/998 2229/9444/2000 2223/8777/2001 2222/8776/1039
f 4971/4782/1661 4977/7997/1661 4978/4495/318 4972/4498/318
f 3340/4237/11 3337/1889/11 3319/7182/11 3320/6322/11
f 1261/8355/2478 1388/9639/1755 1404/9640/1221 1299/8352/1220
f 584/4470/1008 591/1950/967 594/1949/984 583/4471/1837
f 2638/9641/1668 2636/9642/949 2639/6572/2251 2637/6571/1669
f 3965/7481/2355 3966/6787/2279 3956/9162/2559 3955/7482/2356
f 3988/6737/2277 3989/6927/2294 3986/9154/2046 3980/6738/258
f 511/9323/452 540/2013/1026 541/2012/1025 539/9324/2580
f 4487/8894/2547 4485/4893/1955 4483/4830/1941 4482/4829/1940
f 810/2580/1281 811/2892/354 812/9515/353 809/2581/1282
f 5840/9240/2570 5839/3064/1463 5828/4406/1813 5829/7196/2331
f 184/137/106 182/7688/2366 179/7687/215 183/138/107
f 6162/9643/2603 6161/9644/689 6151/9645/2067 6152/9646/2176
f 545/109/80 544/108/79 514/9556/2596 515/9555/875
f 3058/9647/2213 3156/9648/2246 3157/9649/2245 3059/9650/2230
f 1701/9651/1949 1694/9652/1001 1692/9653/1000 1693/9654/1528
f 2654/9488/2249 2653/9487/1908 2609/8680/2351 2606/8681/2276
f 4196/4088/40 4207/4087/40 4210/7057/40 4198/7056/40
f 3425/9084/985 3426/7612/2365 3427/6527/2250 3423/6526/986
f 4154/9655/515 4184/9557/2601 4185/5780/2114 4155/5779/1247
f 2962/5739/2101 2961/5738/2100 2959/7985/2387 2960/2227/1112
f 275/627/360 276/9656/340 131/9657/339 220/625/358
f 4988/8828/2541 4991/8827/2403 4996/9658/2398 4993/8913/2401
f 951/9659/1522 1175/5052/1982 1176/5051/1540 953/9660/1480
f 265/369/269 278/9/9 286/8/8 274/366/268
f 365/4431/1659 367/4432/470 360/9661/721 362/9662/85
f 2945/4217/1758 2947/4474/1839 2948/6868/1111 2946/4218/1759
f 2690/4899/1844 2695/4898/1033 2689/6651/1065 2688/6630/1013
f 2837/3703/11 2841/3371/11 2842/6578/11 2838/6823/11
f 5747/9663/63 5749/9664/63 5750/7755/63 5748/9665/63
f 1448/1333/702 1446/7505/63 1347/1419/63 1350/1334/703
f 1387/5746/2102 1388/5749/1755 1261/9666/2478 1260/9667/2600
f 2008/9668/1520 2005/9669/627 1997/9670/1980 1996/9671/1986
f 3677/4970/260 3676/4969/259 3669/7624/259 3670/7702/260
f 3204/1040/11 3202/7323/11 2767/6207/11 3198/5643/11
f 3007/3131/315 3010/502/315 3012/501/314 3009/7051/314
f 2688/1995/1013 2689/2085/1065 2676/2088/1068 2674/1996/1014
f 3610/5815/112 3614/5784/111 3615/5787/111 3611/7074/112
f 1504/2333/295 1505/5722/153 789/5756/1849 788/4660/1884
f 5267/1756/902 2122/1755/901 2118/6988/1694 2121/9672/2374
f 4452/790/443 4451/789/442 706/9673/213 709/3369/212
f 5078/8484/2494 5083/9133/1710 5093/8492/2495 5091/8485/1179
f 4510/8512/2502 4509/8511/2501 4503/9535/816 4504/9674/1426
f 163/9442/108 162/203/161 159/9539/2594 160/9538/1030
f 4146/9675/2459 4149/9676/2508 4151/9390/2177 4152/2514/1248
f 1101/2360/1194 1100/3382/1543 1098/3336/1535 960/3339/1537
f 4995/8805/2399 4996/8048/2398 4920/8051/2417 4918/8769/2535
f 5811/9503/2002 5812/9677/2353 5810/9678/2604 5808/9126/2553
f 483/315/246 485/6390/826 486/6389/900 479/316/247
f 1469/9679/1745 1470/4283/1783 1467/4282/1778 1465/9680/1787
f 2425/6264/11 2424/6195/11 2403/6196/11 2405/6273/11
f 730/9460/1890 737/4735/1905 667/9164/183 662/9681/186
f 3341/4238/11 3367/6865/11 3372/4976/1099 3352/7566/1099
f 474/1682/248 473/1681/244 467/9682/230 468/9683/804
f 3941/7790/11 3939/7708/11 3875/5315/11 3876/7371/11
f 221/9684/548 222/995/547 224/626/359 220/625/358
f 5736/7439/409 5741/7602/409 5747/9663/63 5739/9685/63
f 4514/2060/1054 4512/8482/2493 4487/9189/2547 4486/9188/2563
f 1386/4163/1737 1387/9686/2102 1260/9687/2600 1257/4164/1735
f 6195/7175/2328 6194/7174/687 6161/9644/689 6162/9643/2603
f 3857/6859/11 3859/5372/11 3854/5375/11 3850/6860/11
f 1816/9688/1718 1879/3403/1549 1880/3402/1548 1815/3452/1569
f 6196/9568/2602 6195/7175/2328 6162/9643/2603 6163/9689/403
f 4339/8365/280 4351/2917/280 4356/9690/1846 4346/9691/1848
f 5683/7550/254 5682/7549/255 5680/7912/255 5681/7911/254
f 4684/9482/281 4681/3377/336 4642/3450/336 4643/8615/281
f 3060/7535/2360 3061/9692/617 2643/4445/620 2625/3644/1625
f 468/9693/804 466/1604/786 458/1607/824 462/9694/803
f 4957/8836/2523 4958/8835/2542 4960/8810/2539 4959/8809/2408
f 4614/9695/1091 4615/9696/1162 4613/5656/1380 4612/5655/2083
f 192/163/116 191/162/126 182/9118/2366 181/9121/487
f 1812/9019/1657 2020/9697/1656 2021/9698/1823 1808/5262/1822
f 5740/9699/63 5753/9700/2597 5730/7813/2370 5721/7816/63
f 3697/7356/11 3696/7355/11 3693/1038/11 3695/3665/11
f 361/843/473 358/842/472 355/6697/2274 356/6696/431
f 4129/9701/328 4130/9702/2178 4124/1806/937 4128/8131/329
f 3746/7707/11 3748/7742/11 3749/7786/11 3747/2686/11
f 2705/4831/1942 2704/6248/2185 2695/2024/1033 2702/2023/1032
f 5436/7789/317 5433/6836/318 5419/9090/318 5425/9089/317
f 3456/9703/11 3455/7554/11 3451/4724/11 3452/6719/11
f 642/159/123 641/158/122 302/1141/611 332/1226/615
f 852/2873/1391 4599/3940/1666 4600/5058/1983 853/164/127
f 4132/8137/518 4168/8139/2447 4184/9557/2601 4154/9655/515
f 2643/1175/620 2642/1174/619 2636/9642/949 2638/9641/1668
f 3363/5609/2070 3362/2203/1103 3357/7127/2319 3358/5943/2137
f 3083/9608/2074 3081/6473/2073 3079/6472/2241 3080/6822/2282
f 6211/4299/54 6208/2588/1286 6198/2591/1288 6199/9567/2477
f 5908/9470/318 5906/5876/81 5898/7048/81 5899/9704/318
f 1406/2427/1222 1407/6256/40 1301/446/285 1300/445/284
f 3319/7182/11 3318/7880/11 3311/7306/11 3312/7183/11
f 5696/7734/409 5707/7920/409 5713/8583/63 5699/7735/63
f 2052/4863/11 2050/8551/1878 2048/7729/1879 2049/4864/1269
f 2079/6074/757 2078/5766/76 2076/5765/2058 2077/9705/2289
f 4380/8264/40 4387/8543/282 4389/2793/282 4382/2792/40
f 3239/7302/11 3236/7238/11 3143/6950/11 3144/6949/11
f 3693/1038/11 3696/7355/11 3207/3689/11 3205/1039/11
f 585/9310/2583 576/9309/1541 571/1945/958 572/1944/982
f 3293/6799/1099 3291/6802/1099 3290/4542/11 3285/7228/11
f 5269/5791/2118 5276/8302/2472 5277/9464/923 5270/8598/922
f 4404/586/279 4405/589/280 4386/578/280 4385/637/279
f 6420/9706/270 5745/9707/18 5761/3631/18 6307/3630/270
f 4539/2796/63 4548/5235/802 4525/9708/636 4522/8580/639
f 3979/332/259 3978/7927/11 3973/7921/11 3974/333/259
f 1792/3453/1570 1814/729/400 1817/728/399 1794/9709/1572
f 3428/5701/11 3524/5712/11 3526/5711/11 3437/5699/11
f 4329/133/102 4332/132/101 4334/1652/101 4330/1651/170
f 5049/2600/1289 5045/2041/1041 1624/2044/1044 1625/2601/1290
f 673/55/45 710/54/44 306/832/466 304/6011/1818
f 4511/8907/1956 4504/8906/1426 4497/8896/1427 4481/8899/1957
f 3773/5398/11 3771/4246/11 3765/7313/11 3766/7526/11
f 542/1732/889 540/9710/1026 511/806/452 513/805/451
f 476/3325/781 480/9711/847 481/9712/2552 475/3326/1475
f 2463/2927/1411 2460/5541/1404 2456/9279/1277 2457/2928/1412
f 5272/1783/924 5267/1786/902 5242/1897/170 5259/1896/101
f 3210/1881/11 3209/1880/11 3191/7337/11 3192/7340/11
f 5478/9713/510 5479/9714/317 5456/9082/317 5455/9081/510
f 5170/5006/101 5167/2210/1108 5150/2209/170 5159/5007/101
f 4486/9715/2563 4484/871/480 4474/870/479 4478/9716/1342
f 4676/8842/254 4683/8369/336 4687/3111/336 4678/6023/254
f 3111/9717/2336 3113/9718/2323 3070/9719/2221 3069/9720/1172
f 4527/9284/1053 4516/9283/2545 4513/8333/2474 4512/8895/2493
f 239/8114/2436 242/9721/2435 238/9722/1328 237/8115/1327
f 4139/9113/2269 4140/8127/564 4151/9390/2177 4149/9676/2508
f 4461/2420/1217 4460/4759/782 4459/1961/991 4448/2421/15
f 1662/7540/318 1664/2469/1241 1652/188/146 1648/5114/318
f 21/155/88 33/181/87 34/180/131 22/152/117
f 2018/4453/1824 1998/5069/1987 1793/4869/1947 1794/4868/1572
f 2251/9185/2382 2250/2437/1228 2237/171/133 2238/9723/2153
f 4254/9724/1095 4256/8632/2463 4252/8053/2418 4253/8052/1096
f 437/1081/592 451/9348/720 453/9349/843 436/1082/593
f 4197/9725/42 4227/8921/41 4230/8922/405 4204/9726/367
f 759/9727/1932 756/9728/1262 755/2532/1256 752/4981/1970
f 6180/504/267 6181/9729/2445 6173/9306/2378 6172/9305/2582
f 1260/9520/2600 1261/9730/2478 1259/9731/1697 1258/9521/1738
f 1100/9732/1543 1102/9733/2122 1086/8611/1594 1085/8610/1603
f 211/938/508 210/937/507 205/8507/501 209/8177/502
f 2678/6017/2158 2572/4772/1922 2571/6518/2204 2567/6373/2202
f 1250/9734/1722 1365/9735/2579 1382/4828/1939 1251/4827/1938
f 5072/962/528 5039/4870/1948 5032/2638/1301 5031/963/529
f 357/9736/841 352/9737/840 344/9738/577 350/9739/2566
f 586/2002/1019 582/2001/1006 577/3357/428 576/3356/1541
f 5596/7250/63 5604/9740/403 5592/9276/403 5586/7251/63
f 6227/354/267 6228/9398/2445 6181/9729/2445 6180/504/267
f 5517/1763/110 5516/6934/110 2918/5761/908 2919/1764/908
f 4513/9741/2474 4516/8871/2545 4520/8870/2503 4515/8904/2475
f 5725/9742/254 5724/9743/255 5722/9744/255 5723/9745/254
f 3606/3619/259 3605/4572/11 3602/4571/11 3603/7589/259
f 598/9467/876 597/2007/1022 588/2009/1017 589/2017/1018
f 37/1364/137 38/9746/140 33/9747/87 32/127/96
f 4358/4799/281 4357/551/336 4347/554/337 4356/4492/1846
f 1599/2653/1307 1590/2652/1306 1589/896/489 1588/2291/1149
f 764/9748/1931 763/2693/940 756/2539/1262 759/9749/1932
f 4057/8804/2537 4173/2172/1097 4253/2171/1096 4058/9750/2419
f 501/9751/829 500/9752/880 493/6600/2210 494/6599/830
f 2911/4214/11 2910/7572/11 2901/8947/11 2902/6634/11
f 5605/6103/410 5576/5737/410 2962/5739/2101 3008/7050/314
f 1195/4008/1164 1204/9753/1012 1191/1402/723 1189/1405/724
f 4478/9754/1342 4505/2061/1055 4514/2060/1054 4486/9188/2563
f 232/9755/2322 231/9196/2321 212/9195/509 211/9756/508
f 2248/9757/850 2274/9758/2521 2275/258/203 2214/261/206
f 3434/9759/2095 3433/9760/2091 3430/5536/2057 3431/5535/2056
f 2264/9761/1349 2263/9762/1348 2254/9552/2381 2262/9551/2152
f 528/1322/695 2153/1321/694 517/1767/911 516/5790/907
f 1245/57/47 1246/60/50 1237/5862/2131 1238/5861/2130
f 4558/1317/40 4557/1343/101 4555/681/101 4556/680/40
f 5611/7031/17 5610/9763/18 5598/9764/18 5599/9765/17
f 3411/7571/11 3403/7457/11 3396/5646/11 3398/5645/11
f 2340/2212/11 2385/3345/11 2389/3696/11 2353/6175/11
f 4431/8455/254 4430/8454/282 4428/8438/282 4429/8437/254
f 5982/7793/409 5977/7792/409 5974/7496/410 5975/7561/2363
f 5482/6107/109 5487/6106/109 5488/5564/15 5483/6897/15
f 2372/3031/11 2371/6183/11 2364/6163/11 2365/3032/11
f 6421/9766/270 5631/9767/18 5647/7732/18 6369/7731/270
f 5832/5860/410 5974/7496/410 5977/7792/409 5846/5857/409
f 5470/6899/15 5484/6898/15 5492/9558/30 5477/9074/30
f 2547/11/11 2545/14/11 2512/6332/11 2517/866/11
f 5863/7663/318 5862/110/81 5288/113/81 5289/1458/318
f 5462/5868/109 5465/5867/109 5467/7332/15 5463/7331/15
f 3975/334/260 3974/333/259 3925/9768/259 3926/9769/260
f 5665/6966/63 5673/6965/63 5674/9268/63 5666/7898/63
f 5442/6732/109 5462/5868/109 5463/7331/15 5443/8411/15
f 5649/7463/63 5654/7462/63 5655/7901/63 5650/9770/63
f 3254/5021/11 3253/5020/11 3248/6712/11 3251/6714/11
f 1233/4236/1765 1232/4235/291 1221/1094/291 1222/1093/595
f 5402/1794/109 5410/2778/109 5411/3935/15 5403/6346/15
f 5805/9771/63 5802/9772/63 5793/7449/409 5794/7514/409
f 3772/4247/11 3777/7466/1099 3376/7622/1099 3371/4057/11
f 4358/406/281 4356/9690/1846 4351/2917/280 4353/403/280
f 5474/3198/318 5473/9773/374 5471/9774/374 5472/9775/318
f 1957/9776/2027 1954/9777/1988 1949/5271/2032 1951/3277/109
f 3228/7342/11 3227/6353/11 3206/3690/11 3207/3689/11
f 5970/7807/374 5973/9778/374 5967/9779/318 5962/7808/318
f 3536/6654/11 3539/7591/11 3540/7756/11 3537/6655/11
f 5478/9713/510 5480/5443/510 5481/5446/317 5479/9714/317
f 5788/9780/63 5790/9781/63 5791/7461/63 5789/5156/63
f 2440/3540/11 2439/6232/11 2436/4098/11 2437/3557/11
f 4622/1048/336 4624/1047/336 4619/8640/254 4617/8646/254
f 5445/6310/374 5447/7724/374 6368/7727/270 6352/6311/270
f 3779/7467/1099 3777/7466/1099 3772/4247/11 3774/5399/11
f 5479/9782/317 5472/9775/318 5448/6067/318 5456/6066/317
f 3459/7512/11 3457/6825/11 3455/7554/11 3456/9703/11
f 5614/6101/409 5625/7278/409 5628/7684/63 5617/7653/63
f 2326/3614/11 2325/3073/11 2322/1209/11 2316/1208/11
f 6085/9783/378 6107/9784/378 6110/9785/374 6105/9786/374
f 3539/7591/11 3546/2711/11 3547/7664/11 3540/7756/11
f 5480/7082/510 5478/8996/510 5476/8995/30 5477/7079/30
f 6105/9786/374 6086/662/374 6083/661/378 6085/9783/378
f 5771/9061/2551 5770/9787/2192 5756/9788/814 5757/9062/270
f 1452/4557/40 1457/3232/40 1437/3231/40 1433/4558/40
f 5768/7768/63 5788/9780/63 5789/5156/63 5769/5155/63
f 5469/6896/15 5467/7332/15 5465/5867/109 5466/6783/109
f 3456/9703/11 3461/6653/11 3462/6656/11 3459/7512/11
f 3318/7880/11 3317/6749/11 3310/7303/11 3311/7306/11
f 4770/1437/739 4760/9789/672 1450/7500/658 1453/6665/63
f 4866/9790/1473 4865/9193/2530 4863/1958/990 4864/1957/989
f 3532/6819/11 3533/6818/11 3454/6718/11 3453/6717/11
f 240/987/545 245/985/543 229/979/538 216/981/540
f 6125/9791/2605 6171/9792/2606 6172/9305/2582 6126/8308/2473
f 3760/7507/11 3759/7376/11 3709/1811/11 3711/1810/11
f 3942/5413/11 3970/7347/11 3981/7369/11 3944/5410/11
f 1978/2642/63 1980/2641/63 1973/3051/1454 1969/3047/1192
f 3461/6653/11 3456/9703/11 3452/6719/11 3454/6718/11
f 4811/2150/1090 4810/9210/1802 4752/879/18 4753/878/282
f 2729/6583/11 2727/6334/11 2724/6333/11 2725/6584/11
f 735/3001/375 747/3000/1187 693/2472/1243 688/9793/1390
f 5787/6073/17 5786/9794/18 5784/9795/18 5785/6070/17
f 2745/3583/11 2747/1245/11 2744/1244/11 2741/2176/11
f 5444/8412/15 5464/7334/15 5475/7905/30 5452/9215/30
f 3471/7405/11 3472/7830/11 3470/3954/11 3469/3953/11
f 5471/7725/374 5473/5834/374 6345/5837/270 6367/7726/270
f 5855/9796/1462 5854/9797/814 5851/3062/814 5852/3061/1462
f 3635/7441/11 3630/7440/11 3622/365/11 3626/364/11
f 5708/4668/409 5707/7920/409 5688/7142/410 5689/4669/410
f 2936/4476/11 2935/4475/11 2933/6956/11 2934/7063/11
f 3296/7411/315 3295/3837/315 3287/3836/952 3289/9088/952
f 2822/7805/301 2821/9452/1246 2812/6771/1246 2813/6770/301
f 4900/4313/1797 4911/4776/1924 4912/8688/2524 4901/4314/1798
f 2273/2185/11 2272/2457/11 2271/2158/11 626/1823/76
f 2577/5879/11 2591/9207/2565 2411/6301/11 2408/6064/11
f 2067/5517/2050 2066/5516/282 2065/5622/1333 2064/5621/2071
f 2684/6548/2212 2687/9798/2220 2679/6418/2155 2673/6417/2215
f 2592/9206/2564 2596/8186/2051 2597/8185/2457 2428/5724/11
f 3723/7610/11 3720/7778/11 3717/7606/11 3718/5652/11
f 4275/8234/2468 4280/8299/2465 4222/8298/2471 4216/8235/2469
f 5805/9771/63 5806/7890/63 5804/7889/63 5802/9772/63
f 3659/145/112 3662/144/111 3663/6780/111 3660/6963/112
f 3849/7629/11 3731/3866/11 3523/3867/11 3632/4124/11
f 3345/7476/1099 3344/7001/1099 3334/7076/11 3335/7486/11
f 4496/3012/1437 4490/8098/1817 4458/8075/784 4463/3013/783
f 5889/9799/374 5882/9262/318 5868/650/318 5875/649/374
f 200/1370/708 193/236/114 186/239/188 195/1371/713
f 5587/9800/2595 5579/3332/1531 5556/3331/1530 5570/9801/1377
f 306/832/466 305/831/465 303/9802/711 304/6011/1818
f 3513/7565/11 3514/5654/11 3512/5653/11 3511/7573/11
f 6422/9803/270 5795/9804/18 5796/7895/18 6376/7894/270
f 5797/5128/17 5798/5131/17 5796/9805/18 5795/9806/18
f 2743/6294/11 2742/6669/11 2739/4845/11 2740/2177/11
f 2460/5541/1404 2459/5540/2060 2454/4938/11 2455/4937/1278
f 3508/6644/11 3507/7618/11 3494/7619/11 3496/6645/11
f 2212/7262/11 2213/2080/11 2211/2079/11 2209/9076/11
f 1465/4290/1787 1467/9807/1778 1288/9808/1780 1285/4291/1788
f 4186/7038/2315 4184/9557/2601 4168/8139/2447 4169/4404/1812
f 2871/6844/11 2870/6837/11 2868/6915/11 2869/6864/11
f 1367/8775/2536 1366/8774/2271 1363/9809/1776 1359/9417/2532
f 2288/8409/11 2287/518/11 2285/521/11 2284/2186/11
f 3042/5720/314 3041/5719/314 3037/7103/315 3038/7111/315
f 4944/3263/1507 4951/8200/2460 4909/4780/1926 4894/817/455
f 5819/9810/403 5814/9811/270 5810/9678/2604 5812/9677/2353
f 5527/7373/318 5532/7372/374 5534/9812/374 5529/9813/318
f 5423/5576/30 5434/9337/30 5435/9336/510 5424/5577/510
f 3019/7216/11 3018/6902/11 2987/6903/11 2988/7806/11
f 5752/9814/2598 5751/9815/2020 5728/9816/255 5729/9817/2599
f 3717/7606/11 3720/7778/11 3702/7730/11 3701/7579/11
f 2811/6663/11 2810/3251/11 2792/6775/11 2793/6701/11
f 2986/6843/11 2985/6626/11 2976/6625/11 2981/7018/11
f 5696/7734/409 5691/7737/409 5686/6723/410 5687/6722/410
f 3717/7606/11 3701/7579/11 3487/7576/11 3510/7574/11
f 5587/9800/2595 5589/9373/1741 5581/7285/2343 5579/3332/1531
f 2700/6555/2256 2701/9818/2337 2699/9819/1031 2696/6556/2136
f 2739/4845/11 2742/6669/11 2701/7247/2337 2698/4848/1943
f 5035/2639/827 5039/4870/1948 5041/4256/1770 5036/4255/828
f 4903/7404/2350 4891/3493/1580 4839/2968/1421 4846/1411/726
f 4116/5838/2124 4118/7538/2361 4119/758/413 4117/1481/762
f 2907/3489/11 2906/6683/11 2904/6682/11 2905/3486/11
f 320/643/40 319/2184/40 316/4069/40 318/644/40
f 3495/2354/11 3496/6645/11 3494/7619/11 3493/2355/11
f 5794/7514/409 5822/8938/409 5825/9820/63 5805/9771/63
f 3552/6267/11 3529/5574/11 2102/3845/76 2108/4560/1860
f 3336/1888/11 3338/1887/11 3335/7486/11 3332/6746/11
f 3696/7355/11 3705/6728/11 3228/7342/11 3207/3689/11
f 272/1384/63 271/99/63 67/101/73 263/1385/63
f 5578/9821/1532 6423/9822/270 6304/9823/1533
f 1710/5033/1979 1709/5464/1981 1703/5027/1950 1708/5026/1423
f 3504/4333/11 3619/4843/11 3620/6177/11 3505/6179/11
f 822/1706/873 4553/8590/2515 4554/3939/1665 824/1703/871
f 1567/2395/1200 1562/2266/1140 1536/2265/1139 1537/4674/1199
f 5222/6162/2072 5221/4587/1868 5219/4586/1867 5220/5419/2043
f 5950/9824/30 5936/9825/30 6425/9826/270 6424/9827/270
f 3407/507/11 3409/6890/11 3410/7533/11 3408/508/11
f 5234/5966/40 5233/2145/101 5223/229/101 5224/4319/40
f 4693/4111/279 4704/8508/279 4705/7345/280 4694/4082/280
f 2931/3992/11 2930/3991/11 2924/7003/11 2925/4213/11
f 6360/7339/270 5538/7338/374 5540/9828/374 6426/9829/270
f 2834/3373/11 2833/3372/11 2421/1884/11 2423/6255/11
f 5562/7598/374 5539/7601/318 5529/9813/318 5534/9812/374
f 1510/2801/1361 1530/8854/450 1531/2293/1151 1511/2292/1152
f 5751/5215/2020 5738/5218/17 5719/5034/17 5728/8936/255
f 2867/6517/11 2866/6140/11 2864/6139/11 2865/6916/11
f 3326/7314/11 3325/7365/11 3323/6542/11 3324/6541/11
f 5612/7654/63 5617/7653/63 5618/9241/63 5613/9830/63
f 2209/9076/11 2208/2026/11 605/3270/76 607/7330/76
f 3016/6841/11 3018/6902/11 3021/7215/11 3017/5334/11
f 5559/7083/63 5557/7086/2054 5551/9448/2053 5552/7047/409
f 6253/9831/1578 6254/9832/37 6250/6993/2305 6249/6992/2304
f 6250/6993/2305 6254/9832/37 6246/9833/36 6239/6998/2309
f 5640/9834/403 5639/9835/254 5636/9836/254 5637/9837/403
f 5597/6941/409 5609/6102/409 5612/7654/63 5595/7249/63
f 3257/7094/11 3264/6976/1099 3032/6208/1099 3023/6211/11
f 5533/9203/2283 5561/9838/2568 5563/3972/1671
f 6258/6913/2292 6260/6912/1854 6267/9839/2607 6261/9397/2587
f 6427/9840/270 5978/9841/18 5983/9842/18 6428/9843/270
f 6252/844/318 6267/9844/2607 6268/9845/2546 6255/3475/1577
f 6429/9846/270 5842/9847/18 5847/9848/18 6430/9849/270
f 5679/9850/403 5678/9851/254 5660/6038/254 5661/6037/403
f 5308/8682/374 5307/1457/318 5295/1456/752 5296/9852/1933
f 1718/5264/2031 1737/4908/1446 1740/5388/1418 1720/7611/1420
f 6268/9853/2546 6267/9839/2607 6260/6912/1854 6263/7979/1853
f 5739/9685/63 5747/9663/63 5748/9665/63 5740/9699/63
f 5597/6941/409 5595/7249/63 5585/7248/63 5584/5799/409
f 6404/9049/270 5784/9048/18 5786/9854/18 6431/9855/270
f 5554/9360/2011 5553/9856/2010 5540/9857/374 5541/7600/318
f 1013/9858/1588 1017/3592/1590 1012/3591/1611 1011/9859/1512
f 2246/9860/2181 2245/1655/848 2248/1658/850 2214/9861/206
f 1431/9862/1371 1430/9529/1851 1426/9528/647 1427/9863/646
f 6262/9864/2573 6264/7980/2384 6263/7979/1853 6243/9865/1856 6417/9866/2571 6432/9867/2608 6433/9868/2608 6434/9869/2608 6414/9870/2574
f 5540/9828/374 5553/9871/2010 6331/9872/2014 6426/9829/270
f 3781/6451/1099 3779/7467/1099 3774/5399/11 3776/6452/11
f 3176/7284/11 3213/7299/11 3217/6641/11 3179/7282/11
f 1318/8925/474 1317/7867/40 1308/851/40 1309/850/474
f 4821/9873/555 4853/9874/2133 4856/9875/2562 4822/9363/2291
f 5567/8174/2455 5568/9166/2560 5569/2829/1375
f 3164/7210/2329 3169/9876/2244 3174/9877/497 3163/7211/2288
f 5603/326/254 5602/325/255 5600/4174/1740 5601/4173/1739
f 5616/7030/17 5615/7564/18 5610/9763/18 5611/7031/17
f 5713/8583/63 5715/9878/63 5716/7815/63 5714/8584/63
f 5739/9685/63 5740/9699/63 5721/7816/63 5720/9879/63
f 6265/4300/53 6266/7977/2346 6264/7980/2384 6210/4301/270
f 6297/2461/270 5131/2460/1236 5129/3920/279 6313/3919/270
f 5774/9129/2555 5773/9128/2554 5770/9787/2192 5771/9061/2551
f 5918/9880/378 5919/9881/374 5916/9882/374 5915/9883/378
f 5637/9837/403 5636/9836/254 5623/9320/254 5624/9319/403
f 5524/9317/15 5536/9884/15 5537/9235/15 5525/9234/15
f 5582/9318/63 5583/9278/2576 5560/7084/2316 5559/7083/63
f 5535/7992/109 5536/9884/15 5524/9317/15 5523/6985/109
f 5661/7900/403 5658/9885/403 5650/9770/63 5655/7901/63
f 3474/4252/11 3475/4440/11 3472/7830/11 3471/7405/11
f 6385/8263/270 5511/8262/374 5526/4656/374 6327/4655/270
f 5588/8434/2483 5587/9433/2595 5570/2831/1377 5571/2830/1376
f 5895/9886/30 5878/5472/15 5877/5471/15 5876/9887/30
f 5895/9886/30 5896/9888/30 5897/9889/15 5878/5472/15
f 6045/9092/409 6130/9091/409 6134/9453/63 6048/9890/63
f 3420/5644/2080 3418/1954/987 2046/5633/2048 2045/9891/2078
f 5879/7116/81 5881/9261/318 5883/9260/318 5880/7049/81
f 5846/5857/409 5849/9892/63 5844/9893/63 5841/5858/409
f 1940/5177/63 1933/4949/1568 1900/3541/1596 1908/5269/63
f 6423/9822/270 5578/9821/1532 5580/9894/18 6435/9895/270
f 5830/7528/2359 5833/7527/409 5822/8938/409 5781/5607/2068
f 5845/9896/63 5853/9897/2569 5840/9549/2570 5837/9548/63
f 5635/9624/255 5638/9077/255 5632/7414/17 5627/7562/17
f 93/7701/1721 92/7700/291 91/478/291 88/477/303
f 5582/9318/63 5585/7248/63 5586/7251/63 5583/9278/2576
f 6413/9252/270 5598/9251/18 5610/7511/18 6365/7510/270
f 1476/4841/1661 1477/4680/318 1470/4283/1783 1469/9679/1745
f 5228/8616/282 5224/4319/40 5210/4320/40 5217/8951/282
f 5595/7249/63 5612/7654/63 5613/9830/63 5596/7250/63
f 3593/7728/11 3590/9066/11 3579/2453/11 3582/7749/11
f 5545/9312/15 5547/9311/2561 5549/9004/2549 5546/9003/15
f 5536/9884/15 5545/9312/15 5546/9003/15 5537/9235/15
f 5628/7684/63 5633/7683/63 5634/9898/63 5629/9242/63
f 3941/7790/11 3969/6132/11 3970/7347/11 3942/5413/11
f 3376/7622/1099 3377/7623/952 3375/4974/952 3374/4973/1099
f 5542/7991/109 5545/9312/15 5536/9884/15 5535/7992/109
f 3653/7603/11 3650/1157/11 3643/1160/11 3644/7705/11
f 3348/6386/1099 3345/7476/1099 3335/7486/11 3338/1887/11
f 3540/7756/11 3547/7664/11 3548/7386/11 3541/7385/11
f 5623/721/254 5622/720/255 5619/324/255 5620/323/254
f 3641/7640/11 3624/7639/11 3551/5044/11 3592/5043/11
f 3590/9066/11 3591/5042/11 3550/5045/11 3549/2710/11
f 5777/4449/410 5776/3968/410 3359/6100/314 3360/7436/314
f 5619/7028/255 5611/7031/17 5599/9765/17 5602/9899/255
f 3667/7519/11 3666/7710/11 3651/7711/11 3652/7605/11
f 4310/5000/1975 4336/8367/279 4337/8366/280 4307/4997/1973
f 5443/8411/15 5463/7331/15 5464/7334/15 5444/8412/15
f 5621/9322/403 5620/9321/254 5603/9009/254 5604/9008/403
f 3729/2593/11 3732/7648/11 3725/7609/11 3719/5651/11
f 5599/9765/17 5598/9764/18 5593/7459/18 5594/7458/2352
f 5646/5814/409 5649/7463/63 5633/7683/63 5630/6782/409
f 5976/5648/2081 6001/5647/2068 6003/9900/409 5993/9229/409
f 5617/7653/63 5628/7684/63 5629/9242/63 5618/9241/63
f 3714/1171/11 3707/7743/11 3700/7553/11 3704/7767/11
f 5472/9775/318 5479/9782/317 5481/3199/317 5474/3198/318
f 6436/9901/270 5709/9902/18 5711/9513/18 6419/9512/270
f 6437/9903/270 6203/9904/2585 6418/9905/2584
f 5658/6040/403 5657/6039/254 5639/9835/254 5640/9834/403
f 3362/2203/1103 3361/2202/314 3356/7128/315 3357/7127/2319
f 3828/2188/953 3827/2132/953 3822/9906/952 3824/7861/952
f 5491/7832/318 5490/9218/374 5485/9907/374 5486/3197/318
f 3684/7366/112 3687/7493/111 3688/6152/111 3685/1007/112
f 6052/9908/403 6051/9909/254 6037/9910/254 6038/9911/403
f 1064/7335/1415 1059/3834/63 1029/3741/63 1036/3740/1501
f 5675/9912/63 5673/6965/63 5667/752/409 5668/7800/409
f 5717/4667/409 5736/7439/409 5739/9685/63 5720/9879/63
f 5726/9913/403 5723/9914/254 5705/9915/254 5706/9916/403
f 2414/6136/11 2413/6268/11 2392/3698/11 2394/4710/11
f 4735/8279/40 4731/8253/40 4228/7055/40 4232/7054/40
f 4175/5064/350 4174/2173/1098 4171/4001/1681 4172/5065/350
f 6094/9917/318 6093/9918/318 6077/9919/318 6078/9920/318
f 3670/7613/260 3683/7492/112 3684/7366/112 3677/7367/260
f 5882/9262/318 5889/9799/374 5890/9921/374 5884/9259/318
f 6120/6167/318 6119/5887/81 6114/5886/81 6115/9922/318
f 5633/7683/63 5649/7463/63 5650/9770/63 5634/9898/63
f 1751/1305/15 1750/3130/676 1748/4983/676 1749/4982/15
f 5992/9923/2569 5991/6917/1462 5988/6920/1462 5989/9924/2569
f 4819/3958/350 4820/6354/350 4813/3963/350 4812/3962/350
f 3686/6159/111 5947/6158/82 5948/7770/82 3687/7493/111
f 5882/9262/318 5881/9261/318 5867/8349/318 5868/650/318
f 5992/9925/2569 5989/9926/2569 5981/9927/63 5986/7811/63
f 5904/9928/30 5896/7850/30 6374/7853/270 6438/9929/270
f 3495/2354/11 3500/7558/11 3501/6646/11 3496/6645/11
f 5685/9930/403 5684/9267/403 5674/9268/63 5676/9931/63
f 4388/9932/254 4387/9933/282 4373/6114/282 4374/6113/254
f 6061/7779/81 6056/5581/82 5949/7773/82 5965/7772/81
f 3748/7742/11 3746/7707/11 3742/7761/11 3743/7740/11
f 5701/9934/255 5693/5137/17 5672/8650/17 5682/9935/255
f 3769/6806/11 3770/6805/11 3767/7804/11 3764/7747/11
f 1221/7016/291 1223/6087/11 1213/2756/11 1211/5267/291
f 2239/103/75 2243/2126/1079 2246/9860/2181 2215/7261/2180
f 6396/8589/270 4665/8588/1995 6357/9936/2341
f 575/773/427 580/772/426 574/9937/1007 562/1946/976
f 542/1732/889 548/1749/434 552/9301/1023 540/9710/1026
f 5054/9938/794 5055/9939/797 4767/8735/2429 4764/8734/1471
f 223/9603/541 221/9940/548 219/9291/263 217/3295/1515
f 4970/8821/2416 4969/8820/2411 4968/8929/1711 4967/8928/1591
f 1193/9941/271 1195/4008/1164 1192/4007/1686 1194/9942/272
f 1628/4554/1858 1627/8530/418 1429/4539/610 1431/4541/1371
f 3433/5678/2091 3434/5696/2095 3427/6527/2250 3426/7612/2365
f 5566/8175/2456 5564/3973/1672 5563/3972/1671 5561/9838/2568
f 4856/9875/2562 4857/9943/1335 4875/9364/1334 4822/9363/2291
f 822/1706/873 820/2855/1382 806/9944/1329 805/6530/1403
f 1205/9945/1011 1207/9946/1692 1202/9947/2510 1201/9948/887
f 1062/3707/63 1078/8316/1620 1060/3832/1643 1061/3831/63
f 6303/9949/1517 4424/2833/1379 4422/2836/1188 6347/9950/2154 6439/9951/2609
f 498/2020/869 495/2021/831 488/1751/845 491/1750/899
f 3133/911/11 3138/7229/11 3140/6952/11 3137/6951/11
f 468/9683/804 467/9682/230 465/1527/229 466/1526/786
f 4862/9952/2529 4851/8697/2526 4823/8700/553 4825/9953/1732
f 2107/7189/957 2106/5728/1207 2104/2406/1207 2105/1899/957
f 2591/9207/2565 2592/9206/2564 2428/5724/11 2411/6301/11
f 1302/32/24 1466/4288/1786 1286/4267/1773 1301/446/285
f 5310/143/110 5309/142/110 2125/1766/910 2126/5806/910
f 6441/9954/270 5692/9955/18 5697/9956/18 6440/9957/270
f 4216/8235/2469 4213/628/361 4180/631/40 4188/5166/1508
f 797/9491/1395 813/2859/1383 814/4606/1875 799/9958/1394
f 4785/1162/40 4844/4315/1799 4845/76/62 4786/75/25
f 4220/8269/2470 4215/8173/2454 4202/1452/749 4205/4944/1963
f 112/1475/761 110/413/63 100/414/275 103/9959/275
f 6040/7829/2068 6039/7692/2068 3845/7718/1084 3846/6777/1084
f 4123/4603/1873 4122/282/223 4114/1433/738 4115/9130/2522
f 3631/4123/11 3633/4354/11 3634/4357/11 3632/4124/11
f 5298/2082/1062 5291/2081/254 5264/9960/254 5265/5320/944
f 4608/3913/40 4609/2681/40 4607/2878/342 4606/5057/342
f 2083/4752/1912 2082/4751/1072 1659/9961/940 1665/9962/1259
f 3930/5001/111 6088/7858/82 6089/6726/82 3931/5002/111
f 4344/4493/1847 4341/9431/254 4318/9963/254 4324/7696/944
f 4333/8380/40 4332/132/101 4300/135/104 4302/8981/40
f 4084/1517/40 4200/629/362 4203/1553/801 4094/1552/40
f 1907/5422/1353 1902/5152/1353 1889/5153/318 1893/5423/318
f 4777/1429/734 5113/1673/861 5116/1676/645 4782/1430/735
f 3504/4333/11 3505/6179/11 3503/7559/11 3502/4334/11
f 2602/6293/2193 2607/6392/2205 2609/7443/2351 2603/6271/2190
f 846/2536/1260 849/9964/1276 835/6520/1405 832/2537/1261
f 539/9296/2580 512/9297/874 509/7226/605 510/7225/201
f 4701/3994/1679 5122/4316/1800 2030/4483/1700 1208/1987/1010
f 3729/2593/11 3719/5651/11 3514/5654/11 3519/2594/11
f 1364/4272/1777 1365/9422/2579 1250/9965/1722 1248/4273/1724
f 4859/8478/2491 4867/8477/2490 4868/9966/534 4860/9967/537
f 6261/9968/2587 6267/9844/2607 6252/844/318 6237/847/318
f 5694/7736/63 5699/7735/63 5700/1359/63 5695/1358/63
f 5706/9916/403 5705/9915/254 5702/9969/254 5703/9970/403
f 6262/9971/2573 6240/9385/2451 6204/9389/2586 6209/9972/18
f 4167/4405/1508 4169/4404/1812 4159/8059/2422 4158/1112/40
f 4717/3910/280 5130/3886/280 5138/3885/382 4725/8994/382
f 481/9472/2552 487/6401/2209 490/6404/788 484/9473/825
f 1077/9973/1623 1081/3754/1622 1076/3572/1606 1072/7402/1639
f 3867/7580/11 3865/8664/11 3853/7784/11 3856/7581/11
f 3756/4690/11 3754/6971/11 3750/7741/11 3751/4691/11
f 3740/7656/11 3853/7784/11 3865/8664/11 3752/4692/11
f 2857/6363/11 2853/6908/11 2852/6709/11 2854/6708/11
f 4252/9974/2418 4245/9975/2412 4053/9976/2413 4058/9977/2419
f 3149/7173/2327 3153/9978/2162 3100/9979/2325 3097/2671/1320
f 2061/5706/1544 2063/2211/1109 2064/5621/2071 2041/9980/1784
f 5944/7059/1049 5945/7062/378 5942/8267/378 5941/8266/1049
f 1332/5992/40 1333/687/40 1334/8701/385 1231/5993/1708
f 2511/6112/11 2509/7712/11 1161/3946/76 1180/4054/76
f 808/2542/1264 817/2545/1266 700/2547/1268 699/2540/1263
f 6064/2050/1049 6079/9981/1049 6080/9982/378 6065/2051/378
f 4116/5838/2124 4117/1481/762 4068/1480/40 4067/2279/40
f 5265/5320/944 5264/9960/254 5254/9983/254 5257/9020/944
f 105/1235/657 248/80/40 249/457/292 107/459/294
f 619/2138/496 4361/2137/170 4362/214/170 620/7112/496
f 2487/967/11 2486/966/11 2464/2926/1410 2465/2929/11
f 4391/1493/336 4388/1496/254 4374/8347/254 4377/3480/336
f 292/351/40 307/350/40 283/8057/2420 270/526/324
f 3529/5574/11 3552/6267/11 3564/6341/11 3531/3902/11
f 276/562/340 277/8000/40 132/7999/657 129/560/338
f 5566/9002/2456 5561/9236/2568 5537/9235/15 5546/9003/15
f 3808/7878/11 3805/7799/11 3757/6972/11 3758/4802/11
f 5903/9984/374 5900/9985/318 5884/9259/318 5890/9921/374
f 3627/2404/11 3625/363/11 3623/7383/11 3624/7639/11
f 5695/1358/63 5703/1357/403 5685/9930/403 5676/9931/63
f 3542/3900/11 3534/6816/11 3527/5710/11 3530/3901/11
f 1716/5063/1985 1715/5084/270 1691/1976/1002 1694/1975/1001
f 4323/7697/1005 4324/7696/944 4318/9963/254 4316/9440/2076
f 442/496/311 446/1080/591 435/1083/594 433/497/312
f 103/9959/275 123/6086/275 133/549/335 112/1475/761
f 6443/9986/270 6046/9987/18 6131/9988/18 6442/9989/270
f 2506/3360/11 2505/6252/11 2500/2942/11 2501/3751/11
f 5962/7808/318 5961/9990/318 5953/7869/318 5954/7809/318
f 573/8779/995 579/9481/1838 585/9480/2583 572/8780/982
f 1197/9991/1523 1201/9948/887 1202/9947/2510 1198/9992/1524
f 1860/7775/757 1952/9993/1989 1953/7745/2028 1861/7744/11
f 1268/4126/120 1270/6684/120 1271/6685/275 1269/4127/275
f 5492/7080/30 5495/9994/2467 5496/9995/2357 5493/7081/510
f 5020/4563/1862 5018/2740/1352 5006/5668/2089 5007/6604/2259
f 5966/9996/318 5965/7772/81 5960/7771/81 5961/9990/318
f 5723/9745/254 5722/9744/255 5704/8396/255 5705/8395/254
f 5909/9997/30 5904/9928/30 6438/9929/270 6444/9998/270
f 5282/9999/1562 5285/8975/1561 5281/5911/280 5280/5910/279
f 3688/6152/111 5949/7773/82 6056/5581/82 3905/5580/111
f 6440/9957/270 5697/9956/18 5709/9902/18 6436/9901/270
f 3798/7785/11 3804/7798/11 3806/7097/11 3800/7096/11
f 3827/2132/953 3825/2131/953 3820/4816/952 3822/9906/952
f 5252/6030/254 5255/6029/944 5257/9020/944 5254/9983/254
f 2790/6758/301 2789/9226/1246 2782/5528/1246 2783/5527/301
f 3452/6719/11 3451/4724/11 3435/4727/1901 3436/6075/11
f 3102/10000/2253 3091/579/344 3088/582/346 3089/9439/2257
f 4760/9789/672 4770/1437/739 4771/1436/436 4765/10001/439
f 3132/10002/896 3128/10003/2577 3122/8622/2347 3123/8621/897
f 5506/9300/2581 5507/10004/2349 5497/10005/2358 5496/9995/2357
f 1297/8806/2538 1300/445/284 1280/448/287 1278/9500/1763
f 3542/3900/11 3543/2712/11 3535/6817/11 3534/6816/11
f 3891/700/259 3890/5142/11 3880/7592/11 3881/6862/259
f 5240/9067/382 5239/6032/944 5229/5093/944 5230/6161/382
f 5684/7723/403 5681/7722/254 5678/9851/254 5679/9850/403
f 2626/6564/1124 2627/4664/1886 2632/6559/947 2631/10006/1121
f 3430/5677/2057 3429/5676/2090 2070/5821/1398 2075/10007/1397
f 5147/8793/944 5146/10008/254 5136/8696/254 5139/3090/944
f 5664/8259/17 5663/8258/18 5652/7636/18 5653/4741/17
f 5529/9813/318 5528/10009/374 5526/8954/374 5527/7373/318
f 5632/7414/17 5631/7413/18 5626/7563/18 5627/7562/17
f 5825/9820/63 5826/9547/63 5806/7890/63 5805/9771/63
f 5715/9878/63 5713/8583/63 5707/7920/409 5708/4668/409
f 6402/8980/270 5671/8979/18 5692/9955/18 6441/9954/270
f 5036/4255/828 5099/4254/1769 1660/5119/1769 1617/1611/828
f 3721/7419/11 3722/7420/11 3704/7767/11 3703/7757/11
f 5452/9065/30 5453/9064/510 5450/9335/510 5449/9334/30
f 1464/2764/63 1463/2763/63 1443/486/63 1444/485/63
f 5775/5158/2003 5772/7753/2367 5764/7752/63 5769/5155/63
f 5993/9229/409 5982/7793/409 5975/7561/2363 5976/5648/2081
f 5935/10010/318 5943/10011/374 5946/10012/374 5940/7871/318
f 3752/4692/11 3865/8664/11 3866/4800/11 3753/4689/11
f 5708/4668/409 5717/4667/409 5720/9879/63 5715/9878/63
f 5430/6734/15 5438/8410/15 5439/8413/15 5431/6735/15
f 5550/10013/2364 5549/9004/2549 5547/9311/2561 5548/10014/2055
f 6028/10015/17 6036/10016/255 6050/8561/255 6030/8564/17
f 6445/10017/270 6029/10018/18 6046/9987/18 6443/9986/270
f 5703/9970/403 5702/9969/254 5683/7721/254 5685/7720/403
f 5660/10019/254 5659/10020/255 5656/10021/255 5657/10022/254
f 5738/5218/17 5737/8953/18 5718/5035/18 5719/5034/17
f 3594/7627/11 3593/7728/11 3582/7749/11 3583/7628/11
f 1759/7930/1833 1762/7929/1661 1756/10023/2037 1755/10024/1971
f 3584/7637/11 3587/7625/11 3583/7628/11 3581/7689/11
f 5820/10025/2371 5816/5091/1991 5814/9811/270 5819/9810/403
f 2954/7035/1828 2953/6995/2307 2940/10026/2385 2942/9171/1760
f 3751/4691/11 3750/7741/11 3736/3579/11 3737/3578/11
f 5594/7458/2352 5600/9372/1740 5602/9899/255 5599/9765/17
f 6375/7852/270 5895/7851/30 5876/10027/30 6446/10028/270
f 5729/9817/2599 5728/9816/255 5724/9743/255 5725/9742/254
f 3791/6450/1099 3792/7666/952 3782/7822/952 3781/6451/1099
f 4722/5339/944 4719/8933/254 4707/8641/254 4708/6076/2168
f 5758/10029/2610 5755/10030/2611 5752/9496/2598 5753/9495/2597
f 712/9588/1209 643/9587/654 332/4380/615 336/4379/696
f 5720/9879/63 5721/7816/63 5716/7815/63 5715/9878/63
f 6410/9248/270 5737/9247/18 5743/10031/18 6447/10032/270
f 4190/8272/350 4189/4764/350 4181/4178/1744 4182/4177/1743
f 3750/7741/11 3743/7740/11 3728/5327/11 3736/3579/11
f 3815/4838/11 3816/7586/11 3814/7585/11 3813/7758/11
f 5727/7814/403 5726/10033/403 5714/8584/63 5716/7815/63
f 5157/8767/944 5156/10034/254 5146/10008/254 5147/8793/944
f 6372/7840/270 5413/7839/374 5418/10035/374 6448/10036/270
f 3525/5713/11 3524/5712/11 2092/2490/76 2094/4017/76
f 5714/8584/63 5726/10033/403 5706/1356/403 5700/1359/63
f 6447/10032/270 5743/10031/18 5745/9707/18 6420/9706/270
f 1921/5480/1057 1922/5424/2022 1892/5448/2022 1891/10037/1057
f 6002/7833/2068 6019/6791/2068 6021/6790/409 6011/10038/409
f 5173/3484/40 5172/1968/101 5170/5006/101 5171/3485/40
f 5826/9547/63 5829/9550/2331 5821/7887/2332 5806/7890/63
f 1138/709/282 1137/708/40 1120/3034/40 1121/3721/282
f 3811/7634/11 3810/7098/11 3806/7097/11 3807/7797/11
f 5466/6783/109 5482/6107/109 5483/6897/15 5469/6896/15
f 6023/10039/17 6022/10040/18 6012/10041/18 6013/10042/17
f 5790/9781/63 5801/10043/63 5803/10044/63 5791/7461/63
f 5755/10030/2611 5754/10045/2021 5751/10046/2020 5752/9496/2598
f 5730/9498/2370 5729/9497/2599 5725/10047/254 5727/10048/403
f 5758/10029/2610 5759/9063/403 5757/9062/270 5755/10030/2611
f 4616/8595/282 4618/3914/282 4608/3913/40 4605/5545/40
f 5797/5128/17 5795/9806/18 5786/9794/18 5787/6073/17
f 5833/7527/409 5836/10049/63 5825/9820/63 5822/8938/409
f 5368/4568/317 5360/4567/318 5352/8986/318 5355/10050/317
f 980/3282/1513 1011/3281/1512 1012/3879/1611 982/3878/1555
f 5355/10050/317 5352/8986/318 5336/8989/318 5342/9046/317
f 3102/10000/2253 3093/9607/2255 3092/580/345 3091/579/344
f 5759/7754/403 5758/10051/2610 5748/9665/63 5750/7755/63
f 5760/7454/409 5763/7769/63 5749/9664/63 5742/7455/409
f 5763/7769/63 5764/7752/63 5750/7755/63 5749/9664/63
f 5317/8055/15 5330/6695/15 5331/8937/15 5318/8056/15
f 2348/4037/11 2351/4036/11 2352/4023/11 2350/4022/11
f 5907/9471/318 5908/9470/318 5899/9704/318 5900/9985/318
f 5821/7197/2332 5818/4409/1816 5816/5091/1991 5820/10025/2371
f 2189/5927/11 2188/2554/11 2186/2553/11 2187/5851/11
f 5273/8303/925 5276/8302/2472 5269/5791/2118 5268/1757/903
f 2221/9115/1046 2222/2038/1039 602/2040/1040 2202/10052/1045
f 1760/5171/40 1758/5013/40 1748/5015/676 1750/7716/676
f 2325/3073/11 2323/2914/11 2321/2913/11 2322/1209/11
f 2191/6151/11 2190/5849/11 2172/3149/11 2174/1108/11
f 5712/5037/17 5711/5036/18 5709/7608/18 5710/7607/17
f 3589/6850/260 3609/5810/112 3610/5815/112 3597/7073/260
f 342/1461/63 333/1148/614 327/1150/616 331/1459/295
f 5418/10035/374 5432/6947/374 6356/6948/270 6448/10036/270
f 2343/7516/11 2347/5565/11 2349/6164/11 2346/3213/11
f 931/2611/270 930/2839/18 870/10053/1461 871/2708/510
f 5785/6070/17 5784/9795/18 5766/9052/18 5767/9051/17
f 5757/9062/270 5756/9788/814 5754/10045/2021 5755/10030/2611
f 3601/4573/11 3600/7659/11 3598/7706/11 3599/4574/11
f 3639/7843/11 3671/7364/11 3672/7363/11 3640/7583/11
f 5361/7855/109 5375/6675/109 5376/6674/15 5362/7714/15
f 5849/9892/63 5980/7795/63 5981/9927/63 5850/10054/63
f 2531/4923/11 2525/4922/11 2508/6700/11 2510/6331/11
f 126/10055/120 142/733/120 143/732/275 127/10056/275
f 2338/4038/11 2337/3039/11 2188/2554/11 2189/5927/11
f 5782/3969/409 5788/9780/63 5768/7768/63 5765/3970/409
f 6134/9453/63 6135/9454/63 6049/10057/63 6048/9890/63
f 3647/7641/11 3649/1158/11 3651/7711/11 3648/7669/11
f 5613/9830/63 5621/10058/403 5604/9740/403 5596/7250/63
f 5783/4448/409 5792/7450/409 5801/10043/63 5790/9781/63
f 5379/1354/318 5378/1353/374 5364/5361/374 5365/4570/318
f 1927/4361/40 1928/8404/1587 1925/5353/691 1924/5352/40
f 6377/7897/270 5799/7896/18 5823/10059/18 6449/10060/270
f 5809/6072/814 5813/5129/814 5797/5128/17 5787/6073/17
f 3808/7878/11 3933/4858/11 3934/7542/11 3809/7760/11
f 5820/7888/2371 5819/10061/403 5803/10044/63 5804/7889/63
f 5790/9781/63 5788/9780/63 5782/3969/409 5783/4448/409
f 3924/7922/11 3923/5598/11 3917/5600/11 3918/8390/11
f 5722/9615/255 5710/7607/17 5698/5134/17 5704/10062/255
f 1078/3637/1620 1077/3640/1623 1057/3750/1609 1060/3749/1643
f 3665/7670/11 3671/7364/11 3639/7843/11 3636/7671/11
f 3899/8150/259 3898/4803/11 3893/4806/11 3894/699/259
f 2994/4649/11 2991/6690/11 2972/7005/11 2973/1399/11
f 6136/6095/409 6130/9091/409 6041/7828/2068 6128/6096/2068
f 2508/6700/11 2507/3361/11 2502/2954/11 2503/2953/11
f 3093/6554/2255 3094/6553/2254 3084/5627/756 3083/5626/2074
f 6435/9895/270 5580/9894/18 5593/9250/18 6412/9249/270
f 6363/7418/270 5626/7417/18 5631/9767/18 6421/9766/270
f 5701/9934/255 5704/10062/255 5698/5134/17 5693/5137/17
f 5923/10063/30 5931/10064/30 5932/5892/15 5924/7881/15
f 5819/10061/403 5812/7460/2353 5791/7461/63 5803/10044/63
f 6450/10065/270 5834/10066/18 5842/9847/18 6429/9846/270
f 5848/10067/17 5847/10068/18 5842/10069/18 5843/10070/17
f 5525/9234/15 5530/9237/2567 5513/9228/2567 5510/6514/15
f 1971/5385/1457 1970/5384/2028 1956/5244/2028 1957/5243/2027
f 5802/9772/63 5801/10043/63 5792/7450/409 5793/7449/409
f 1799/8644/282 1800/4107/282 1790/4106/1719 1789/8645/41
f 5839/3064/1463 5838/3063/814 5827/4407/1814 5828/4406/1813
f 5539/7601/318 5538/10071/374 5528/10009/374 5529/9813/318
f 2765/6344/11 2766/6710/11 2764/6206/11 2763/6284/11
f 5541/7600/318 5540/9857/374 5538/10071/374 5539/7601/318
f 5816/5091/1991 5815/5090/1990 5813/10072/814 5814/9811/270
f 5694/7736/63 5695/1358/63 5676/9931/63 5675/9912/63
f 2542/5187/11 2541/5186/11 2539/6261/11 2540/5251/11
f 5897/9889/15 5905/6053/15 5914/10073/1049 5901/10074/1049
f 6159/2402/63 6160/7678/63 6150/5863/63 6149/2403/63
f 6047/8563/17 6046/10075/18 6029/10076/18 6030/8564/17
f 5844/9893/63 5845/9896/63 5837/9548/63 5836/10049/63
f 5979/6967/17 5978/10077/18 5847/10068/18 5848/10067/17
f 5856/10078/2569 5855/9796/1462 5852/3061/1462 5853/9239/2569
f 5846/5857/409 5977/7792/409 5980/7795/63 5849/9892/63
f 4550/2141/170 4555/681/101 4557/1343/101 4551/2204/170
f 6011/10038/409 6003/9900/409 6001/5647/2068 6002/7833/2068
f 5856/10079/2569 5853/9897/2569 5845/9896/63 5850/10054/63
f 5833/7527/409 5841/5858/409 5844/9893/63 5836/10049/63
f 6449/10060/270 5823/10059/18 5834/10066/18 6450/10065/270
f 3221/751/11 3220/750/11 3211/4118/11 3212/4117/11
f 3258/2366/11 3256/7093/11 3243/7848/11 3244/2367/11
f 3738/7631/11 3739/7655/11 3735/3581/11 3734/7647/11
f 5984/6970/17 5983/10080/18 5978/10077/18 5979/6967/17
f 3844/6778/953 3843/7717/953 3838/7860/952 3840/6788/952
f 6430/9849/270 5847/9848/18 5978/9841/18 6427/9840/270
f 3687/7493/111 5948/7770/82 5949/7773/82 3688/6152/111
f 5968/10081/1049 5969/10082/378 5956/7061/378 5955/7060/1049
f 5851/10083/814 5854/10084/814 5848/10067/17 5843/10070/17
f 2910/7572/11 2909/7020/301 2900/7023/301 2901/8947/11
f 4536/2501/63 4489/2099/63 779/2102/63 795/2635/63
f 2876/6863/11 2878/6900/11 2882/6847/11 2877/6907/11
f 3887/5143/11 3886/7875/11 3878/7447/11 3879/7658/11
f 4101/8118/2440 4135/8130/2444 4138/8129/2268 4104/8119/2441
f 5814/9811/270 5813/10072/814 5809/10085/814 5810/9678/2604
f 2138/3635/301 2137/8952/1246 2132/7941/1246 2133/3636/301
f 3465/6382/11 3464/6381/11 3406/509/11 3408/508/11
f 5341/7672/510 5342/7675/317 5340/7596/317 5339/7595/510
f 5244/5965/40 5251/5964/282 5253/7070/282 5246/7069/40
f 6055/10086/403 6052/2676/403 6044/2675/63 6049/10057/63
f 3999/7948/11 3993/7939/11 3981/7369/11 3982/7368/11
f 3493/2355/11 3494/7619/11 3492/4439/11 3491/4251/11
f 3951/7836/1099 3952/10087/952 3950/7845/952 3949/7844/1099
f 5825/9820/63 5836/10049/63 5837/9548/63 5826/9547/63
f 5807/6071/2167 5785/6070/17 5767/9051/17 5773/10088/2554
f 5165/6688/944 5164/8940/254 5156/10034/254 5157/8767/944
f 5942/10089/378 5943/10090/374 5930/10091/374 5929/10092/378
f 4164/8202/2462 4163/7475/299 4112/468/299 4113/1515/778
f 652/10093/1147 658/10094/28 659/2320/1169 653/2319/1168
f 6275/391/270 6067/390/30 6059/7818/30 6370/7817/270
f 5749/9664/63 5747/9663/63 5741/7602/409 5742/7455/409
f 3841/7847/1099 3842/7846/952 3840/9224/952 3839/7885/1099
f 3963/7951/1099 3961/7835/1099 3958/7834/11 3960/7873/11
f 6167/9511/15 6175/7884/15 6179/7883/30 6171/10095/2606
f 5762/6277/17 5770/6276/2192 5773/10088/2554 5767/9051/17
f 3698/7388/11 3699/7552/11 3695/3665/11 3694/3664/11
f 3793/4793/953 3794/5650/1084 3788/5649/2082 3787/4794/1929
f 6065/10096/378 6080/660/378 6081/663/374 6066/10097/374
f 5437/6733/109 5442/6732/109 5443/8411/15 5438/8410/15
f 5758/10051/2610 5753/9700/2597 5740/9699/63 5748/9665/63
f 5934/10098/318 5933/7052/81 5925/7114/81 5926/10099/318
f 3720/7778/11 3721/7419/11 3703/7757/11 3702/7730/11
f 2187/5851/11 2186/2553/11 2178/5584/11 2179/5848/11
f 3884/7877/11 3888/7876/11 3896/7428/11 3885/7427/11
f 3951/7836/1099 3949/7844/1099 3946/7859/11 3948/7837/11
f 3712/3816/11 3713/3815/11 3711/1810/11 3710/1809/11
f 6034/10100/254 6033/10101/255 6016/10102/255 6017/10103/254
f 3743/7740/11 3742/7761/11 3727/5328/11 3728/5327/11
f 1967/3276/1510 1971/10104/1457 1957/9776/2027 1951/3277/109
f 5798/5131/17 5815/5130/1990 5817/10105/1815 5800/7825/17
f 268/79/40 270/526/324 249/457/292 248/80/40
f 3748/7742/11 3754/6971/11 3755/6973/11 3749/7786/11
f 3403/7457/11 3400/6297/11 3394/5830/11 3396/5646/11
f 5843/10070/17 5842/10069/18 5834/9075/18 5835/5139/17
f 5650/9770/63 5658/9885/403 5640/10106/403 5634/9898/63
f 5727/10048/403 5725/10047/254 5723/9914/254 5726/9913/403
f 5987/6968/814 5979/6967/17 5848/10067/17 5854/10084/814
f 4215/8173/2454 4183/4602/1872 4123/4603/1873 4202/1452/749
f 2509/7712/11 2503/2953/11 1159/2956/76 1161/3946/76
f 5691/7737/409 5694/7736/63 5675/9912/63 5668/7800/409
f 5363/7713/15 5377/6306/15 5380/6307/30 5369/9231/30
f 324/4989/476 327/1150/616 288/2014/1027 280/2015/1028
f 3303/6640/11 3250/6715/11 3179/7282/11 3217/6641/11
f 3262/8971/11 3263/7390/11 3261/2183/11 3260/2365/11
f 4205/4944/1963 4202/1452/749 4087/1454/665 4095/4556/63
f 4750/7969/474 4749/2985/40 4736/8278/40 4737/8287/474
f 4231/1593/307 4235/7530/307 4220/8269/2470 4205/4944/1963
f 1947/10107/1414 1945/7738/1415 1942/2741/1353 1943/8970/1489
f 3983/7970/11 3995/7891/11 3999/7948/11 3982/7368/11
f 3837/6851/1099 3838/9225/952 3824/6924/952 3823/6852/1099
f 6169/6166/318 6168/6979/81 6119/5887/81 6120/6167/318
f 5881/9261/318 5879/7116/81 5866/7115/81 5867/8349/318
f 5902/9474/378 5915/9883/378 5916/9882/374 5903/9475/374
f 4593/1478/336 4594/1477/336 4589/9263/254 4587/7071/254
f 6082/10108/1049 6079/10109/1049 6068/10110/15 6073/10111/15
f 4635/8371/1070 4661/8189/884 4662/8192/2458 4634/8372/341
f 4448/2421/15 4447/2296/1153 4445/2424/1219 4446/2422/15
f 5930/10112/374 5927/10113/318 5913/9468/318 5919/10114/374
f 5664/8259/17 5677/9053/255 5680/10115/255 5670/8256/17
f 6013/10042/17 6012/10041/18 6004/10116/18 6005/10117/17
f 5675/9912/63 5676/9931/63 5674/9268/63 5673/6965/63
f 5876/9887/30 5877/5471/15 5865/5495/15 5864/5494/30
f 6200/7046/409 6205/286/63 6192/288/63 6189/6999/409
f 5394/9232/510 5395/9233/317 5382/6350/317 5381/6349/510
f 6130/9091/409 6136/6095/409 6138/5866/63 6134/9453/63
f 6054/7321/254 6053/7320/255 6050/10118/255 6051/10119/254
f 5989/9924/2569 5988/6920/1462 5855/9796/1462 5856/10078/2569
f 3839/7885/1099 3837/6851/1099 3832/3364/11 3834/7886/11
f 2989/7849/11 2988/7806/11 2983/6905/11 2984/6904/11
f 5487/6106/109 5500/6739/109 5501/5561/15 5488/5564/15
f 5969/10120/378 5972/10121/378 5973/10122/374 5970/10123/374
f 4335/3236/40 4334/1652/101 4332/132/101 4333/8380/40
f 4390/1486/254 4389/1485/282 4387/9933/282 4388/9932/254
f 5927/10113/318 5926/10099/318 5912/9469/318 5913/9468/318
f 5003/8402/802 5004/8403/802 4549/8533/802 4548/8532/802
f 5901/10124/1049 5914/8420/1049 5915/8419/378 5902/10125/378
f 4710/3267/342 4712/3869/1660 4701/3994/1679 4700/3268/1509
f 5827/5141/1814 5824/5140/17 5800/7825/17 5817/10105/1815
f 6446/10028/270 5876/10027/30 5864/3714/30 6309/3713/270
f 4045/9316/277 4044/8250/15 4039/4503/15 4040/10126/277
f 671/1200/640 674/1389/15 675/1624/837 672/1201/641
f 5896/9888/30 5904/6054/30 5905/6053/15 5897/9889/15
f 4569/8577/336 4566/8578/254 4433/3851/254 4437/3850/336
f 4428/426/282 4417/429/40 4403/6946/40 4410/6945/282
f 6060/6337/15 6068/10110/15 6079/10109/1049 6064/6338/1049
f 5912/9469/318 5911/5877/81 5906/5876/81 5908/9470/318
f 5886/6754/378 5888/9477/378 5890/9476/374 5889/6755/374
f 5917/8439/1049 5914/10073/1049 5905/6053/15 5910/6052/15
f 5885/5673/1049 5887/10127/1049 5888/10128/378 5886/5674/378
f 5926/10099/318 5925/7114/81 5911/5877/81 5912/9469/318
f 4277/693/270 4276/692/296 4267/8326/296 4268/5367/270
f 6021/6790/409 6026/6789/409 6031/7092/63 6024/10129/63
f 5851/10083/814 5843/10070/17 5835/5139/17 5838/5138/814
f 3411/7571/11 3412/7504/11 3404/6891/11 3403/7457/11
f 5486/3197/318 5485/9907/374 5473/9773/374 5474/3198/318
f 3927/5004/112 3915/9293/260 3900/7686/260 3904/7685/112
f 5804/7889/63 5803/10044/63 5801/10043/63 5802/9772/63
f 4993/10130/2401 4994/10131/2400 4985/6081/331 4984/6080/330
f 6102/10132/318 6101/9255/318 6093/9918/318 6094/9917/318
f 5943/10011/374 5935/10010/318 5927/10113/318 5930/10112/374
f 5931/10133/30 5923/10134/30 6452/10135/270 6451/10136/270
f 5800/7825/17 5799/7824/18 5796/9805/18 5798/5131/17
f 5988/6920/1462 5987/6919/814 5854/9797/814 5855/9796/1462
f 5367/8707/510 5370/6352/510 5371/6351/317 5368/8708/317
f 2709/5185/11 2708/3567/11 2538/3568/11 2541/5186/11
f 5900/9985/318 5899/9704/318 5883/9260/318 5884/9259/318
f 3803/4840/11 3802/4839/11 3799/7842/11 3800/7096/11
f 3814/7585/11 3819/7584/1099 3791/6450/1099 3790/6449/11
f 6069/7780/81 6076/8099/81 6058/7137/82 6057/5582/82
f 5923/10134/30 5909/9997/30 6444/9998/270 6452/10135/270
f 5192/6829/40 5191/1969/101 5172/1968/101 5173/3484/40
f 6145/10137/403 6142/10138/403 6135/9454/63 6139/5865/63
f 6028/10015/17 6027/10139/18 6022/10040/18 6023/10039/17
f 6011/10038/409 6014/7863/63 6006/5404/63 6003/9900/409
f 6425/9826/270 5936/9825/30 5931/10133/30 6451/10136/270
f 6081/10140/374 6071/10141/318 6063/10142/318 6066/10143/374
f 4237/8271/282 4236/8270/18 4221/8667/2383 4222/8298/2471
f 3802/4839/11 3801/6804/11 3796/6803/11 3799/7842/11
f 6065/10096/378 6066/10097/374 5973/10122/374 5972/10121/378
f 3862/7478/11 3883/7719/11 3884/7877/11 3863/7479/11
f 2176/653/301 2175/5745/1246 2164/8654/1246 2165/654/301
f 2550/5702/11 3401/6325/11 3405/506/11 2555/6658/11
f 6059/10144/30 6067/10145/30 6068/10110/15 6060/6337/15
f 6350/6194/270 5663/6193/18 5669/8978/18 6401/8977/270
f 5958/10146/30 5959/9253/15 5951/6359/15 5950/8362/30
f 5940/7871/318 5939/7870/318 5934/10098/318 5935/10010/318
f 5507/7399/2349 5504/7398/318 5491/7832/318 5497/7831/2358
f 5472/9775/318 5471/9774/374 5447/8400/374 5448/6067/318
f 5506/9300/2581 5514/6830/2283 5515/6833/374 5507/10004/2349
f 3876/7371/11 3875/5315/11 3872/5314/11 3874/7370/11
f 5956/10147/378 5957/10148/374 5946/10149/374 5945/10150/378
f 6108/7996/1049 6109/7995/378 6107/10151/378 6106/10152/1049
f 5998/10153/2593 5995/10154/17 5984/6970/17 5990/6969/814
f 2205/2046/169 2225/4208/168 2226/4211/999 2221/2047/1046
f 6071/10141/318 6070/10155/318 6062/10156/318 6063/10142/318
f 5878/5472/15 5897/9889/15 5901/10074/1049 5887/5469/1049
f 6070/10155/318 6069/7780/81 6061/7779/81 6062/10156/318
f 5931/10064/30 5936/8363/30 5937/5893/15 5932/5892/15
f 5971/6339/1049 5968/9254/1049 5959/9253/15 5964/6340/15
f 5958/10146/30 5963/10157/30 5964/6340/15 5959/9253/15
f 5968/10081/1049 5971/2053/1049 5972/2052/378 5969/10082/378
f 6371/7820/270 5963/7819/30 5958/10158/30 6453/10159/270
f 6071/10141/318 6081/10140/374 6086/10160/374 6078/9920/318
f 6062/10156/318 6061/7779/81 5965/7772/81 5966/9996/318
f 5916/10161/374 5907/9471/318 5900/9985/318 5903/9984/374
f 6455/10162/270 6022/10163/18 6027/10164/18 6454/10165/270
f 5961/9990/318 5960/7771/81 5952/7934/81 5953/7869/318
f 5957/7810/374 5954/7809/318 5940/7871/318 5946/10012/374
f 3917/5600/11 3916/3925/11 3911/3924/11 3912/7802/11
f 5939/7870/318 5938/7053/81 5933/7052/81 5934/10098/318
f 6431/9855/270 5786/9854/18 5795/9804/18 6422/9803/270
f 4003/6974/259 4002/5061/11 3996/5204/11 3997/5203/259
f 5907/9471/318 5916/10161/374 5919/10114/374 5913/9468/318
f 5672/8650/17 5671/8649/18 5669/8257/18 5670/8256/17
f 5524/9317/15 5525/9234/15 5510/6514/15 5509/6513/15
f 1019/3507/317 1018/3506/510 1014/5484/1589 1016/5483/1608
f 6059/10144/30 6060/6337/15 5964/6340/15 5963/10157/30
f 6228/10166/2445 6223/10167/318 6178/8136/318 6181/8135/2445
f 5844/9893/63 5849/9892/63 5850/10054/63 5845/9896/63
f 3863/7479/11 3884/7877/11 3885/7427/11 3864/5430/11
f 5953/7869/318 5952/7934/81 5938/7053/81 5939/7870/318
f 5980/7795/63 5985/7794/63 5986/7811/63 5981/9927/63
f 6286/1492/270 6012/1491/18 6022/10163/18 6455/10162/270
f 5670/8256/17 5680/10115/255 5682/9935/255 5672/8650/17
f 5935/10010/318 5934/10098/318 5926/10099/318 5927/10113/318
f 6453/10159/270 5958/10158/30 5950/9824/30 6424/9827/270
f 5956/10147/378 5969/10120/378 5970/10123/374 5957/10148/374
f 6045/9092/409 6042/7090/409 6039/7692/2068 6040/7829/2068
f 5850/10054/63 5981/9927/63 5989/9926/2569 5856/10079/2569
f 3812/7635/11 3811/7634/11 3807/7797/11 3809/7760/11
f 1960/1295/40 1958/4360/40 1948/4359/676 1950/1296/676
f 6110/10168/374 6102/10132/318 6094/9917/318 6105/10169/374
f 4163/7475/299 4162/7474/2354 4111/469/300 4112/468/299
f 6017/10103/254 6016/10102/255 6008/10170/2592 6009/10171/2589
f 5624/9244/403 5621/10058/403 5613/9830/63 5618/9241/63
f 6021/6790/409 6024/10129/63 6014/7863/63 6011/10038/409
f 6024/10129/63 6031/7092/63 6032/2678/63 6025/5377/63
f 6043/7091/63 6044/2675/63 6032/2678/63 6031/7092/63
f 6237/847/318 6236/846/318 6222/10172/318 6223/10167/318
f 6048/9890/63 6049/10057/63 6044/2675/63 6043/7091/63
f 6016/10173/255 6013/10042/17 6005/10117/17 6008/10174/2592
f 5657/10022/254 5656/10021/255 5638/7358/255 5639/7357/254
f 6008/10174/2592 6005/10117/17 5995/10154/17 5998/10153/2593
f 1886/5220/1057 1891/10037/1057 1892/5448/2022 1887/5221/2022
f 6005/10117/17 6004/10116/18 5994/10175/18 5995/10154/17
f 5999/9401/2590 5998/9408/2593 5990/6918/814 5991/6917/1462
f 3926/9769/260 3925/9768/259 3919/7471/259 3920/7470/260
f 4438/9427/281 4435/7360/281 4423/7359/1110 4425/9428/1380
f 6063/10142/318 6062/10156/318 5966/9996/318 5967/9779/318
f 6137/8243/17 6133/8242/18 6131/10176/18 6132/10177/17
f 2084/1060/582 2077/6885/2289 2074/6888/1396 2073/1061/583
f 6007/5405/63 6010/10178/2588 6000/10179/2591 5997/5406/63
f 6428/9843/270 5983/9842/18 5994/9055/18 6405/9054/270
f 6000/9402/2591 5999/9401/2590 5991/6917/1462 5992/9923/2569
f 5995/10154/17 5994/10175/18 5983/10080/18 5984/6970/17
f 3871/5428/11 3873/5427/11 3874/7370/11 3872/5314/11
f 3789/7759/11 3813/7758/11 3814/7585/11 3790/6449/11
f 6066/10143/374 6063/10142/318 5967/9779/318 5973/9778/374
f 6003/9900/409 6006/5404/63 5996/5407/63 5993/9229/409
f 4964/3348/279 4955/3347/270 4946/3757/270 4950/4850/279
f 6207/10180/18 6202/376/40 6191/379/40 6197/9035/1287
f 2780/5530/301 2779/5529/1246 2772/10181/1246 2773/8852/301
f 4192/3938/350 4191/608/350 4189/4764/350 4190/8272/350
f 5986/7811/63 5997/5406/63 6000/10179/2591 5992/9925/2569
f 1870/5425/341 1989/3702/1635 1990/3701/1634 1871/5426/1644
f 6024/10129/63 6025/5377/63 6015/7864/63 6014/7863/63
f 6038/9911/403 6037/9910/254 6034/10182/254 6035/10183/403
f 5500/6739/109 5508/6986/109 5509/6513/15 5501/5561/15
f 4716/3909/279 5129/5926/279 5130/3886/280 4717/3910/280
f 6189/6999/409 6192/288/63 6187/7676/63 6184/7000/409
f 4744/6068/40 4743/8560/41 4730/8254/41 4731/8253/40
f 6018/10184/403 6017/10185/254 6009/9400/2589 6010/9399/2588
f 6142/10186/403 6141/10187/254 6054/10188/254 6055/10189/403
f 6135/9454/63 6142/10138/403 6055/10086/403 6049/10057/63
f 6158/1309/688 6157/10190/18 6147/8241/18 6148/5605/2066
f 6145/10191/403 6144/10192/254 6141/10187/254 6142/10186/403
f 2086/8212/2464 2090/8639/1207 2081/8932/757 2079/8790/757
f 172/8319/405 171/1218/586 152/4078/1713 153/833/467
f 5923/10063/30 5924/7881/15 5910/6052/15 5909/6051/30
f 1498/2332/1181 1504/2333/295 788/4660/1884 783/4659/1882
f 6074/10193/30 6072/389/30 6274/388/270 6456/10194/270
f 5865/5495/15 5877/5471/15 5885/5470/1049 5874/9058/1049
f 6035/10183/403 6034/10182/254 6017/10185/254 6018/10184/403
f 6117/371/30 6112/10195/30 6457/10196/270 6271/372/270
f 6246/45/36 6244/1418/63 6238/7045/409 6239/7990/2309
f 6136/6095/409 6146/2400/409 6149/2403/63 6138/5866/63
f 6454/10165/270 6027/10164/18 6029/10018/18 6445/10017/270
f 6055/10189/403 6054/10188/254 6051/9909/254 6052/9908/403
f 4228/7055/40 4227/8255/41 4197/641/42 4198/7056/40
f 5945/10150/378 5946/10149/374 5943/10090/374 5942/10089/378
f 6132/10177/17 6131/10176/18 6046/10075/18 6047/8563/17
f 3214/3916/11 3212/4117/11 3194/4120/11 3197/3917/11
f 6030/8564/17 6029/10076/18 6027/10139/18 6028/10015/17
f 6033/10197/255 6036/10016/255 6028/10015/17 6023/10039/17
f 6140/10198/255 6143/10199/255 6137/8243/17 6132/10177/17
f 6442/9989/270 6131/9988/18 6133/568/18 6282/567/270
f 3533/6818/11 3536/6654/11 3461/6653/11 3454/6718/11
f 6112/10195/30 6097/10200/30 6458/10201/270 6457/10196/270
f 6051/10119/254 6050/10118/255 6036/10202/255 6037/10203/254
f 4034/329/21 4059/328/257 378/8802/257 80/8803/21
f 6118/7918/15 6167/9511/15 6171/10095/2606 6125/10204/2605
f 5901/10124/1049 5902/10125/378 5888/10128/378 5887/10127/1049
f 6140/10198/255 6132/10177/17 6047/8563/17 6053/8562/255
f 6037/10203/254 6036/10202/255 6033/10101/255 6034/10100/254
f 6007/5405/63 6015/7864/63 6018/9214/403 6010/10178/2588
f 6105/10169/374 6094/9917/318 6078/9920/318 6086/10160/374
f 3959/7872/11 3957/7874/11 3943/5411/11 3944/5410/11
f 6097/10200/30 6095/10205/30 6459/10206/270 6458/10201/270
f 3597/7590/260 3596/5775/259 3588/7626/259 3589/7733/260
f 1855/5370/341 1858/5369/1644 1853/5365/1644 1852/5364/341
f 6111/10207/374 6104/10208/318 6102/10132/318 6110/10168/374
f 2765/6344/11 3479/6343/11 3480/6811/11 2766/6710/11
f 6116/8007/318 6115/9922/318 6103/9256/318 6104/10208/318
f 4267/8233/296 4266/8232/298 4262/8357/2005 4263/8356/296
f 6084/10209/1049 6082/10108/1049 6073/10111/15 6075/10210/15
f 5967/9779/318 5966/9996/318 5961/9990/318 5962/7808/318
f 5810/9678/2604 5809/10085/814 5807/9127/2167 5808/9126/2553
f 4190/8272/350 4193/3182/350 4194/3185/350 4192/3938/350
f 6098/10211/15 6113/7919/15 6122/10212/1049 6108/10213/1049
f 5678/7914/254 5677/7913/255 5659/10020/255 5660/10019/254
f 6033/10197/255 6023/10039/17 6013/10042/17 6016/10173/255
f 5929/10092/378 5930/10091/374 5919/9881/374 5918/9880/378
f 1477/4680/318 1482/4629/318 1483/8620/330 1479/4681/330
f 3996/5204/11 3995/7891/11 3983/7970/11 3984/5205/11
f 6075/10210/15 6096/10214/15 6106/10215/1049 6084/10209/1049
f 6095/10216/30 6097/10217/30 6098/10211/15 6096/10214/15
f 6261/9968/2587 6237/847/318 6223/10167/318 6228/10166/2445
f 5640/10106/403 5637/9243/403 5629/9242/63 5634/9898/63
f 6093/9918/318 6092/7856/81 6076/8099/81 6077/9919/318
f 6124/8008/374 6116/8007/318 6104/10208/318 6111/10207/374
f 6084/5144/1049 6106/10152/1049 6107/10151/378 6085/5145/378
f 6153/10218/403 6152/9646/2176 6144/10192/254 6145/10191/403
f 3974/333/259 3973/7921/11 3924/7922/11 3925/9768/259
f 3944/5410/11 3981/7369/11 3993/7939/11 3959/7872/11
f 1169/2932/684 1170/1302/684 1165/5508/759 1164/7781/759
f 6074/10219/30 6095/10216/30 6096/10214/15 6075/10210/15
f 121/436/11 141/5709/11 142/5708/120 126/433/120
f 6406/9069/270 5195/9068/279 5178/8965/279 6398/8964/270
f 1224/6921/120 1225/6922/275 1215/8281/275 1214/8280/120
f 6186/1308/40 6185/10220/18 6157/10190/18 6158/1309/688
f 6163/9689/403 6162/9643/2603 6152/9646/2176 6153/10218/403
f 6236/846/318 6235/6931/81 6221/6937/81 6222/10172/318
f 3936/7543/11 3940/5412/11 3943/5411/11 3938/4372/11
f 6111/7925/374 6110/9785/374 6107/9784/378 6109/7926/378
f 3725/7609/11 3732/7648/11 3733/3580/11 3726/5330/11
f 4921/8293/813 4740/881/282 4237/8271/282 4285/8300/813
f 6042/7090/409 6045/9092/409 6048/9890/63 6043/7091/63
f 6238/7045/409 6244/1418/63 6205/286/63 6200/7046/409
f 6072/10221/30 6074/10219/30 6075/10210/15 6073/10111/15
f 6460/10222/270 6174/10223/30 6166/370/30 6270/373/270
f 4166/8032/2409 4167/4405/1508 4158/1112/40 4157/1111/599
f 6097/10217/30 6112/7916/30 6113/7919/15 6098/10211/15
f 1502/2398/63 1503/2837/63 787/4653/63 786/3375/63
f 6108/10213/1049 6106/10215/1049 6096/10214/15 6098/10211/15
f 139/8417/291 141/5709/11 121/436/11 119/3229/291
f 6178/8136/318 6177/9078/318 6169/6166/318 6170/6165/318
f 6067/10145/30 6072/10221/30 6073/10111/15 6068/10110/15
f 6125/10224/2605 6126/10225/2473 6123/7994/378 6122/7993/1049
f 6251/845/318 6253/3476/1578 6249/7962/2304 6248/6932/81
f 6095/10205/30 6074/10193/30 6456/10194/270 6459/10206/270
f 6104/10208/318 6103/9256/318 6101/9255/318 6102/10132/318
f 5332/6694/15 5348/3468/15 5349/3467/15 5333/7397/15
f 5505/9298/2466 5506/9300/2581 5496/9995/2357 5495/9994/2467
f 3203/3691/11 3206/3690/11 3201/3918/11 3200/7394/11
f 6281/570/270 6147/569/18 6157/10226/18 6461/10227/270
f 2757/6286/11 2760/6285/11 2754/6313/11 2738/6314/11
f 4042/9032/16 4043/9031/2388 4038/9380/21 4037/9379/16
f 4055/9328/2391 4054/9327/2540 4045/8220/277 4046/8219/73
f 6179/505/30 6180/504/267 6172/9305/2582 6171/9792/2606
f 6079/9981/1049 6082/5147/1049 6083/5146/378 6080/9982/378
f 6125/10204/2605 6122/10212/1049 6113/7919/15 6118/7918/15
f 5768/7768/63 5769/5155/63 5764/7752/63 5763/7769/63
f 6150/5863/63 6160/7678/63 6163/10228/403 6153/5864/403
f 3645/3618/259 3644/7705/11 3605/4572/11 3606/3619/259
f 4271/10229/341 4272/10230/279 4270/8291/279 4269/8290/341
f 383/347/63 382/346/63 293/420/63 294/977/63
f 6121/6168/318 6120/6167/318 6115/9922/318 6116/8007/318
f 1317/7867/40 1316/7866/40 1307/1066/40 1308/851/40
f 4059/328/257 4060/438/40 379/437/40 378/8802/257
f 266/356/257 289/4519/257 290/8199/40 267/78/40
f 3164/10231/2329 3161/9098/2330 3150/7150/2320 3151/7149/2233
f 6138/5866/63 6149/2403/63 6150/5863/63
f 144/4079/1714 140/9358/390 120/8374/303 132/7999/657
f 6153/5864/403 6145/10137/403 6139/5865/63
f 1497/2802/11 1511/2292/1152 1512/2295/189 1498/4651/1181
f 4033/2451/15 4032/4505/16 79/684/16 81/547/15
f 6243/10232/1856 6259/10233/1855 6234/41/15 6242/40/32
f 6101/9255/318 6099/7857/81 6092/7856/81 6093/9918/318
f 6461/10227/270 6157/10226/18 6185/381/18 6273/380/270
f 4008/5239/1099 4006/7430/1099 3994/7940/11 4000/7949/11
f 3961/7835/1099 3962/8004/952 3952/10087/952 3951/7836/1099
f 6151/5606/2067 6148/5605/2066 6137/8243/17 6143/10199/255
f 5899/9704/318 5898/7048/81 5880/7049/81 5883/9260/318
f 4369/8338/279 4370/543/280 4368/404/280 4367/555/279
f 6115/9922/318 6114/5886/81 6100/7693/81 6103/9256/318
f 2773/8852/301 2772/10181/1246 2373/6235/1246 2374/6118/301
f 6117/7917/30 6166/9509/30 6167/9511/15 6118/7918/15
f 6160/7678/63 6188/7677/63 6196/10234/2602 6163/10228/403
f 2809/3250/11 2808/6773/301 2790/6758/301 2791/6757/11
f 294/977/63 293/420/63 271/99/63 272/1384/63
f 6192/288/63 6193/287/63 6188/7677/63 6187/7676/63
f 4346/9691/1848 4345/8386/382 4337/8366/280 4339/8365/280
f 6184/7000/409 6187/7676/63 6159/2402/63 6156/2401/409
f 3388/5829/11 3387/7322/2065 2012/9516/2514 2014/8839/2543
f 6191/379/40 6190/378/18 6185/10220/18 6186/1308/40
f 4315/6431/2075 4317/10235/282 4302/8981/40 4301/6432/2225
f 6462/10236/270 6219/10237/30 6174/10223/30 6460/10222/270
f 3395/5602/11 3388/5829/11 2014/8839/2543 2016/5603/76
f 4923/602/270 4922/8318/814 4286/8311/814 4287/603/270
f 6077/9919/318 6076/8099/81 6069/7780/81 6070/10155/318
f 5513/9299/2567 5530/10238/2567 5531/6831/2283 5514/6830/2283
f 3194/4120/11 3193/4119/11 3188/6044/11 3189/6043/11
f 6285/1092/270 4383/1091/279 4369/8382/279 6390/8381/270
f 6223/10167/318 6222/10172/318 6177/9078/318 6178/8136/318
f 6078/9920/318 6077/9919/318 6070/10155/318 6071/10141/318
f 4930/5882/279 4928/5881/270 4923/602/270 4925/601/279
f 5561/9838/2568 5533/9203/2283 5531/6831/2283 5530/10238/2567
f 4296/5797/2120 4303/7660/109 4304/1125/15 4298/8389/2481
f 6174/9510/30 6219/1587/30 6220/1586/15 6175/7884/15
f 6204/9389/2586 6203/9388/2585 6201/377/18 6202/376/40
f 296/3050/63 295/978/63 273/367/63 274/366/268
f 2620/3967/1670 2644/6292/11 2645/3642/11 2621/3641/1624
f 2239/103/75 2215/7261/2180 611/1345/76 621/104/76
f 6222/10172/318 6221/6937/81 6176/6938/81 6177/9078/318
f 289/4519/257 378/8802/257 379/437/40 290/8199/40
f 1220/3979/40 1219/3978/41 1209/1110/41 1210/1109/40
f 6272/383/270 6190/382/18 6201/10239/18 6463/10240/270
f 106/17/14 246/357/257 247/77/40 104/42/33
f 6210/4301/270 6209/10241/18 6207/2589/18 6208/2588/1286
f 4273/7956/341 4274/7955/279 4272/10230/279 4271/10229/341
f 6202/376/40 6207/10180/18 6209/9972/18 6204/9389/2586
f 2168/7058/11 2167/5961/11 2149/6050/11 2150/4392/11
f 6257/6914/30 6258/6913/2292 6230/353/267 6229/352/30
f 124/1123/120 126/10055/120 127/10056/275 125/1124/275
f 1456/4373/1806 1455/9523/632 1436/10242/633 1428/4481/1841
f 4348/3235/40 4349/1653/101 4334/1652/101 4335/3236/40
f 6359/7280/270 6224/7279/30 6219/10237/30 6462/10236/270
f 1683/2603/1244 1704/2602/1291 1706/3410/1552 1693/8060/1528
f 4303/7660/109 5312/141/109 5313/1126/15 4304/1125/15
f 4040/10126/277 4039/4503/15 4033/2451/15 4035/2450/277
f 6253/3476/1578 6255/3475/1577 6256/10243/38 6254/10244/37
f 998/3529/1593 997/3537/1595 996/3460/1500 994/10245/1564
f 5554/10246/2011 5555/10247/1374 6299/10248/1373 6464/10249/2612 6334/10250/2012
f 5570/9801/1377 5556/3331/1530 6333/10251/2016 6465/10252/2613 6300/10253/1378
f 4340/8379/282 4333/8380/40 4302/8981/40 4317/10235/282
f 101/392/120 102/517/120 103/516/275 100/393/275
f 260/1032/571 348/775/429 349/778/432 262/1033/572
f 2952/7983/2386 2951/7984/2299 2928/7008/2298 2939/7010/2310
f 5775/9504/2003 5774/9129/2555 5771/9061/2551 5772/9060/2367
f 2212/7262/11 2209/9076/11 607/7330/76 609/2481/76
f 4295/5796/2119 4297/6433/2226 4301/6432/2225 4299/2906/1406
f 560/4138/895 559/4141/962 553/4592/349 547/4591/1024
f 6264/7980/2384 6262/9864/2573 6209/10241/18 6210/4301/270
f 1030/3472/1575 1023/3471/63 991/3508/63 997/3537/1595
f 352/1633/840 351/1636/83 345/1051/578 344/1050/577
f 6463/10240/270 6201/10239/18 6203/9904/2585 6437/9903/270
f 283/8057/2420 307/350/40 308/1155/40 284/616/352
f 6230/353/267 6258/6913/2292 6261/9397/2587
f 3925/9768/259 3924/7922/11 3918/8390/11 3919/7471/259
f 5744/5217/17 5754/5216/2021 5756/6279/814 5746/6278/17
f 4319/1128/15 4320/5133/165 4313/10254/164 4312/8388/2480
f 4069/1482/40 4120/630/40 4200/629/362 4084/1517/40
f 6199/8340/2477 6196/10234/2602 6188/7677/63 6193/287/63
f 338/10255/698 337/4382/697 334/4385/464 335/10256/463
f 4066/1516/779 4065/470/63 384/976/63 385/3049/63
f 471/3117/809 469/3120/811 461/1602/821 459/1601/655
f 3900/8638/260 3899/8150/259 3894/699/259 3895/698/260
f 6269/7978/2345 6268/9853/2546 6263/7979/1853
f 5572/10257/2517 5568/9618/2560 5550/9621/2364 5558/10258/2317
f 4446/2422/15 4445/2424/1219 4441/5414/16 4442/3025/15
f 6259/10233/1855 6257/590/30 6232/83/15 6234/41/15
s 0
f 6382/10259/15 6381/10259/15 6278/10259/15 6279/10259/15 6280/10259/15 6359/10259/15 6462/10259/15 6460/10259/15 6270/10259/15 6271/10259/15 6457/10259/15 6458/10259/15 6459/10259/15 6456/10259/15 6274/10259/15 6275/10259/15 6370/10259/15 6371/10259/15 6453/10259/15 6424/10259/15 6425/10259/15 6451/10259/15 6452/10259/15 6444/10259/15 6438/10259/15 6374/10259/15 6375/10259/15 6446/10259/15 6309/10259/15 6310/10259/15 6323/10259/15 6407/10259/15 4/10259/15 5/10259/15 6433/10259/15 6432/10259/15 6417/10259/15 6416/10259/15
f 5/10259/270 4/10259/270 9/10259/270 12/10259/270
f 6298/10259/318 12/10259/318 9/10259/318 6389/10259/318 6388/10259/318 6346/10259/318 6339/10259/318 6338/10259/318 6366/10259/318 6387/10259/318 6312/10259/318 6311/10259/318 6337/10259/318 6409/10259/318 6408/10259/318 6373/10259/318 6372/10259/318 6448/10259/318 6356/10259/318 6353/10259/318 6352/10259/318 6368/10259/318 6367/10259/318 6345/10259/318 6344/10259/318 6362/10259/318 6361/10259/318 6385/10259/318 6327/10259/318 6326/10259/318 6360/10259/318 6426/10259/318 6331/10259/318 6330/10259/318 6334/10259/318 6464/10259/318 6299/10259/318
f 6358/10259/63 6290/10259/63 6289/10259/63 6288/10259/63 6315/10259/63 6293/10259/63 6294/10259/63 6403/10259/63 6395/10259/63 6394/10259/63 6393/10259/63 6392/10259/63 6318/10259/63 6316/10259/63 6317/10259/63 6379/10259/63 6380/10259/63 6291/10259/63 6292/10259/63 6302/10259/63 6301/10259/63 6303/10259/63 6439/10259/63 6347/10259/63 6295/10259/63 6283/10259/63 6276/10259/63 6277/10259/63 6284/10259/63 6285/10259/63 6390/10259/63 6391/10259/63 6386/10259/63 6378/10259/63 6348/10259/63 6340/10259/63 6341/10259/63 6389/10259/63 9/10259/63 4/10259/63 6407/10259/63 6399/10259/63 6400/10259/63 6397/10259/63 6335/10259/63 6336/10259/63 6354/10259/63 6355/10259/63 6324/10259/63 6325/10259/63 6406/10259/63 6398/10259/63 6321/10259/63 6322/10259/63 6328/10259/63 6329/10259/63 6296/10259/63 6297/10259/63 6313/10259/63 6314/10259/63 6349/10259/63 6319/10259/63 6320/10259/63 6342/10259/63 6343/10259/63 6396/10259/63 6357/10259/63
f 6306/10259/40 6305/10259/40 6304/10259/40 6423/10259/40 6435/10259/40 6412/10259/40 6413/10259/40 6365/10259/40 6364/10259/40 6363/10259/40 6421/10259/40 6369/10259/40 6351/10259/40 6350/10259/40 6401/10259/40 6402/10259/40 6441/10259/40 6440/10259/40 6436/10259/40 6419/10259/40 6411/10259/40 6410/10259/40 6447/10259/40 6420/10259/40 6307/10259/40 6308/10259/40 6404/10259/40 6431/10259/40 6422/10259/40 6376/10259/40 6377/10259/40 6449/10259/40 6450/10259/40 6429/10259/40 6430/10259/40 6427/10259/40 6428/10259/40 6405/10259/40 6287/10259/40 6286/10259/40 6455/10259/40 6454/10259/40 6445/10259/40 6443/10259/40 6442/10259/40 6282/10259/40 6281/10259/40 6461/10259/40 6273/10259/40 6272/10259/40 6463/10259/40 6437/10259/40 6418/10259/40 6384/10259/40 6383/10259/40 6415/10259/40 6414/10259/40 6434/10259/40 6433/10259/40 5/10259/40 12/10259/40 6298/10259/40 6300/10259/40 6465/10259/40 6333/10259/40 6332/10259/40
