time,cmd_vx,cmd_vy,cmd_wz,pelvis_x,pelvis_y,pelvis_z,pelvis_vx,pelvis_vy,pelvis_wz,pelvis_roll_deg,pelvis_pitch_deg,pelvis_tilt_deg,max_torque_pct,left_contact,right_contact,fell
0.0,0.4,0.0,0.0,0.0008,0.0,0.6369,0.0471,0.0039,0.0281,0.03,-0.16,0.16,28.8,0,0,0
0.02,0.4,0.0,0.0,0.0018,-0.0001,0.631,0.0448,-0.0129,-0.0223,0.05,-0.35,0.36,30.5,0,0,0
0.04,0.4,0.0,0.0,0.0028,-0.0006,0.6211,0.0439,-0.0238,-0.0344,0.04,-0.55,0.55,41.8,0,0,0
0.06,0.4,0.0,0.0,0.0061,-0.0002,0.6156,0.2302,0.0271,-0.1318,0.35,-1.24,1.29,100.0,0,0,0
0.08,0.4,0.0,0.0,0.0102,0.0001,0.6167,0.1769,0.0074,0.009,0.57,-1.89,1.97,100.0,0,0,0
0.1,0.4,0.0,0.0,0.0133,-0.0,0.6186,0.1445,-0.0094,0.0158,0.68,-2.17,2.28,100.0,0,0,0
0.12,0.4,0.0,0.0,0.016,-0.0001,0.6201,0.1292,0.0007,0.0364,0.7,-2.3,2.41,100.0,0,0,0
0.14,0.4,0.0,0.0,0.0185,0.0001,0.6212,0.1252,0.0216,0.075,0.67,-2.39,2.49,100.0,0,0,0
0.16,0.4,0.0,0.0,0.021,0.0008,0.622,0.1219,0.0416,0.0676,0.6,-2.48,2.55,100.0,0,0,0
0.18,0.4,0.0,0.0,0.0234,0.0018,0.6224,0.118,0.0605,0.0299,0.54,-2.54,2.6,100.0,0,0,0
0.2,0.4,0.0,0.0,0.0257,0.0032,0.6226,0.1148,0.0744,0.0198,0.51,-2.61,2.66,100.0,0,0,0
0.22,0.4,0.0,0.0,0.0279,0.0048,0.6226,0.1101,0.0782,0.0128,0.5,-2.67,2.71,100.0,0,0,0
0.24,0.4,0.0,0.0,0.0301,0.0062,0.6226,0.1064,0.0709,-0.0191,0.53,-2.73,2.78,100.0,0,0,0
0.26,0.4,0.0,0.0,0.0324,0.0073,0.6227,0.1148,0.0451,-0.0398,0.57,-2.82,2.88,100.0,0,0,0
0.28,0.4,0.0,0.0,0.0348,0.0078,0.623,0.1232,0.012,-0.0346,0.6,-2.96,3.02,100.0,0,0,0
0.3,0.4,0.0,0.0,0.0373,0.0076,0.6232,0.1291,-0.024,-0.0491,0.63,-3.11,3.17,100.0,0,0,0
0.32,0.4,0.0,0.0,0.0399,0.0066,0.6233,0.1327,-0.0609,-0.0788,0.69,-3.24,3.31,100.0,0,0,0
0.34,0.4,0.0,0.0,0.0427,0.0049,0.6232,0.1393,-0.095,-0.1091,0.79,-3.36,3.45,100.0,0,0,0
0.36,0.4,0.0,0.0,0.0456,0.0026,0.6228,0.1486,-0.1276,-0.1355,0.93,-3.49,3.61,100.0,0,0,0
0.38,0.4,0.0,0.0,0.0487,-0.0003,0.6221,0.1566,-0.1553,-0.1626,1.15,-3.62,3.8,100.0,0,0,0
0.4,0.4,0.0,0.0,0.052,-0.0037,0.6212,0.1756,-0.1761,-0.1113,1.42,-3.76,4.02,100.0,0,0,0
0.42,0.4,0.0,0.0,0.0558,-0.0069,0.6212,0.1982,-0.1489,0.0421,1.63,-3.94,4.26,100.0,0,0,0
0.44,0.4,0.0,0.0,0.0596,-0.0095,0.6223,0.1988,-0.1121,-0.0349,1.81,-4.1,4.48,100.0,0,0,0
0.46,0.4,0.0,0.0,0.0634,-0.0113,0.6236,0.1947,-0.0714,-0.06,2.0,-4.17,4.62,100.0,0,0,0
0.48,0.4,0.0,0.0,0.0673,-0.0124,0.6247,0.2002,-0.0378,-0.0574,2.15,-4.2,4.72,100.0,0,0,0
0.5,0.4,0.0,0.0,0.0714,-0.0128,0.6255,0.213,-0.0051,-0.0535,2.26,-4.22,4.79,100.0,0,0,0
0.52,0.4,0.0,0.0,0.0758,-0.0126,0.6259,0.2277,0.0266,-0.0467,2.33,-4.24,4.84,100.0,0,0,0
0.54,0.4,0.0,0.0,0.0806,-0.0117,0.6261,0.2432,0.0595,-0.0325,2.37,-4.27,4.88,100.0,0,0,0
0.56,0.4,0.0,0.0,0.0857,-0.0101,0.6259,0.2573,0.0934,-0.0121,2.36,-4.31,4.91,100.0,0,0,0
0.58,0.4,0.0,0.0,0.0911,-0.0079,0.6254,0.2703,0.1269,0.0056,2.31,-4.34,4.91,100.0,0,0,0
0.6,0.4,0.0,0.0,0.0968,-0.005,0.6244,0.2784,0.1584,0.0222,2.21,-4.37,4.89,100.0,0,0,0
0.62,0.4,0.0,0.0,0.1026,-0.0015,0.6228,0.2797,0.1833,0.0549,2.02,-4.38,4.82,100.0,0,0,0
0.64,0.4,0.0,0.0,0.1083,0.0023,0.6206,0.2806,0.1915,0.0844,1.68,-4.37,4.68,100.0,0,0,0
0.66,0.4,0.0,0.0,0.1146,0.0058,0.6193,0.3225,0.1779,-0.0661,1.29,-4.48,4.66,100.0,0,0,0
0.68,0.4,0.0,0.0,0.121,0.0088,0.6196,0.3245,0.149,-0.0689,0.87,-4.62,4.71,100.0,1,0,0
0.7,0.4,0.0,0.0,0.1271,0.0113,0.6208,0.3027,0.1185,-0.0015,0.52,-4.7,4.73,100.0,0,0,0
0.72,0.4,0.0,0.0,0.1329,0.013,0.6219,0.2898,0.0812,0.016,0.23,-4.71,4.72,100.0,0,0,0
0.74,0.4,0.0,0.0,0.1386,0.0141,0.6229,0.2846,0.0494,0.0139,-0.02,-4.7,4.7,100.0,0,0,0
0.76,0.4,0.0,0.0,0.1442,0.0146,0.6236,0.2855,0.0202,0.0113,-0.23,-4.69,4.7,100.0,0,0,0
0.78,0.4,0.0,0.0,0.15,0.0145,0.6242,0.2893,-0.006,0.0088,-0.38,-4.7,4.71,100.0,0,0,0
0.8,0.4,0.0,0.0,0.1558,0.0139,0.6245,0.294,-0.0312,0.0093,-0.5,-4.7,4.73,100.0,0,0,0
0.82,0.4,0.0,0.0,0.1618,0.0128,0.6246,0.2993,-0.055,0.009,-0.56,-4.71,4.75,100.0,0,0,0
0.84,0.4,0.0,0.0,0.1679,0.0113,0.6244,0.3047,-0.0798,-0.0118,-0.58,-4.72,4.75,100.0,0,0,0
0.86,0.4,0.0,0.0,0.1741,0.0092,0.624,0.3099,-0.106,-0.0066,-0.55,-4.71,4.75,100.0,0,0,0
0.88,0.4,0.0,0.0,0.1804,0.0065,0.6232,0.3123,-0.1336,-0.0166,-0.47,-4.69,4.72,100.0,0,0,0
0.9,0.4,0.0,0.0,0.1866,0.0034,0.6219,0.3051,-0.1592,-0.0406,-0.31,-4.66,4.67,100.0,0,0,0
0.92,0.4,0.0,0.0,0.1926,-0.0002,0.6201,0.2907,-0.1773,-0.0967,-0.01,-4.6,4.6,100.0,0,0,0
0.94,0.4,0.0,0.0,0.1985,-0.004,0.6182,0.3109,-0.1847,0.031,0.45,-4.59,4.61,100.0,0,0,0
0.96,0.4,0.0,0.0,0.2049,-0.0077,0.6182,0.3378,-0.1788,0.1581,0.86,-4.72,4.8,100.0,0,0,0
0.98,0.4,0.0,0.0,0.2114,-0.0113,0.6195,0.3315,-0.1666,-0.0273,1.18,-4.86,5.0,100.0,0,0,0
1.0,0.4,0.0,0.0,0.2176,-0.0143,0.6214,0.3145,-0.1313,-0.1085,1.37,-4.9,5.08,100.0,0,0,0
1.02,0.4,0.0,0.0,0.2236,-0.0166,0.6232,0.3071,-0.0908,-0.1261,1.5,-4.87,5.1,100.0,0,0,0
1.04,0.4,0.0,0.0,0.2297,-0.018,0.6246,0.3077,-0.051,-0.1151,1.6,-4.84,5.1,100.0,0,0,0
1.06,0.4,0.0,0.0,0.2358,-0.0187,0.6256,0.3118,-0.0121,-0.0977,1.65,-4.82,5.09,100.0,0,0,0
1.08,0.4,0.0,0.0,0.2421,-0.0186,0.6262,0.3173,0.0265,-0.0748,1.67,-4.8,5.08,100.0,0,0,0
1.1,0.4,0.0,0.0,0.2486,-0.0178,0.6264,0.3243,0.0639,-0.0567,1.63,-4.81,5.07,100.0,0,0,0
1.12,0.4,0.0,0.0,0.2553,-0.0162,0.6262,0.3291,0.1,-0.0363,1.55,-4.82,5.06,100.0,0,0,0
1.14,0.4,0.0,0.0,0.262,-0.014,0.6254,0.3312,0.13,-0.0125,1.4,-4.82,5.02,100.0,0,0,0
1.16,0.4,0.0,0.0,0.2688,-0.0113,0.6239,0.3255,0.1469,0.0649,1.12,-4.81,4.94,100.0,0,0,0
1.18,0.4,0.0,0.0,0.2754,-0.0086,0.6212,0.3113,0.142,0.2385,0.61,-4.78,4.82,100.0,0,0,0
1.2,0.4,0.0,0.0,0.2826,-0.0062,0.619,0.3676,0.129,-0.201,0.12,-4.88,4.88,100.0,0,0,0
1.22,0.4,0.0,0.0,0.29,-0.0041,0.619,0.3656,0.1117,-0.1539,-0.14,-5.02,5.02,100.0,1,0,0
1.24,0.4,0.0,0.0,0.297,-0.0026,0.6203,0.343,0.075,0.0228,-0.26,-5.04,5.05,100.0,0,0,0
1.26,0.4,0.0,0.0,0.3035,-0.0018,0.6217,0.3245,0.0346,0.0522,-0.36,-4.98,4.99,100.0,0,0,0
1.28,0.4,0.0,0.0,0.3098,-0.0018,0.6227,0.3154,0.0001,0.0482,-0.43,-4.88,4.9,100.0,0,0,0
1.3,0.4,0.0,0.0,0.316,-0.0024,0.6233,0.3125,-0.0319,0.0373,-0.48,-4.79,4.81,100.0,0,0,0
1.32,0.4,0.0,0.0,0.3222,-0.0037,0.6235,0.3124,-0.0616,0.0281,-0.5,-4.71,4.73,100.0,0,0,0
1.34,0.4,0.0,0.0,0.3285,-0.0055,0.6235,0.3135,-0.09,0.0159,-0.47,-4.64,4.66,100.0,0,0,0
1.36,0.4,0.0,0.0,0.3348,-0.0079,0.6231,0.3158,-0.1184,0.0077,-0.4,-4.58,4.6,100.0,0,0,0
1.38,0.4,0.0,0.0,0.3411,-0.0108,0.6223,0.3159,-0.1489,0.0069,-0.28,-4.53,4.54,100.0,0,0,0
1.4,0.4,0.0,0.0,0.3473,-0.0144,0.6211,0.306,-0.1779,-0.0186,-0.09,-4.48,4.48,100.0,0,0,0
1.42,0.4,0.0,0.0,0.3533,-0.0184,0.6192,0.2895,-0.1956,-0.0836,0.25,-4.4,4.41,100.0,0,0,0
1.44,0.4,0.0,0.0,0.3592,-0.0225,0.6171,0.3143,-0.2,0.0333,0.75,-4.4,4.46,100.0,0,0,0
1.46,0.4,0.0,0.0,0.3657,-0.0265,0.617,0.3483,-0.1881,0.1238,1.14,-4.56,4.7,100.0,0,0,0
1.48,0.4,0.0,0.0,0.3723,-0.0302,0.6188,0.3337,-0.1595,-0.0557,1.34,-4.69,4.88,100.0,0,0,0
1.5,0.4,0.0,0.0,0.3786,-0.033,0.621,0.3187,-0.1157,-0.1243,1.47,-4.7,4.92,100.0,0,0,0
1.52,0.4,0.0,0.0,0.3847,-0.035,0.6228,0.313,-0.0753,-0.1341,1.56,-4.65,4.91,100.0,0,0,0
1.54,0.4,0.0,0.0,0.3908,-0.0362,0.624,0.3148,-0.0355,-0.1167,1.62,-4.6,4.88,100.0,0,0,0
1.56,0.4,0.0,0.0,0.3972,-0.0367,0.6248,0.3193,0.0033,-0.0971,1.64,-4.56,4.84,100.0,0,0,0
1.58,0.4,0.0,0.0,0.4037,-0.0363,0.6252,0.3253,0.0426,-0.0733,1.62,-4.53,4.81,100.0,0,0,0
1.6,0.4,0.0,0.0,0.4103,-0.0353,0.6251,0.3316,0.0795,-0.0574,1.55,-4.52,4.78,100.0,0,0,0
1.62,0.4,0.0,0.0,0.4172,-0.0335,0.6245,0.3343,0.112,-0.0413,1.43,-4.51,4.73,100.0,0,0,0
1.64,0.4,0.0,0.0,0.424,-0.0312,0.6232,0.3314,0.1361,-0.0029,1.21,-4.49,4.65,100.0,0,0,0
1.66,0.4,0.0,0.0,0.4307,-0.0286,0.621,0.3182,0.1411,0.1407,0.8,-4.45,4.52,100.0,0,0,0
1.68,0.4,0.0,0.0,0.4377,-0.0261,0.6184,0.3559,0.1332,-0.0645,0.29,-4.49,4.5,100.0,0,0,0
1.7,0.4,0.0,0.0,0.4451,-0.0241,0.6179,0.3714,0.1163,-0.1542,-0.05,-4.63,4.63,100.0,1,0,0
1.72,0.4,0.0,0.0,0.4522,-0.0225,0.6192,0.3453,0.0866,0.0195,-0.22,-4.69,4.69,100.0,0,0,0
1.74,0.4,0.0,0.0,0.4588,-0.0216,0.6207,0.3254,0.0454,0.0652,-0.33,-4.65,4.66,100.0,0,0,0
1.76,0.4,0.0,0.0,0.465,-0.0214,0.6219,0.3131,0.0108,0.06,-0.42,-4.57,4.59,100.0,0,0,0
1.78,0.4,0.0,0.0,0.4712,-0.0218,0.6226,0.3084,-0.0215,0.0496,-0.48,-4.49,4.51,100.0,0,0,0
1.8,0.4,0.0,0.0,0.4773,-0.0229,0.623,0.3071,-0.0516,0.0387,-0.5,-4.42,4.45,100.0,0,0,0
1.82,0.4,0.0,0.0,0.4834,-0.0246,0.623,0.3074,-0.0804,0.0289,-0.48,-4.37,4.39,100.0,0,0,0
1.84,0.4,0.0,0.0,0.4895,-0.0268,0.6227,0.3094,-0.1092,0.018,-0.41,-4.33,4.35,100.0,0,0,0
1.86,0.4,0.0,0.0,0.4957,-0.0297,0.6221,0.3107,-0.1401,0.014,-0.31,-4.3,4.31,100.0,0,0,0
1.88,0.4,0.0,0.0,0.5018,-0.0332,0.621,0.3026,-0.1707,-0.0054,-0.14,-4.27,4.27,100.0,0,0,0
1.9,0.4,0.0,0.0,0.5077,-0.0371,0.6193,0.2883,-0.192,-0.0595,0.16,-4.22,4.22,100.0,0,0,0
1.92,0.4,0.0,0.0,0.5134,-0.0412,0.6171,0.2924,-0.1964,-0.0624,0.66,-4.2,4.25,100.0,0,0,0
1.94,0.4,0.0,0.0,0.5197,-0.0453,0.6164,0.3416,-0.1891,0.1808,1.09,-4.36,4.49,100.0,0,0,0
1.96,0.4,0.0,0.0,0.5262,-0.049,0.6179,0.3316,-0.1669,-0.0228,1.31,-4.52,4.71,100.0,0,0,0
1.98,0.4,0.0,0.0,0.5323,-0.0521,0.6201,0.3155,-0.1221,-0.1137,1.43,-4.56,4.78,100.0,0,0,0
2.0,0.4,0.0,0.0,0.5383,-0.0542,0.6221,0.3069,-0.0814,-0.1336,1.52,-4.53,4.78,100.0,0,0,0
2.02,0.4,0.0,0.0,0.5443,-0.0556,0.6235,0.3078,-0.041,-0.118,1.57,-4.48,4.75,100.0,0,0,0
2.04,0.4,0.0,0.0,0.5505,-0.0562,0.6244,0.312,-0.0022,-0.098,1.59,-4.44,4.72,100.0,0,0,0
2.06,0.4,0.0,0.0,0.5568,-0.056,0.6249,0.318,0.0372,-0.0722,1.57,-4.42,4.69,100.0,0,0,0
2.08,0.4,0.0,0.0,0.5634,-0.0551,0.6249,0.3252,0.0749,-0.0568,1.5,-4.41,4.66,100.0,0,0,0
2.1,0.4,0.0,0.0,0.5701,-0.0534,0.6244,0.329,0.1076,-0.0416,1.38,-4.41,4.62,100.0,0,0,0
2.12,0.4,0.0,0.0,0.5769,-0.0512,0.6233,0.3278,0.1334,-0.0136,1.17,-4.4,4.55,100.0,0,0,0
2.14,0.4,0.0,0.0,0.5835,-0.0487,0.6212,0.3165,0.1424,0.1142,0.8,-4.37,4.44,100.0,0,0,0
2.16,0.4,0.0,0.0,0.5902,-0.0463,0.6183,0.3383,0.1329,-0.0134,0.26,-4.38,4.39,100.0,0,0,0
2.18,0.4,0.0,0.0,0.5976,-0.0442,0.6176,0.3699,0.121,-0.2069,-0.09,-4.54,4.54,100.0,1,0,0
2.2,0.4,0.0,0.0,0.6046,-0.0426,0.6189,0.3442,0.0895,-0.0082,-0.24,-4.64,4.65,100.0,0,0,0
2.22,0.4,0.0,0.0,0.6112,-0.0417,0.6205,0.3246,0.0486,0.0541,-0.36,-4.63,4.64,100.0,0,0,0
2.24,0.4,0.0,0.0,0.6174,-0.0415,0.6218,0.3117,0.0137,0.0561,-0.45,-4.57,4.59,100.0,0,0,0
2.26,0.4,0.0,0.0,0.6235,-0.0419,0.6226,0.3064,-0.0181,0.0473,-0.51,-4.49,4.52,100.0,0,0,0
2.28,0.4,0.0,0.0,0.6296,-0.043,0.6231,0.3046,-0.0484,0.0383,-0.53,-4.43,4.46,100.0,0,0,0
2.3,0.4,0.0,0.0,0.6356,-0.0447,0.6232,0.3046,-0.077,0.0303,-0.51,-4.38,4.41,100.0,0,0,0
2.32,0.4,0.0,0.0,0.6417,-0.0469,0.623,0.3063,-0.1057,0.0209,-0.45,-4.34,4.37,100.0,0,0,0
2.34,0.4,0.0,0.0,0.6478,-0.0497,0.6224,0.3078,-0.1361,0.0156,-0.35,-4.32,4.33,100.0,0,0,0
2.36,0.4,0.0,0.0,0.6538,-0.0532,0.6215,0.3033,-0.1668,0.0084,-0.19,-4.29,4.29,100.0,0,0,0
2.38,0.4,0.0,0.0,0.6597,-0.0571,0.6199,0.289,-0.1913,-0.0416,0.08,-4.24,4.25,100.0,0,0,0
2.4,0.4,0.0,0.0,0.6652,-0.0613,0.6176,0.2752,-0.1982,-0.1197,0.55,-4.21,4.24,100.0,0,0,0
2.42,0.4,0.0,0.0,0.6713,-0.0655,0.6165,0.336,-0.194,0.2193,1.0,-4.35,4.46,100.0,0,0,0
2.44,0.4,0.0,0.0,0.6778,-0.0693,0.6176,0.3347,-0.1678,0.117,1.26,-4.54,4.71,100.0,0,0,0
2.46,0.4,0.0,0.0,0.684,-0.0724,0.6197,0.3145,-0.1319,-0.0934,1.4,-4.6,4.81,100.0,0,0,0
2.48,0.4,0.0,0.0,0.6899,-0.0748,0.6218,0.3038,-0.0898,-0.1254,1.5,-4.57,4.81,100.0,0,0,0
2.5,0.4,0.0,0.0,0.6958,-0.0764,0.6233,0.3024,-0.0501,-0.1194,1.57,-4.51,4.77,100.0,0,0,0
2.52,0.4,0.0,0.0,0.7018,-0.0772,0.6243,0.3064,-0.0112,-0.0988,1.59,-4.46,4.73,100.0,0,0,0
2.54,0.4,0.0,0.0,0.708,-0.0772,0.6249,0.3123,0.0279,-0.0736,1.58,-4.42,4.7,100.0,0,0,0
2.56,0.4,0.0,0.0,0.7144,-0.0765,0.625,0.3199,0.0661,-0.0587,1.53,-4.41,4.67,100.0,0,0,0
2.58,0.4,0.0,0.0,0.721,-0.075,0.6246,0.3244,0.0995,-0.0451,1.42,-4.41,4.63,100.0,0,0,0
2.6,0.4,0.0,0.0,0.7278,-0.073,0.6236,0.3252,0.1276,-0.0244,1.23,-4.4,4.57,100.0,0,0,0
2.62,0.4,0.0,0.0,0.7344,-0.0705,0.6219,0.3177,0.1405,0.064,0.91,-4.38,4.47,100.0,0,0,0
2.64,0.4,0.0,0.0,0.741,-0.0681,0.619,0.3205,0.132,0.0763,0.37,-4.37,4.38,100.0,0,0,0
2.66,0.4,0.0,0.0,0.7482,-0.066,0.6175,0.3689,0.1245,-0.2188,-0.03,-4.52,4.52,100.0,0,0,0
2.68,0.4,0.0,0.0,0.7554,-0.0643,0.6185,0.3487,0.098,-0.0599,-0.22,-4.65,4.65,100.0,0,0,0
2.7,0.4,0.0,0.0,0.762,-0.0632,0.6201,0.3272,0.0565,0.0474,-0.33,-4.66,4.67,100.0,0,0,0
2.72,0.4,0.0,0.0,0.7683,-0.0629,0.6215,0.312,0.0207,0.0576,-0.43,-4.6,4.62,100.0,0,0,0
2.74,0.4,0.0,0.0,0.7743,-0.0633,0.6225,0.3053,-0.0115,0.0498,-0.49,-4.53,4.55,100.0,0,0,0
2.76,0.4,0.0,0.0,0.7803,-0.0642,0.623,0.303,-0.0423,0.0404,-0.52,-4.46,4.49,100.0,0,0,0
2.78,0.4,0.0,0.0,0.7863,-0.0658,0.6232,0.3027,-0.071,0.0334,-0.52,-4.4,4.43,100.0,0,0,0
2.8,0.4,0.0,0.0,0.7924,-0.0679,0.623,0.3043,-0.0997,0.0246,-0.46,-4.36,4.39,100.0,0,0,0
2.82,0.4,0.0,0.0,0.7984,-0.0707,0.6226,0.3057,-0.1295,0.0158,-0.37,-4.34,4.35,100.0,0,0,0
2.84,0.4,0.0,0.0,0.8044,-0.074,0.6217,0.3041,-0.1603,0.0152,-0.23,-4.31,4.32,100.0,0,0,0
2.86,0.4,0.0,0.0,0.8103,-0.0779,0.6203,0.2913,-0.1879,-0.0256,0.01,-4.28,4.28,100.0,0,0,0
2.88,0.4,0.0,0.0,0.8159,-0.0821,0.6182,0.2739,-0.1985,-0.0903,0.42,-4.24,4.26,100.0,0,0,0
2.9,0.4,0.0,0.0,0.8216,-0.0863,0.6164,0.3197,-0.1968,0.1575,0.92,-4.31,4.4,100.0,0,0,0
2.92,0.4,0.0,0.0,0.828,-0.0903,0.617,0.3382,-0.1779,0.1452,1.25,-4.51,4.68,100.0,0,0,0
2.94,0.4,0.0,0.0,0.8342,-0.0938,0.6191,0.3185,-0.1451,-0.0719,1.4,-4.62,4.82,100.0,0,0,0
2.96,0.4,0.0,0.0,0.8401,-0.0964,0.6213,0.3054,-0.102,-0.1261,1.49,-4.61,4.84,100.0,0,0,0
2.98,0.4,0.0,0.0,0.846,-0.0983,0.623,0.3019,-0.0619,-0.126,1.56,-4.56,4.82,100.0,0,0,0
3.0,0.4,0.0,0.0,0.852,-0.0994,0.6242,0.3052,-0.0227,-0.1068,1.59,-4.51,4.78,100.0,0,0,0
3.02,0.4,0.0,0.0,0.8581,-0.0996,0.6248,0.3108,0.0163,-0.0816,1.58,-4.48,4.75,100.0,0,0,0
3.04,0.4,0.0,0.0,0.8645,-0.0992,0.6251,0.3185,0.0549,-0.0644,1.54,-4.46,4.72,100.0,0,0,0
3.06,0.4,0.0,0.0,0.8711,-0.0979,0.6248,0.324,0.0903,-0.0481,1.44,-4.46,4.68,100.0,0,0,0
3.08,0.4,0.0,0.0,0.8778,-0.0961,0.624,0.3259,0.1198,-0.0335,1.28,-4.45,4.63,100.0,0,0,0
3.1,0.4,0.0,0.0,0.8845,-0.0938,0.6225,0.3213,0.1372,0.0332,1.0,-4.43,4.55,100.0,0,0,0
3.12,0.4,0.0,0.0,0.8911,-0.0915,0.6198,0.3069,0.1341,0.1977,0.5,-4.41,4.43,100.0,0,0,0
3.14,0.4,0.0,0.0,0.8982,-0.0894,0.6178,0.3672,0.1235,-0.2386,0.04,-4.53,4.53,100.0,0,0,0
3.16,0.4,0.0,0.0,0.9055,-0.0876,0.6184,0.3561,0.1051,-0.1127,-0.17,-4.66,4.67,100.0,0,0,0
3.18,0.4,0.0,0.0,0.9123,-0.0865,0.6199,0.3335,0.0634,0.0306,-0.29,-4.69,4.7,100.0,0,0,0
3.2,0.4,0.0,0.0,0.9187,-0.0861,0.6214,0.3161,0.0262,0.0537,-0.38,-4.63,4.65,100.0,0,0,0
3.22,0.4,0.0,0.0,0.9248,-0.0864,0.6224,0.3078,-0.007,0.0485,-0.45,-4.55,4.57,100.0,0,0,0
3.24,0.4,0.0,0.0,0.9308,-0.0873,0.623,0.3045,-0.0382,0.0397,-0.49,-4.47,4.5,100.0,0,0,0
3.26,0.4,0.0,0.0,0.9368,-0.0889,0.6232,0.3036,-0.0675,0.0328,-0.49,-4.41,4.43,100.0,0,0,0
3.28,0.4,0.0,0.0,0.9428,-0.091,0.6232,0.3041,-0.0961,0.0244,-0.45,-4.36,4.38,100.0,0,0,0
3.3,0.4,0.0,0.0,0.9489,-0.0937,0.6228,0.3059,-0.1252,0.0171,-0.36,-4.32,4.34,100.0,0,0,0
3.32,0.4,0.0,0.0,0.9549,-0.097,0.622,0.3055,-0.156,0.0164,-0.23,-4.3,4.3,100.0,0,0,0
3.34,0.4,0.0,0.0,0.9608,-0.1008,0.6208,0.2945,-0.1852,-0.012,-0.03,-4.26,4.26,100.0,0,0,0
3.36,0.4,0.0,0.0,0.9663,-0.1051,0.6188,0.2766,-0.2009,-0.073,0.34,-4.21,4.23,100.0,0,0,0
3.38,0.4,0.0,0.0,0.9718,-0.1094,0.6165,0.3035,-0.2001,0.0621,0.87,-4.23,4.32,100.0,0,0,0
3.4,0.4,0.0,0.0,0.9781,-0.1136,0.6167,0.3397,-0.1874,0.1712,1.22,-4.43,4.6,100.0,0,0,0
3.42,0.4,0.0,0.0,0.9844,-0.1173,0.6188,0.3206,-0.1535,-0.0444,1.38,-4.57,4.77,100.0,0,0,0
3.44,0.4,0.0,0.0,0.9903,-0.1202,0.621,0.3081,-0.1121,-0.1122,1.48,-4.59,4.82,100.0,0,0,0
3.46,0.4,0.0,0.0,0.9962,-0.1223,0.6227,0.3036,-0.072,-0.1201,1.54,-4.56,4.81,100.0,0,0,0
3.48,0.4,0.0,0.0,1.0021,-0.1236,0.624,0.3066,-0.0329,-0.1053,1.58,-4.52,4.78,100.0,0,0,0
3.5,0.4,0.0,0.0,1.0083,-0.1241,0.6247,0.312,0.0063,-0.0825,1.57,-4.48,4.75,100.0,0,0,0
3.52,0.4,0.0,0.0,1.0147,-0.1239,0.625,0.3192,0.0453,-0.0644,1.53,-4.47,4.72,100.0,0,0,0
3.54,0.4,0.0,0.0,1.0213,-0.1229,0.6248,0.3259,0.0828,-0.049,1.45,-4.46,4.69,100.0,0,0,0
3.56,0.4,0.0,0.0,1.0281,-0.1213,0.6241,0.3287,0.1133,-0.0377,1.3,-4.46,4.65,100.0,0,0,0
3.58,0.4,0.0,0.0,1.0349,-0.1191,0.6228,0.3256,0.1344,0.0104,1.05,-4.44,4.57,100.0,0,0,0
3.6,0.4,0.0,0.0,1.0415,-0.1168,0.6203,0.3109,0.1356,0.1705,0.6,-4.4,4.44,100.0,0,0,0
3.62,0.4,0.0,0.0,1.0486,-0.1147,0.6183,0.3611,0.1273,-0.1503,0.15,-4.48,4.48,100.0,0,0,0
3.64,0.4,0.0,0.0,1.056,-0.113,0.6182,0.3612,0.1084,-0.1058,-0.12,-4.6,4.6,100.0,0,0,0
3.66,0.4,0.0,0.0,1.0629,-0.1118,0.6196,0.3352,0.0711,0.0425,-0.27,-4.62,4.63,100.0,0,0,0
3.68,0.4,0.0,0.0,1.0693,-0.1113,0.621,0.3177,0.0318,0.0679,-0.38,-4.56,4.57,100.0,0,0,0
3.7,0.4,0.0,0.0,1.0754,-0.1116,0.622,0.3077,-0.0021,0.0585,-0.46,-4.47,4.5,100.0,0,0,0
3.72,0.4,0.0,0.0,1.0814,-0.1124,0.6226,0.3042,-0.0337,0.0481,-0.51,-4.39,4.42,100.0,0,0,0
3.74,0.4,0.0,0.0,1.0874,-0.1139,0.6229,0.3033,-0.0634,0.0374,-0.51,-4.33,4.36,100.0,0,0,0
3.76,0.4,0.0,0.0,1.0934,-0.116,0.6229,0.3037,-0.0921,0.0281,-0.47,-4.28,4.3,100.0,0,0,0
3.78,0.4,0.0,0.0,1.0994,-0.1186,0.6225,0.3057,-0.1211,0.0194,-0.39,-4.24,4.26,100.0,0,0,0
3.8,0.4,0.0,0.0,1.1054,-0.1219,0.6218,0.3058,-0.1523,0.0164,-0.27,-4.22,4.23,100.0,0,0,0
3.82,0.4,0.0,0.0,1.1113,-0.1257,0.6206,0.2953,-0.182,-0.0078,-0.07,-4.19,4.19,100.0,0,0,0
3.84,0.4,0.0,0.0,1.1169,-0.1299,0.6187,0.2788,-0.1995,-0.0681,0.27,-4.15,4.16,100.0,0,0,0
3.86,0.4,0.0,0.0,1.1224,-0.1343,0.6165,0.3038,-0.2006,0.0284,0.79,-4.17,4.25,100.0,0,0,0
3.88,0.4,0.0,0.0,1.1286,-0.1385,0.6164,0.3393,-0.188,0.1593,1.18,-4.37,4.52,100.0,0,0,0
3.9,0.4,0.0,0.0,1.1349,-0.1423,0.6183,0.3232,-0.1605,-0.0518,1.37,-4.52,4.72,100.0,0,0,0
3.92,0.4,0.0,0.0,1.1408,-0.1454,0.6206,0.3075,-0.1161,-0.1261,1.48,-4.54,4.77,100.0,0,0,0
3.94,0.4,0.0,0.0,1.1466,-0.1476,0.6224,0.3015,-0.0756,-0.1342,1.56,-4.5,4.77,100.0,0,0,0
3.96,0.4,0.0,0.0,1.1525,-0.149,0.6237,0.3036,-0.0358,-0.1146,1.6,-4.46,4.74,100.0,0,0,0
3.98,0.4,0.0,0.0,1.1586,-0.1497,0.6246,0.3086,0.0031,-0.0917,1.61,-4.43,4.71,100.0,0,0,0
4.0,0.4,0.0,0.0,1.1649,-0.1495,0.6249,0.3154,0.0422,-0.0685,1.58,-4.41,4.69,100.0,0,0,0
4.02,0.4,0.0,0.0,1.1714,-0.1487,0.6248,0.3224,0.0796,-0.053,1.51,-4.41,4.66,100.0,0,0,0
4.04,0.4,0.0,0.0,1.1781,-0.1471,0.6242,0.3257,0.1109,-0.0412,1.37,-4.42,4.62,100.0,0,0,0
4.06,0.4,0.0,0.0,1.1849,-0.1451,0.6229,0.3235,0.1339,-0.0005,1.14,-4.41,4.55,100.0,0,0,0
4.08,0.4,0.0,0.0,1.1915,-0.1428,0.6207,0.3104,0.1375,0.1458,0.72,-4.37,4.43,100.0,0,0,0
4.1,0.4,0.0,0.0,1.1984,-0.1406,0.6181,0.3507,0.1294,-0.1146,0.21,-4.42,4.43,100.0,0,0,0
4.12,0.4,0.0,0.0,1.2058,-0.1389,0.6177,0.3661,0.1121,-0.1868,-0.1,-4.58,4.58,100.0,0,0,0
4.14,0.4,0.0,0.0,1.2128,-0.1376,0.6191,0.3398,0.0816,0.0144,-0.25,-4.65,4.65,100.0,0,0,0
4.16,0.4,0.0,0.0,1.2193,-0.137,0.6207,0.32,0.0403,0.0633,-0.35,-4.61,4.63,100.0,0,0,0
4.18,0.4,0.0,0.0,1.2254,-0.1371,0.6219,0.3077,0.0059,0.0595,-0.43,-4.54,4.56,100.0,0,0,0
4.2,0.4,0.0,0.0,1.2314,-0.1379,0.6227,0.3029,-0.0263,0.0497,-0.48,-4.46,4.49,100.0,0,0,0
4.22,0.4,0.0,0.0,1.2374,-0.1393,0.6231,0.3014,-0.056,0.0392,-0.5,-4.4,4.43,100.0,0,0,0
4.24,0.4,0.0,0.0,1.2433,-0.1413,0.6231,0.3016,-0.0845,0.0309,-0.47,-4.35,4.37,100.0,0,0,0
4.26,0.4,0.0,0.0,1.2492,-0.1438,0.6229,0.3035,-0.1133,0.0208,-0.4,-4.32,4.33,100.0,0,0,0
4.28,0.4,0.0,0.0,1.2552,-0.1469,0.6223,0.3046,-0.1441,0.0162,-0.29,-4.3,4.31,100.0,0,0,0
4.3,0.4,0.0,0.0,1.2611,-0.1507,0.6213,0.2965,-0.1747,-0.0037,-0.12,-4.27,4.27,100.0,0,0,0
4.32,0.4,0.0,0.0,1.2667,-0.1549,0.6196,0.2822,-0.1958,-0.0562,0.18,-4.23,4.23,100.0,0,0,0
4.34,0.4,0.0,0.0,1.272,-0.1592,0.6173,0.2847,-0.1989,-0.0481,0.69,-4.21,4.27,100.0,0,0,0
4.36,0.4,0.0,0.0,1.2781,-0.1635,0.6166,0.3356,-0.1914,0.2059,1.11,-4.38,4.52,100.0,0,0,0
4.38,0.4,0.0,0.0,1.2843,-0.1676,0.618,0.3256,-0.1699,-0.0109,1.33,-4.55,4.74,100.0,0,0,0
4.4,0.4,0.0,0.0,1.2903,-0.1708,0.6202,0.3093,-0.1248,-0.1119,1.44,-4.6,4.82,100.0,0,0,0
4.42,0.4,0.0,0.0,1.296,-0.1733,0.6221,0.3005,-0.0838,-0.132,1.53,-4.57,4.82,100.0,0,0,0
4.44,0.4,0.0,0.0,1.3019,-0.1749,0.6235,0.3017,-0.0432,-0.1157,1.58,-4.52,4.79,100.0,0,0,0
4.46,0.4,0.0,0.0,1.3079,-0.1757,0.6244,0.3062,-0.0043,-0.0937,1.59,-4.49,4.76,100.0,0,0,0
4.48,0.4,0.0,0.0,1.3141,-0.1758,0.6249,0.3127,0.0351,-0.0683,1.56,-4.46,4.73,100.0,0,0,0
4.5,0.4,0.0,0.0,1.3206,-0.1751,0.6249,0.3203,0.0731,-0.0535,1.5,-4.45,4.7,100.0,0,0,0
4.52,0.4,0.0,0.0,1.3272,-0.1737,0.6244,0.3247,0.1059,-0.0396,1.37,-4.45,4.66,100.0,0,0,0
4.54,0.4,0.0,0.0,1.334,-0.1718,0.6233,0.3241,0.1314,-0.0134,1.17,-4.44,4.59,100.0,0,0,0
4.56,0.4,0.0,0.0,1.3407,-0.1695,0.6213,0.3138,0.1412,0.11,0.8,-4.41,4.48,100.0,0,0,0
4.58,0.4,0.0,0.0,1.3474,-0.1673,0.6184,0.3347,0.1322,-0.0257,0.26,-4.42,4.43,100.0,0,0,0
4.6,0.4,0.0,0.0,1.3548,-0.1655,0.6174,0.3704,0.1178,-0.2291,-0.09,-4.58,4.58,100.0,1,0,0
4.62,0.4,0.0,0.0,1.3619,-0.1641,0.6186,0.3462,0.0931,-0.0223,-0.25,-4.68,4.69,100.0,0,0,0
4.64,0.4,0.0,0.0,1.3686,-0.1634,0.6203,0.3253,0.0498,0.0617,-0.35,-4.67,4.69,100.0,0,0,0
4.66,0.4,0.0,0.0,1.3748,-0.1634,0.6217,0.3104,0.0142,0.0631,-0.44,-4.6,4.62,100.0,0,0,0
4.68,0.4,0.0,0.0,1.3808,-0.164,0.6226,0.3043,-0.0182,0.053,-0.49,-4.52,4.55,100.0,0,0,0
4.7,0.4,0.0,0.0,1.3868,-0.1653,0.6231,0.3022,-0.0486,0.043,-0.52,-4.46,4.49,100.0,0,0,0
4.72,0.4,0.0,0.0,1.3927,-0.1671,0.6233,0.3021,-0.0771,0.0351,-0.5,-4.4,4.43,100.0,0,0,0
4.74,0.4,0.0,0.0,1.3986,-0.1696,0.6231,0.3039,-0.1057,0.0254,-0.45,-4.37,4.39,100.0,0,0,0
4.76,0.4,0.0,0.0,1.4046,-0.1726,0.6226,0.3053,-0.1358,0.0181,-0.35,-4.34,4.36,100.0,0,0,0
4.78,0.4,0.0,0.0,1.4105,-0.1762,0.6217,0.3015,-0.1664,0.0129,-0.19,-4.32,4.32,100.0,0,0,0
4.8,0.4,0.0,0.0,1.4161,-0.1804,0.6202,0.2875,-0.1916,-0.0333,0.07,-4.28,4.28,100.0,0,0,0
4.82,0.4,0.0,0.0,1.4215,-0.1847,0.618,0.273,-0.1986,-0.1056,0.53,-4.25,4.28,100.0,0,0,0
4.84,0.4,0.0,0.0,1.4274,-0.1891,0.6168,0.3308,-0.1954,0.1959,0.98,-4.38,4.49,100.0,0,0,0
4.86,0.4,0.0,0.0,1.4337,-0.1932,0.6177,0.3303,-0.1736,0.0625,1.26,-4.57,4.74,100.0,0,0,0
4.88,0.4,0.0,0.0,1.4396,-0.1967,0.6198,0.3118,-0.1354,-0.0976,1.41,-4.63,4.84,100.0,0,0,0
4.9,0.4,0.0,0.0,1.4454,-0.1994,0.6217,0.301,-0.0931,-0.1285,1.51,-4.61,4.85,100.0,0,0,0
4.92,0.4,0.0,0.0,1.4512,-0.2012,0.6232,0.2999,-0.0529,-0.1196,1.57,-4.56,4.82,100.0,0,0,0
4.94,0.4,0.0,0.0,1.4571,-0.2023,0.6243,0.3039,-0.0138,-0.0986,1.6,-4.51,4.79,100.0,0,0,0
4.96,0.4,0.0,0.0,1.4633,-0.2025,0.6248,0.3099,0.0255,-0.0728,1.59,-4.48,4.76,100.0,0,0,0
4.98,0.4,0.0,0.0,1.4697,-0.2021,0.6249,0.3177,0.0638,-0.0578,1.53,-4.47,4.73,100.0,0,0,0
5.0,0.4,0.0,0.0,1.4763,-0.2009,0.6245,0.323,0.0983,-0.0421,1.43,-4.47,4.69,100.0,0,0,0
5.02,0.4,0.0,0.0,1.483,-0.1991,0.6236,0.3241,0.1262,-0.0253,1.24,-4.46,4.63,100.0,0,0,0
5.04,0.4,0.0,0.0,1.4898,-0.1969,0.6219,0.3175,0.1402,0.0566,0.93,-4.44,4.53,100.0,0,0,0
5.06,0.4,0.0,0.0,1.4964,-0.1947,0.6191,0.3198,0.1328,0.076,0.4,-4.42,4.44,100.0,0,0,0
5.08,0.4,0.0,0.0,1.5037,-0.1929,0.6175,0.3681,0.1218,-0.223,-0.01,-4.56,4.56,100.0,0,0,0
5.1,0.4,0.0,0.0,1.511,-0.1913,0.6182,0.3515,0.1042,-0.0736,-0.2,-4.68,4.69,100.0,0,0,0
5.12,0.4,0.0,0.0,1.5177,-0.1904,0.6199,0.3298,0.0603,0.0553,-0.31,-4.69,4.7,100.0,0,0,0
5.14,0.4,0.0,0.0,1.524,-0.1903,0.6213,0.3123,0.023,0.0655,-0.4,-4.62,4.64,100.0,0,0,0
5.16,0.4,0.0,0.0,1.53,-0.1908,0.6224,0.3047,-0.0101,0.0558,-0.47,-4.54,4.56,100.0,0,0,0
5.18,0.4,0.0,0.0,1.536,-0.192,0.6229,0.302,-0.0411,0.0455,-0.5,-4.46,4.49,100.0,0,0,0
5.2,0.4,0.0,0.0,1.5419,-0.1937,0.6232,0.3017,-0.0702,0.0367,-0.5,-4.4,4.43,100.0,0,0,0
5.22,0.4,0.0,0.0,1.5478,-0.196,0.6231,0.3033,-0.0988,0.0295,-0.45,-4.36,4.39,100.0,0,0,0
5.24,0.4,0.0,0.0,1.5538,-0.199,0.6227,0.3046,-0.1284,0.0184,-0.36,-4.34,4.35,100.0,0,0,0
5.26,0.4,0.0,0.0,1.5597,-0.2025,0.6218,0.3036,-0.1592,0.0179,-0.22,-4.31,4.32,100.0,0,0,0
5.28,0.4,0.0,0.0,1.5654,-0.2065,0.6205,0.291,-0.1873,-0.0191,-0.0,-4.28,4.28,100.0,0,0,0
5.3,0.4,0.0,0.0,1.5708,-0.2109,0.6184,0.2732,-0.1987,-0.0808,0.4,-4.24,4.26,100.0,0,0,0
5.32,0.4,0.0,0.0,1.5763,-0.2154,0.6166,0.3165,-0.1979,0.133,0.9,-4.31,4.4,100.0,0,0,0
5.34,0.4,0.0,0.0,1.5825,-0.2196,0.6171,0.3348,-0.1808,0.1223,1.24,-4.51,4.67,100.0,0,0,0
5.36,0.4,0.0,0.0,1.5885,-0.2234,0.6191,0.3159,-0.1485,-0.0764,1.4,-4.62,4.83,100.0,0,0,0
5.38,0.4,0.0,0.0,1.5943,-0.2263,0.6212,0.3023,-0.105,-0.128,1.5,-4.62,4.85,100.0,0,0,0
5.4,0.4,0.0,0.0,1.6,-0.2284,0.6229,0.2988,-0.0645,-0.1261,1.56,-4.57,4.83,100.0,0,0,0
5.42,0.4,0.0,0.0,1.6059,-0.2297,0.624,0.3022,-0.0251,-0.1059,1.6,-4.53,4.8,100.0,0,0,0
5.44,0.4,0.0,0.0,1.612,-0.2303,0.6247,0.3079,0.0142,-0.0799,1.59,-4.5,4.77,100.0,0,0,0
5.46,0.4,0.0,0.0,1.6183,-0.2301,0.625,0.3157,0.0528,-0.0626,1.55,-4.49,4.74,100.0,0,0,0
5.48,0.4,0.0,0.0,1.6249,-0.2291,0.6247,0.3217,0.0892,-0.0442,1.46,-4.48,4.71,100.0,0,0,0
5.5,0.4,0.0,0.0,1.6316,-0.2275,0.624,0.3241,0.1188,-0.0322,1.3,-4.48,4.67,100.0,0,0,0
5.52,0.4,0.0,0.0,1.6384,-0.2255,0.6225,0.3201,0.1373,0.0276,1.03,-4.47,4.58,100.0,0,0,0
5.54,0.4,0.0,0.0,1.645,-0.2233,0.6199,0.3058,0.136,0.1943,0.54,-4.43,4.46,100.0,0,0,0
5.56,0.4,0.0,0.0,1.6522,-0.2214,0.6179,0.363,0.126,-0.2139,0.09,-4.53,4.53,100.0,0,0,0
5.58,0.4,0.0,0.0,1.6596,-0.2199,0.6181,0.3602,0.1058,-0.1395,-0.15,-4.67,4.67,100.0,0,0,0
5.6,0.4,0.0,0.0,1.6665,-0.219,0.6196,0.3343,0.0688,0.0349,-0.27,-4.7,4.7,100.0,0,0,0
5.62,0.4,0.0,0.0,1.6728,-0.2188,0.6211,0.3158,0.0288,0.063,-0.37,-4.63,4.65,100.0,0,0,0
5.64,0.4,0.0,0.0,1.6789,-0.2192,0.6222,0.3057,-0.0048,0.0555,-0.44,-4.54,4.56,100.0,0,0,0
5.66,0.4,0.0,0.0,1.6848,-0.2203,0.6229,0.3021,-0.0364,0.0456,-0.48,-4.45,4.48,100.0,0,0,0
5.68,0.4,0.0,0.0,1.6907,-0.222,0.6232,0.3011,-0.0659,0.0362,-0.49,-4.39,4.41,100.0,0,0,0
5.7,0.4,0.0,0.0,1.6966,-0.2243,0.6231,0.3016,-0.0944,0.0277,-0.45,-4.33,4.36,100.0,0,0,0
5.72,0.4,0.0,0.0,1.7025,-0.2272,0.6228,0.3037,-0.1233,0.0201,-0.37,-4.3,4.32,100.0,0,0,0
5.74,0.4,0.0,0.0,1.7084,-0.2306,0.6221,0.3036,-0.1542,0.0167,-0.25,-4.28,4.29,100.0,0,0,0
5.76,0.4,0.0,0.0,1.7141,-0.2347,0.6209,0.2935,-0.1837,-0.0075,-0.05,-4.25,4.25,100.0,0,0,0
5.78,0.4,0.0,0.0,1.7195,-0.2391,0.619,0.2764,-0.2007,-0.068,0.3,-4.21,4.22,100.0,0,0,0
5.8,0.4,0.0,0.0,1.7248,-0.2436,0.6168,0.3007,-0.2008,0.0365,0.82,-4.23,4.31,100.0,0,0,0
5.82,0.4,0.0,0.0,1.7309,-0.248,0.6166,0.3373,-0.1879,0.1748,1.21,-4.43,4.59,100.0,0,0,0
5.84,0.4,0.0,0.0,1.737,-0.252,0.6185,0.3212,-0.161,-0.0455,1.4,-4.58,4.79,100.0,0,0,0
5.86,0.4,0.0,0.0,1.7428,-0.2552,0.6207,0.3051,-0.1165,-0.1244,1.5,-4.6,4.84,100.0,0,0,0
5.88,0.4,0.0,0.0,1.7485,-0.2576,0.6225,0.299,-0.0757,-0.1323,1.57,-4.57,4.83,100.0,0,0,0
5.9,0.4,0.0,0.0,1.7543,-0.2592,0.6238,0.3014,-0.0357,-0.1126,1.62,-4.52,4.8,100.0,0,0,0
5.92,0.4,0.0,0.0,1.7603,-0.26,0.6246,0.3066,0.0033,-0.0881,1.62,-4.49,4.77,100.0,0,0,0
5.94,0.4,0.0,0.0,1.7666,-0.26,0.625,0.3136,0.0423,-0.065,1.59,-4.47,4.74,100.0,0,0,0
5.96,0.4,0.0,0.0,1.7731,-0.2593,0.6248,0.3209,0.0798,-0.0491,1.52,-4.47,4.72,100.0,0,0,0
5.98,0.4,0.0,0.0,1.7798,-0.258,0.6242,0.3244,0.111,-0.0373,1.38,-4.46,4.67,100.0,0,0,0
6.0,0.4,0.0,0.0,1.7866,-0.2561,0.6229,0.3226,0.1341,0.0019,1.14,-4.45,4.6,100.0,0,0,0
6.02,0.4,0.0,0.0,1.7933,-0.254,0.6207,0.3099,0.1383,0.1478,0.73,-4.41,4.47,100.0,0,0,0
6.04,0.4,0.0,0.0,1.8002,-0.2521,0.6181,0.35,0.1304,-0.1173,0.22,-4.45,4.46,100.0,0,0,0
6.06,0.4,0.0,0.0,1.8077,-0.2505,0.6178,0.3659,0.1121,-0.1855,-0.08,-4.6,4.6,100.0,0,0,0
6.08,0.4,0.0,0.0,1.8147,-0.2494,0.6191,0.34,0.0807,0.0121,-0.23,-4.67,4.67,100.0,0,0,0
6.1,0.4,0.0,0.0,1.8212,-0.249,0.6207,0.3206,0.0395,0.0609,-0.33,-4.63,4.64,100.0,0,0,0
6.12,0.4,0.0,0.0,1.8273,-0.2494,0.6219,0.3083,0.0053,0.0577,-0.41,-4.56,4.57,100.0,0,0,0
6.14,0.4,0.0,0.0,1.8333,-0.2503,0.6227,0.3035,-0.027,0.0485,-0.46,-4.48,4.5,100.0,0,0,0
6.16,0.4,0.0,0.0,1.8392,-0.2519,0.6231,0.3019,-0.0567,0.0387,-0.47,-4.41,4.44,100.0,0,0,0
6.18,0.4,0.0,0.0,1.8451,-0.254,0.6232,0.302,-0.0852,0.0323,-0.45,-4.36,4.39,100.0,0,0,0
6.2,0.4,0.0,0.0,1.851,-0.2567,0.623,0.3038,-0.1139,0.0232,-0.38,-4.33,4.35,100.0,0,0,0
6.22,0.4,0.0,0.0,1.8569,-0.26,0.6224,0.3047,-0.1446,0.0171,-0.27,-4.31,4.32,100.0,0,0,0
6.24,0.4,0.0,0.0,1.8626,-0.264,0.6213,0.2972,-0.175,0.0004,-0.1,-4.28,4.28,100.0,0,0,0
6.26,0.4,0.0,0.0,1.8681,-0.2683,0.6197,0.2829,-0.1966,-0.0518,0.2,-4.24,4.25,100.0,0,0,0
6.28,0.4,0.0,0.0,1.8733,-0.2728,0.6174,0.2849,-0.1997,-0.0506,0.7,-4.23,4.28,100.0,0,0,0
6.3,0.4,0.0,0.0,1.8793,-0.2774,0.6166,0.3348,-0.1925,0.1969,1.13,-4.4,4.54,100.0,0,0,0
6.32,0.4,0.0,0.0,1.8854,-0.2816,0.6181,0.3252,-0.172,-0.0148,1.35,-4.57,4.77,100.0,0,0,0
6.34,0.4,0.0,0.0,1.8912,-0.2851,0.6202,0.3084,-0.1266,-0.114,1.47,-4.62,4.85,100.0,0,0,0
6.36,0.4,0.0,0.0,1.8969,-0.2877,0.6221,0.2994,-0.0853,-0.1334,1.55,-4.59,4.84,100.0,0,0,0
6.38,0.4,0.0,0.0,1.9026,-0.2895,0.6235,0.3005,-0.0445,-0.1161,1.6,-4.55,4.82,100.0,0,0,0
6.4,0.4,0.0,0.0,1.9086,-0.2905,0.6244,0.3051,-0.0055,-0.0933,1.61,-4.51,4.79,100.0,0,0,0
6.42,0.4,0.0,0.0,1.9148,-0.2908,0.6249,0.3117,0.0339,-0.0675,1.59,-4.48,4.76,100.0,0,0,0
6.44,0.4,0.0,0.0,1.9213,-0.2903,0.6249,0.3194,0.072,-0.0523,1.52,-4.48,4.73,100.0,0,0,0
6.46,0.4,0.0,0.0,1.928,-0.2891,0.6244,0.3239,0.105,-0.0381,1.4,-4.47,4.69,100.0,0,0,0
6.48,0.4,0.0,0.0,1.9348,-0.2874,0.6233,0.3238,0.131,-0.0132,1.2,-4.46,4.62,100.0,0,0,0
6.5,0.4,0.0,0.0,1.9415,-0.2853,0.6213,0.3148,0.1406,0.0968,0.83,-4.43,4.51,100.0,0,0,0
6.52,0.4,0.0,0.0,1.9483,-0.2833,0.6185,0.3329,0.1331,-0.0241,0.31,-4.43,4.44,100.0,0,0,0
6.54,0.4,0.0,0.0,1.9557,-0.2817,0.6175,0.3692,0.1191,-0.21,-0.04,-4.57,4.57,100.0,1,0,0
6.56,0.4,0.0,0.0,1.9629,-0.2805,0.6186,0.3457,0.0932,-0.0209,-0.21,-4.67,4.67,100.0,0,0,0
6.58,0.4,0.0,0.0,1.9695,-0.2799,0.6203,0.3255,0.0501,0.061,-0.31,-4.66,4.67,100.0,0,0,0
6.6,0.4,0.0,0.0,1.9757,-0.2801,0.6216,0.3106,0.0143,0.062,-0.4,-4.59,4.6,100.0,0,0,0
6.62,0.4,0.0,0.0,1.9817,-0.2809,0.6225,0.3045,-0.0181,0.0521,-0.46,-4.51,4.53,100.0,0,0,0
6.64,0.4,0.0,0.0,1.9877,-0.2824,0.623,0.3024,-0.0486,0.0425,-0.48,-4.44,4.47,100.0,0,0,0
6.66,0.4,0.0,0.0,1.9935,-0.2844,0.6232,0.3023,-0.0773,0.0351,-0.47,-4.39,4.41,100.0,0,0,0
6.68,0.4,0.0,0.0,1.9994,-0.287,0.623,0.3039,-0.1059,0.0274,-0.41,-4.35,4.37,100.0,0,0,0
6.7,0.4,0.0,0.0,2.0053,-0.2902,0.6226,0.3053,-0.136,0.0193,-0.31,-4.33,4.34,100.0,0,0,0
6.72,0.4,0.0,0.0,2.0111,-0.294,0.6217,0.3021,-0.1665,0.0162,-0.16,-4.31,4.31,100.0,0,0,0
6.74,0.4,0.0,0.0,2.0166,-0.2983,0.6202,0.288,-0.1922,-0.0295,0.09,-4.27,4.27,100.0,0,0,0
6.76,0.4,0.0,0.0,2.0219,-0.3028,0.618,0.2732,-0.199,-0.1006,0.55,-4.24,4.28,100.0,0,0,0
6.78,0.4,0.0,0.0,2.0276,-0.3074,0.6168,0.3302,-0.1963,0.1863,1.0,-4.38,4.49,100.0,0,0,0
6.8,0.4,0.0,0.0,2.0337,-0.3117,0.6177,0.33,-0.1753,0.0586,1.29,-4.56,4.74,100.0,0,0,0
6.82,0.4,0.0,0.0,2.0396,-0.3154,0.6197,0.3111,-0.1371,-0.1003,1.44,-4.64,4.86,100.0,0,0,0
6.84,0.4,0.0,0.0,2.0453,-0.3182,0.6217,0.2998,-0.0946,-0.1306,1.54,-4.61,4.86,100.0,0,0,0
6.86,0.4,0.0,0.0,2.051,-0.3203,0.6232,0.2986,-0.0542,-0.1206,1.6,-4.56,4.84,100.0,0,0,0
6.88,0.4,0.0,0.0,2.0568,-0.3215,0.6242,0.3025,-0.015,-0.0989,1.63,-4.52,4.81,100.0,0,0,0
6.9,0.4,0.0,0.0,2.063,-0.322,0.6248,0.3086,0.0243,-0.0726,1.62,-4.49,4.77,100.0,0,0,0
6.92,0.4,0.0,0.0,2.0693,-0.3217,0.6249,0.3165,0.0626,-0.0572,1.57,-4.48,4.74,100.0,0,0,0
6.94,0.4,0.0,0.0,2.076,-0.3207,0.6245,0.3219,0.0972,-0.0409,1.46,-4.48,4.71,100.0,0,0,0
6.96,0.4,0.0,0.0,2.0827,-0.3192,0.6236,0.3233,0.1255,-0.0251,1.28,-4.47,4.65,100.0,0,0,0
6.98,0.4,0.0,0.0,2.0895,-0.3172,0.6219,0.3172,0.1403,0.0525,0.97,-4.44,4.55,100.0,0,0,0
7.0,0.4,0.0,0.0,2.0962,-0.3151,0.6191,0.3185,0.1338,0.0854,0.46,-4.42,4.44,100.0,0,0,0
7.02,0.4,0.0,0.0,2.1035,-0.3135,0.6175,0.3661,0.1232,-0.2049,0.04,-4.54,4.54,100.0,0,0,0
7.04,0.4,0.0,0.0,2.1108,-0.3121,0.6182,0.3507,0.1037,-0.0699,-0.16,-4.66,4.66,100.0,0,0,0
7.06,0.4,0.0,0.0,2.1176,-0.3114,0.6198,0.3294,0.0606,0.0542,-0.27,-4.66,4.67,100.0,0,0,0
7.08,0.4,0.0,0.0,2.1239,-0.3115,0.6213,0.3122,0.0231,0.0643,-0.36,-4.59,4.61,100.0,0,0,0
7.1,0.4,0.0,0.0,2.1299,-0.3122,0.6223,0.3045,-0.0101,0.0547,-0.43,-4.51,4.53,100.0,0,0,0
7.12,0.4,0.0,0.0,2.1358,-0.3135,0.6228,0.3017,-0.0412,0.0447,-0.46,-4.44,4.46,100.0,0,0,0
7.14,0.4,0.0,0.0,2.1416,-0.3154,0.6231,0.3014,-0.0704,0.0363,-0.46,-4.38,4.4,100.0,0,0,0
7.16,0.4,0.0,0.0,2.1475,-0.3179,0.623,0.3029,-0.099,0.0306,-0.41,-4.34,4.36,100.0,0,0,0
7.18,0.4,0.0,0.0,2.1533,-0.321,0.6226,0.3043,-0.1286,0.0197,-0.32,-4.31,4.32,100.0,0,0,0
7.2,0.4,0.0,0.0,2.1591,-0.3246,0.6218,0.3033,-0.1595,0.0187,-0.19,-4.29,4.3,100.0,0,0,0
7.22,0.4,0.0,0.0,2.1647,-0.3289,0.6205,0.2909,-0.1878,-0.0156,0.03,-4.26,4.26,100.0,0,0,0
7.24,0.4,0.0,0.0,2.17,-0.3334,0.6184,0.2734,-0.1995,-0.0775,0.42,-4.23,4.25,100.0,0,0,0
7.26,0.4,0.0,0.0,2.1754,-0.338,0.6166,0.316,-0.1986,0.1267,0.92,-4.3,4.4,100.0,0,0,0
7.28,0.4,0.0,0.0,2.1814,-0.3425,0.617,0.3343,-0.1823,0.1187,1.27,-4.5,4.67,100.0,0,0,0
7.3,0.4,0.0,0.0,2.1874,-0.3464,0.619,0.3151,-0.1501,-0.0788,1.43,-4.61,4.83,100.0,0,0,0
7.32,0.4,0.0,0.0,2.193,-0.3496,0.6212,0.3008,-0.1065,-0.1303,1.53,-4.62,4.86,100.0,0,0,0
7.34,0.4,0.0,0.0,2.1987,-0.3518,0.6228,0.2972,-0.0657,-0.1275,1.59,-4.57,4.84,100.0,0,0,0
7.36,0.4,0.0,0.0,2.2044,-0.3533,0.624,0.3005,-0.0262,-0.1065,1.63,-4.53,4.81,100.0,0,0,0
7.38,0.4,0.0,0.0,2.2105,-0.3541,0.6247,0.3063,0.013,-0.0799,1.63,-4.5,4.79,100.0,0,0,0
7.4,0.4,0.0,0.0,2.2168,-0.3541,0.6249,0.3142,0.0517,-0.0621,1.58,-4.49,4.76,100.0,0,0,0
7.42,0.4,0.0,0.0,2.2233,-0.3533,0.6247,0.3203,0.0882,-0.0433,1.49,-4.49,4.73,100.0,0,0,0
7.44,0.4,0.0,0.0,2.2301,-0.3519,0.624,0.323,0.118,-0.0315,1.34,-4.49,4.68,100.0,0,0,0
7.46,0.4,0.0,0.0,2.2369,-0.3501,0.6225,0.3194,0.1373,0.0241,1.07,-4.47,4.59,100.0,0,0,0
7.48,0.4,0.0,0.0,2.2435,-0.3481,0.6199,0.305,0.1369,0.1915,0.59,-4.43,4.47,100.0,0,0,0
7.5,0.4,0.0,0.0,2.2507,-0.3464,0.6179,0.36,0.1273,-0.1983,0.15,-4.52,4.52,100.0,0,0,0
7.52,0.4,0.0,0.0,2.2581,-0.3451,0.6181,0.3588,0.1062,-0.1303,-0.1,-4.65,4.65,100.0,0,0,0
7.54,0.4,0.0,0.0,2.265,-0.3443,0.6195,0.3333,0.0693,0.0337,-0.23,-4.67,4.67,100.0,0,0,0
7.56,0.4,0.0,0.0,2.2714,-0.3443,0.621,0.3153,0.0292,0.0614,-0.33,-4.6,4.61,100.0,0,0,0
7.58,0.4,0.0,0.0,2.2774,-0.3449,0.6221,0.3052,-0.0046,0.054,-0.4,-4.51,4.53,100.0,0,0,0
7.6,0.4,0.0,0.0,2.2833,-0.3461,0.6227,0.3016,-0.0364,0.0442,-0.44,-4.43,4.45,100.0,0,0,0
7.62,0.4,0.0,0.0,2.2892,-0.348,0.623,0.3006,-0.066,0.0353,-0.44,-4.36,4.38,100.0,0,0,0
7.64,0.4,0.0,0.0,2.295,-0.3505,0.623,0.3011,-0.0945,0.0281,-0.41,-4.31,4.33,100.0,0,0,0
7.66,0.4,0.0,0.0,2.3007,-0.3535,0.6227,0.3031,-0.1234,0.0208,-0.33,-4.28,4.29,100.0,0,0,0
7.68,0.4,0.0,0.0,2.3065,-0.3571,0.622,0.3033,-0.1545,0.0166,-0.2,-4.26,4.26,100.0,0,0,0
7.7,0.4,0.0,0.0,2.3121,-0.3613,0.6208,0.2933,-0.1841,-0.0057,-0.01,-4.23,4.23,100.0,0,0,0
7.72,0.4,0.0,0.0,2.3174,-0.3659,0.619,0.2766,-0.2015,-0.0656,0.33,-4.2,4.21,100.0,0,0,0
7.74,0.4,0.0,0.0,2.3226,-0.3706,0.6168,0.3003,-0.2016,0.0302,0.85,-4.22,4.3,100.0,0,0,0
7.76,0.4,0.0,0.0,2.3285,-0.3752,0.6166,0.3365,-0.1893,0.1674,1.25,-4.42,4.59,100.0,0,0,0
7.78,0.4,0.0,0.0,2.3345,-0.3794,0.6184,0.3204,-0.1629,-0.0488,1.43,-4.57,4.79,100.0,0,0,0
7.8,0.4,0.0,0.0,2.3402,-0.3828,0.6206,0.3038,-0.1181,-0.1267,1.54,-4.6,4.85,100.0,0,0,0
7.82,0.4,0.0,0.0,2.3458,-0.3854,0.6225,0.2975,-0.0771,-0.134,1.61,-4.57,4.84,100.0,0,0,0
7.84,0.4,0.0,0.0,2.3515,-0.3871,0.6238,0.2997,-0.037,-0.1135,1.66,-4.53,4.82,100.0,0,0,0
7.86,0.4,0.0,0.0,2.3574,-0.3881,0.6246,0.305,0.002,-0.0884,1.66,-4.49,4.79,100.0,0,0,0
7.88,0.4,0.0,0.0,2.3637,-0.3884,0.6249,0.312,0.0411,-0.0645,1.63,-4.48,4.76,100.0,0,0,0
7.9,0.4,0.0,0.0,2.3702,-0.3879,0.6248,0.3195,0.0786,-0.0486,1.56,-4.47,4.74,100.0,0,0,0
7.92,0.4,0.0,0.0,2.3769,-0.3867,0.6242,0.3234,0.1105,-0.0346,1.42,-4.47,4.69,100.0,0,0,0
7.94,0.4,0.0,0.0,2.3837,-0.385,0.623,0.3219,0.134,-0.0003,1.19,-4.46,4.61,100.0,0,0,0
7.96,0.4,0.0,0.0,2.3904,-0.3831,0.6207,0.3098,0.1393,0.1398,0.78,-4.42,4.48,100.0,0,0,0
7.98,0.4,0.0,0.0,2.3974,-0.3813,0.6182,0.3473,0.1321,-0.0996,0.29,-4.45,4.46,100.0,0,0,0
8.0,0.4,0.0,0.0,2.4048,-0.3799,0.6178,0.364,0.1134,-0.1666,-0.02,-4.59,4.59,100.0,0,0,0
8.02,0.4,0.0,0.0,2.4119,-0.379,0.6191,0.3388,0.0814,0.0127,-0.17,-4.65,4.65,100.0,0,0,0
8.04,0.4,0.0,0.0,2.4184,-0.3788,0.6206,0.3201,0.0404,0.0597,-0.28,-4.61,4.62,100.0,0,0,0
8.06,0.4,0.0,0.0,2.4245,-0.3793,0.6218,0.3079,0.0058,0.0562,-0.36,-4.53,4.55,100.0,0,0,0
8.08,0.4,0.0,0.0,2.4305,-0.3804,0.6226,0.3031,-0.0266,0.0472,-0.41,-4.46,4.48,100.0,0,0,0
8.1,0.4,0.0,0.0,2.4363,-0.3821,0.623,0.3015,-0.0565,0.0376,-0.42,-4.39,4.41,100.0,0,0,0
8.12,0.4,0.0,0.0,2.4421,-0.3844,0.6231,0.3016,-0.0851,0.032,-0.4,-4.35,4.36,100.0,0,0,0
8.14,0.4,0.0,0.0,2.4479,-0.3873,0.6229,0.3033,-0.1139,0.0241,-0.33,-4.31,4.33,100.0,0,0,0
8.16,0.4,0.0,0.0,2.4537,-0.3907,0.6223,0.3043,-0.1446,0.0174,-0.22,-4.3,4.3,100.0,0,0,0
8.18,0.4,0.0,0.0,2.4593,-0.3948,0.6213,0.2976,-0.175,0.004,-0.06,-4.27,4.27,100.0,0,0,0
8.2,0.4,0.0,0.0,2.4647,-0.3993,0.6197,0.2831,-0.1971,-0.0478,0.23,-4.24,4.24,100.0,0,0,0
8.22,0.4,0.0,0.0,2.4698,-0.404,0.6174,0.2845,-0.2004,-0.0537,0.73,-4.23,4.29,100.0,0,0,0
8.24,0.4,0.0,0.0,2.4756,-0.4087,0.6166,0.3342,-0.1936,0.1896,1.16,-4.4,4.55,100.0,0,0,0
8.26,0.4,0.0,0.0,2.4815,-0.4131,0.618,0.3246,-0.1737,-0.0191,1.39,-4.57,4.78,100.0,0,0,0
8.28,0.4,0.0,0.0,2.4873,-0.4168,0.6202,0.3072,-0.128,-0.1167,1.5,-4.63,4.86,100.0,0,0,0
8.3,0.4,0.0,0.0,2.4928,-0.4196,0.6221,0.298,-0.0865,-0.1355,1.58,-4.6,4.86,100.0,0,0,0
8.32,0.4,0.0,0.0,2.4985,-0.4216,0.6235,0.299,-0.0455,-0.1171,1.64,-4.55,4.84,100.0,0,0,0
8.34,0.4,0.0,0.0,2.5044,-0.4228,0.6244,0.3035,-0.0065,-0.0939,1.65,-4.52,4.81,100.0,0,0,0
8.36,0.4,0.0,0.0,2.5106,-0.4232,0.6248,0.3101,0.0329,-0.0675,1.63,-4.5,4.78,100.0,0,0,0
8.38,0.4,0.0,0.0,2.517,-0.423,0.6248,0.3179,0.071,-0.0518,1.56,-4.49,4.75,100.0,0,0,0
8.4,0.4,0.0,0.0,2.5237,-0.422,0.6244,0.3228,0.1047,-0.0357,1.44,-4.49,4.71,100.0,0,0,0
8.42,0.4,0.0,0.0,2.5305,-0.4204,0.6233,0.323,0.1308,-0.0136,1.24,-4.48,4.64,100.0,0,0,0
8.44,0.4,0.0,0.0,2.5373,-0.4185,0.6214,0.3146,0.1414,0.0907,0.89,-4.44,4.53,100.0,0,0,0
8.46,0.4,0.0,0.0,2.5441,-0.4167,0.6185,0.3304,0.1343,-0.0168,0.37,-4.43,4.45,100.0,0,0,0
8.48,0.4,0.0,0.0,2.5516,-0.4153,0.6175,0.3671,0.1207,-0.1902,0.01,-4.56,4.56,100.0,0,0,0
8.5,0.4,0.0,0.0,2.5587,-0.4142,0.6186,0.3445,0.0936,-0.0192,-0.16,-4.65,4.65,100.0,0,0,0
8.52,0.4,0.0,0.0,2.5654,-0.4138,0.6202,0.325,0.0508,0.06,-0.27,-4.64,4.64,100.0,0,0,0
8.54,0.4,0.0,0.0,2.5716,-0.4142,0.6215,0.3103,0.0146,0.0606,-0.35,-4.57,4.58,100.0,0,0,0
8.56,0.4,0.0,0.0,2.5776,-0.4152,0.6224,0.3042,-0.0178,0.0509,-0.41,-4.49,4.51,100.0,0,0,0
8.58,0.4,0.0,0.0,2.5834,-0.4168,0.6229,0.302,-0.0485,0.0414,-0.44,-4.42,4.44,100.0,0,0,0
8.6,0.4,0.0,0.0,2.5892,-0.4189,0.6231,0.3019,-0.0773,0.0345,-0.42,-4.37,4.39,100.0,0,0,0
8.62,0.4,0.0,0.0,2.595,-0.4217,0.623,0.3036,-0.106,0.0284,-0.37,-4.34,4.35,100.0,0,0,0
8.64,0.4,0.0,0.0,2.6008,-0.4251,0.6225,0.3047,-0.1361,0.019,-0.27,-4.32,4.32,100.0,0,0,0
8.66,0.4,0.0,0.0,2.6065,-0.429,0.6216,0.302,-0.1666,0.0173,-0.12,-4.3,4.3,100.0,0,0,0
8.68,0.4,0.0,0.0,2.6119,-0.4335,0.6202,0.2883,-0.1926,-0.0264,0.13,-4.26,4.27,100.0,0,0,0
8.7,0.4,0.0,0.0,2.617,-0.4382,0.618,0.2733,-0.1997,-0.0954,0.57,-4.24,4.28,100.0,0,0,0
8.72,0.4,0.0,0.0,2.6227,-0.4429,0.6168,0.3294,-0.1973,0.1757,1.03,-4.37,4.5,100.0,0,0,0
8.74,0.4,0.0,0.0,2.6286,-0.4474,0.6176,0.3295,-0.1771,0.0535,1.33,-4.56,4.75,100.0,0,0,0
8.76,0.4,0.0,0.0,2.6344,-0.4513,0.6197,0.31,-0.1386,-0.1042,1.48,-4.64,4.87,100.0,0,0,0
8.78,0.4,0.0,0.0,2.6399,-0.4543,0.6217,0.2982,-0.0958,-0.1335,1.58,-4.62,4.88,100.0,0,0,0
8.8,0.4,0.0,0.0,2.6455,-0.4565,0.6232,0.2969,-0.0553,-0.1222,1.64,-4.57,4.86,100.0,0,0,0
8.82,0.4,0.0,0.0,2.6513,-0.4579,0.6242,0.3008,-0.0161,-0.0998,1.67,-4.53,4.83,100.0,0,0,0
8.84,0.4,0.0,0.0,2.6574,-0.4586,0.6248,0.3069,0.0231,-0.0728,1.66,-4.5,4.79,100.0,0,0,0
8.86,0.4,0.0,0.0,2.6637,-0.4585,0.6249,0.3148,0.0614,-0.057,1.61,-4.49,4.77,100.0,0,0,0
8.88,0.4,0.0,0.0,2.6703,-0.4578,0.6245,0.3203,0.0962,-0.0401,1.5,-4.49,4.73,100.0,0,0,0
8.9,0.4,0.0,0.0,2.6771,-0.4564,0.6236,0.3221,0.1248,-0.0247,1.33,-4.48,4.67,100.0,0,0,0
8.92,0.4,0.0,0.0,2.684,-0.4546,0.622,0.3166,0.1406,0.0478,1.02,-4.45,4.57,100.0,0,0,0
8.94,0.4,0.0,0.0,2.6907,-0.4527,0.6192,0.3166,0.1351,0.0976,0.52,-4.42,4.45,100.0,0,0,0
8.96,0.4,0.0,0.0,2.698,-0.4512,0.6176,0.3632,0.1248,-0.1887,0.1,-4.53,4.53,100.0,0,0,0
8.98,0.4,0.0,0.0,2.7053,-0.4501,0.6182,0.3491,0.1043,-0.0646,-0.1,-4.63,4.64,100.0,0,0,0
9.0,0.4,0.0,0.0,2.712,-0.4495,0.6198,0.3286,0.0615,0.0526,-0.22,-4.64,4.64,100.0,0,0,0
9.02,0.4,0.0,0.0,2.7183,-0.4497,0.6212,0.3117,0.0238,0.0627,-0.32,-4.57,4.58,100.0,0,0,0
9.04,0.4,0.0,0.0,2.7243,-0.4506,0.6221,0.3041,-0.0095,0.0532,-0.39,-4.48,4.5,100.0,0,0,0
9.06,0.4,0.0,0.0,2.7302,-0.452,0.6227,0.3014,-0.0409,0.0432,-0.42,-4.41,4.43,100.0,0,0,0
9.08,0.4,0.0,0.0,2.736,-0.4541,0.623,0.301,-0.0703,0.0353,-0.41,-4.35,4.37,100.0,0,0,0
9.1,0.4,0.0,0.0,2.7417,-0.4568,0.6229,0.3023,-0.099,0.0303,-0.37,-4.31,4.33,100.0,0,0,0
9.12,0.4,0.0,0.0,2.7475,-0.46,0.6225,0.3039,-0.1285,0.021,-0.28,-4.29,4.3,100.0,0,0,0
9.14,0.4,0.0,0.0,2.7531,-0.4638,0.6217,0.3031,-0.1595,0.019,-0.15,-4.27,4.27,100.0,0,0,0
9.16,0.4,0.0,0.0,2.7586,-0.4682,0.6204,0.2911,-0.1881,-0.0125,0.07,-4.25,4.25,100.0,0,0,0
9.18,0.4,0.0,0.0,2.7638,-0.4729,0.6184,0.2737,-0.2001,-0.0735,0.45,-4.21,4.24,100.0,0,0,0
9.2,0.4,0.0,0.0,2.7691,-0.4777,0.6166,0.3156,-0.1992,0.1183,0.95,-4.29,4.39,100.0,0,0,0
9.22,0.4,0.0,0.0,2.775,-0.4823,0.617,0.3339,-0.1836,0.1129,1.3,-4.49,4.67,100.0,0,0,0
9.24,0.4,0.0,0.0,2.7808,-0.4865,0.619,0.3144,-0.1515,-0.0822,1.46,-4.61,4.84,100.0,0,0,0
9.26,0.4,0.0,0.0,2.7863,-0.4898,0.6211,0.2995,-0.1078,-0.1327,1.56,-4.62,4.87,100.0,0,0,0
9.28,0.4,0.0,0.0,2.7918,-0.4922,0.6228,0.2958,-0.0669,-0.1291,1.63,-4.58,4.86,100.0,0,0,0
9.3,0.4,0.0,0.0,2.7975,-0.4939,0.624,0.299,-0.0273,-0.1074,1.66,-4.53,4.83,100.0,0,0,0
9.32,0.4,0.0,0.0,2.8035,-0.4948,0.6247,0.3048,0.0119,-0.0803,1.66,-4.51,4.8,100.0,0,0,0
9.34,0.4,0.0,0.0,2.8098,-0.495,0.6249,0.3127,0.0506,-0.062,1.62,-4.5,4.78,100.0,0,0,0
9.36,0.4,0.0,0.0,2.8163,-0.4945,0.6247,0.3189,0.0872,-0.0428,1.53,-4.5,4.75,100.0,0,0,0
9.38,0.4,0.0,0.0,2.8231,-0.4933,0.624,0.3218,0.1173,-0.031,1.38,-4.49,4.7,100.0,0,0,0
9.4,0.4,0.0,0.0,2.8299,-0.4917,0.6225,0.3188,0.1374,0.0214,1.11,-4.47,4.61,100.0,0,0,0
9.42,0.4,0.0,0.0,2.8366,-0.4898,0.62,0.3043,0.138,0.188,0.65,-4.43,4.48,100.0,0,0,0
9.44,0.4,0.0,0.0,2.8438,-0.4883,0.618,0.3571,0.1288,-0.1829,0.2,-4.5,4.51,100.0,0,0,0
9.46,0.4,0.0,0.0,2.8512,-0.4871,0.6181,0.3573,0.1071,-0.1207,-0.05,-4.62,4.62,100.0,0,0,0
9.48,0.4,0.0,0.0,2.8581,-0.4866,0.6195,0.3322,0.0699,0.0329,-0.18,-4.64,4.64,100.0,0,0,0
9.5,0.4,0.0,0.0,2.8644,-0.4867,0.6209,0.3148,0.0298,0.0598,-0.28,-4.57,4.58,100.0,0,0,0
9.52,0.4,0.0,0.0,2.8705,-0.4875,0.622,0.3047,-0.0042,0.0525,-0.35,-4.48,4.49,100.0,0,0,0
9.54,0.4,0.0,0.0,2.8763,-0.4889,0.6226,0.3012,-0.0362,0.0427,-0.39,-4.4,4.41,100.0,0,0,0
9.56,0.4,0.0,0.0,2.8821,-0.4909,0.6229,0.3002,-0.066,0.0342,-0.4,-4.33,4.35,100.0,0,0,0
9.58,0.4,0.0,0.0,2.8878,-0.4935,0.6229,0.3007,-0.0946,0.0283,-0.36,-4.28,4.3,100.0,0,0,0
9.6,0.4,0.0,0.0,2.8935,-0.4967,0.6226,0.3026,-0.1235,0.0214,-0.28,-4.25,4.26,100.0,0,0,0
9.62,0.4,0.0,0.0,2.8992,-0.5005,0.6219,0.303,-0.1546,0.0165,-0.16,-4.24,4.24,100.0,0,0,0
9.64,0.4,0.0,0.0,2.9046,-0.5048,0.6208,0.2932,-0.1843,-0.0042,0.03,-4.21,4.21,100.0,0,0,0
9.66,0.4,0.0,0.0,2.9098,-0.5096,0.6189,0.2768,-0.2022,-0.0619,0.36,-4.18,4.2,100.0,0,0,0
9.68,0.4,0.0,0.0,2.9148,-0.5144,0.6168,0.3001,-0.2023,0.0225,0.88,-4.21,4.3,100.0,0,0,0
9.7,0.4,0.0,0.0,2.9206,-0.5192,0.6168,0.3336,-0.1927,0.1187,1.26,-4.41,4.58,100.0,0,0,0
9.72,0.4,0.0,0.0,2.9263,-0.5235,0.6187,0.3149,-0.1589,-0.0601,1.44,-4.55,4.78,100.0,0,0,0
9.74,0.4,0.0,0.0,2.9319,-0.527,0.6208,0.3017,-0.1169,-0.1191,1.55,-4.58,4.84,100.0,0,0,0
9.76,0.4,0.0,0.0,2.9374,-0.5298,0.6225,0.2968,-0.0764,-0.1237,1.63,-4.56,4.84,100.0,0,0,0
9.78,0.4,0.0,0.0,2.943,-0.5317,0.6238,0.2997,-0.0371,-0.1063,1.67,-4.53,4.83,100.0,0,0,0
9.8,0.4,0.0,0.0,2.949,-0.5328,0.6245,0.3051,0.0021,-0.0816,1.67,-4.51,4.81,100.0,0,0,0
9.82,0.4,0.0,0.0,2.9552,-0.5333,0.6249,0.3121,0.0412,-0.0606,1.64,-4.49,4.78,100.0,0,0,0
9.84,0.4,0.0,0.0,2.9617,-0.5329,0.6247,0.3197,0.0789,-0.0457,1.56,-4.49,4.75,100.0,0,0,0
9.86,0.4,0.0,0.0,2.9685,-0.532,0.6241,0.3236,0.1109,-0.0327,1.42,-4.49,4.71,100.0,0,0,0
9.88,0.4,0.0,0.0,2.9754,-0.5305,0.6228,0.3222,0.1344,0.0012,1.19,-4.47,4.63,100.0,0,0,0
9.9,0.4,0.0,0.0,2.9821,-0.5287,0.6206,0.3103,0.1397,0.1407,0.78,-4.42,4.49,100.0,0,0,0
9.92,0.4,0.0,0.0,2.9892,-0.5271,0.6181,0.348,0.1325,-0.1098,0.28,-4.45,4.46,100.0,0,0,0
9.94,0.4,0.0,0.0,2.9967,-0.5259,0.6177,0.3652,0.1135,-0.1719,-0.02,-4.59,4.59,100.0,0,0,0
9.96,0.4,0.0,0.0,3.0037,-0.5253,0.619,0.3398,0.0807,0.0125,-0.17,-4.64,4.65,100.0,0,0,0
9.98,0.4,0.0,0.0,3.0103,-0.5252,0.6206,0.321,0.0395,0.0601,-0.27,-4.6,4.61,100.0,0,0,0
10.0,0.4,0.0,0.0,3.0164,-0.5259,0.6218,0.3087,0.0051,0.0563,-0.35,-4.52,4.53,100.0,0,0,0
10.02,0.4,0.0,0.0,3.0223,-0.5272,0.6226,0.3038,-0.0272,0.0475,-0.4,-4.44,4.46,100.0,0,0,0
10.04,0.4,0.0,0.0,3.0281,-0.5291,0.623,0.3022,-0.057,0.0383,-0.42,-4.37,4.39,100.0,0,0,0
10.06,0.4,0.0,0.0,3.0339,-0.5316,0.6231,0.3024,-0.0855,0.0329,-0.4,-4.32,4.34,100.0,0,0,0
10.08,0.4,0.0,0.0,3.0396,-0.5346,0.6229,0.304,-0.1142,0.0261,-0.33,-4.29,4.31,100.0,0,0,0
10.1,0.4,0.0,0.0,3.0453,-0.5383,0.6223,0.3049,-0.1448,0.0189,-0.22,-4.28,4.28,100.0,0,0,0
10.12,0.4,0.0,0.0,3.0508,-0.5425,0.6213,0.2985,-0.1752,0.0073,-0.05,-4.25,4.25,100.0,0,0,0
10.14,0.4,0.0,0.0,3.056,-0.5472,0.6197,0.2838,-0.1974,-0.0441,0.23,-4.22,4.23,100.0,0,0,0
10.16,0.4,0.0,0.0,3.0611,-0.552,0.6174,0.2852,-0.2008,-0.0581,0.73,-4.21,4.27,100.0,0,0,0
10.18,0.4,0.0,0.0,3.0667,-0.5569,0.6166,0.3343,-0.1946,0.1843,1.17,-4.39,4.54,100.0,0,0,0
10.2,0.4,0.0,0.0,3.0725,-0.5615,0.618,0.3248,-0.1756,-0.0222,1.4,-4.57,4.78,100.0,0,0,0
10.22,0.4,0.0,0.0,3.0781,-0.5654,0.6201,0.3068,-0.1296,-0.1179,1.52,-4.62,4.87,100.0,0,0,0
10.24,0.4,0.0,0.0,3.0836,-0.5684,0.622,0.2972,-0.088,-0.1365,1.6,-4.6,4.87,100.0,0,0,0
10.26,0.4,0.0,0.0,3.0892,-0.5705,0.6235,0.2981,-0.0469,-0.1175,1.65,-4.56,4.85,100.0,0,0,0
10.28,0.4,0.0,0.0,3.095,-0.5719,0.6244,0.3026,-0.0079,-0.0939,1.67,-4.52,4.82,100.0,0,0,0
10.3,0.4,0.0,0.0,3.1012,-0.5726,0.6248,0.3092,0.0316,-0.0671,1.65,-4.5,4.79,100.0,0,0,0
10.32,0.4,0.0,0.0,3.1076,-0.5725,0.6248,0.317,0.0696,-0.0513,1.58,-4.49,4.76,100.0,0,0,0
10.34,0.4,0.0,0.0,3.1143,-0.5717,0.6244,0.3221,0.1036,-0.0347,1.47,-4.49,4.72,100.0,0,0,0
10.36,0.4,0.0,0.0,3.1212,-0.5704,0.6233,0.3226,0.13,-0.0137,1.27,-4.48,4.66,100.0,0,0,0
10.38,0.4,0.0,0.0,3.128,-0.5687,0.6214,0.3148,0.1417,0.0851,0.92,-4.44,4.54,100.0,0,0,0
10.4,0.4,0.0,0.0,3.1349,-0.567,0.6186,0.3289,0.1351,-0.0113,0.41,-4.43,4.45,100.0,0,0,0
10.42,0.4,0.0,0.0,3.1423,-0.5657,0.6175,0.3654,0.122,-0.1714,0.05,-4.55,4.55,100.0,0,0,0
10.44,0.4,0.0,0.0,3.1495,-0.5649,0.6185,0.3439,0.0936,-0.0177,-0.12,-4.63,4.63,100.0,0,0,0
10.46,0.4,0.0,0.0,3.1561,-0.5647,0.6201,0.3248,0.0511,0.0594,-0.23,-4.61,4.62,100.0,0,0,0
10.48,0.4,0.0,0.0,3.1623,-0.5652,0.6214,0.3102,0.0146,0.0598,-0.32,-4.55,4.56,100.0,0,0,0
10.5,0.4,0.0,0.0,3.1683,-0.5664,0.6223,0.304,-0.0179,0.05,-0.38,-4.47,4.48,100.0,0,0,0
10.52,0.4,0.0,0.0,3.1741,-0.5681,0.6228,0.3019,-0.0488,0.0406,-0.4,-4.4,4.42,100.0,0,0,0
10.54,0.4,0.0,0.0,3.1798,-0.5705,0.623,0.3018,-0.0777,0.0341,-0.39,-4.35,4.37,100.0,0,0,0
10.56,0.4,0.0,0.0,3.1855,-0.5734,0.6229,0.3034,-0.1064,0.0294,-0.33,-4.32,4.33,100.0,0,0,0
10.58,0.4,0.0,0.0,3.1912,-0.5769,0.6224,0.3045,-0.1365,0.0195,-0.23,-4.3,4.3,100.0,0,0,0
10.6,0.4,0.0,0.0,3.1967,-0.5811,0.6215,0.3019,-0.1671,0.0182,-0.09,-4.28,4.28,100.0,0,0,0
10.62,0.4,0.0,0.0,3.202,-0.5857,0.6201,0.2885,-0.1934,-0.0243,0.16,-4.25,4.26,100.0,0,0,0
10.64,0.4,0.0,0.0,3.207,-0.5905,0.618,0.2734,-0.2005,-0.0908,0.6,-4.23,4.27,100.0,0,0,0
10.66,0.4,0.0,0.0,3.2125,-0.5954,0.6167,0.329,-0.1983,0.1705,1.06,-4.37,4.5,100.0,0,0,0
10.68,0.4,0.0,0.0,3.2184,-0.6002,0.6176,0.3294,-0.1789,0.0521,1.36,-4.56,4.76,100.0,0,0,0
10.7,0.4,0.0,0.0,3.224,-0.6042,0.6196,0.3093,-0.1401,-0.1064,1.51,-4.64,4.88,100.0,0,0,0
10.72,0.4,0.0,0.0,3.2294,-0.6074,0.6216,0.2968,-0.0971,-0.136,1.61,-4.62,4.89,100.0,0,0,0
10.74,0.4,0.0,0.0,3.2349,-0.6098,0.6232,0.2953,-0.0564,-0.1234,1.67,-4.58,4.87,100.0,0,0,0
10.76,0.4,0.0,0.0,3.2406,-0.6114,0.6242,0.2992,-0.0172,-0.1006,1.71,-4.54,4.84,100.0,0,0,0
10.78,0.4,0.0,0.0,3.2466,-0.6123,0.6248,0.3053,0.022,-0.073,1.7,-4.51,4.82,100.0,0,0,0
10.8,0.4,0.0,0.0,3.2529,-0.6124,0.6249,0.3133,0.0602,-0.0566,1.64,-4.5,4.79,100.0,0,0,0
10.82,0.4,0.0,0.0,3.2595,-0.6118,0.6246,0.3189,0.0952,-0.0393,1.54,-4.5,4.75,100.0,0,0,0
10.84,0.4,0.0,0.0,3.2664,-0.6106,0.6237,0.3209,0.1241,-0.0242,1.37,-4.49,4.69,100.0,0,0,0
10.86,0.4,0.0,0.0,3.2732,-0.6091,0.6221,0.3162,0.1407,0.0453,1.07,-4.46,4.58,100.0,0,0,0
10.88,0.4,0.0,0.0,3.28,-0.6074,0.6193,0.3151,0.1362,0.1055,0.57,-4.42,4.46,100.0,0,0,0
10.9,0.4,0.0,0.0,3.2873,-0.606,0.6177,0.3604,0.1263,-0.1756,0.16,-4.52,4.52,100.0,0,0,0
10.92,0.4,0.0,0.0,3.2946,-0.605,0.6182,0.3483,0.1045,-0.0592,-0.06,-4.61,4.61,100.0,0,0,0
10.94,0.4,0.0,0.0,3.3013,-0.6047,0.6197,0.3265,0.062,0.0514,-0.19,-4.61,4.61,100.0,0,0,0
10.96,0.4,0.0,0.0,3.3075,-0.605,0.6211,0.3103,0.0246,0.062,-0.3,-4.53,4.54,100.0,0,0,0
10.98,0.4,0.0,0.0,3.3135,-0.606,0.6221,0.3026,-0.0086,0.0525,-0.37,-4.44,4.46,100.0,0,0,0
11.0,0.4,0.0,0.0,3.3193,-0.6076,0.6227,0.3001,-0.0399,0.0423,-0.41,-4.36,4.38,100.0,0,0,0
11.02,0.4,0.0,0.0,3.325,-0.6098,0.6229,0.2998,-0.0692,0.0347,-0.41,-4.3,4.32,100.0,0,0,0
11.04,0.4,0.0,0.0,3.3306,-0.6126,0.6229,0.3007,-0.0978,0.0295,-0.37,-4.26,4.27,100.0,0,0,0
11.06,0.4,0.0,0.0,3.3363,-0.616,0.6225,0.3028,-0.127,0.0227,-0.29,-4.23,4.24,100.0,0,0,0
11.08,0.4,0.0,0.0,3.3418,-0.6199,0.6218,0.3021,-0.1581,0.0202,-0.16,-4.22,4.22,100.0,0,0,0
11.1,0.4,0.0,0.0,3.3471,-0.6245,0.6205,0.2912,-0.1872,-0.0068,0.05,-4.2,4.2,100.0,0,0,0
11.12,0.4,0.0,0.0,3.3521,-0.6293,0.6186,0.2739,-0.2025,-0.0657,0.42,-4.17,4.19,100.0,0,0,0
11.14,0.4,0.0,0.0,3.3571,-0.6342,0.6163,0.3021,-0.2018,0.0693,0.95,-4.21,4.31,100.0,0,0,0
11.16,0.4,0.0,0.0,3.3628,-0.6391,0.6166,0.3379,-0.1908,0.1724,1.31,-4.44,4.63,100.0,0,0,0
11.18,0.4,0.0,0.0,3.3685,-0.6436,0.6187,0.3154,-0.157,-0.0484,1.46,-4.6,4.83,100.0,0,0,0
11.2,0.4,0.0,0.0,3.374,-0.6472,0.621,0.3012,-0.1152,-0.1166,1.55,-4.64,4.89,100.0,0,0,0
11.22,0.4,0.0,0.0,3.3794,-0.6499,0.6228,0.2962,-0.0748,-0.1222,1.62,-4.62,4.89,100.0,0,0,0
11.24,0.4,0.0,0.0,3.385,-0.6519,0.6241,0.2992,-0.0357,-0.1055,1.65,-4.58,4.87,100.0,0,0,0
11.26,0.4,0.0,0.0,3.3909,-0.6532,0.6248,0.3048,0.0034,-0.0798,1.65,-4.56,4.85,100.0,0,0,0
11.28,0.4,0.0,0.0,3.3972,-0.6537,0.6252,0.3125,0.0422,-0.0607,1.61,-4.55,4.82,100.0,0,0,0
11.3,0.4,0.0,0.0,3.4037,-0.6535,0.625,0.3195,0.0797,-0.0426,1.53,-4.55,4.8,100.0,0,0,0
11.32,0.4,0.0,0.0,3.4105,-0.6526,0.6244,0.3234,0.1111,-0.0304,1.38,-4.54,4.75,100.0,0,0,0
11.34,0.4,0.0,0.0,3.4174,-0.6512,0.6231,0.3219,0.1334,0.009,1.14,-4.53,4.67,100.0,0,0,0
11.36,0.4,0.0,0.0,3.4242,-0.6497,0.6208,0.3091,0.1373,0.1635,0.71,-4.48,4.53,100.0,0,0,0
11.38,0.4,0.0,0.0,3.4312,-0.6482,0.6182,0.3491,0.1288,-0.1462,0.21,-4.5,4.51,100.0,0,0,0
11.4,0.4,0.0,0.0,3.4388,-0.6473,0.6178,0.3668,0.1091,-0.2063,-0.07,-4.64,4.64,100.0,0,0,0
11.42,0.4,0.0,0.0,3.4459,-0.6468,0.6192,0.3419,0.0762,0.0034,-0.2,-4.69,4.7,100.0,0,0,0
11.44,0.4,0.0,0.0,3.4524,-0.647,0.6208,0.3232,0.0351,0.0545,-0.3,-4.65,4.66,100.0,0,0,0
11.46,0.4,0.0,0.0,3.4586,-0.6479,0.622,0.3109,0.0009,0.0539,-0.37,-4.56,4.58,100.0,0,0,0
11.48,0.4,0.0,0.0,3.4645,-0.6494,0.6228,0.3061,-0.0313,0.0458,-0.42,-4.48,4.5,100.0,0,0,0
11.5,0.4,0.0,0.0,3.4703,-0.6515,0.6232,0.3044,-0.061,0.0369,-0.43,-4.4,4.43,100.0,0,0,0
11.52,0.4,0.0,0.0,3.476,-0.6542,0.6232,0.3044,-0.0894,0.0319,-0.4,-4.35,4.37,100.0,0,0,0
11.54,0.4,0.0,0.0,3.4817,-0.6574,0.623,0.3059,-0.118,0.025,-0.33,-4.31,4.32,100.0,0,0,0
11.56,0.4,0.0,0.0,3.4873,-0.6612,0.6224,0.3065,-0.1486,0.0184,-0.21,-4.29,4.29,100.0,0,0,0
11.58,0.4,0.0,0.0,3.4928,-0.6657,0.6213,0.2989,-0.1789,0.0036,-0.04,-4.26,4.26,100.0,0,0,0
11.6,0.4,0.0,0.0,3.4979,-0.6705,0.6197,0.284,-0.2001,-0.0484,0.26,-4.23,4.23,100.0,0,0,0
11.62,0.4,0.0,0.0,3.5029,-0.6755,0.6174,0.2872,-0.2026,-0.0503,0.77,-4.22,4.29,100.0,0,0,0
11.64,0.4,0.0,0.0,3.5085,-0.6805,0.6167,0.3377,-0.1986,0.1652,1.2,-4.41,4.57,100.0,0,0,0
11.66,0.4,0.0,0.0,3.5142,-0.6852,0.6183,0.3223,-0.1709,-0.0266,1.41,-4.59,4.8,100.0,0,0,0
11.68,0.4,0.0,0.0,3.5197,-0.6891,0.6205,0.3058,-0.1276,-0.1133,1.54,-4.64,4.89,100.0,0,0,0
11.7,0.4,0.0,0.0,3.5251,-0.6922,0.6223,0.2982,-0.0867,-0.1273,1.62,-4.62,4.89,100.0,0,0,0
11.72,0.4,0.0,0.0,3.5307,-0.6944,0.6237,0.2997,-0.0468,-0.1112,1.68,-4.58,4.88,100.0,0,0,0
11.74,0.4,0.0,0.0,3.5365,-0.696,0.6245,0.3045,-0.0079,-0.0879,1.69,-4.55,4.85,100.0,0,0,0
11.76,0.4,0.0,0.0,3.5427,-0.6967,0.625,0.3112,0.0314,-0.0643,1.67,-4.53,4.83,100.0,0,0,0
11.78,0.4,0.0,0.0,3.5492,-0.6968,0.6249,0.319,0.0694,-0.0493,1.6,-4.52,4.8,100.0,0,0,0
11.8,0.4,0.0,0.0,3.5559,-0.6961,0.6244,0.3238,0.1033,-0.0338,1.48,-4.52,4.75,100.0,0,0,0
11.82,0.4,0.0,0.0,3.5628,-0.695,0.6233,0.3241,0.1296,-0.0124,1.28,-4.5,4.68,100.0,0,0,0
11.84,0.4,0.0,0.0,3.5697,-0.6934,0.6214,0.316,0.1409,0.0892,0.93,-4.46,4.55,100.0,0,0,0
11.86,0.4,0.0,0.0,3.5767,-0.6919,0.6186,0.3307,0.1343,-0.0158,0.42,-4.44,4.45,100.0,0,0,0
11.88,0.4,0.0,0.0,3.5841,-0.6908,0.6175,0.3675,0.1209,-0.18,0.07,-4.55,4.55,100.0,0,0,0
11.9,0.4,0.0,0.0,3.5914,-0.6901,0.6186,0.346,0.0925,-0.0199,-0.11,-4.63,4.63,100.0,0,0,0
11.92,0.4,0.0,0.0,3.5981,-0.6901,0.6202,0.3269,0.05,0.0576,-0.22,-4.61,4.62,100.0,0,0,0
11.94,0.4,0.0,0.0,3.6043,-0.6907,0.6215,0.3123,0.0137,0.0588,-0.31,-4.54,4.55,100.0,0,0,0
11.96,0.4,0.0,0.0,3.6102,-0.692,0.6223,0.306,-0.0188,0.0495,-0.36,-4.46,4.47,100.0,0,0,0
11.98,0.4,0.0,0.0,3.6161,-0.6939,0.6228,0.3038,-0.0496,0.0405,-0.39,-4.39,4.41,100.0,0,0,0
12.0,0.4,0.0,0.0,3.6218,-0.6964,0.623,0.3036,-0.0784,0.0344,-0.37,-4.34,4.35,100.0,0,0,0
12.02,0.4,0.0,0.0,3.6275,-0.6995,0.6229,0.3051,-0.1071,0.0304,-0.32,-4.3,4.31,100.0,0,0,0
12.04,0.4,0.0,0.0,3.6331,-0.7031,0.6224,0.306,-0.1371,0.0203,-0.22,-4.28,4.29,100.0,0,0,0
12.06,0.4,0.0,0.0,3.6386,-0.7074,0.6215,0.3034,-0.1677,0.0192,-0.07,-4.26,4.26,100.0,0,0,0
12.08,0.4,0.0,0.0,3.6438,-0.7121,0.6201,0.2897,-0.1938,-0.0226,0.17,-4.24,4.24,100.0,0,0,0
12.1,0.4,0.0,0.0,3.6488,-0.7171,0.618,0.2752,-0.2008,-0.0919,0.62,-4.22,4.26,100.0,0,0,0
12.12,0.4,0.0,0.0,3.6542,-0.7221,0.6167,0.3307,-0.1987,0.172,1.08,-4.36,4.49,100.0,0,0,0
12.14,0.4,0.0,0.0,3.6599,-0.7269,0.6178,0.3251,-0.1803,-0.0044,1.35,-4.54,4.74,100.0,0,0,0
12.16,0.4,0.0,0.0,3.6653,-0.7311,0.6199,0.3073,-0.1361,-0.1017,1.5,-4.62,4.85,100.0,0,0,0
12.18,0.4,0.0,0.0,3.6707,-0.7343,0.6218,0.2971,-0.0957,-0.1276,1.6,-4.6,4.87,100.0,0,0,0
12.2,0.4,0.0,0.0,3.6762,-0.7368,0.6233,0.2972,-0.0552,-0.1142,1.67,-4.57,4.86,100.0,0,0,0
12.22,0.4,0.0,0.0,3.6819,-0.7385,0.6242,0.3012,-0.0164,-0.0929,1.69,-4.54,4.84,100.0,0,0,0
12.24,0.4,0.0,0.0,3.688,-0.7395,0.6248,0.3075,0.023,-0.0679,1.68,-4.51,4.81,100.0,0,0,0
12.26,0.4,0.0,0.0,3.6943,-0.7397,0.6249,0.3153,0.0613,-0.0536,1.62,-4.5,4.79,100.0,0,0,0
12.28,0.4,0.0,0.0,3.701,-0.7392,0.6245,0.321,0.097,-0.036,1.51,-4.5,4.75,100.0,0,0,0
12.3,0.4,0.0,0.0,3.7079,-0.7382,0.6236,0.323,0.1253,-0.0226,1.34,-4.49,4.69,100.0,0,0,0
12.32,0.4,0.0,0.0,3.7148,-0.7367,0.6219,0.3177,0.1414,0.0487,1.03,-4.46,4.58,100.0,0,0,0
12.34,0.4,0.0,0.0,3.7216,-0.7352,0.6191,0.3182,0.1361,0.0919,0.53,-4.42,4.45,100.0,0,0,0
12.36,0.4,0.0,0.0,3.729,-0.734,0.6175,0.3641,0.126,-0.1906,0.12,-4.52,4.52,100.0,0,0,0
12.38,0.4,0.0,0.0,3.7364,-0.7332,0.6182,0.3508,0.1042,-0.0636,-0.08,-4.62,4.62,100.0,0,0,0
12.4,0.4,0.0,0.0,3.7432,-0.733,0.6197,0.3304,0.0612,0.052,-0.2,-4.61,4.62,100.0,0,0,0
12.42,0.4,0.0,0.0,3.7495,-0.7335,0.6211,0.3135,0.0235,0.062,-0.3,-4.54,4.55,100.0,0,0,0
12.44,0.4,0.0,0.0,3.7555,-0.7346,0.6221,0.3058,-0.0098,0.0528,-0.36,-4.45,4.46,100.0,0,0,0
12.46,0.4,0.0,0.0,3.7613,-0.7364,0.6227,0.303,-0.0412,0.0433,-0.4,-4.37,4.39,100.0,0,0,0
12.48,0.4,0.0,0.0,3.767,-0.7387,0.6229,0.3026,-0.0706,0.0359,-0.39,-4.31,4.33,100.0,0,0,0
12.5,0.4,0.0,0.0,3.7726,-0.7417,0.6229,0.3037,-0.0993,0.0321,-0.35,-4.27,4.28,100.0,0,0,0
12.52,0.4,0.0,0.0,3.7782,-0.7452,0.6225,0.3054,-0.1286,0.0242,-0.26,-4.25,4.25,100.0,0,0,0
12.54,0.4,0.0,0.0,3.7838,-0.7493,0.6217,0.3044,-0.1597,0.021,-0.13,-4.23,4.23,100.0,0,0,0
12.56,0.4,0.0,0.0,3.789,-0.754,0.6204,0.2927,-0.1884,-0.0079,0.08,-4.21,4.21,100.0,0,0,0
12.58,0.4,0.0,0.0,3.794,-0.7589,0.6184,0.2757,-0.201,-0.0693,0.46,-4.18,4.21,100.0,0,0,0
12.6,0.4,0.0,0.0,3.7991,-0.764,0.6166,0.316,-0.2006,0.1048,0.96,-4.26,4.36,100.0,0,0,0
12.62,0.4,0.0,0.0,3.8048,-0.7689,0.6169,0.3348,-0.1865,0.1062,1.33,-4.47,4.66,100.0,0,0,0
12.64,0.4,0.0,0.0,3.8103,-0.7734,0.6189,0.3144,-0.1542,-0.0858,1.5,-4.59,4.83,100.0,0,0,0
12.66,0.4,0.0,0.0,3.8157,-0.777,0.6211,0.2983,-0.1104,-0.136,1.61,-4.6,4.87,100.0,0,0,0
12.68,0.4,0.0,0.0,3.8211,-0.7798,0.6228,0.2942,-0.0694,-0.1312,1.68,-4.56,4.86,100.0,0,0,0
12.7,0.4,0.0,0.0,3.8266,-0.7818,0.624,0.2972,-0.0299,-0.1088,1.72,-4.53,4.84,100.0,0,0,0
12.72,0.4,0.0,0.0,3.8325,-0.783,0.6247,0.3029,0.0091,-0.081,1.73,-4.5,4.82,100.0,0,0,0
12.74,0.4,0.0,0.0,3.8387,-0.7836,0.6249,0.3107,0.0478,-0.062,1.69,-4.49,4.79,100.0,0,0,0
12.76,0.4,0.0,0.0,3.8452,-0.7834,0.6247,0.3172,0.085,-0.0416,1.6,-4.49,4.77,100.0,0,0,0
12.78,0.4,0.0,0.0,3.852,-0.7826,0.624,0.3207,0.1153,-0.0305,1.46,-4.49,4.72,100.0,0,0,0
12.8,0.4,0.0,0.0,3.8589,-0.7813,0.6227,0.3184,0.1371,0.0141,1.21,-4.47,4.63,100.0,0,0,0
12.82,0.4,0.0,0.0,3.8656,-0.7797,0.6203,0.3048,0.1397,0.1709,0.76,-4.41,4.48,100.0,0,0,0
12.84,0.4,0.0,0.0,3.8728,-0.7785,0.6181,0.3503,0.1315,-0.1426,0.31,-4.46,4.47,100.0,0,0,0
12.86,0.4,0.0,0.0,3.8802,-0.7776,0.618,0.3549,0.1102,-0.0917,0.04,-4.55,4.55,100.0,0,0,0
12.88,0.4,0.0,0.0,3.8871,-0.7773,0.6193,0.331,0.0725,0.0347,-0.12,-4.56,4.57,100.0,0,0,0
12.9,0.4,0.0,0.0,3.8935,-0.7776,0.6207,0.3149,0.0332,0.0623,-0.23,-4.5,4.51,100.0,0,0,0
12.92,0.4,0.0,0.0,3.8994,-0.7787,0.6217,0.305,-0.0012,0.0539,-0.32,-4.42,4.43,100.0,0,0,0
12.94,0.4,0.0,0.0,3.9052,-0.7803,0.6224,0.3015,-0.0332,0.0439,-0.36,-4.34,4.36,100.0,0,0,0
12.96,0.4,0.0,0.0,3.9109,-0.7825,0.6227,0.3007,-0.0632,0.035,-0.37,-4.28,4.3,100.0,0,0,0
12.98,0.4,0.0,0.0,3.9165,-0.7853,0.6227,0.3011,-0.0918,0.0306,-0.33,-4.23,4.25,100.0,0,0,0
13.0,0.4,0.0,0.0,3.9221,-0.7887,0.6224,0.303,-0.1208,0.024,-0.26,-4.21,4.21,100.0,0,0,0
13.02,0.4,0.0,0.0,3.9276,-0.7927,0.6218,0.3035,-0.152,0.0182,-0.14,-4.2,4.2,100.0,0,0,0
13.04,0.4,0.0,0.0,3.9329,-0.7973,0.6207,0.2946,-0.1822,-0.0004,0.04,-4.18,4.18,100.0,0,0,0
13.06,0.4,0.0,0.0,3.9378,-0.8022,0.6189,0.2791,-0.2014,-0.0538,0.36,-4.15,4.16,100.0,0,0,0
13.08,0.4,0.0,0.0,3.9427,-0.8073,0.6168,0.299,-0.2031,-0.0274,0.87,-4.18,4.27,100.0,0,0,0
13.1,0.4,0.0,0.0,3.9482,-0.8124,0.6167,0.3327,-0.1952,0.0886,1.27,-4.37,4.55,100.0,0,0,0
13.12,0.4,0.0,0.0,3.9537,-0.8171,0.6185,0.3141,-0.162,-0.0711,1.47,-4.52,4.76,100.0,0,0,0
13.14,0.4,0.0,0.0,3.959,-0.8209,0.6206,0.3003,-0.1195,-0.1237,1.58,-4.56,4.83,100.0,0,0,0
13.16,0.4,0.0,0.0,3.9643,-0.8239,0.6224,0.295,-0.0788,-0.1269,1.66,-4.55,4.84,100.0,0,0,0
13.18,0.4,0.0,0.0,3.9699,-0.8262,0.6236,0.2976,-0.0393,-0.1082,1.71,-4.52,4.83,100.0,0,0,0
13.2,0.4,0.0,0.0,3.9757,-0.8276,0.6244,0.3029,0.0,-0.0834,1.71,-4.5,4.82,100.0,0,0,0
13.22,0.4,0.0,0.0,3.9818,-0.8284,0.6247,0.3098,0.0393,-0.0612,1.67,-4.49,4.79,100.0,0,0,0
13.24,0.4,0.0,0.0,3.9883,-0.8284,0.6246,0.3175,0.0772,-0.0459,1.59,-4.49,4.77,100.0,0,0,0
13.26,0.4,0.0,0.0,3.9951,-0.8278,0.624,0.3218,0.1096,-0.0318,1.46,-4.49,4.72,100.0,0,0,0
13.28,0.4,0.0,0.0,4.002,-0.8266,0.6228,0.3208,0.1339,-0.0016,1.23,-4.48,4.64,100.0,0,0,0
13.3,0.4,0.0,0.0,4.0088,-0.8252,0.6206,0.3097,0.1415,0.1325,0.83,-4.43,4.51,100.0,0,0,0
13.32,0.4,0.0,0.0,4.0159,-0.8239,0.6181,0.3435,0.1341,-0.0928,0.35,-4.44,4.45,100.0,0,0,0
13.34,0.4,0.0,0.0,4.0233,-0.823,0.6176,0.3624,0.115,-0.1501,0.05,-4.56,4.56,100.0,0,0,0
13.36,0.4,0.0,0.0,4.0304,-0.8227,0.6189,0.3379,0.0813,0.0144,-0.11,-4.61,4.61,100.0,0,0,0
13.38,0.4,0.0,0.0,4.0369,-0.8229,0.6204,0.3198,0.04,0.06,-0.21,-4.56,4.57,100.0,0,0,0
13.4,0.4,0.0,0.0,4.043,-0.8239,0.6216,0.3075,0.005,0.0554,-0.29,-4.48,4.49,100.0,0,0,0
13.42,0.4,0.0,0.0,4.0488,-0.8255,0.6224,0.3027,-0.0275,0.0461,-0.34,-4.4,4.42,100.0,0,0,0
13.44,0.4,0.0,0.0,4.0545,-0.8276,0.6228,0.3011,-0.0578,0.037,-0.35,-4.34,4.35,100.0,0,0,0
13.46,0.4,0.0,0.0,4.0601,-0.8304,0.6229,0.3013,-0.0865,0.0321,-0.33,-4.29,4.3,100.0,0,0,0
13.48,0.4,0.0,0.0,4.0656,-0.8337,0.6227,0.303,-0.1153,0.0269,-0.26,-4.26,4.27,100.0,0,0,0
13.5,0.4,0.0,0.0,4.0711,-0.8377,0.6221,0.3039,-0.146,0.019,-0.15,-4.25,4.25,100.0,0,0,0
13.52,0.4,0.0,0.0,4.0764,-0.8422,0.6211,0.2982,-0.1763,0.0111,0.02,-4.23,4.23,100.0,0,0,0
13.54,0.4,0.0,0.0,4.0814,-0.8471,0.6195,0.2832,-0.199,-0.041,0.3,-4.2,4.21,100.0,0,0,0
13.56,0.4,0.0,0.0,4.0862,-0.8522,0.6173,0.2848,-0.2022,-0.0584,0.79,-4.2,4.28,100.0,0,0,0
13.58,0.4,0.0,0.0,4.0915,-0.8574,0.6166,0.3339,-0.1991,0.139,1.23,-4.39,4.55,100.0,0,0,0
13.6,0.4,0.0,0.0,4.0971,-0.8623,0.6182,0.3192,-0.172,-0.0372,1.45,-4.57,4.79,100.0,0,0,0
13.62,0.4,0.0,0.0,4.1024,-0.8663,0.6204,0.3025,-0.1284,-0.1167,1.57,-4.62,4.88,100.0,0,0,0
13.64,0.4,0.0,0.0,4.1076,-0.8696,0.6222,0.2947,-0.0873,-0.1291,1.66,-4.61,4.9,100.0,0,0,0
13.66,0.4,0.0,0.0,4.1131,-0.872,0.6235,0.2962,-0.0474,-0.1117,1.71,-4.58,4.89,100.0,0,0,0
13.68,0.4,0.0,0.0,4.1188,-0.8737,0.6244,0.301,-0.0084,-0.0878,1.72,-4.55,4.87,100.0,0,0,0
13.7,0.4,0.0,0.0,4.1249,-0.8746,0.6249,0.3077,0.0309,-0.0636,1.7,-4.54,4.84,100.0,0,0,0
13.72,0.4,0.0,0.0,4.1313,-0.8748,0.6249,0.3157,0.069,-0.0483,1.63,-4.53,4.81,100.0,0,0,0
13.74,0.4,0.0,0.0,4.138,-0.8744,0.6244,0.3209,0.1031,-0.0319,1.51,-4.53,4.77,100.0,0,0,0
13.76,0.4,0.0,0.0,4.1449,-0.8734,0.6233,0.3218,0.1298,-0.0121,1.31,-4.51,4.7,100.0,0,0,0
13.78,0.4,0.0,0.0,4.1518,-0.872,0.6214,0.3146,0.1422,0.0831,0.96,-4.47,4.58,100.0,0,0,0
13.8,0.4,0.0,0.0,4.1587,-0.8707,0.6186,0.3269,0.136,-0.0061,0.46,-4.44,4.47,100.0,0,0,0
13.82,0.4,0.0,0.0,4.1662,-0.8697,0.6175,0.3642,0.123,-0.1616,0.11,-4.55,4.55,100.0,0,0,0
13.84,0.4,0.0,0.0,4.1734,-0.8692,0.6185,0.344,0.0926,-0.0184,-0.07,-4.62,4.62,100.0,0,0,0
13.86,0.4,0.0,0.0,4.18,-0.8694,0.6201,0.3244,0.0502,0.0591,-0.2,-4.59,4.6,100.0,0,0,0
13.88,0.4,0.0,0.0,4.1862,-0.8702,0.6214,0.3101,0.0141,0.0595,-0.3,-4.51,4.52,100.0,0,0,0
13.9,0.4,0.0,0.0,4.192,-0.8716,0.6223,0.3039,-0.018,0.0498,-0.36,-4.43,4.44,100.0,0,0,0
13.92,0.4,0.0,0.0,4.1978,-0.8737,0.6228,0.3019,-0.0489,0.0403,-0.39,-4.36,4.37,100.0,0,0,0
13.94,0.4,0.0,0.0,4.2034,-0.8763,0.623,0.3018,-0.0777,0.0343,-0.38,-4.3,4.32,100.0,0,0,0
13.96,0.4,0.0,0.0,4.2089,-0.8795,0.6229,0.3034,-0.1062,0.0317,-0.32,-4.26,4.28,100.0,0,0,0
13.98,0.4,0.0,0.0,4.2144,-0.8833,0.6224,0.3044,-0.1361,0.0211,-0.23,-4.24,4.25,100.0,0,0,0
14.0,0.4,0.0,0.0,4.2198,-0.8876,0.6216,0.3027,-0.1667,0.0212,-0.08,-4.23,4.23,100.0,0,0,0
14.02,0.4,0.0,0.0,4.2249,-0.8925,0.6202,0.2894,-0.1937,-0.0182,0.15,-4.21,4.21,100.0,0,0,0
14.04,0.4,0.0,0.0,4.2297,-0.8977,0.6181,0.274,-0.2034,-0.0863,0.58,-4.19,4.23,100.0,0,0,0
14.06,0.4,0.0,0.0,4.2347,-0.9028,0.6163,0.3215,-0.2012,0.1739,1.1,-4.3,4.44,100.0,0,0,0
14.08,0.4,0.0,0.0,4.2403,-0.9079,0.6172,0.3345,-0.1862,0.1152,1.39,-4.54,4.75,100.0,0,0,0
14.1,0.4,0.0,0.0,4.2457,-0.9124,0.6194,0.3109,-0.1464,-0.0743,1.53,-4.67,4.91,100.0,0,0,0
14.12,0.4,0.0,0.0,4.251,-0.916,0.6216,0.2978,-0.1052,-0.1239,1.62,-4.67,4.95,100.0,0,0,0
14.14,0.4,0.0,0.0,4.2563,-0.9188,0.6233,0.2953,-0.065,-0.1191,1.69,-4.64,4.94,100.0,0,0,0
14.16,0.4,0.0,0.0,4.2619,-0.9209,0.6244,0.2989,-0.0264,-0.1002,1.72,-4.61,4.91,100.0,0,0,0
14.18,0.4,0.0,0.0,4.2678,-0.9222,0.6251,0.305,0.0126,-0.0731,1.71,-4.58,4.89,100.0,0,0,0
14.2,0.4,0.0,0.0,4.274,-0.9228,0.6253,0.3131,0.0509,-0.0567,1.66,-4.57,4.86,100.0,0,0,0
14.22,0.4,0.0,0.0,4.2806,-0.9227,0.625,0.3193,0.0879,-0.0374,1.57,-4.57,4.83,100.0,0,0,0
14.24,0.4,0.0,0.0,4.2875,-0.922,0.6243,0.3226,0.1172,-0.0255,1.41,-4.56,4.77,100.0,0,0,0
14.26,0.4,0.0,0.0,4.2944,-0.9208,0.6228,0.3193,0.1369,0.0296,1.14,-4.53,4.67,100.0,0,0,0
14.28,0.4,0.0,0.0,4.3012,-0.9194,0.6202,0.3057,0.1372,0.1964,0.67,-4.47,4.52,100.0,0,0,0
14.3,0.4,0.0,0.0,4.3085,-0.9184,0.6182,0.3576,0.1277,-0.2002,0.23,-4.53,4.54,100.0,0,0,0
14.32,0.4,0.0,0.0,4.316,-0.9178,0.6182,0.3597,0.1046,-0.1281,-0.02,-4.63,4.63,100.0,0,0,0
14.34,0.4,0.0,0.0,4.323,-0.9178,0.6196,0.3358,0.0677,0.0264,-0.15,-4.64,4.64,100.0,0,0,0
14.36,0.4,0.0,0.0,4.3294,-0.9184,0.621,0.3188,0.0275,0.0557,-0.24,-4.57,4.57,100.0,0,0,0
14.38,0.4,0.0,0.0,4.3354,-0.9196,0.622,0.3085,-0.0065,0.0502,-0.31,-4.47,4.48,100.0,0,0,0
14.4,0.4,0.0,0.0,4.3412,-0.9215,0.6226,0.3048,-0.0386,0.041,-0.34,-4.38,4.39,100.0,0,0,0
14.42,0.4,0.0,0.0,4.3469,-0.924,0.6229,0.3037,-0.0685,0.0335,-0.34,-4.31,4.32,100.0,0,0,0
14.44,0.4,0.0,0.0,4.3525,-0.927,0.6229,0.304,-0.0971,0.0297,-0.31,-4.25,4.26,100.0,0,0,0
14.46,0.4,0.0,0.0,4.358,-0.9307,0.6226,0.3056,-0.1261,0.0237,-0.23,-4.22,4.23,100.0,0,0,0
14.48,0.4,0.0,0.0,4.3634,-0.9349,0.6219,0.3056,-0.1572,0.0184,-0.1,-4.2,4.21,100.0,0,0,0
14.5,0.4,0.0,0.0,4.3686,-0.9397,0.6207,0.2955,-0.1869,-0.0015,0.09,-4.18,4.18,100.0,0,0,0
14.52,0.4,0.0,0.0,4.3734,-0.9448,0.6189,0.2791,-0.2045,-0.0565,0.43,-4.15,4.17,100.0,0,0,0
14.54,0.4,0.0,0.0,4.3782,-0.95,0.6167,0.3034,-0.2042,0.026,0.95,-4.19,4.3,100.0,0,0,0
14.56,0.4,0.0,0.0,4.3837,-0.9553,0.6167,0.3372,-0.1955,0.1254,1.33,-4.41,4.6,100.0,0,0,0
14.58,0.4,0.0,0.0,4.3891,-0.9601,0.6187,0.3162,-0.1618,-0.0637,1.52,-4.56,4.81,100.0,0,0,0
14.6,0.4,0.0,0.0,4.3944,-0.964,0.6209,0.3012,-0.1194,-0.1237,1.63,-4.6,4.88,100.0,0,0,0
14.62,0.4,0.0,0.0,4.3997,-0.9671,0.6226,0.2958,-0.0787,-0.1262,1.71,-4.57,4.88,100.0,0,0,0
14.64,0.4,0.0,0.0,4.4052,-0.9695,0.6239,0.2985,-0.0394,-0.1077,1.75,-4.54,4.87,100.0,0,0,0
14.66,0.4,0.0,0.0,4.411,-0.9711,0.6246,0.3039,-0.0003,-0.0823,1.76,-4.52,4.85,100.0,0,0,0
14.68,0.4,0.0,0.0,4.4171,-0.972,0.625,0.3109,0.0387,-0.0607,1.72,-4.51,4.82,100.0,0,0,0
14.7,0.4,0.0,0.0,4.4236,-0.9721,0.6248,0.3184,0.0764,-0.0448,1.65,-4.5,4.79,100.0,0,0,0
14.72,0.4,0.0,0.0,4.4304,-0.9717,0.6242,0.3228,0.1093,-0.0293,1.52,-4.5,4.75,100.0,0,0,0
14.74,0.4,0.0,0.0,4.4374,-0.9707,0.623,0.3219,0.1338,-0.0013,1.29,-4.48,4.66,100.0,0,0,0
14.76,0.4,0.0,0.0,4.4443,-0.9693,0.6208,0.3107,0.1423,0.1322,0.9,-4.43,4.52,100.0,0,0,0
14.78,0.4,0.0,0.0,4.4514,-0.9681,0.6182,0.3431,0.1355,-0.0701,0.42,-4.43,4.45,100.0,0,0,0
14.8,0.4,0.0,0.0,4.4589,-0.9674,0.6177,0.3625,0.1162,-0.1319,0.11,-4.54,4.54,100.0,0,0,0
14.82,0.4,0.0,0.0,4.466,-0.9671,0.6189,0.3392,0.0831,0.017,-0.05,-4.58,4.58,100.0,0,0,0
14.84,0.4,0.0,0.0,4.4725,-0.9675,0.6204,0.3217,0.0416,0.0584,-0.16,-4.54,4.54,100.0,0,0,0
14.86,0.4,0.0,0.0,4.4786,-0.9686,0.6216,0.3094,0.0064,0.0539,-0.25,-4.46,4.47,100.0,0,0,0
14.88,0.4,0.0,0.0,4.4844,-0.9702,0.6223,0.3044,-0.0264,0.0448,-0.3,-4.39,4.4,100.0,0,0,0
14.9,0.4,0.0,0.0,4.4901,-0.9725,0.6227,0.3028,-0.0567,0.0362,-0.31,-4.32,4.33,100.0,0,0,0
14.92,0.4,0.0,0.0,4.4957,-0.9754,0.6229,0.3028,-0.0854,0.0318,-0.29,-4.28,4.29,100.0,0,0,0
14.94,0.4,0.0,0.0,4.5012,-0.9788,0.6227,0.3043,-0.1142,0.0282,-0.22,-4.25,4.25,100.0,0,0,0
14.96,0.4,0.0,0.0,4.5066,-0.9828,0.6221,0.3052,-0.1448,0.0195,-0.12,-4.23,4.23,100.0,0,0,0
14.98,0.4,0.0,0.0,4.5119,-0.9874,0.6212,0.3006,-0.1751,0.0157,0.04,-4.22,4.22,100.0,0,0,0
15.0,0.4,0.0,0.0,4.5168,-0.9924,0.6196,0.2853,-0.1985,-0.0356,0.31,-4.19,4.21,100.0,0,0,0
15.02,0.4,0.0,0.0,4.5215,-0.9976,0.6174,0.2842,-0.2039,-0.0843,0.79,-4.19,4.27,100.0,0,0,0
15.04,0.4,0.0,0.0,4.5268,-1.0029,0.6166,0.3335,-0.2016,0.1216,1.24,-4.37,4.54,100.0,0,0,0
15.06,0.4,0.0,0.0,4.5322,-1.008,0.6182,0.3194,-0.175,-0.0435,1.46,-4.55,4.78,100.0,0,0,0
15.08,0.4,0.0,0.0,4.5374,-1.0122,0.6203,0.3025,-0.1308,-0.1186,1.59,-4.61,4.87,100.0,0,0,0
15.1,0.4,0.0,0.0,4.5426,-1.0156,0.6221,0.2945,-0.0896,-0.1301,1.68,-4.59,4.89,100.0,0,0,0
15.12,0.4,0.0,0.0,4.548,-1.0182,0.6235,0.2959,-0.0495,-0.1122,1.74,-4.57,4.88,100.0,0,0,0
15.14,0.4,0.0,0.0,4.5537,-1.02,0.6243,0.3006,-0.0104,-0.0884,1.75,-4.54,4.87,100.0,0,0,0
15.16,0.4,0.0,0.0,4.5597,-1.0211,0.6248,0.3073,0.0289,-0.0638,1.73,-4.52,4.84,100.0,0,0,0
15.18,0.4,0.0,0.0,4.566,-1.0215,0.6248,0.3152,0.0672,-0.0485,1.66,-4.52,4.81,100.0,0,0,0
15.2,0.4,0.0,0.0,4.5727,-1.0212,0.6243,0.3207,0.1021,-0.0306,1.55,-4.52,4.77,100.0,0,0,0
15.22,0.4,0.0,0.0,4.5797,-1.0204,0.6233,0.3221,0.1293,-0.0132,1.35,-4.51,4.7,100.0,0,0,0
15.24,0.4,0.0,0.0,4.5866,-1.0191,0.6215,0.3155,0.143,0.0725,1.02,-4.46,4.58,100.0,0,0,0
15.26,0.4,0.0,0.0,4.5936,-1.0179,0.6187,0.3249,0.1379,0.0073,0.52,-4.43,4.46,100.0,0,0,0
15.28,0.4,0.0,0.0,4.601,-1.017,0.6175,0.3624,0.1258,-0.1374,0.16,-4.52,4.52,100.0,0,0,0
15.3,0.4,0.0,0.0,4.6082,-1.0166,0.6185,0.3436,0.095,-0.0127,-0.03,-4.58,4.58,100.0,0,0,0
15.32,0.4,0.0,0.0,4.6149,-1.0168,0.62,0.3241,0.053,0.0605,-0.17,-4.55,4.55,100.0,0,0,0
15.34,0.4,0.0,0.0,4.621,-1.0177,0.6212,0.3099,0.0165,0.06,-0.27,-4.47,4.48,100.0,0,0,0
15.36,0.4,0.0,0.0,4.6269,-1.0192,0.6221,0.3036,-0.0159,0.0497,-0.33,-4.39,4.4,100.0,0,0,0
15.38,0.4,0.0,0.0,4.6326,-1.0213,0.6226,0.3017,-0.0468,0.0403,-0.36,-4.31,4.33,100.0,0,0,0
15.4,0.4,0.0,0.0,4.6381,-1.024,0.6228,0.3016,-0.0758,0.0343,-0.35,-4.26,4.28,100.0,0,0,0
15.42,0.4,0.0,0.0,4.6436,-1.0273,0.6227,0.3032,-0.1044,0.0323,-0.3,-4.23,4.24,100.0,0,0,0
15.44,0.4,0.0,0.0,4.6491,-1.0311,0.6223,0.3042,-0.1342,0.0217,-0.21,-4.21,4.21,100.0,0,0,0
15.46,0.4,0.0,0.0,4.6543,-1.0355,0.6215,0.3031,-0.165,0.0216,-0.07,-4.2,4.2,100.0,0,0,0
15.48,0.4,0.0,0.0,4.6594,-1.0405,0.6201,0.29,-0.1926,-0.0145,0.15,-4.18,4.18,100.0,0,0,0
15.5,0.4,0.0,0.0,4.664,-1.0457,0.6181,0.2743,-0.203,-0.0816,0.57,-4.16,4.2,100.0,0,0,0
15.52,0.4,0.0,0.0,4.6689,-1.051,0.6163,0.32,-0.2016,0.1524,1.08,-4.27,4.4,100.0,0,0,0
15.54,0.4,0.0,0.0,4.6744,-1.0562,0.6171,0.3329,-0.1877,0.0944,1.39,-4.5,4.71,100.0,0,0,0
15.56,0.4,0.0,0.0,4.6797,-1.0608,0.6194,0.3098,-0.1482,-0.0792,1.53,-4.63,4.88,100.0,0,0,0
15.58,0.4,0.0,0.0,4.6849,-1.0646,0.6215,0.2967,-0.1069,-0.1248,1.62,-4.64,4.92,100.0,0,0,0
15.6,0.4,0.0,0.0,4.6901,-1.0675,0.6232,0.2941,-0.0664,-0.1194,1.69,-4.62,4.91,100.0,0,0,0
15.62,0.4,0.0,0.0,4.6957,-1.0697,0.6243,0.2976,-0.0277,-0.1,1.72,-4.58,4.9,100.0,0,0,0
15.64,0.4,0.0,0.0,4.7015,-1.0711,0.6249,0.3037,0.0115,-0.0728,1.72,-4.56,4.87,100.0,0,0,0
15.66,0.4,0.0,0.0,4.7077,-1.0718,0.6252,0.3117,0.0499,-0.0563,1.67,-4.56,4.85,100.0,0,0,0
15.68,0.4,0.0,0.0,4.7143,-1.0719,0.6249,0.3182,0.0871,-0.0367,1.58,-4.55,4.82,100.0,0,0,0
15.7,0.4,0.0,0.0,4.7211,-1.0713,0.6242,0.3216,0.1168,-0.0253,1.42,-4.55,4.76,100.0,0,0,0
15.72,0.4,0.0,0.0,4.728,-1.0703,0.6227,0.3188,0.1372,0.026,1.16,-4.52,4.67,100.0,0,0,0
15.74,0.4,0.0,0.0,4.7349,-1.069,0.6202,0.3051,0.1384,0.1931,0.69,-4.46,4.52,100.0,0,0,0
15.76,0.4,0.0,0.0,4.7422,-1.0681,0.6182,0.3551,0.1292,-0.1834,0.25,-4.51,4.52,100.0,0,0,0
15.78,0.4,0.0,0.0,4.7496,-1.0676,0.6182,0.3587,0.1057,-0.1195,0.0,-4.6,4.6,100.0,0,0,0
15.8,0.4,0.0,0.0,4.7566,-1.0677,0.6195,0.3347,0.0686,0.0275,-0.13,-4.61,4.61,100.0,0,0,0
15.82,0.4,0.0,0.0,4.763,-1.0684,0.6208,0.3181,0.0282,0.056,-0.22,-4.54,4.54,100.0,0,0,0
15.84,0.4,0.0,0.0,4.769,-1.0698,0.6219,0.3077,-0.0059,0.0499,-0.29,-4.44,4.45,100.0,0,0,0
15.86,0.4,0.0,0.0,4.7747,-1.0717,0.6225,0.3041,-0.0382,0.0406,-0.33,-4.35,4.36,100.0,0,0,0
15.88,0.4,0.0,0.0,4.7803,-1.0743,0.6228,0.303,-0.0682,0.0331,-0.33,-4.28,4.29,100.0,0,0,0
15.9,0.4,0.0,0.0,4.7858,-1.0775,0.6228,0.3033,-0.0969,0.0299,-0.29,-4.22,4.23,100.0,0,0,0
15.92,0.4,0.0,0.0,4.7913,-1.0812,0.6225,0.3049,-0.1258,0.0243,-0.21,-4.19,4.2,100.0,0,0,0
15.94,0.4,0.0,0.0,4.7966,-1.0855,0.6218,0.305,-0.1569,0.0187,-0.08,-4.18,4.18,100.0,0,0,0
15.96,0.4,0.0,0.0,4.8017,-1.0904,0.6207,0.2953,-0.1868,-0.0002,0.1,-4.16,4.16,100.0,0,0,0
15.98,0.4,0.0,0.0,4.8064,-1.0956,0.6189,0.2791,-0.2045,-0.0541,0.44,-4.13,4.15,100.0,0,0,0
16.0,0.4,0.0,0.0,4.8111,-1.1009,0.6167,0.3028,-0.2046,0.0159,0.96,-4.17,4.28,100.0,0,0,0
16.02,0.4,0.0,0.0,4.8165,-1.1063,0.6167,0.3362,-0.1962,0.117,1.34,-4.39,4.59,100.0,0,0,0
16.04,0.4,0.0,0.0,4.8218,-1.1112,0.6187,0.3152,-0.1629,-0.0677,1.53,-4.55,4.8,100.0,0,0,0
16.06,0.4,0.0,0.0,4.8269,-1.1152,0.6208,0.2999,-0.1204,-0.1256,1.64,-4.59,4.87,100.0,0,0,0
16.08,0.4,0.0,0.0,4.8321,-1.1185,0.6226,0.2944,-0.0795,-0.1272,1.72,-4.57,4.88,100.0,0,0,0
16.1,0.4,0.0,0.0,4.8375,-1.1209,0.6238,0.2971,-0.0402,-0.108,1.77,-4.54,4.87,100.0,0,0,0
16.12,0.4,0.0,0.0,4.8433,-1.1227,0.6246,0.3025,-0.0011,-0.0823,1.77,-4.52,4.85,100.0,0,0,0
16.14,0.4,0.0,0.0,4.8494,-1.1237,0.6249,0.3095,0.038,-0.0602,1.74,-4.51,4.83,100.0,0,0,0
16.16,0.4,0.0,0.0,4.8558,-1.124,0.6248,0.3172,0.0757,-0.0441,1.67,-4.5,4.8,100.0,0,0,0
16.18,0.4,0.0,0.0,4.8626,-1.1237,0.6242,0.3217,0.1088,-0.0281,1.53,-4.5,4.75,100.0,0,0,0
16.2,0.4,0.0,0.0,4.8696,-1.1228,0.623,0.3212,0.1337,-0.0019,1.31,-4.48,4.67,100.0,0,0,0
16.22,0.4,0.0,0.0,4.8765,-1.1216,0.6208,0.3114,0.1421,0.1192,0.93,-4.43,4.52,100.0,0,0,0
16.24,0.4,0.0,0.0,4.8836,-1.1205,0.6183,0.3409,0.1369,-0.0642,0.45,-4.42,4.45,100.0,0,0,0
16.26,0.4,0.0,0.0,4.8911,-1.1199,0.6175,0.3652,0.1152,-0.149,0.12,-4.53,4.53,100.0,0,0,0
16.28,0.4,0.0,0.0,4.8983,-1.1198,0.6186,0.3419,0.0878,0.0083,-0.06,-4.57,4.57,100.0,0,0,0
16.3,0.4,0.0,0.0,4.9049,-1.1202,0.6201,0.3235,0.0445,0.0682,-0.17,-4.53,4.54,100.0,0,0,0
16.32,0.4,0.0,0.0,4.911,-1.1213,0.6214,0.3092,0.0087,0.0627,-0.26,-4.45,4.45,100.0,0,0,0
16.34,0.4,0.0,0.0,4.9168,-1.1231,0.6223,0.3038,-0.0239,0.051,-0.32,-4.36,4.37,100.0,0,0,0
16.36,0.4,0.0,0.0,4.9224,-1.1254,0.6227,0.302,-0.0542,0.0413,-0.35,-4.29,4.3,100.0,0,0,0
16.38,0.4,0.0,0.0,4.9279,-1.1283,0.6229,0.3022,-0.0829,0.035,-0.33,-4.24,4.25,100.0,0,0,0
16.4,0.4,0.0,0.0,4.9333,-1.1318,0.6227,0.3038,-0.1114,0.0316,-0.27,-4.21,4.22,100.0,0,0,0
16.42,0.4,0.0,0.0,4.9387,-1.1358,0.6222,0.3048,-0.1417,0.021,-0.17,-4.19,4.2,100.0,0,0,0
16.44,0.4,0.0,0.0,4.9439,-1.1405,0.6213,0.3016,-0.1719,0.0205,-0.02,-4.18,4.18,100.0,0,0,0
16.46,0.4,0.0,0.0,4.9488,-1.1456,0.6198,0.2867,-0.1968,-0.0259,0.24,-4.16,4.17,100.0,0,0,0
16.48,0.4,0.0,0.0,4.9533,-1.1509,0.6176,0.2746,-0.203,-0.1055,0.71,-4.16,4.21,100.0,0,0,0
16.5,0.4,0.0,0.0,4.9585,-1.1562,0.6165,0.3346,-0.1999,0.2124,1.17,-4.34,4.49,100.0,0,0,0
16.52,0.4,0.0,0.0,4.9639,-1.1615,0.6178,0.3251,-0.1824,0.0036,1.42,-4.55,4.77,100.0,0,0,0
16.54,0.4,0.0,0.0,4.969,-1.1659,0.62,0.3052,-0.1367,-0.1008,1.55,-4.64,4.89,100.0,0,0,0
16.56,0.4,0.0,0.0,4.9741,-1.1695,0.622,0.294,-0.0964,-0.1295,1.65,-4.63,4.92,100.0,0,0,0
16.58,0.4,0.0,0.0,4.9794,-1.1723,0.6235,0.294,-0.0559,-0.1149,1.72,-4.6,4.91,100.0,0,0,0
16.6,0.4,0.0,0.0,4.985,-1.1743,0.6245,0.2981,-0.0175,-0.0928,1.74,-4.57,4.89,100.0,0,0,0
16.62,0.4,0.0,0.0,4.9909,-1.1757,0.625,0.3046,0.0216,-0.0666,1.73,-4.55,4.87,100.0,0,0,0
16.64,0.4,0.0,0.0,4.9971,-1.1763,0.6251,0.3126,0.0597,-0.0514,1.67,-4.55,4.84,100.0,0,0,0
16.66,0.4,0.0,0.0,5.0038,-1.1762,0.6248,0.3186,0.0961,-0.0323,1.57,-4.54,4.81,100.0,0,0,0
16.68,0.4,0.0,0.0,5.0106,-1.1756,0.6239,0.3213,0.1242,-0.0188,1.4,-4.54,4.75,100.0,0,0,0
16.7,0.4,0.0,0.0,5.0176,-1.1746,0.6222,0.3168,0.1411,0.0498,1.09,-4.5,4.63,100.0,0,0,0
16.72,0.4,0.0,0.0,5.0245,-1.1734,0.6195,0.3159,0.1372,0.1114,0.59,-4.45,4.49,100.0,0,0,0
16.74,0.4,0.0,0.0,5.0319,-1.1726,0.6179,0.3598,0.1275,-0.1779,0.19,-4.52,4.53,100.0,0,0,0
16.76,0.4,0.0,0.0,5.0393,-1.1722,0.6183,0.3504,0.1031,-0.0629,-0.03,-4.6,4.6,100.0,0,0,0
16.78,0.4,0.0,0.0,5.0461,-1.1724,0.6198,0.3294,0.0613,0.0467,-0.16,-4.58,4.58,100.0,0,0,0
16.8,0.4,0.0,0.0,5.0523,-1.1733,0.6211,0.3136,0.0236,0.0594,-0.26,-4.5,4.51,100.0,0,0,0
16.82,0.4,0.0,0.0,5.0582,-1.1748,0.622,0.3058,-0.0099,0.0507,-0.33,-4.4,4.41,100.0,0,0,0
16.84,0.4,0.0,0.0,5.0639,-1.1769,0.6226,0.3031,-0.0413,0.0408,-0.37,-4.32,4.33,100.0,0,0,0
16.86,0.4,0.0,0.0,5.0695,-1.1796,0.6229,0.3027,-0.0708,0.0342,-0.36,-4.25,4.27,100.0,0,0,0
16.88,0.4,0.0,0.0,5.0749,-1.1829,0.6228,0.3033,-0.0995,0.0303,-0.32,-4.2,4.21,100.0,0,0,0
16.9,0.4,0.0,0.0,5.0803,-1.1867,0.6224,0.3053,-0.1285,0.0254,-0.24,-4.17,4.18,100.0,0,0,0
16.92,0.4,0.0,0.0,5.0856,-1.1911,0.6217,0.3046,-0.1597,0.0215,-0.11,-4.16,4.16,100.0,0,0,0
16.94,0.4,0.0,0.0,5.0906,-1.1961,0.6204,0.2937,-0.189,-0.0022,0.1,-4.14,4.14,100.0,0,0,0
16.96,0.4,0.0,0.0,5.0952,-1.2014,0.6186,0.2775,-0.2049,-0.0643,0.46,-4.12,4.15,100.0,0,0,0
16.98,0.4,0.0,0.0,5.0999,-1.2067,0.6164,0.3053,-0.2041,0.06,1.0,-4.17,4.29,100.0,0,0,0
17.0,0.4,0.0,0.0,5.1052,-1.2122,0.6166,0.3405,-0.1948,0.1627,1.37,-4.42,4.63,100.0,0,0,0
17.02,0.4,0.0,0.0,5.1105,-1.2171,0.6187,0.316,-0.1612,-0.0555,1.54,-4.6,4.85,100.0,0,0,0
17.04,0.4,0.0,0.0,5.1157,-1.2212,0.621,0.2999,-0.1189,-0.1235,1.64,-4.63,4.91,100.0,0,0,0
17.06,0.4,0.0,0.0,5.1208,-1.2245,0.6228,0.2942,-0.0783,-0.1266,1.71,-4.61,4.92,100.0,0,0,0
17.08,0.4,0.0,0.0,5.1262,-1.2269,0.6241,0.2968,-0.0393,-0.1082,1.76,-4.58,4.91,100.0,0,0,0
17.1,0.4,0.0,0.0,5.1319,-1.2287,0.6249,0.3023,-0.0005,-0.0817,1.76,-4.56,4.89,100.0,0,0,0
17.12,0.4,0.0,0.0,5.138,-1.2298,0.6253,0.3098,0.0382,-0.0609,1.73,-4.55,4.87,100.0,0,0,0
17.14,0.4,0.0,0.0,5.1445,-1.2301,0.6251,0.3171,0.0758,-0.0426,1.65,-4.55,4.84,100.0,0,0,0
17.16,0.4,0.0,0.0,5.1512,-1.2299,0.6245,0.3216,0.1084,-0.0271,1.52,-4.54,4.79,100.0,0,0,0
17.18,0.4,0.0,0.0,5.1582,-1.2291,0.6233,0.321,0.1326,0.0019,1.29,-4.52,4.7,100.0,0,0,0
17.2,0.4,0.0,0.0,5.1651,-1.228,0.6211,0.3104,0.1403,0.1348,0.9,-4.47,4.56,100.0,0,0,0
17.22,0.4,0.0,0.0,5.1722,-1.227,0.6185,0.3406,0.134,-0.0784,0.41,-4.46,4.48,100.0,0,0,0
17.24,0.4,0.0,0.0,5.1797,-1.2266,0.6177,0.3653,0.1119,-0.1676,0.09,-4.56,4.56,100.0,0,0,0
17.26,0.4,0.0,0.0,5.1869,-1.2266,0.6188,0.3428,0.0847,-0.0001,-0.08,-4.6,4.61,100.0,0,0,0
17.28,0.4,0.0,0.0,5.1935,-1.2271,0.6203,0.3248,0.0416,0.0649,-0.19,-4.56,4.56,100.0,0,0,0
17.3,0.4,0.0,0.0,5.1996,-1.2284,0.6215,0.3108,0.0058,0.0608,-0.27,-4.47,4.48,100.0,0,0,0
17.32,0.4,0.0,0.0,5.2054,-1.2302,0.6223,0.3053,-0.0269,0.0498,-0.32,-4.38,4.39,100.0,0,0,0
17.34,0.4,0.0,0.0,5.211,-1.2327,0.6228,0.3035,-0.0574,0.0398,-0.34,-4.31,4.32,100.0,0,0,0
17.36,0.4,0.0,0.0,5.2165,-1.2357,0.6229,0.3036,-0.0861,0.0337,-0.32,-4.25,4.26,100.0,0,0,0
17.38,0.4,0.0,0.0,5.2219,-1.2393,0.6227,0.3051,-0.1148,0.0295,-0.25,-4.22,4.23,100.0,0,0,0
17.4,0.4,0.0,0.0,5.2272,-1.2435,0.6222,0.3058,-0.1452,0.0196,-0.15,-4.2,4.2,100.0,0,0,0
17.42,0.4,0.0,0.0,5.2324,-1.2483,0.6212,0.3017,-0.1754,0.0175,0.01,-4.18,4.18,100.0,0,0,0
17.44,0.4,0.0,0.0,5.2372,-1.2535,0.6197,0.2864,-0.1994,-0.0318,0.28,-4.16,4.17,100.0,0,0,0
17.46,0.4,0.0,0.0,5.2417,-1.2588,0.6174,0.2747,-0.2049,-0.1142,0.77,-4.16,4.23,100.0,0,0,0
17.48,0.4,0.0,0.0,5.2468,-1.2643,0.6163,0.3393,-0.2009,0.2475,1.24,-4.35,4.52,100.0,0,0,0
17.5,0.4,0.0,0.0,5.2522,-1.2696,0.6177,0.328,-0.183,0.0151,1.46,-4.58,4.81,100.0,0,0,0
17.52,0.4,0.0,0.0,5.2574,-1.2742,0.6201,0.3067,-0.137,-0.1019,1.59,-4.67,4.93,100.0,0,0,0
17.54,0.4,0.0,0.0,5.2625,-1.2778,0.6222,0.2948,-0.0964,-0.1321,1.68,-4.66,4.95,100.0,0,0,0
17.56,0.4,0.0,0.0,5.2677,-1.2807,0.6237,0.2948,-0.0562,-0.1173,1.75,-4.62,4.94,100.0,0,0,0
17.58,0.4,0.0,0.0,5.2733,-1.2828,0.6247,0.2988,-0.018,-0.0955,1.78,-4.59,4.92,100.0,0,0,0
17.6,0.4,0.0,0.0,5.2792,-1.2842,0.6252,0.3053,0.0209,-0.0686,1.77,-4.57,4.9,100.0,0,0,0
17.62,0.4,0.0,0.0,5.2854,-1.2849,0.6253,0.3133,0.0588,-0.0527,1.72,-4.56,4.88,100.0,0,0,0
17.64,0.4,0.0,0.0,5.2921,-1.2849,0.625,0.3191,0.095,-0.0332,1.62,-4.56,4.84,100.0,0,0,0
17.66,0.4,0.0,0.0,5.299,-1.2844,0.6241,0.3218,0.1232,-0.0188,1.44,-4.55,4.77,100.0,0,0,0
17.68,0.4,0.0,0.0,5.3059,-1.2834,0.6224,0.3173,0.1404,0.0492,1.15,-4.51,4.65,100.0,0,0,0
17.7,0.4,0.0,0.0,5.3128,-1.2823,0.6197,0.3162,0.137,0.1131,0.65,-4.46,4.51,100.0,0,0,0
17.72,0.4,0.0,0.0,5.3203,-1.2816,0.618,0.3589,0.1273,-0.1726,0.24,-4.53,4.53,100.0,0,0,0
17.74,0.4,0.0,0.0,5.3277,-1.2813,0.6182,0.3564,0.1033,-0.0951,-0.01,-4.61,4.61,100.0,0,0,0
17.76,0.4,0.0,0.0,5.3346,-1.2816,0.6196,0.3323,0.066,0.0467,-0.15,-4.6,4.6,100.0,0,0,0
17.78,0.4,0.0,0.0,5.3409,-1.2825,0.621,0.3155,0.0263,0.0658,-0.25,-4.51,4.52,100.0,0,0,0
17.8,0.4,0.0,0.0,5.3468,-1.284,0.622,0.306,-0.0075,0.0555,-0.32,-4.4,4.42,100.0,0,0,0
17.82,0.4,0.0,0.0,5.3525,-1.2861,0.6226,0.3031,-0.0392,0.0451,-0.36,-4.31,4.33,100.0,0,0,0
17.84,0.4,0.0,0.0,5.358,-1.2888,0.6229,0.3025,-0.0689,0.0363,-0.36,-4.24,4.26,100.0,0,0,0
17.86,0.4,0.0,0.0,5.3635,-1.2921,0.6228,0.3031,-0.0975,0.0317,-0.32,-4.19,4.2,100.0,0,0,0
17.88,0.4,0.0,0.0,5.3688,-1.2959,0.6225,0.3052,-0.1265,0.0256,-0.24,-4.16,4.17,100.0,0,0,0
17.9,0.4,0.0,0.0,5.3741,-1.3004,0.6218,0.3049,-0.1576,0.0208,-0.11,-4.15,4.15,100.0,0,0,0
17.92,0.4,0.0,0.0,5.379,-1.3054,0.6206,0.2944,-0.1871,-0.0009,0.08,-4.13,4.13,100.0,0,0,0
17.94,0.4,0.0,0.0,5.3836,-1.3107,0.6187,0.2782,-0.2038,-0.0592,0.43,-4.11,4.13,100.0,0,0,0
17.96,0.4,0.0,0.0,5.3882,-1.3161,0.6165,0.3045,-0.2035,0.042,0.97,-4.16,4.27,100.0,0,0,0
17.98,0.4,0.0,0.0,5.3935,-1.3215,0.6167,0.3384,-0.1952,0.1384,1.35,-4.4,4.6,100.0,0,0,0
18.0,0.4,0.0,0.0,5.3987,-1.3265,0.6187,0.3152,-0.1618,-0.06,1.52,-4.57,4.82,100.0,0,0,0
18.02,0.4,0.0,0.0,5.4038,-1.3307,0.6209,0.2992,-0.1194,-0.1235,1.63,-4.62,4.89,100.0,0,0,0
18.04,0.4,0.0,0.0,5.4089,-1.334,0.6227,0.2936,-0.0788,-0.1259,1.71,-4.6,4.9,100.0,0,0,0
18.06,0.4,0.0,0.0,5.4142,-1.3365,0.624,0.2961,-0.0396,-0.1074,1.75,-4.57,4.9,100.0,0,0,0
18.08,0.4,0.0,0.0,5.4199,-1.3384,0.6248,0.3015,-0.0007,-0.0811,1.76,-4.55,4.88,100.0,0,0,0
18.1,0.4,0.0,0.0,5.426,-1.3395,0.6251,0.3088,0.0382,-0.0597,1.72,-4.54,4.86,100.0,0,0,0
18.12,0.4,0.0,0.0,5.4324,-1.3399,0.625,0.3163,0.0758,-0.0421,1.65,-4.54,4.83,100.0,0,0,0
18.14,0.4,0.0,0.0,5.4392,-1.3397,0.6244,0.3209,0.1087,-0.0261,1.51,-4.54,4.79,100.0,0,0,0
18.16,0.4,0.0,0.0,5.4461,-1.339,0.6232,0.3205,0.1333,0.0013,1.29,-4.52,4.7,100.0,0,0,0
18.18,0.4,0.0,0.0,5.4531,-1.338,0.6211,0.3105,0.1417,0.1298,0.9,-4.47,4.56,100.0,0,0,0
18.2,0.4,0.0,0.0,5.4602,-1.337,0.6185,0.3393,0.1357,-0.0721,0.42,-4.45,4.47,100.0,0,0,0
18.22,0.4,0.0,0.0,5.4677,-1.3366,0.6177,0.3647,0.1136,-0.1607,0.1,-4.55,4.55,100.0,0,0,0
18.24,0.4,0.0,0.0,5.4749,-1.3367,0.6187,0.3422,0.0859,0.002,-0.07,-4.6,4.6,100.0,0,0,0
18.26,0.4,0.0,0.0,5.4814,-1.3373,0.6202,0.3243,0.0426,0.0658,-0.18,-4.55,4.55,100.0,0,0,0
18.28,0.4,0.0,0.0,5.4875,-1.3386,0.6215,0.3102,0.0066,0.0612,-0.27,-4.46,4.47,100.0,0,0,0
18.3,0.4,0.0,0.0,5.4933,-1.3405,0.6223,0.3047,-0.0261,0.0499,-0.32,-4.37,4.38,100.0,0,0,0
18.32,0.4,0.0,0.0,5.4989,-1.343,0.6227,0.303,-0.0566,0.0399,-0.34,-4.3,4.31,100.0,0,0,0
18.34,0.4,0.0,0.0,5.5043,-1.346,0.6229,0.3031,-0.0854,0.0338,-0.32,-4.24,4.26,100.0,0,0,0
18.36,0.4,0.0,0.0,5.5097,-1.3497,0.6227,0.3047,-0.114,0.03,-0.25,-4.21,4.22,100.0,0,0,0
18.38,0.4,0.0,0.0,5.515,-1.3539,0.6222,0.3054,-0.1444,0.0198,-0.15,-4.19,4.2,100.0,0,0,0
18.4,0.4,0.0,0.0,5.52,-1.3587,0.6212,0.3017,-0.1746,0.0187,0.01,-4.18,4.18,100.0,0,0,0
18.42,0.4,0.0,0.0,5.5248,-1.364,0.6197,0.2865,-0.199,-0.0294,0.28,-4.16,4.17,100.0,0,0,0
18.44,0.4,0.0,0.0,5.5293,-1.3694,0.6175,0.275,-0.2048,-0.1125,0.76,-4.16,4.22,100.0,0,0,0
18.46,0.4,0.0,0.0,5.5343,-1.3749,0.6163,0.3381,-0.201,0.2354,1.23,-4.35,4.52,100.0,0,0,0
18.48,0.4,0.0,0.0,5.5397,-1.3803,0.6177,0.3272,-0.1837,0.0101,1.46,-4.58,4.81,100.0,0,0,0
18.5,0.4,0.0,0.0,5.5448,-1.3849,0.6201,0.306,-0.1376,-0.1026,1.59,-4.67,4.93,100.0,0,0,0
18.52,0.4,0.0,0.0,5.5498,-1.3886,0.6221,0.2941,-0.0971,-0.1322,1.69,-4.66,4.96,100.0,0,0,0
18.54,0.4,0.0,0.0,5.555,-1.3915,0.6236,0.2939,-0.0567,-0.1171,1.75,-4.63,4.95,100.0,0,0,0
18.56,0.4,0.0,0.0,5.5605,-1.3936,0.6246,0.298,-0.0185,-0.0952,1.78,-4.6,4.93,100.0,0,0,0
18.58,0.4,0.0,0.0,5.5663,-1.3951,0.6252,0.3044,0.0205,-0.0682,1.77,-4.58,4.91,100.0,0,0,0
18.6,0.4,0.0,0.0,5.5726,-1.3959,0.6253,0.3124,0.0584,-0.0523,1.72,-4.57,4.88,100.0,0,0,0
18.62,0.4,0.0,0.0,5.5792,-1.396,0.6249,0.3183,0.0948,-0.0325,1.62,-4.57,4.85,100.0,0,0,0
18.64,0.4,0.0,0.0,5.5861,-1.3955,0.6241,0.3211,0.1231,-0.0186,1.45,-4.56,4.78,100.0,0,0,0
18.66,0.4,0.0,0.0,5.5931,-1.3946,0.6224,0.3168,0.1407,0.0484,1.15,-4.52,4.66,100.0,0,0,0
18.68,0.4,0.0,0.0,5.6,-1.3936,0.6198,0.3154,0.1376,0.1122,0.66,-4.47,4.52,100.0,0,0,0
18.7,0.4,0.0,0.0,5.6074,-1.3929,0.618,0.3577,0.128,-0.1688,0.25,-4.53,4.54,100.0,0,0,0
18.72,0.4,0.0,0.0,5.6148,-1.3927,0.6182,0.3556,0.1037,-0.0928,0.0,-4.61,4.61,100.0,0,0,0
18.74,0.4,0.0,0.0,5.6217,-1.393,0.6195,0.3317,0.0663,0.0465,-0.14,-4.59,4.6,100.0,0,0,0
18.76,0.4,0.0,0.0,5.628,-1.394,0.6209,0.315,0.0266,0.0656,-0.24,-4.51,4.51,100.0,0,0,0
18.78,0.4,0.0,0.0,5.6339,-1.3956,0.6219,0.3056,-0.0074,0.0551,-0.31,-4.4,4.41,100.0,0,0,0
18.8,0.4,0.0,0.0,5.6395,-1.3977,0.6225,0.3026,-0.0391,0.0446,-0.35,-4.31,4.32,100.0,0,0,0
18.82,0.4,0.0,0.0,5.645,-1.4005,0.6228,0.3021,-0.0689,0.0359,-0.35,-4.24,4.25,100.0,0,0,0
18.84,0.4,0.0,0.0,5.6504,-1.4038,0.6228,0.3028,-0.0975,0.0317,-0.31,-4.19,4.2,100.0,0,0,0
18.86,0.4,0.0,0.0,5.6557,-1.4077,0.6225,0.3048,-0.1264,0.0257,-0.23,-4.16,4.17,100.0,0,0,0
18.88,0.4,0.0,0.0,5.6609,-1.4122,0.6218,0.3047,-0.1576,0.0206,-0.1,-4.15,4.15,100.0,0,0,0
18.9,0.4,0.0,0.0,5.6658,-1.4173,0.6205,0.2942,-0.1871,-0.0004,0.09,-4.13,4.13,100.0,0,0,0
18.92,0.4,0.0,0.0,5.6704,-1.4226,0.6187,0.278,-0.204,-0.0579,0.44,-4.11,4.13,100.0,0,0,0
18.94,0.4,0.0,0.0,5.6749,-1.4281,0.6165,0.3042,-0.2037,0.039,0.97,-4.16,4.28,100.0,0,0,0
18.96,0.4,0.0,0.0,5.6801,-1.4336,0.6166,0.338,-0.1957,0.1349,1.35,-4.4,4.61,100.0,0,0,0
18.98,0.4,0.0,0.0,5.6853,-1.4387,0.6187,0.3147,-0.1624,-0.0616,1.53,-4.58,4.83,100.0,0,0,0
19.0,0.4,0.0,0.0,5.6903,-1.4429,0.6209,0.2985,-0.1199,-0.1246,1.64,-4.62,4.9,100.0,0,0,0
19.02,0.4,0.0,0.0,5.6953,-1.4463,0.6227,0.2928,-0.0792,-0.1265,1.72,-4.61,4.91,100.0,0,0,0
19.04,0.4,0.0,0.0,5.7006,-1.4489,0.624,0.2953,-0.04,-0.1076,1.76,-4.58,4.91,100.0,0,0,0
19.06,0.4,0.0,0.0,5.7063,-1.4508,0.6248,0.3008,-0.0011,-0.0811,1.77,-4.56,4.89,100.0,0,0,0
19.08,0.4,0.0,0.0,5.7123,-1.452,0.6251,0.308,0.0378,-0.0595,1.73,-4.55,4.87,100.0,0,0,0
19.1,0.4,0.0,0.0,5.7187,-1.4525,0.625,0.3156,0.0755,-0.0418,1.66,-4.55,4.84,100.0,0,0,0
19.12,0.4,0.0,0.0,5.7255,-1.4523,0.6244,0.3203,0.1084,-0.0255,1.52,-4.55,4.8,100.0,0,0,0
19.14,0.4,0.0,0.0,5.7324,-1.4517,0.6232,0.3201,0.1332,0.0012,1.3,-4.53,4.71,100.0,0,0,0
19.16,0.4,0.0,0.0,5.7394,-1.4507,0.6211,0.3104,0.1421,0.1269,0.92,-4.47,4.57,100.0,0,0,0
19.18,0.4,0.0,0.0,5.7465,-1.4499,0.6185,0.3378,0.1363,-0.0665,0.44,-4.46,4.48,100.0,0,0,0
19.2,0.4,0.0,0.0,5.754,-1.4495,0.6177,0.364,0.1145,-0.1547,0.11,-4.55,4.55,100.0,0,0,0
19.22,0.4,0.0,0.0,5.7611,-1.4496,0.6187,0.3417,0.0862,0.0022,-0.06,-4.59,4.59,100.0,0,0,0
19.24,0.4,0.0,0.0,5.7677,-1.4503,0.6202,0.324,0.043,0.0654,-0.17,-4.55,4.55,100.0,0,0,0
19.26,0.4,0.0,0.0,5.7737,-1.4516,0.6214,0.3099,0.0069,0.0607,-0.25,-4.46,4.47,100.0,0,0,0
19.28,0.4,0.0,0.0,5.7795,-1.4536,0.6222,0.3045,-0.0258,0.0494,-0.31,-4.37,4.38,100.0,0,0,0
19.3,0.4,0.0,0.0,5.785,-1.4561,0.6227,0.3028,-0.0564,0.0394,-0.32,-4.3,4.31,100.0,0,0,0
19.32,0.4,0.0,0.0,5.7905,-1.4592,0.6228,0.3029,-0.0852,0.0335,-0.3,-4.24,4.25,100.0,0,0,0
19.34,0.4,0.0,0.0,5.7958,-1.4629,0.6227,0.3045,-0.1139,0.0302,-0.24,-4.21,4.22,100.0,0,0,0
19.36,0.4,0.0,0.0,5.801,-1.4672,0.6221,0.3053,-0.1442,0.0199,-0.14,-4.19,4.19,100.0,0,0,0
19.38,0.4,0.0,0.0,5.8061,-1.4721,0.6212,0.3019,-0.1745,0.0196,0.02,-4.18,4.18,100.0,0,0,0
19.4,0.4,0.0,0.0,5.8108,-1.4774,0.6197,0.2867,-0.199,-0.0278,0.28,-4.16,4.17,100.0,0,0,0
19.42,0.4,0.0,0.0,5.8152,-1.4828,0.6175,0.2752,-0.2049,-0.1106,0.76,-4.16,4.23,100.0,0,0,0
19.44,0.4,0.0,0.0,5.8202,-1.4884,0.6163,0.3376,-0.2013,0.2286,1.23,-4.35,4.52,100.0,0,0,0
19.46,0.4,0.0,0.0,5.8254,-1.4938,0.6177,0.3269,-0.1843,0.0072,1.47,-4.58,4.81,100.0,0,0,0
19.48,0.4,0.0,0.0,5.8305,-1.4985,0.62,0.3055,-0.1381,-0.1036,1.6,-4.67,4.94,100.0,0,0,0
19.5,0.4,0.0,0.0,5.8354,-1.5023,0.6221,0.2936,-0.0976,-0.1327,1.7,-4.67,4.96,100.0,0,0,0
19.52,0.4,0.0,0.0,5.8406,-1.5052,0.6236,0.2934,-0.0571,-0.1172,1.76,-4.63,4.96,100.0,0,0,0
19.54,0.4,0.0,0.0,5.8461,-1.5075,0.6246,0.2974,-0.0189,-0.0953,1.79,-4.6,4.94,100.0,0,0,0
19.56,0.4,0.0,0.0,5.8519,-1.509,0.6252,0.3038,0.0201,-0.0682,1.78,-4.58,4.92,100.0,0,0,0
19.58,0.4,0.0,0.0,5.8581,-1.5099,0.6253,0.3118,0.058,-0.0522,1.73,-4.58,4.89,100.0,0,0,0
19.6,0.4,0.0,0.0,5.8647,-1.51,0.6249,0.3178,0.0945,-0.0323,1.63,-4.58,4.86,100.0,0,0,0
19.62,0.4,0.0,0.0,5.8716,-1.5096,0.6241,0.3207,0.1229,-0.0184,1.46,-4.57,4.79,100.0,0,0,0
19.64,0.4,0.0,0.0,5.8786,-1.5088,0.6224,0.3166,0.1409,0.0474,1.17,-4.53,4.68,100.0,0,0,0
19.66,0.4,0.0,0.0,5.8855,-1.5078,0.6198,0.3149,0.138,0.1105,0.68,-4.47,4.53,100.0,0,0,0
19.68,0.4,0.0,0.0,5.8929,-1.5073,0.6181,0.3567,0.1286,-0.1648,0.27,-4.53,4.54,100.0,0,0,0
19.7,0.4,0.0,0.0,5.9003,-1.5071,0.6182,0.3551,0.1042,-0.0902,0.02,-4.61,4.61,100.0,0,0,0
19.72,0.4,0.0,0.0,5.9072,-1.5075,0.6195,0.3313,0.0667,0.0461,-0.12,-4.59,4.59,100.0,0,0,0
19.74,0.4,0.0,0.0,5.9135,-1.5085,0.6209,0.3147,0.0269,0.065,-0.22,-4.5,4.51,100.0,0,0,0
19.76,0.4,0.0,0.0,5.9193,-1.5101,0.6219,0.3053,-0.0071,0.0545,-0.29,-4.4,4.41,100.0,0,0,0
19.78,0.4,0.0,0.0,5.925,-1.5123,0.6225,0.3024,-0.0389,0.0441,-0.33,-4.3,4.32,100.0,0,0,0
19.8,0.4,0.0,0.0,5.9304,-1.5152,0.6228,0.3019,-0.0687,0.0355,-0.33,-4.23,4.25,100.0,0,0,0
19.82,0.4,0.0,0.0,5.9358,-1.5186,0.6228,0.3026,-0.0973,0.0316,-0.29,-4.18,4.19,100.0,0,0,0
19.84,0.4,0.0,0.0,5.941,-1.5225,0.6224,0.3046,-0.1263,0.0259,-0.21,-4.16,4.16,100.0,0,0,0
19.86,0.4,0.0,0.0,5.9462,-1.5271,0.6217,0.3046,-0.1575,0.0204,-0.09,-4.15,4.15,100.0,0,0,0
19.88,0.4,0.0,0.0,5.951,-1.5322,0.6205,0.2942,-0.1871,0.0002,0.1,-4.13,4.13,100.0,0,0,0
19.9,0.4,0.0,0.0,5.9555,-1.5376,0.6187,0.278,-0.2042,-0.0552,0.45,-4.11,4.13,100.0,0,0,0
19.92,0.4,0.0,0.0,5.96,-1.5431,0.6166,0.304,-0.204,0.0354,0.98,-4.16,4.28,100.0,0,0,0
19.94,0.4,0.0,0.0,5.9651,-1.5486,0.6166,0.3376,-0.1961,0.1307,1.36,-4.4,4.61,100.0,0,0,0
19.96,0.4,0.0,0.0,5.9702,-1.5538,0.6187,0.3143,-0.163,-0.0635,1.54,-4.58,4.83,100.0,0,0,0
19.98,0.4,0.0,0.0,5.9752,-1.558,0.6209,0.2978,-0.1204,-0.1258,1.65,-4.62,4.91,100.0,0,0,0
20.0,0.4,0.0,0.0,5.9802,-1.5615,0.6227,0.2921,-0.0797,-0.1271,1.73,-4.61,4.92,100.0,0,0,0
20.02,0.4,0.0,0.0,5.9854,-1.5642,0.624,0.2946,-0.0404,-0.1078,1.77,-4.58,4.91,100.0,0,0,0
20.04,0.4,0.0,0.0,5.991,-1.5661,0.6248,0.3,-0.0014,-0.0812,1.78,-4.57,4.9,100.0,0,0,0
20.06,0.4,0.0,0.0,5.997,-1.5674,0.6251,0.3073,0.0374,-0.0592,1.75,-4.56,4.88,100.0,0,0,0
20.08,0.4,0.0,0.0,6.0034,-1.568,0.625,0.3149,0.0751,-0.0415,1.67,-4.56,4.85,100.0,0,0,0
20.1,0.4,0.0,0.0,6.0102,-1.5679,0.6244,0.3197,0.1081,-0.0248,1.54,-4.56,4.81,100.0,0,0,0
20.12,0.4,0.0,0.0,6.0171,-1.5673,0.6232,0.3196,0.1332,0.0009,1.32,-4.53,4.72,100.0,0,0,0
20.14,0.4,0.0,0.0,6.0241,-1.5664,0.6211,0.3104,0.1423,0.1233,0.93,-4.48,4.57,100.0,0,0,0
20.16,0.4,0.0,0.0,6.0311,-1.5656,0.6185,0.3367,0.1369,-0.0633,0.46,-4.46,4.48,100.0,0,0,0
20.18,0.4,0.0,0.0,6.0387,-1.5653,0.6177,0.3633,0.1153,-0.1478,0.13,-4.55,4.55,100.0,0,0,0
20.2,0.4,0.0,0.0,6.0458,-1.5655,0.6187,0.3411,0.0866,0.0026,-0.04,-4.59,4.59,100.0,0,0,0
20.22,0.4,0.0,0.0,6.0524,-1.5662,0.6201,0.3236,0.0434,0.0651,-0.15,-4.54,4.55,100.0,0,0,0
20.24,0.4,0.0,0.0,6.0584,-1.5676,0.6214,0.3096,0.0072,0.0602,-0.24,-4.46,4.46,100.0,0,0,0
20.26,0.4,0.0,0.0,6.0641,-1.5697,0.6222,0.3042,-0.0255,0.0489,-0.29,-4.37,4.38,100.0,0,0,0
20.28,0.4,0.0,0.0,6.0696,-1.5723,0.6227,0.3025,-0.0562,0.039,-0.31,-4.29,4.3,100.0,0,0,0
20.3,0.4,0.0,0.0,6.075,-1.5754,0.6228,0.3026,-0.0851,0.0332,-0.29,-4.24,4.25,100.0,0,0,0
20.32,0.4,0.0,0.0,6.0803,-1.5792,0.6226,0.3042,-0.1138,0.0306,-0.23,-4.21,4.21,100.0,0,0,0
20.34,0.4,0.0,0.0,6.0855,-1.5835,0.6221,0.305,-0.1441,0.02,-0.12,-4.19,4.19,100.0,0,0,0
20.36,0.4,0.0,0.0,6.0905,-1.5884,0.6212,0.3019,-0.1743,0.0202,0.03,-4.18,4.18,100.0,0,0,0
20.38,0.4,0.0,0.0,6.0951,-1.5938,0.6197,0.2868,-0.1992,-0.0263,0.3,-4.16,4.17,100.0,0,0,0
20.4,0.4,0.0,0.0,6.0995,-1.5993,0.6175,0.2754,-0.2051,-0.1087,0.77,-4.16,4.23,100.0,0,0,0
20.42,0.4,0.0,0.0,6.1044,-1.6049,0.6164,0.3371,-0.2016,0.2235,1.24,-4.36,4.53,100.0,0,0,0
20.44,0.4,0.0,0.0,6.1096,-1.6104,0.6177,0.3266,-0.1849,0.0047,1.48,-4.58,4.82,100.0,0,0,0
20.46,0.4,0.0,0.0,6.1146,-1.6151,0.62,0.305,-0.1385,-0.1045,1.61,-4.68,4.94,100.0,0,0,0
20.48,0.4,0.0,0.0,6.1195,-1.6189,0.6221,0.293,-0.098,-0.1332,1.71,-4.67,4.97,100.0,0,0,0
20.5,0.4,0.0,0.0,6.1246,-1.622,0.6236,0.2927,-0.0575,-0.1174,1.78,-4.64,4.97,100.0,0,0,0
20.52,0.4,0.0,0.0,6.13,-1.6243,0.6246,0.2967,-0.0192,-0.0954,1.81,-4.61,4.95,100.0,0,0,0
20.54,0.4,0.0,0.0,6.1358,-1.6259,0.6252,0.3032,0.0197,-0.0681,1.8,-4.59,4.93,100.0,0,0,0
20.56,0.4,0.0,0.0,6.142,-1.6268,0.6253,0.3112,0.0577,-0.052,1.74,-4.59,4.91,100.0,0,0,0
20.58,0.4,0.0,0.0,6.1486,-1.627,0.6249,0.3173,0.0942,-0.0319,1.65,-4.58,4.87,100.0,0,0,0
20.6,0.4,0.0,0.0,6.1555,-1.6267,0.6241,0.3202,0.1227,-0.0183,1.47,-4.57,4.8,100.0,0,0,0
20.62,0.4,0.0,0.0,6.1624,-1.626,0.6224,0.3163,0.141,0.0459,1.18,-4.53,4.69,100.0,0,0,0
20.64,0.4,0.0,0.0,6.1694,-1.6251,0.6198,0.3147,0.1385,0.1089,0.7,-4.48,4.53,100.0,0,0,0
20.66,0.4,0.0,0.0,6.1768,-1.6246,0.6181,0.3557,0.1292,-0.1618,0.29,-4.53,4.54,100.0,0,0,0
20.68,0.4,0.0,0.0,6.1842,-1.6245,0.6182,0.3545,0.1047,-0.0873,0.04,-4.61,4.61,100.0,0,0,0
20.7,0.4,0.0,0.0,6.1911,-1.6249,0.6195,0.3308,0.0671,0.0458,-0.1,-4.59,4.59,100.0,0,0,0
20.72,0.4,0.0,0.0,6.1973,-1.626,0.6208,0.3144,0.0273,0.0646,-0.2,-4.5,4.5,100.0,0,0,0
20.74,0.4,0.0,0.0,6.2032,-1.6277,0.6218,0.305,-0.0068,0.054,-0.28,-4.39,4.4,100.0,0,0,0
20.76,0.4,0.0,0.0,6.2088,-1.6299,0.6225,0.3022,-0.0387,0.0435,-0.31,-4.3,4.31,100.0,0,0,0
20.78,0.4,0.0,0.0,6.2142,-1.6328,0.6227,0.3016,-0.0686,0.0351,-0.32,-4.23,4.24,100.0,0,0,0
20.8,0.4,0.0,0.0,6.2195,-1.6363,0.6227,0.3023,-0.0972,0.0315,-0.28,-4.18,4.19,100.0,0,0,0
20.82,0.4,0.0,0.0,6.2247,-1.6403,0.6224,0.3044,-0.1261,0.0261,-0.2,-4.15,4.16,100.0,0,0,0
20.84,0.4,0.0,0.0,6.2298,-1.6449,0.6217,0.3044,-0.1574,0.0204,-0.07,-4.14,4.14,100.0,0,0,0
20.86,0.4,0.0,0.0,6.2346,-1.65,0.6205,0.2942,-0.187,0.0009,0.12,-4.13,4.13,100.0,0,0,0
20.88,0.4,0.0,0.0,6.239,-1.6555,0.6187,0.2781,-0.2043,-0.0534,0.46,-4.11,4.13,100.0,0,0,0
20.9,0.4,0.0,0.0,6.2434,-1.661,0.6166,0.3038,-0.2042,0.0309,0.99,-4.16,4.28,100.0,0,0,0
20.92,0.4,0.0,0.0,6.2485,-1.6667,0.6166,0.3372,-0.1966,0.1266,1.37,-4.4,4.61,100.0,0,0,0
20.94,0.4,0.0,0.0,6.2535,-1.6718,0.6187,0.314,-0.1636,-0.0656,1.55,-4.58,4.84,100.0,0,0,0
20.96,0.4,0.0,0.0,6.2584,-1.6762,0.6209,0.2972,-0.121,-0.1268,1.66,-4.63,4.91,100.0,0,0,0
20.98,0.4,0.0,0.0,6.2634,-1.6797,0.6227,0.2915,-0.0801,-0.1277,1.74,-4.61,4.93,100.0,0,0,0
21.0,0.4,0.0,0.0,6.2686,-1.6824,0.624,0.2939,-0.0408,-0.1081,1.79,-4.59,4.92,100.0,0,0,0
21.02,0.4,0.0,0.0,6.2741,-1.6845,0.6247,0.2993,-0.0018,-0.0813,1.79,-4.57,4.91,100.0,0,0,0
21.04,0.4,0.0,0.0,6.2801,-1.6858,0.6251,0.3065,0.0371,-0.0589,1.76,-4.56,4.89,100.0,0,0,0
21.06,0.4,0.0,0.0,6.2865,-1.6864,0.625,0.3143,0.0747,-0.0413,1.68,-4.56,4.86,100.0,0,0,0
21.08,0.4,0.0,0.0,6.2932,-1.6865,0.6244,0.3192,0.1085,-0.0234,1.55,-4.56,4.82,100.0,0,0,0
21.1,0.4,0.0,0.0,6.3002,-1.6859,0.6232,0.3195,0.1333,0.0006,1.33,-4.54,4.73,100.0,0,0,0
21.12,0.4,0.0,0.0,6.3071,-1.6851,0.6212,0.3105,0.1429,0.1193,0.95,-4.48,4.58,100.0,0,0,0
21.14,0.4,0.0,0.0,6.3142,-1.6844,0.6186,0.3358,0.1376,-0.0607,0.48,-4.46,4.49,100.0,0,0,0
21.16,0.4,0.0,0.0,6.3217,-1.6841,0.6177,0.3626,0.1162,-0.1402,0.15,-4.55,4.55,100.0,0,0,0
21.18,0.4,0.0,0.0,6.3289,-1.6844,0.6186,0.3407,0.0871,0.0033,-0.02,-4.58,4.58,100.0,0,0,0
21.2,0.4,0.0,0.0,6.3354,-1.6852,0.6201,0.3234,0.044,0.065,-0.13,-4.54,4.54,100.0,0,0,0
21.22,0.4,0.0,0.0,6.3414,-1.6866,0.6213,0.3094,0.0077,0.0599,-0.22,-4.45,4.46,100.0,0,0,0
21.24,0.4,0.0,0.0,6.3471,-1.6887,0.6221,0.304,-0.0251,0.0485,-0.28,-4.36,4.37,100.0,0,0,0
21.26,0.4,0.0,0.0,6.3526,-1.6913,0.6226,0.3024,-0.0558,0.0387,-0.29,-4.29,4.3,100.0,0,0,0
21.28,0.4,0.0,0.0,6.358,-1.6946,0.6228,0.3025,-0.0848,0.0331,-0.27,-4.24,4.24,100.0,0,0,0
21.3,0.4,0.0,0.0,6.3632,-1.6984,0.6226,0.3041,-0.1135,0.0309,-0.21,-4.2,4.21,100.0,0,0,0
21.32,0.4,0.0,0.0,6.3683,-1.7027,0.6221,0.3049,-0.1437,0.0202,-0.11,-4.19,4.19,100.0,0,0,0
21.34,0.4,0.0,0.0,6.3732,-1.7077,0.6212,0.3019,-0.1741,0.0206,0.04,-4.18,4.18,100.0,0,0,0
21.36,0.4,0.0,0.0,6.3778,-1.7131,0.6197,0.287,-0.1991,-0.0243,0.3,-4.16,4.17,100.0,0,0,0
21.38,0.4,0.0,0.0,6.3821,-1.7186,0.6175,0.2757,-0.2052,-0.1071,0.77,-4.16,4.23,100.0,0,0,0
21.4,0.4,0.0,0.0,6.387,-1.7243,0.6164,0.3365,-0.2018,0.2161,1.25,-4.35,4.53,100.0,0,0,0
21.42,0.4,0.0,0.0,6.3921,-1.7299,0.6177,0.3263,-0.1855,0.0014,1.49,-4.58,4.82,100.0,0,0,0
21.44,0.4,0.0,0.0,6.397,-1.7347,0.62,0.3046,-0.1391,-0.1056,1.62,-4.68,4.95,100.0,0,0,0
21.46,0.4,0.0,0.0,6.4019,-1.7386,0.6221,0.2925,-0.0985,-0.1337,1.72,-4.67,4.98,100.0,0,0,0
21.48,0.4,0.0,0.0,6.407,-1.7417,0.6236,0.2922,-0.0579,-0.1176,1.79,-4.64,4.97,100.0,0,0,0
21.5,0.4,0.0,0.0,6.4124,-1.744,0.6246,0.2961,-0.0197,-0.0954,1.82,-4.61,4.96,100.0,0,0,0
21.52,0.4,0.0,0.0,6.4181,-1.7457,0.6251,0.3026,0.0194,-0.068,1.81,-4.6,4.94,100.0,0,0,0
21.54,0.4,0.0,0.0,6.4243,-1.7467,0.6253,0.3106,0.0573,-0.0519,1.76,-4.59,4.91,100.0,0,0,0
21.56,0.4,0.0,0.0,6.4309,-1.747,0.6249,0.3167,0.0939,-0.0317,1.66,-4.59,4.88,100.0,0,0,0
21.58,0.4,0.0,0.0,6.4377,-1.7468,0.624,0.3198,0.1226,-0.0182,1.49,-4.58,4.81,100.0,0,0,0
21.6,0.4,0.0,0.0,6.4447,-1.7461,0.6224,0.316,0.1412,0.0441,1.2,-4.54,4.7,100.0,0,0,0
21.62,0.4,0.0,0.0,6.4516,-1.7452,0.6198,0.3031,0.1404,0.2085,0.7,-4.48,4.53,100.0,0,0,0
21.64,0.4,0.0,0.0,6.459,-1.7448,0.6178,0.3582,0.1302,-0.2362,0.27,-4.53,4.54,100.0,0,0,0
21.66,0.4,0.0,0.0,6.4665,-1.7448,0.6181,0.3606,0.1047,-0.1415,0.04,-4.64,4.64,100.0,0,0,0
21.68,0.4,0.0,0.0,6.4735,-1.7454,0.6195,0.337,0.0664,0.0176,-0.08,-4.64,4.64,100.0,0,0,0
21.7,0.4,0.0,0.0,6.4798,-1.7465,0.621,0.32,0.0269,0.0492,-0.18,-4.57,4.57,100.0,0,0,0
21.72,0.4,0.0,0.0,6.4857,-1.7483,0.6221,0.3097,-0.0067,0.0457,-0.25,-4.47,4.47,100.0,0,0,0
21.74,0.4,0.0,0.0,6.4913,-1.7507,0.6228,0.306,-0.0386,0.0382,-0.29,-4.37,4.38,100.0,0,0,0
21.76,0.4,0.0,0.0,6.4968,-1.7537,0.6231,0.3047,-0.0681,0.0327,-0.3,-4.3,4.31,100.0,0,0,0
21.78,0.4,0.0,0.0,6.5021,-1.7572,0.6231,0.3049,-0.0964,0.0308,-0.26,-4.25,4.26,100.0,0,0,0
21.8,0.4,0.0,0.0,6.5073,-1.7613,0.6228,0.3065,-0.1249,0.0285,-0.19,-4.22,4.22,100.0,0,0,0
21.82,0.4,0.0,0.0,6.5124,-1.7659,0.6222,0.3066,-0.1557,0.0209,-0.07,-4.2,4.2,100.0,0,0,0
21.84,0.4,0.0,0.0,6.5172,-1.7711,0.6211,0.2978,-0.1855,0.005,0.11,-4.19,4.19,100.0,0,0,0
21.86,0.4,0.0,0.0,6.5216,-1.7767,0.6194,0.2822,-0.2045,-0.0456,0.43,-4.16,4.18,100.0,0,0,0
21.88,0.4,0.0,0.0,6.5258,-1.7823,0.617,0.2883,-0.2056,-0.034,0.97,-4.18,4.29,100.0,0,0,0
21.9,0.4,0.0,0.0,6.5308,-1.788,0.6164,0.3444,-0.2013,0.2194,1.4,-4.43,4.64,100.0,0,0,0
21.92,0.4,0.0,0.0,6.5359,-1.7935,0.6183,0.3228,-0.1763,-0.0214,1.59,-4.65,4.91,100.0,0,0,0
21.94,0.4,0.0,0.0,6.5408,-1.7982,0.6206,0.3025,-0.1318,-0.1192,1.68,-4.72,5.01,100.0,0,0,0
21.96,0.4,0.0,0.0,6.5457,-1.802,0.6226,0.2934,-0.0902,-0.1325,1.76,-4.7,5.02,100.0,0,0,0
21.98,0.4,0.0,0.0,6.5508,-1.805,0.624,0.2949,-0.0501,-0.1139,1.8,-4.67,5.01,100.0,0,0,0
22.0,0.4,0.0,0.0,6.5563,-1.8072,0.6249,0.3,-0.0112,-0.0882,1.82,-4.65,4.99,100.0,0,0,0
22.02,0.4,0.0,0.0,6.5622,-1.8088,0.6253,0.3071,0.0278,-0.0618,1.8,-4.63,4.97,100.0,0,0,0
22.04,0.4,0.0,0.0,6.5685,-1.8097,0.6253,0.3152,0.0656,-0.0443,1.73,-4.62,4.94,100.0,0,0,0
22.06,0.4,0.0,0.0,6.5752,-1.81,0.6248,0.3207,0.1012,-0.0252,1.62,-4.62,4.89,100.0,0,0,0
22.08,0.4,0.0,0.0,6.5822,-1.8097,0.6237,0.3227,0.1279,-0.0066,1.42,-4.59,4.81,100.0,0,0,0
22.1,0.4,0.0,0.0,6.5892,-1.809,0.6219,0.3164,0.1423,0.0796,1.09,-4.54,4.67,100.0,0,0,0
22.12,0.4,0.0,0.0,6.5963,-1.8083,0.6191,0.325,0.1381,0.0089,0.6,-4.49,4.53,100.0,0,0,0
22.14,0.4,0.0,0.0,6.6038,-1.8081,0.6178,0.3635,0.1221,-0.1573,0.24,-4.55,4.56,100.0,0,0,0
22.16,0.4,0.0,0.0,6.6111,-1.8082,0.6185,0.3486,0.0975,-0.04,0.04,-4.61,4.61,100.0,0,0,0
22.18,0.4,0.0,0.0,6.6178,-1.809,0.6199,0.3306,0.0544,0.0561,-0.08,-4.57,4.57,100.0,0,0,0
22.2,0.4,0.0,0.0,6.624,-1.8104,0.6212,0.3145,0.0168,0.0593,-0.18,-4.48,4.49,100.0,0,0,0
22.22,0.4,0.0,0.0,6.6298,-1.8124,0.6221,0.3075,-0.0164,0.0491,-0.25,-4.39,4.39,100.0,0,0,0
22.24,0.4,0.0,0.0,6.6354,-1.8149,0.6227,0.3049,-0.0476,0.04,-0.28,-4.31,4.31,100.0,0,0,0
22.26,0.4,0.0,0.0,6.6407,-1.8181,0.6229,0.3046,-0.0769,0.034,-0.27,-4.24,4.25,100.0,0,0,0
22.28,0.4,0.0,0.0,6.646,-1.8218,0.6228,0.3055,-0.1055,0.0322,-0.23,-4.2,4.21,100.0,0,0,0
22.3,0.4,0.0,0.0,6.6511,-1.8261,0.6224,0.3068,-0.1346,0.0256,-0.14,-4.18,4.18,100.0,0,0,0
22.32,0.4,0.0,0.0,6.6561,-1.8309,0.6217,0.3058,-0.1654,0.0226,-0.0,-4.17,4.17,100.0,0,0,0
22.34,0.4,0.0,0.0,6.6608,-1.8363,0.6204,0.2935,-0.1936,-0.0055,0.21,-4.15,4.16,100.0,0,0,0
22.36,0.4,0.0,0.0,6.6651,-1.8419,0.6184,0.2774,-0.2054,-0.0688,0.6,-4.14,4.18,100.0,0,0,0
22.38,0.4,0.0,0.0,6.6696,-1.8476,0.6166,0.3193,-0.2042,0.1174,1.11,-4.24,4.39,100.0,0,0,0
22.4,0.4,0.0,0.0,6.6746,-1.8533,0.6172,0.3329,-0.193,0.0673,1.44,-4.48,4.7,100.0,0,0,0
22.42,0.4,0.0,0.0,6.6795,-1.8584,0.6193,0.3094,-0.1539,-0.087,1.6,-4.61,4.88,100.0,0,0,0
22.44,0.4,0.0,0.0,6.6843,-1.8627,0.6214,0.2952,-0.1123,-0.1282,1.7,-4.63,4.94,100.0,0,0,0
22.46,0.4,0.0,0.0,6.6893,-1.8661,0.623,0.2921,-0.0712,-0.1205,1.77,-4.61,4.94,100.0,0,0,0
22.48,0.4,0.0,0.0,6.6945,-1.8688,0.6242,0.2954,-0.0321,-0.1,1.8,-4.59,4.93,100.0,0,0,0
22.5,0.4,0.0,0.0,6.7001,-1.8707,0.6248,0.3013,0.0072,-0.0722,1.8,-4.57,4.91,100.0,0,0,0
22.52,0.4,0.0,0.0,6.7062,-1.872,0.6251,0.3093,0.0458,-0.0549,1.75,-4.57,4.89,100.0,0,0,0
22.54,0.4,0.0,0.0,6.7127,-1.8726,0.6248,0.316,0.0833,-0.034,1.67,-4.57,4.86,100.0,0,0,0
22.56,0.4,0.0,0.0,6.7195,-1.8726,0.6241,0.3203,0.1153,-0.0202,1.52,-4.56,4.81,100.0,0,0,0
22.58,0.4,0.0,0.0,6.7265,-1.8722,0.6228,0.319,0.1378,0.0154,1.28,-4.53,4.71,100.0,0,0,0
22.6,0.4,0.0,0.0,6.7334,-1.8714,0.6204,0.3069,0.1429,0.1641,0.85,-4.46,4.54,100.0,0,0,0
22.62,0.4,0.0,0.0,6.7406,-1.8709,0.6179,0.3454,0.1348,-0.1521,0.36,-4.46,4.48,100.0,0,0,0
22.64,0.4,0.0,0.0,6.7481,-1.8709,0.6176,0.3654,0.1131,-0.1947,0.09,-4.58,4.58,100.0,0,0,0
22.66,0.4,0.0,0.0,6.7552,-1.8713,0.6189,0.3419,0.0777,-0.0039,-0.05,-4.62,4.62,100.0,0,0,0
22.68,0.4,0.0,0.0,6.7617,-1.8724,0.6205,0.3239,0.0365,0.0473,-0.16,-4.57,4.58,100.0,0,0,0
22.7,0.4,0.0,0.0,6.7677,-1.8742,0.6218,0.3115,0.0023,0.0485,-0.24,-4.48,4.49,100.0,0,0,0
22.72,0.4,0.0,0.0,6.7734,-1.8764,0.6226,0.3065,-0.0299,0.0413,-0.29,-4.4,4.41,100.0,0,0,0
22.74,0.4,0.0,0.0,6.7788,-1.8793,0.623,0.3047,-0.0596,0.0347,-0.31,-4.32,4.33,100.0,0,0,0
22.76,0.4,0.0,0.0,6.7841,-1.8827,0.6232,0.3047,-0.0879,0.0321,-0.29,-4.27,4.28,100.0,0,0,0
22.78,0.4,0.0,0.0,6.7893,-1.8867,0.623,0.3061,-0.1162,0.0315,-0.23,-4.24,4.24,100.0,0,0,0
22.8,0.4,0.0,0.0,6.7944,-1.8912,0.6225,0.3064,-0.1463,0.022,-0.12,-4.22,4.22,100.0,0,0,0
22.82,0.4,0.0,0.0,6.7992,-1.8963,0.6216,0.3027,-0.1762,0.0206,0.04,-4.21,4.21,100.0,0,0,0
22.84,0.4,0.0,0.0,6.8037,-1.9019,0.6201,0.2876,-0.2002,-0.0245,0.3,-4.19,4.2,100.0,0,0,0
22.86,0.4,0.0,0.0,6.8078,-1.9075,0.6178,0.275,-0.2053,-0.1005,0.78,-4.19,4.26,100.0,0,0,0
22.88,0.4,0.0,0.0,6.8126,-1.9133,0.6166,0.3372,-0.2014,0.2348,1.26,-4.38,4.56,100.0,0,0,0
22.9,0.4,0.0,0.0,6.8176,-1.919,0.6179,0.3269,-0.1862,0.0121,1.5,-4.62,4.85,100.0,0,0,0
22.92,0.4,0.0,0.0,6.8224,-1.9239,0.6202,0.3047,-0.1397,-0.1006,1.63,-4.71,4.98,100.0,0,0,0
22.94,0.4,0.0,0.0,6.8272,-1.9279,0.6222,0.2924,-0.099,-0.1315,1.73,-4.7,5.01,100.0,0,0,0
22.96,0.4,0.0,0.0,6.8322,-1.9311,0.6237,0.2921,-0.0582,-0.1153,1.79,-4.67,5.0,100.0,0,0,0
22.98,0.4,0.0,0.0,6.8376,-1.9335,0.6247,0.2963,-0.0198,-0.0917,1.82,-4.64,4.99,100.0,0,0,0
23.0,0.4,0.0,0.0,6.8433,-1.9353,0.6252,0.303,0.0193,-0.0644,1.81,-4.62,4.96,100.0,0,0,0
23.02,0.4,0.0,0.0,6.8495,-1.9364,0.6253,0.3111,0.0572,-0.0481,1.76,-4.61,4.94,100.0,0,0,0
23.04,0.4,0.0,0.0,6.856,-1.9369,0.6249,0.3174,0.0938,-0.028,1.66,-4.61,4.9,100.0,0,0,0
23.06,0.4,0.0,0.0,6.8629,-1.9368,0.624,0.3208,0.123,-0.0139,1.49,-4.59,4.83,100.0,0,0,0
23.08,0.4,0.0,0.0,6.87,-1.9363,0.6224,0.3171,0.1416,0.0449,1.21,-4.55,4.71,100.0,0,0,0
23.1,0.4,0.0,0.0,6.8769,-1.9356,0.6198,0.3154,0.1398,0.1047,0.73,-4.49,4.55,100.0,0,0,0
23.12,0.4,0.0,0.0,6.8844,-1.9352,0.618,0.3559,0.131,-0.1559,0.33,-4.53,4.54,100.0,0,0,0
23.14,0.4,0.0,0.0,6.8918,-1.9354,0.6182,0.3552,0.1057,-0.0802,0.07,-4.59,4.59,100.0,0,0,0
23.16,0.4,0.0,0.0,6.8987,-1.936,0.6194,0.3317,0.0678,0.0452,-0.07,-4.57,4.57,100.0,0,0,0
23.18,0.4,0.0,0.0,6.9049,-1.9372,0.6208,0.3155,0.0279,0.0635,-0.18,-4.48,4.48,100.0,0,0,0
23.2,0.4,0.0,0.0,6.9107,-1.9391,0.6218,0.306,-0.0063,0.053,-0.25,-4.37,4.38,100.0,0,0,0
23.22,0.4,0.0,0.0,6.9163,-1.9415,0.6224,0.303,-0.0382,0.043,-0.29,-4.28,4.29,100.0,0,0,0
23.24,0.4,0.0,0.0,6.9216,-1.9446,0.6227,0.3024,-0.0681,0.0352,-0.29,-4.21,4.22,100.0,0,0,0
23.26,0.4,0.0,0.0,6.9268,-1.9482,0.6227,0.303,-0.0968,0.0323,-0.25,-4.16,4.16,100.0,0,0,0
23.28,0.4,0.0,0.0,6.9319,-1.9523,0.6224,0.3049,-0.1256,0.0291,-0.18,-4.13,4.13,100.0,0,0,0
23.3,0.4,0.0,0.0,6.9369,-1.9571,0.6218,0.305,-0.1567,0.0224,-0.06,-4.12,4.12,100.0,0,0,0
23.32,0.4,0.0,0.0,6.9416,-1.9624,0.6206,0.2953,-0.1865,0.0049,0.13,-4.11,4.11,100.0,0,0,0
23.34,0.4,0.0,0.0,6.9458,-1.9679,0.6188,0.2794,-0.2044,-0.0457,0.46,-4.09,4.12,100.0,0,0,0
23.36,0.4,0.0,0.0,6.9501,-1.9736,0.6167,0.3025,-0.205,0.0101,0.98,-4.15,4.26,100.0,0,0,0
23.38,0.4,0.0,0.0,6.9549,-1.9794,0.6167,0.3357,-0.1985,0.108,1.38,-4.38,4.59,100.0,0,0,0
23.4,0.4,0.0,0.0,6.9598,-1.9848,0.6186,0.3131,-0.1664,-0.0718,1.57,-4.56,4.82,100.0,0,0,0
23.42,0.4,0.0,0.0,6.9645,-1.9893,0.6208,0.2959,-0.1234,-0.1288,1.68,-4.61,4.9,100.0,0,0,0
23.44,0.4,0.0,0.0,6.9693,-1.993,0.6226,0.29,-0.0824,-0.1286,1.76,-4.6,4.92,100.0,0,0,0
23.46,0.4,0.0,0.0,6.9744,-1.996,0.6238,0.2924,-0.0428,-0.1081,1.81,-4.58,4.92,100.0,0,0,0
23.48,0.4,0.0,0.0,6.9798,-1.9982,0.6246,0.2978,-0.0037,-0.0806,1.82,-4.57,4.91,100.0,0,0,0
23.5,0.4,0.0,0.0,6.9857,-1.9997,0.625,0.305,0.0353,-0.0571,1.78,-4.56,4.89,100.0,0,0,0
23.52,0.4,0.0,0.0,6.992,-2.0006,0.6249,0.313,0.0731,-0.0398,1.71,-4.56,4.87,100.0,0,0,0
23.54,0.4,0.0,0.0,6.9987,-2.0008,0.6243,0.3182,0.1074,-0.0216,1.58,-4.56,4.82,100.0,0,0,0
23.56,0.4,0.0,0.0,7.0057,-2.0006,0.6231,0.319,0.133,-0.0004,1.37,-4.54,4.74,100.0,0,0,0
23.58,0.4,0.0,0.0,7.0127,-1.9999,0.6211,0.3114,0.1442,0.1059,1.0,-4.48,4.59,100.0,0,0,0
23.6,0.4,0.0,0.0,7.0197,-1.9993,0.6183,0.3279,0.1371,-0.0464,0.49,-4.44,4.47,100.0,0,0,0
23.62,0.4,0.0,0.0,7.0272,-1.9993,0.6173,0.3668,0.1185,-0.2244,0.15,-4.55,4.55,100.0,0,0,0
23.64,0.4,0.0,0.0,7.0345,-1.9997,0.6182,0.3493,0.0938,-0.0613,-0.02,-4.62,4.62,100.0,0,0,0
23.66,0.4,0.0,0.0,7.0412,-2.0006,0.6198,0.3307,0.0501,0.0512,-0.11,-4.6,4.6,100.0,0,0,0
23.68,0.4,0.0,0.0,7.0473,-2.0022,0.6212,0.3138,0.0129,0.0575,-0.2,-4.51,4.52,100.0,0,0,0
23.7,0.4,0.0,0.0,7.053,-2.0044,0.6222,0.3066,-0.0201,0.0487,-0.26,-4.42,4.43,100.0,0,0,0
23.72,0.4,0.0,0.0,7.0585,-2.0071,0.6228,0.3038,-0.0511,0.0404,-0.28,-4.34,4.35,100.0,0,0,0
23.74,0.4,0.0,0.0,7.0638,-2.0105,0.6231,0.3034,-0.08,0.0348,-0.27,-4.28,4.29,100.0,0,0,0
23.76,0.4,0.0,0.0,7.0689,-2.0143,0.623,0.3048,-0.1084,0.0329,-0.23,-4.25,4.25,100.0,0,0,0
23.78,0.4,0.0,0.0,7.0739,-2.0188,0.6226,0.3054,-0.1377,0.0241,-0.14,-4.23,4.23,100.0,0,0,0
23.8,0.4,0.0,0.0,7.0788,-2.0238,0.6219,0.3045,-0.168,0.0232,0.0,-4.22,4.22,100.0,0,0,0
23.82,0.4,0.0,0.0,7.0833,-2.0293,0.6205,0.2917,-0.1955,-0.0098,0.22,-4.21,4.21,100.0,0,0,0
23.84,0.4,0.0,0.0,7.0874,-2.035,0.6185,0.2742,-0.2054,-0.0647,0.63,-4.19,4.24,100.0,0,0,0
23.86,0.4,0.0,0.0,7.0917,-2.0407,0.6167,0.3191,-0.2037,0.1472,1.15,-4.3,4.45,100.0,0,0,0
23.88,0.4,0.0,0.0,7.0967,-2.0465,0.6174,0.3327,-0.1917,0.0954,1.46,-4.55,4.78,100.0,0,0,0
23.9,0.4,0.0,0.0,7.1014,-2.0517,0.6195,0.308,-0.1526,-0.0787,1.6,-4.69,4.95,100.0,0,0,0
23.92,0.4,0.0,0.0,7.1061,-2.056,0.6216,0.2933,-0.1107,-0.1257,1.7,-4.71,5.0,100.0,0,0,0
23.94,0.4,0.0,0.0,7.111,-2.0595,0.6232,0.2903,-0.0696,-0.1182,1.76,-4.68,5.0,100.0,0,0,0
23.96,0.4,0.0,0.0,7.1162,-2.0622,0.6243,0.2938,-0.0305,-0.0964,1.8,-4.65,4.99,100.0,0,0,0
23.98,0.4,0.0,0.0,7.1218,-2.0642,0.625,0.3,0.0088,-0.0686,1.79,-4.63,4.97,100.0,0,0,0
24.0,0.4,0.0,0.0,7.1278,-2.0656,0.6252,0.3083,0.0472,-0.051,1.74,-4.62,4.94,100.0,0,0,0
24.02,0.4,0.0,0.0,7.1342,-2.0663,0.625,0.3151,0.0845,-0.0299,1.66,-4.62,4.91,100.0,0,0,0
24.04,0.4,0.0,0.0,7.141,-2.0664,0.6242,0.3196,0.1161,-0.016,1.51,-4.61,4.85,100.0,0,0,0
24.06,0.4,0.0,0.0,7.148,-2.0661,0.6228,0.3185,0.1382,0.0207,1.26,-4.57,4.74,100.0,0,0,0
24.08,0.4,0.0,0.0,7.155,-2.0654,0.6205,0.3063,0.143,0.1742,0.82,-4.5,4.58,100.0,0,0,0
24.1,0.4,0.0,0.0,7.1623,-2.0651,0.6183,0.3474,0.1352,-0.1417,0.39,-4.5,4.52,100.0,0,0,0
24.12,0.4,0.0,0.0,7.1698,-2.0653,0.618,0.3614,0.1102,-0.111,0.11,-4.57,4.57,100.0,0,0,0
24.14,0.4,0.0,0.0,7.1768,-2.0659,0.6191,0.3371,0.0757,0.0279,-0.05,-4.57,4.57,100.0,0,0,0
24.16,0.4,0.0,0.0,7.1832,-2.0671,0.6205,0.3209,0.0341,0.0646,-0.16,-4.5,4.5,100.0,0,0,0
24.18,0.4,0.0,0.0,7.1891,-2.069,0.6216,0.3092,-0.0009,0.0557,-0.24,-4.4,4.4,100.0,0,0,0
24.2,0.4,0.0,0.0,7.1946,-2.0714,0.6223,0.3052,-0.0335,0.0451,-0.28,-4.3,4.31,100.0,0,0,0
24.22,0.4,0.0,0.0,7.2,-2.0744,0.6227,0.304,-0.0637,0.0365,-0.29,-4.23,4.24,100.0,0,0,0
24.24,0.4,0.0,0.0,7.2052,-2.078,0.6227,0.3044,-0.0924,0.0327,-0.26,-4.18,4.19,100.0,0,0,0
24.26,0.4,0.0,0.0,7.2103,-2.0822,0.6225,0.306,-0.1211,0.0309,-0.19,-4.15,4.15,100.0,0,0,0
24.28,0.4,0.0,0.0,7.2153,-2.0869,0.6219,0.3064,-0.1518,0.0217,-0.07,-4.13,4.13,100.0,0,0,0
24.3,0.4,0.0,0.0,7.22,-2.0922,0.6208,0.3001,-0.1819,0.0153,0.1,-4.12,4.12,100.0,0,0,0
24.32,0.4,0.0,0.0,7.2243,-2.0978,0.6192,0.2844,-0.2034,-0.0362,0.39,-4.1,4.12,100.0,0,0,0
24.34,0.4,0.0,0.0,7.2284,-2.1036,0.617,0.2906,-0.2062,-0.0587,0.9,-4.13,4.23,100.0,0,0,0
24.36,0.4,0.0,0.0,7.2332,-2.1095,0.6164,0.3415,-0.2039,0.1578,1.35,-4.36,4.57,100.0,0,0,0
24.38,0.4,0.0,0.0,7.238,-2.1152,0.6182,0.3215,-0.1785,-0.0438,1.57,-4.58,4.84,100.0,0,0,0
24.4,0.4,0.0,0.0,7.2427,-2.12,0.6204,0.3008,-0.1338,-0.125,1.69,-4.65,4.95,100.0,0,0,0
24.42,0.4,0.0,0.0,7.2474,-2.124,0.6224,0.2915,-0.0925,-0.1359,1.78,-4.65,4.98,100.0,0,0,0
24.44,0.4,0.0,0.0,7.2524,-2.1271,0.6238,0.2925,-0.0525,-0.1158,1.84,-4.62,4.98,100.0,0,0,0
24.46,0.4,0.0,0.0,7.2578,-2.1296,0.6247,0.2971,-0.014,-0.0909,1.86,-4.61,4.97,100.0,0,0,0
24.48,0.4,0.0,0.0,7.2635,-2.1314,0.6252,0.3038,0.025,-0.0643,1.84,-4.59,4.95,100.0,0,0,0
24.5,0.4,0.0,0.0,7.2697,-2.1326,0.6252,0.3118,0.0629,-0.0472,1.78,-4.59,4.93,100.0,0,0,0
24.52,0.4,0.0,0.0,7.2763,-2.133,0.6248,0.3176,0.099,-0.0271,1.68,-4.59,4.89,100.0,0,0,0
24.54,0.4,0.0,0.0,7.2833,-2.133,0.6238,0.3201,0.1266,-0.0103,1.49,-4.58,4.81,100.0,0,0,0
24.56,0.4,0.0,0.0,7.2903,-2.1325,0.622,0.3153,0.143,0.0611,1.18,-4.53,4.68,100.0,0,0,0
24.58,0.4,0.0,0.0,7.2973,-2.132,0.6193,0.3172,0.1385,0.0875,0.67,-4.47,4.52,100.0,0,0,0
24.6,0.4,0.0,0.0,7.3047,-2.1318,0.6177,0.3606,0.128,-0.1996,0.28,-4.54,4.55,100.0,0,0,0
24.62,0.4,0.0,0.0,7.3122,-2.1322,0.618,0.357,0.1011,-0.109,0.05,-4.62,4.62,100.0,0,0,0
24.64,0.4,0.0,0.0,7.3191,-2.1331,0.6195,0.3349,0.0627,0.0372,-0.07,-4.62,4.62,100.0,0,0,0
24.66,0.4,0.0,0.0,7.3253,-2.1346,0.6209,0.3178,0.0232,0.0583,-0.16,-4.53,4.54,100.0,0,0,0
24.68,0.4,0.0,0.0,7.3311,-2.1367,0.622,0.3082,-0.0105,0.0502,-0.23,-4.43,4.44,100.0,0,0,0
24.7,0.4,0.0,0.0,7.3366,-2.1393,0.6226,0.3049,-0.0423,0.0415,-0.26,-4.35,4.35,100.0,0,0,0
24.72,0.4,0.0,0.0,7.3419,-2.1425,0.623,0.3041,-0.072,0.0346,-0.26,-4.28,4.29,100.0,0,0,0
24.74,0.4,0.0,0.0,7.347,-2.1463,0.623,0.3045,-0.1004,0.032,-0.22,-4.23,4.24,100.0,0,0,0
24.76,0.4,0.0,0.0,7.352,-2.1507,0.6227,0.3061,-0.1291,0.0283,-0.14,-4.21,4.21,100.0,0,0,0
24.78,0.4,0.0,0.0,7.3569,-2.1556,0.622,0.3063,-0.1599,0.0227,-0.02,-4.2,4.2,100.0,0,0,0
24.8,0.4,0.0,0.0,7.3614,-2.161,0.6208,0.296,-0.1892,0.0028,0.17,-4.19,4.19,100.0,0,0,0
24.82,0.4,0.0,0.0,7.3656,-2.1667,0.619,0.2793,-0.206,-0.0501,0.52,-4.17,4.2,100.0,0,0,0
24.84,0.4,0.0,0.0,7.3697,-2.1725,0.6168,0.3043,-0.2051,0.0392,1.04,-4.22,4.35,100.0,0,0,0
24.86,0.4,0.0,0.0,7.3745,-2.1784,0.6169,0.3387,-0.1974,0.1399,1.43,-4.47,4.69,100.0,0,0,0
24.88,0.4,0.0,0.0,7.3793,-2.1839,0.6188,0.3145,-0.1653,-0.0622,1.61,-4.65,4.92,100.0,0,0,0
24.9,0.4,0.0,0.0,7.3839,-2.1885,0.6211,0.2965,-0.1223,-0.1268,1.71,-4.7,5.0,100.0,0,0,0
24.92,0.4,0.0,0.0,7.3887,-2.1923,0.6228,0.2904,-0.081,-0.1269,1.79,-4.68,5.01,100.0,0,0,0
24.94,0.4,0.0,0.0,7.3937,-2.1953,0.6241,0.2929,-0.0416,-0.107,1.83,-4.66,5.0,100.0,0,0,0
24.96,0.4,0.0,0.0,7.3992,-2.1976,0.6249,0.2984,-0.0025,-0.0786,1.84,-4.64,4.99,100.0,0,0,0
24.98,0.4,0.0,0.0,7.405,-2.1992,0.6252,0.3057,0.0363,-0.0556,1.8,-4.63,4.96,100.0,0,0,0
25.0,0.4,0.0,0.0,7.4113,-2.2002,0.6251,0.3136,0.074,-0.0375,1.73,-4.62,4.93,100.0,0,0,0
25.02,0.4,0.0,0.0,7.418,-2.2006,0.6245,0.3189,0.1079,-0.0193,1.6,-4.61,4.88,100.0,0,0,0
25.04,0.4,0.0,0.0,7.425,-2.2004,0.6233,0.3196,0.1334,0.0024,1.38,-4.58,4.79,100.0,0,0,0
25.06,0.4,0.0,0.0,7.432,-2.2,0.6213,0.3119,0.1445,0.1119,1.01,-4.52,4.63,100.0,0,0,0
25.08,0.4,0.0,0.0,7.4391,-2.1995,0.6185,0.3288,0.1374,-0.0494,0.5,-4.48,4.5,100.0,0,0,0
25.1,0.4,0.0,0.0,7.4466,-2.1996,0.6174,0.368,0.1184,-0.2302,0.17,-4.58,4.58,100.0,0,0,0
25.12,0.4,0.0,0.0,7.454,-2.2002,0.6183,0.3509,0.0929,-0.0638,0.0,-4.64,4.64,100.0,0,0,0
25.14,0.4,0.0,0.0,7.4607,-2.2013,0.6199,0.3327,0.0494,0.0475,-0.09,-4.62,4.62,100.0,0,0,0
25.16,0.4,0.0,0.0,7.4668,-2.203,0.6214,0.316,0.0123,0.055,-0.18,-4.53,4.54,100.0,0,0,0
25.18,0.4,0.0,0.0,7.4725,-2.2053,0.6223,0.3088,-0.0206,0.047,-0.24,-4.44,4.44,100.0,0,0,0
25.2,0.4,0.0,0.0,7.4779,-2.2082,0.6229,0.306,-0.0516,0.0392,-0.26,-4.36,4.36,100.0,0,0,0
25.22,0.4,0.0,0.0,7.4832,-2.2117,0.6231,0.3055,-0.0806,0.0342,-0.25,-4.29,4.3,100.0,0,0,0
25.24,0.4,0.0,0.0,7.4883,-2.2157,0.6231,0.3066,-0.109,0.0327,-0.21,-4.25,4.26,100.0,0,0,0
25.26,0.4,0.0,0.0,7.4932,-2.2202,0.6227,0.3073,-0.1382,0.0248,-0.12,-4.23,4.23,100.0,0,0,0
25.28,0.4,0.0,0.0,7.498,-2.2253,0.6219,0.3062,-0.1685,0.0234,0.02,-4.22,4.22,100.0,0,0,0
25.3,0.4,0.0,0.0,7.5024,-2.2309,0.6206,0.2934,-0.1959,-0.0088,0.24,-4.21,4.21,100.0,0,0,0
25.32,0.4,0.0,0.0,7.5065,-2.2367,0.6186,0.2763,-0.2059,-0.0656,0.65,-4.2,4.25,100.0,0,0,0
25.34,0.4,0.0,0.0,7.5107,-2.2426,0.6168,0.3209,-0.2043,0.1429,1.17,-4.31,4.46,100.0,0,0,0
25.36,0.4,0.0,0.0,7.5155,-2.2485,0.6174,0.3346,-0.1929,0.092,1.49,-4.56,4.79,100.0,0,0,0
25.38,0.4,0.0,0.0,7.5203,-2.2538,0.6195,0.3093,-0.1539,-0.081,1.63,-4.7,4.97,100.0,0,0,0
25.4,0.4,0.0,0.0,7.5249,-2.2583,0.6216,0.294,-0.1118,-0.1277,1.73,-4.72,5.02,100.0,0,0,0
25.42,0.4,0.0,0.0,7.5296,-2.2618,0.6233,0.2908,-0.0706,-0.1194,1.79,-4.69,5.02,100.0,0,0,0
25.44,0.4,0.0,0.0,7.5348,-2.2647,0.6244,0.2942,-0.0315,-0.0976,1.83,-4.66,5.01,100.0,0,0,0
25.46,0.4,0.0,0.0,7.5403,-2.2669,0.625,0.3004,0.0077,-0.0694,1.83,-4.64,4.99,100.0,0,0,0
25.48,0.4,0.0,0.0,7.5463,-2.2684,0.6253,0.3086,0.0461,-0.0516,1.78,-4.63,4.96,100.0,0,0,0
25.5,0.4,0.0,0.0,7.5527,-2.2692,0.625,0.3154,0.0835,-0.0301,1.7,-4.63,4.93,100.0,0,0,0
25.52,0.4,0.0,0.0,7.5595,-2.2695,0.6243,0.3198,0.1153,-0.016,1.55,-4.61,4.87,100.0,0,0,0
25.54,0.4,0.0,0.0,7.5665,-2.2693,0.6229,0.319,0.138,0.0185,1.3,-4.58,4.76,100.0,0,0,0
25.56,0.4,0.0,0.0,7.5735,-2.2688,0.6206,0.3073,0.1439,0.1662,0.88,-4.51,4.59,100.0,0,0,0
25.58,0.4,0.0,0.0,7.5807,-2.2685,0.618,0.3446,0.1359,-0.1506,0.4,-4.49,4.51,100.0,0,0,0
25.6,0.4,0.0,0.0,7.5883,-2.2688,0.6175,0.3693,0.1115,-0.2151,0.11,-4.6,4.6,100.0,0,0,0
25.62,0.4,0.0,0.0,7.5955,-2.2696,0.6187,0.3462,0.0815,-0.018,-0.03,-4.64,4.64,100.0,0,0,0
25.64,0.4,0.0,0.0,7.602,-2.2709,0.6204,0.3277,0.0386,0.0525,-0.13,-4.59,4.59,100.0,0,0,0
25.66,0.4,0.0,0.0,7.608,-2.2728,0.6217,0.3133,0.0034,0.053,-0.21,-4.49,4.5,100.0,0,0,0
25.68,0.4,0.0,0.0,7.6136,-2.2753,0.6225,0.3077,-0.029,0.0448,-0.26,-4.4,4.4,100.0,0,0,0
25.7,0.4,0.0,0.0,7.6189,-2.2784,0.623,0.3056,-0.0592,0.0372,-0.28,-4.32,4.33,100.0,0,0,0
25.72,0.4,0.0,0.0,7.6241,-2.282,0.6232,0.3055,-0.0877,0.0335,-0.26,-4.26,4.27,100.0,0,0,0
25.74,0.4,0.0,0.0,7.6291,-2.2862,0.623,0.3069,-0.116,0.0325,-0.2,-4.22,4.23,100.0,0,0,0
25.76,0.4,0.0,0.0,7.634,-2.2909,0.6225,0.3073,-0.1459,0.0231,-0.1,-4.21,4.21,100.0,0,0,0
25.78,0.4,0.0,0.0,7.6387,-2.2962,0.6216,0.3043,-0.1758,0.0224,0.06,-4.2,4.2,100.0,0,0,0
25.8,0.4,0.0,0.0,7.643,-2.3019,0.6202,0.2893,-0.2004,-0.0191,0.31,-4.18,4.19,100.0,0,0,0
25.82,0.4,0.0,0.0,7.647,-2.3078,0.618,0.2769,-0.2057,-0.0945,0.78,-4.18,4.25,100.0,0,0,0
25.84,0.4,0.0,0.0,7.6515,-2.3137,0.6167,0.3359,-0.2026,0.2045,1.27,-4.37,4.55,100.0,0,0,0
25.86,0.4,0.0,0.0,7.6562,-2.3197,0.618,0.3269,-0.1886,-0.0004,1.52,-4.6,4.85,100.0,0,0,0
25.88,0.4,0.0,0.0,7.6609,-2.3248,0.6202,0.304,-0.1421,-0.1039,1.66,-4.7,4.99,100.0,0,0,0
25.9,0.4,0.0,0.0,7.6654,-2.329,0.6221,0.2916,-0.1013,-0.1326,1.76,-4.7,5.02,100.0,0,0,0
25.92,0.4,0.0,0.0,7.6703,-2.3324,0.6236,0.291,-0.0603,-0.1154,1.83,-4.67,5.02,100.0,0,0,0
25.94,0.4,0.0,0.0,7.6755,-2.3352,0.6246,0.295,-0.0218,-0.0916,1.86,-4.65,5.01,100.0,0,0,0
25.96,0.4,0.0,0.0,7.6811,-2.3372,0.6251,0.3016,0.0173,-0.064,1.85,-4.63,4.99,100.0,0,0,0
25.98,0.4,0.0,0.0,7.6872,-2.3386,0.6252,0.3098,0.0554,-0.0475,1.8,-4.62,4.96,100.0,0,0,0
26.0,0.4,0.0,0.0,7.6937,-2.3393,0.6249,0.3162,0.0922,-0.0269,1.7,-4.62,4.92,100.0,0,0,0
26.02,0.4,0.0,0.0,7.7005,-2.3395,0.624,0.3199,0.122,-0.013,1.54,-4.6,4.85,100.0,0,0,0
26.04,0.4,0.0,0.0,7.7076,-2.3392,0.6224,0.3172,0.1421,0.0369,1.27,-4.56,4.73,100.0,0,0,0
26.06,0.4,0.0,0.0,7.7145,-2.3388,0.6198,0.3042,0.1438,0.2003,0.79,-4.48,4.55,100.0,0,0,0
26.08,0.4,0.0,0.0,7.7219,-2.3387,0.6179,0.3549,0.1347,-0.2027,0.37,-4.51,4.52,100.0,0,0,0
26.1,0.4,0.0,0.0,7.7295,-2.3391,0.6178,0.365,0.1067,-0.1517,0.11,-4.6,4.6,100.0,0,0,0
26.12,0.4,0.0,0.0,7.7365,-2.34,0.6191,0.3393,0.0731,0.0178,-0.02,-4.6,4.6,100.0,0,0,0
26.14,0.4,0.0,0.0,7.7429,-2.3415,0.6206,0.3221,0.031,0.0572,-0.12,-4.52,4.52,100.0,0,0,0
26.16,0.4,0.0,0.0,7.7487,-2.3435,0.6218,0.3097,-0.0035,0.051,-0.2,-4.41,4.41,100.0,0,0,0
26.18,0.4,0.0,0.0,7.7542,-2.3462,0.6225,0.3055,-0.0358,0.0425,-0.24,-4.31,4.31,100.0,0,0,0
26.2,0.4,0.0,0.0,7.7594,-2.3494,0.6229,0.3041,-0.0657,0.0352,-0.25,-4.23,4.24,100.0,0,0,0
26.22,0.4,0.0,0.0,7.7645,-2.3532,0.623,0.3043,-0.0942,0.0327,-0.22,-4.17,4.18,100.0,0,0,0
26.24,0.4,0.0,0.0,7.7695,-2.3575,0.6228,0.3059,-0.1225,0.0322,-0.16,-4.14,4.14,100.0,0,0,0
26.26,0.4,0.0,0.0,7.7743,-2.3624,0.6222,0.3061,-0.153,0.023,-0.05,-4.13,4.13,100.0,0,0,0
26.28,0.4,0.0,0.0,7.7788,-2.3678,0.6212,0.3,-0.1828,0.0167,0.12,-4.12,4.12,100.0,0,0,0
26.3,0.4,0.0,0.0,7.7829,-2.3736,0.6196,0.2844,-0.2043,-0.0318,0.41,-4.11,4.13,100.0,0,0,0
26.32,0.4,0.0,0.0,7.7868,-2.3795,0.6173,0.2881,-0.2066,-0.0594,0.92,-4.13,4.23,100.0,0,0,0
26.34,0.4,0.0,0.0,7.7914,-2.3855,0.6166,0.3385,-0.2043,0.1563,1.38,-4.36,4.57,100.0,0,0,0
26.36,0.4,0.0,0.0,7.7961,-2.3914,0.6182,0.3196,-0.1806,-0.0426,1.6,-4.57,4.84,100.0,0,0,0
26.38,0.4,0.0,0.0,7.8006,-2.3964,0.6204,0.2986,-0.1356,-0.1241,1.72,-4.65,4.96,100.0,0,0,0
26.4,0.4,0.0,0.0,7.8051,-2.4005,0.6223,0.2892,-0.094,-0.1342,1.81,-4.65,4.99,100.0,0,0,0
26.42,0.4,0.0,0.0,7.8099,-2.4038,0.6237,0.2902,-0.0537,-0.1137,1.87,-4.63,4.99,100.0,0,0,0
26.44,0.4,0.0,0.0,7.8152,-2.4065,0.6246,0.295,-0.015,-0.0871,1.89,-4.61,4.98,100.0,0,0,0
26.46,0.4,0.0,0.0,7.8208,-2.4084,0.6251,0.302,0.0241,-0.0604,1.87,-4.6,4.96,100.0,0,0,0
26.48,0.4,0.0,0.0,7.827,-2.4097,0.6251,0.3102,0.0621,-0.0431,1.81,-4.59,4.94,100.0,0,0,0
26.5,0.4,0.0,0.0,7.8335,-2.4104,0.6246,0.3164,0.0985,-0.0228,1.7,-4.59,4.89,100.0,0,0,0
26.52,0.4,0.0,0.0,7.8404,-2.4106,0.6236,0.3196,0.1269,-0.0067,1.52,-4.57,4.82,100.0,0,0,0
26.54,0.4,0.0,0.0,7.8475,-2.4103,0.6219,0.3155,0.1441,0.0579,1.21,-4.52,4.68,100.0,0,0,0
26.56,0.4,0.0,0.0,7.8545,-2.4099,0.6192,0.3166,0.141,0.0879,0.71,-4.46,4.52,100.0,0,0,0
26.58,0.4,0.0,0.0,7.862,-2.4099,0.6176,0.3589,0.1315,-0.1824,0.33,-4.51,4.53,100.0,0,0,0
26.6,0.4,0.0,0.0,7.8694,-2.4104,0.618,0.3569,0.1033,-0.0933,0.1,-4.59,4.59,100.0,0,0,0
26.62,0.4,0.0,0.0,7.8762,-2.4114,0.6194,0.3328,0.0646,0.0391,-0.04,-4.57,4.57,100.0,0,0,0
26.64,0.4,0.0,0.0,7.8824,-2.4131,0.6209,0.3164,0.0253,0.0589,-0.15,-4.48,4.48,100.0,0,0,0
26.66,0.4,0.0,0.0,7.8881,-2.4152,0.6219,0.3066,-0.0082,0.0503,-0.23,-4.37,4.38,100.0,0,0,0
26.68,0.4,0.0,0.0,7.8935,-2.418,0.6226,0.3035,-0.0398,0.0416,-0.27,-4.28,4.29,100.0,0,0,0
26.7,0.4,0.0,0.0,7.8987,-2.4213,0.623,0.3027,-0.0692,0.035,-0.28,-4.21,4.22,100.0,0,0,0
26.72,0.4,0.0,0.0,7.9037,-2.4252,0.623,0.3032,-0.0975,0.0333,-0.25,-4.16,4.17,100.0,0,0,0
26.74,0.4,0.0,0.0,7.9086,-2.4296,0.6227,0.3047,-0.1259,0.032,-0.17,-4.14,4.14,100.0,0,0,0
26.76,0.4,0.0,0.0,7.9133,-2.4346,0.6221,0.3052,-0.1565,0.025,-0.06,-4.13,4.13,100.0,0,0,0
26.78,0.4,0.0,0.0,7.9177,-2.4401,0.6211,0.2964,-0.1862,0.0093,0.12,-4.12,4.12,100.0,0,0,0
26.8,0.4,0.0,0.0,7.9218,-2.4459,0.6193,0.2809,-0.2051,-0.0381,0.44,-4.11,4.13,100.0,0,0,0
26.82,0.4,0.0,0.0,7.9256,-2.4518,0.617,0.2872,-0.2064,-0.0337,0.97,-4.14,4.25,100.0,0,0,0
26.84,0.4,0.0,0.0,7.9301,-2.4579,0.6164,0.3424,-0.2031,0.2107,1.41,-4.4,4.62,100.0,0,0,0
26.86,0.4,0.0,0.0,7.9348,-2.4637,0.6182,0.3198,-0.1791,-0.0266,1.61,-4.63,4.9,100.0,0,0,0
26.88,0.4,0.0,0.0,7.9392,-2.4687,0.6206,0.2977,-0.1341,-0.1215,1.72,-4.71,5.02,100.0,0,0,0
26.9,0.4,0.0,0.0,7.9438,-2.4728,0.6226,0.288,-0.0927,-0.1336,1.8,-4.71,5.04,100.0,0,0,0
26.92,0.4,0.0,0.0,7.9486,-2.4761,0.624,0.2893,-0.0527,-0.1138,1.85,-4.68,5.04,100.0,0,0,0
26.94,0.4,0.0,0.0,7.9538,-2.4788,0.6249,0.2944,-0.0141,-0.0859,1.87,-4.66,5.02,100.0,0,0,0
26.96,0.4,0.0,0.0,7.9594,-2.4807,0.6254,0.3015,0.0248,-0.0588,1.85,-4.65,5.0,100.0,0,0,0
26.98,0.4,0.0,0.0,7.9655,-2.4821,0.6254,0.3099,0.0626,-0.0408,1.79,-4.65,4.98,100.0,0,0,0
27.0,0.4,0.0,0.0,7.9721,-2.4828,0.6249,0.3161,0.0985,-0.0206,1.68,-4.64,4.93,100.0,0,0,0
27.02,0.4,0.0,0.0,7.979,-2.483,0.624,0.3194,0.1265,-0.0035,1.5,-4.62,4.86,100.0,0,0,0
27.04,0.4,0.0,0.0,7.986,-2.4827,0.6222,0.3152,0.143,0.0652,1.18,-4.57,4.72,100.0,0,0,0
27.06,0.4,0.0,0.0,7.993,-2.4824,0.6195,0.3175,0.1392,0.0925,0.67,-4.5,4.55,100.0,0,0,0
27.08,0.4,0.0,0.0,8.0005,-2.4825,0.6179,0.3596,0.1288,-0.199,0.29,-4.56,4.57,100.0,0,0,0
27.1,0.4,0.0,0.0,8.008,-2.4832,0.6182,0.358,0.0998,-0.1072,0.07,-4.63,4.63,100.0,0,0,0
27.12,0.4,0.0,0.0,8.0148,-2.4843,0.6196,0.3346,0.0615,0.0339,-0.06,-4.61,4.61,100.0,0,0,0
27.14,0.4,0.0,0.0,8.0209,-2.486,0.621,0.3184,0.0222,0.0565,-0.16,-4.52,4.53,100.0,0,0,0
27.16,0.4,0.0,0.0,8.0267,-2.4883,0.6221,0.3086,-0.0113,0.0489,-0.24,-4.41,4.42,100.0,0,0,0
27.18,0.4,0.0,0.0,8.0321,-2.4911,0.6227,0.3054,-0.0429,0.0403,-0.27,-4.32,4.33,100.0,0,0,0
27.2,0.4,0.0,0.0,8.0373,-2.4946,0.623,0.3045,-0.0724,0.034,-0.27,-4.25,4.25,100.0,0,0,0
27.22,0.4,0.0,0.0,8.0423,-2.4985,0.623,0.3048,-0.1008,0.0323,-0.24,-4.19,4.2,100.0,0,0,0
27.24,0.4,0.0,0.0,8.0471,-2.503,0.6228,0.3061,-0.1293,0.0308,-0.16,-4.16,4.17,100.0,0,0,0
27.26,0.4,0.0,0.0,8.0518,-2.5081,0.6221,0.3063,-0.16,0.0241,-0.04,-4.16,4.16,100.0,0,0,0
27.28,0.4,0.0,0.0,8.0562,-2.5137,0.621,0.2967,-0.1895,0.0072,0.15,-4.14,4.15,100.0,0,0,0
27.3,0.4,0.0,0.0,8.0602,-2.5196,0.6192,0.2806,-0.2073,-0.0417,0.48,-4.13,4.16,100.0,0,0,0
27.32,0.4,0.0,0.0,8.0639,-2.5255,0.6168,0.2882,-0.2072,-0.037,1.03,-4.16,4.29,100.0,0,0,0
27.34,0.4,0.0,0.0,8.0685,-2.5317,0.6166,0.3434,-0.2039,0.1951,1.45,-4.43,4.66,100.0,0,0,0
27.36,0.4,0.0,0.0,8.0731,-2.5374,0.6186,0.3159,-0.1721,-0.025,1.62,-4.66,4.93,100.0,0,0,0
27.38,0.4,0.0,0.0,8.0775,-2.5424,0.6209,0.2987,-0.1303,-0.11,1.71,-4.74,5.04,100.0,0,0,0
27.4,0.4,0.0,0.0,8.0821,-2.5464,0.6228,0.2907,-0.0897,-0.1203,1.79,-4.74,5.06,100.0,0,0,0
27.42,0.4,0.0,0.0,8.0869,-2.5498,0.6242,0.2929,-0.0506,-0.1052,1.83,-4.72,5.06,100.0,0,0,0
27.44,0.4,0.0,0.0,8.0922,-2.5524,0.625,0.2983,-0.0117,-0.0784,1.84,-4.7,5.05,100.0,0,0,0
27.46,0.4,0.0,0.0,8.098,-2.5544,0.6254,0.3055,0.0273,-0.0547,1.81,-4.69,5.03,100.0,0,0,0
27.48,0.4,0.0,0.0,8.1042,-2.5558,0.6254,0.3139,0.0652,-0.0377,1.74,-4.69,5.0,100.0,0,0,0
27.5,0.4,0.0,0.0,8.1108,-2.5565,0.6249,0.3198,0.1009,-0.0193,1.62,-4.68,4.95,100.0,0,0,0
27.52,0.4,0.0,0.0,8.1178,-2.5567,0.6238,0.3225,0.1282,-0.0009,1.42,-4.65,4.86,100.0,0,0,0
27.54,0.4,0.0,0.0,8.1249,-2.5565,0.622,0.317,0.1429,0.0815,1.09,-4.59,4.72,100.0,0,0,0
27.56,0.4,0.0,0.0,8.132,-2.5563,0.6192,0.3251,0.1391,0.0091,0.6,-4.52,4.56,100.0,0,0,0
27.58,0.4,0.0,0.0,8.1395,-2.5566,0.6179,0.3637,0.1232,-0.1577,0.25,-4.57,4.58,100.0,0,0,0
27.6,0.4,0.0,0.0,8.1468,-2.5573,0.6185,0.3506,0.0963,-0.0429,0.05,-4.61,4.61,100.0,0,0,0
27.62,0.4,0.0,0.0,8.1535,-2.5585,0.6199,0.333,0.0534,0.0537,-0.07,-4.57,4.57,100.0,0,0,0
27.64,0.4,0.0,0.0,8.1596,-2.5604,0.6211,0.317,0.0155,0.058,-0.16,-4.47,4.47,100.0,0,0,0
27.66,0.4,0.0,0.0,8.1653,-2.5628,0.622,0.3098,-0.0179,0.0481,-0.22,-4.37,4.37,100.0,0,0,0
27.68,0.4,0.0,0.0,8.1707,-2.5658,0.6226,0.3072,-0.0494,0.0392,-0.25,-4.28,4.29,100.0,0,0,0
27.7,0.4,0.0,0.0,8.1759,-2.5694,0.6228,0.3067,-0.0788,0.0337,-0.24,-4.21,4.22,100.0,0,0,0
27.72,0.4,0.0,0.0,8.1809,-2.5735,0.6227,0.3072,-0.1075,0.0322,-0.19,-4.16,4.17,100.0,0,0,0
27.74,0.4,0.0,0.0,8.1857,-2.5782,0.6224,0.3086,-0.1365,0.0284,-0.1,-4.14,4.14,100.0,0,0,0
27.76,0.4,0.0,0.0,8.1904,-2.5835,0.6216,0.3075,-0.1674,0.024,0.04,-4.13,4.13,100.0,0,0,0
27.78,0.4,0.0,0.0,8.1946,-2.5892,0.6203,0.2955,-0.1958,-0.0004,0.25,-4.12,4.12,100.0,0,0,0
27.8,0.4,0.0,0.0,8.1986,-2.5951,0.6184,0.2802,-0.2079,-0.0666,0.63,-4.11,4.16,100.0,0,0,0
27.82,0.4,0.0,0.0,8.2027,-2.6012,0.6166,0.3204,-0.207,0.0891,1.16,-4.22,4.37,100.0,0,0,0
27.84,0.4,0.0,0.0,8.2073,-2.6073,0.6172,0.3353,-0.1973,0.0597,1.5,-4.46,4.71,100.0,0,0,0
27.86,0.4,0.0,0.0,8.2118,-2.6129,0.6193,0.3099,-0.1588,-0.0944,1.67,-4.61,4.9,100.0,0,0,0
27.88,0.4,0.0,0.0,8.2162,-2.6175,0.6214,0.2939,-0.1167,-0.1339,1.77,-4.64,4.97,100.0,0,0,0
27.9,0.4,0.0,0.0,8.2208,-2.6214,0.623,0.2902,-0.0754,-0.1237,1.85,-4.63,4.98,100.0,0,0,0
27.92,0.4,0.0,0.0,8.2258,-2.6245,0.6242,0.2933,-0.0363,-0.1026,1.88,-4.61,4.98,100.0,0,0,0
27.94,0.4,0.0,0.0,8.2312,-2.6269,0.6249,0.2991,0.0029,-0.0734,1.88,-4.59,4.96,100.0,0,0,0
27.96,0.4,0.0,0.0,8.2371,-2.6287,0.6251,0.3071,0.0415,-0.055,1.85,-4.59,4.94,100.0,0,0,0
27.98,0.4,0.0,0.0,8.2434,-2.6298,0.6249,0.314,0.0792,-0.0332,1.76,-4.59,4.91,100.0,0,0,0
28.0,0.4,0.0,0.0,8.2502,-2.6304,0.6242,0.3188,0.1124,-0.0168,1.62,-4.58,4.86,100.0,0,0,0
28.02,0.4,0.0,0.0,8.2572,-2.6304,0.6229,0.3188,0.1366,0.0101,1.4,-4.55,4.76,100.0,0,0,0
28.04,0.4,0.0,0.0,8.2642,-2.6301,0.6207,0.3087,0.1455,0.1369,1.0,-4.48,4.59,100.0,0,0,0
28.06,0.4,0.0,0.0,8.2713,-2.63,0.6182,0.3383,0.1397,-0.0928,0.53,-4.44,4.48,100.0,0,0,0
28.08,0.4,0.0,0.0,8.2789,-2.6304,0.6175,0.3648,0.1165,-0.1565,0.22,-4.53,4.53,100.0,0,0,0
28.1,0.4,0.0,0.0,8.286,-2.6313,0.6186,0.3428,0.0851,-0.0047,0.05,-4.56,4.56,100.0,0,0,0
28.12,0.4,0.0,0.0,8.2924,-2.6327,0.6201,0.3256,0.0422,0.0574,-0.06,-4.51,4.51,100.0,0,0,0
28.14,0.4,0.0,0.0,8.2983,-2.6348,0.6214,0.3117,0.0063,0.0544,-0.16,-4.42,4.42,100.0,0,0,0
28.16,0.4,0.0,0.0,8.3039,-2.6374,0.6222,0.3061,-0.0262,0.0449,-0.21,-4.32,4.33,100.0,0,0,0
28.18,0.4,0.0,0.0,8.3091,-2.6405,0.6227,0.3043,-0.0566,0.0368,-0.24,-4.25,4.26,100.0,0,0,0
28.2,0.4,0.0,0.0,8.3142,-2.6443,0.6229,0.3044,-0.0853,0.033,-0.22,-4.19,4.2,100.0,0,0,0
28.22,0.4,0.0,0.0,8.3191,-2.6485,0.6228,0.3059,-0.1137,0.0328,-0.17,-4.16,4.17,100.0,0,0,0
28.24,0.4,0.0,0.0,8.3238,-2.6533,0.6223,0.3062,-0.1433,0.0236,-0.07,-4.15,4.15,100.0,0,0,0
28.26,0.4,0.0,0.0,8.3283,-2.6587,0.6215,0.3044,-0.1735,0.0242,0.07,-4.14,4.14,100.0,0,0,0
28.28,0.4,0.0,0.0,8.3325,-2.6645,0.6201,0.2906,-0.1995,-0.0114,0.31,-4.13,4.14,100.0,0,0,0
28.3,0.4,0.0,0.0,8.3363,-2.6705,0.618,0.2769,-0.2083,-0.0849,0.75,-4.14,4.21,100.0,0,0,0
28.32,0.4,0.0,0.0,8.3403,-2.6766,0.6163,0.3265,-0.2062,0.1841,1.29,-4.29,4.48,100.0,0,0,0
28.34,0.4,0.0,0.0,8.3449,-2.6828,0.6175,0.3312,-0.1948,0.0595,1.54,-4.56,4.81,100.0,0,0,0
28.36,0.4,0.0,0.0,8.3493,-2.6882,0.6199,0.3054,-0.1485,-0.0713,1.67,-4.7,4.99,100.0,0,0,0
28.38,0.4,0.0,0.0,8.3537,-2.6927,0.6221,0.2924,-0.1095,-0.1216,1.76,-4.73,5.05,100.0,0,0,0
28.4,0.4,0.0,0.0,8.3584,-2.6964,0.6237,0.2907,-0.069,-0.1118,1.83,-4.72,5.06,100.0,0,0,0
28.42,0.4,0.0,0.0,8.3634,-2.6994,0.6247,0.2945,-0.0309,-0.0921,1.86,-4.7,5.05,100.0,0,0,0
28.44,0.4,0.0,0.0,8.3689,-2.7018,0.6254,0.3009,0.0081,-0.065,1.85,-4.68,5.04,100.0,0,0,0
28.46,0.4,0.0,0.0,8.3748,-2.7035,0.6256,0.3092,0.0463,-0.0487,1.8,-4.68,5.01,100.0,0,0,0
28.48,0.4,0.0,0.0,8.3812,-2.7046,0.6253,0.316,0.0835,-0.0277,1.71,-4.67,4.98,100.0,0,0,0
28.5,0.4,0.0,0.0,8.388,-2.7051,0.6246,0.3206,0.1158,-0.0125,1.56,-4.66,4.91,100.0,0,0,0
28.52,0.4,0.0,0.0,8.3951,-2.7052,0.6232,0.3202,0.138,0.022,1.31,-4.62,4.8,100.0,0,0,0
28.54,0.4,0.0,0.0,8.4021,-2.7049,0.6208,0.308,0.1442,0.1726,0.88,-4.54,4.62,100.0,0,0,0
28.56,0.4,0.0,0.0,8.4093,-2.7049,0.6182,0.3449,0.1353,-0.1564,0.4,-4.51,4.53,100.0,0,0,0
28.58,0.4,0.0,0.0,8.4169,-2.7055,0.6177,0.3704,0.1107,-0.2223,0.12,-4.61,4.61,100.0,0,0,0
28.6,0.4,0.0,0.0,8.4241,-2.7066,0.6188,0.3483,0.0801,-0.0217,-0.02,-4.65,4.65,100.0,0,0,0
28.62,0.4,0.0,0.0,8.4306,-2.7082,0.6204,0.3302,0.0372,0.0499,-0.12,-4.59,4.59,100.0,0,0,0
28.64,0.4,0.0,0.0,8.4365,-2.7104,0.6217,0.3158,0.002,0.0516,-0.19,-4.49,4.5,100.0,0,0,0
28.66,0.4,0.0,0.0,8.442,-2.7132,0.6225,0.3101,-0.0305,0.0438,-0.24,-4.39,4.4,100.0,0,0,0
28.68,0.4,0.0,0.0,8.4473,-2.7165,0.623,0.308,-0.061,0.0363,-0.25,-4.31,4.31,100.0,0,0,0
28.7,0.4,0.0,0.0,8.4524,-2.7203,0.6231,0.3078,-0.0896,0.033,-0.23,-4.24,4.25,100.0,0,0,0
28.72,0.4,0.0,0.0,8.4573,-2.7247,0.6229,0.3091,-0.118,0.0325,-0.17,-4.2,4.21,100.0,0,0,0
28.74,0.4,0.0,0.0,8.462,-2.7297,0.6224,0.3092,-0.1479,0.0233,-0.06,-4.18,4.18,100.0,0,0,0
28.76,0.4,0.0,0.0,8.4665,-2.7352,0.6215,0.306,-0.178,0.0221,0.09,-4.17,4.17,100.0,0,0,0
28.78,0.4,0.0,0.0,8.4706,-2.7411,0.62,0.2908,-0.2024,-0.0179,0.36,-4.15,4.17,100.0,0,0,0
28.8,0.4,0.0,0.0,8.4744,-2.7471,0.6179,0.2795,-0.2078,-0.0989,0.83,-4.16,4.24,100.0,0,0,0
28.82,0.4,0.0,0.0,8.4787,-2.7533,0.6166,0.3396,-0.2044,0.2133,1.32,-4.37,4.56,100.0,0,0,0
28.84,0.4,0.0,0.0,8.4833,-2.7595,0.6179,0.3295,-0.1915,-0.0011,1.57,-4.61,4.87,100.0,0,0,0
28.86,0.4,0.0,0.0,8.4877,-2.7648,0.6202,0.3049,-0.1443,-0.108,1.71,-4.71,5.01,100.0,0,0,0
28.88,0.4,0.0,0.0,8.4922,-2.7693,0.6222,0.2915,-0.1032,-0.1366,1.81,-4.72,5.05,100.0,0,0,0
28.9,0.4,0.0,0.0,8.4968,-2.7729,0.6237,0.2906,-0.0621,-0.118,1.88,-4.69,5.05,100.0,0,0,0
28.92,0.4,0.0,0.0,8.5019,-2.7758,0.6247,0.2944,-0.0238,-0.0944,1.92,-4.66,5.04,100.0,0,0,0
28.94,0.4,0.0,0.0,8.5074,-2.7781,0.6252,0.3009,0.0152,-0.0658,1.91,-4.64,5.02,100.0,0,0,0
28.96,0.4,0.0,0.0,8.5134,-2.7798,0.6254,0.309,0.0532,-0.0486,1.87,-4.64,5.0,100.0,0,0,0
28.98,0.4,0.0,0.0,8.5199,-2.7808,0.625,0.3155,0.09,-0.0272,1.77,-4.63,4.96,100.0,0,0,0
29.0,0.4,0.0,0.0,8.5267,-2.7812,0.6242,0.3195,0.1209,-0.0115,1.62,-4.61,4.89,100.0,0,0,0
29.02,0.4,0.0,0.0,8.5337,-2.7812,0.6226,0.3175,0.142,0.0307,1.35,-4.57,4.77,100.0,0,0,0
29.04,0.4,0.0,0.0,8.5407,-2.781,0.6201,0.3046,0.1456,0.1895,0.9,-4.49,4.58,100.0,0,0,0
29.06,0.4,0.0,0.0,8.5481,-2.7811,0.6181,0.3502,0.1371,-0.1711,0.48,-4.49,4.51,100.0,0,0,0
29.08,0.4,0.0,0.0,8.5556,-2.7817,0.6179,0.363,0.1099,-0.1205,0.2,-4.56,4.56,100.0,0,0,0
29.1,0.4,0.0,0.0,8.5626,-2.7829,0.6191,0.3388,0.0747,0.0193,0.04,-4.56,4.56,100.0,0,0,0
29.12,0.4,0.0,0.0,8.5689,-2.7845,0.6205,0.3229,0.0341,0.0583,-0.07,-4.48,4.48,100.0,0,0,0
29.14,0.4,0.0,0.0,8.5747,-2.7868,0.6216,0.3111,-0.0009,0.0514,-0.16,-4.38,4.38,100.0,0,0,0
29.16,0.4,0.0,0.0,8.5801,-2.7896,0.6224,0.307,-0.0332,0.0423,-0.21,-4.28,4.29,100.0,0,0,0
29.18,0.4,0.0,0.0,8.5853,-2.7929,0.6228,0.3057,-0.0631,0.0352,-0.22,-4.21,4.21,100.0,0,0,0
29.2,0.4,0.0,0.0,8.5903,-2.7969,0.6229,0.3059,-0.0916,0.0329,-0.2,-4.15,4.16,100.0,0,0,0
29.22,0.4,0.0,0.0,8.5951,-2.8013,0.6227,0.3075,-0.12,0.0329,-0.13,-4.12,4.13,100.0,0,0,0
29.24,0.4,0.0,0.0,8.5998,-2.8063,0.6221,0.3076,-0.1504,0.0238,-0.03,-4.11,4.11,100.0,0,0,0
29.26,0.4,0.0,0.0,8.6042,-2.8119,0.6212,0.3032,-0.1803,0.021,0.13,-4.11,4.11,100.0,0,0,0
29.28,0.4,0.0,0.0,8.6082,-2.8178,0.6196,0.2873,-0.2032,-0.0244,0.41,-4.09,4.12,100.0,0,0,0
29.3,0.4,0.0,0.0,8.6119,-2.8238,0.6173,0.2771,-0.2079,-0.1098,0.91,-4.11,4.21,100.0,0,0,0
29.32,0.4,0.0,0.0,8.6162,-2.8301,0.6163,0.3436,-0.2076,0.2157,1.38,-4.35,4.56,100.0,0,0,0
29.34,0.4,0.0,0.0,8.6207,-2.8362,0.6181,0.3232,-0.1845,-0.0025,1.59,-4.6,4.87,100.0,0,0,0
29.36,0.4,0.0,0.0,8.625,-2.8414,0.6204,0.3023,-0.1405,-0.1003,1.71,-4.71,5.01,100.0,0,0,0
29.38,0.4,0.0,0.0,8.6294,-2.8458,0.6224,0.2911,-0.1,-0.125,1.79,-4.72,5.05,100.0,0,0,0
29.4,0.4,0.0,0.0,8.6341,-2.8494,0.6239,0.2917,-0.0601,-0.1104,1.85,-4.71,5.06,100.0,0,0,0
29.42,0.4,0.0,0.0,8.6392,-2.8524,0.6248,0.2961,-0.0217,-0.087,1.87,-4.69,5.05,100.0,0,0,0
29.44,0.4,0.0,0.0,8.6448,-2.8547,0.6253,0.3029,0.0173,-0.0614,1.85,-4.68,5.03,100.0,0,0,0
29.46,0.4,0.0,0.0,8.6508,-2.8563,0.6254,0.3112,0.0554,-0.0449,1.8,-4.67,5.01,100.0,0,0,0
29.48,0.4,0.0,0.0,8.6573,-2.8573,0.6251,0.3176,0.0921,-0.0247,1.69,-4.67,4.97,100.0,0,0,0
29.5,0.4,0.0,0.0,8.6642,-2.8578,0.6242,0.3216,0.1223,-0.0092,1.52,-4.65,4.89,100.0,0,0,0
29.52,0.4,0.0,0.0,8.6713,-2.8579,0.6226,0.3186,0.1417,0.0434,1.24,-4.6,4.77,100.0,0,0,0
29.54,0.4,0.0,0.0,8.6783,-2.8577,0.6199,0.3064,0.1428,0.205,0.75,-4.52,4.58,100.0,0,0,0
29.56,0.4,0.0,0.0,8.6857,-2.8579,0.618,0.3575,0.1338,-0.2257,0.34,-4.54,4.55,100.0,0,0,0
29.58,0.4,0.0,0.0,8.6933,-2.8588,0.618,0.3682,0.1049,-0.1598,0.1,-4.62,4.62,100.0,0,0,0
29.6,0.4,0.0,0.0,8.7003,-2.86,0.6193,0.343,0.0705,0.0126,-0.03,-4.62,4.62,100.0,0,0,0
29.62,0.4,0.0,0.0,8.7066,-2.8618,0.6208,0.3259,0.0286,0.0533,-0.12,-4.53,4.54,100.0,0,0,0
29.64,0.4,0.0,0.0,8.7124,-2.8642,0.6219,0.3135,-0.0058,0.0485,-0.19,-4.42,4.42,100.0,0,0,0
29.66,0.4,0.0,0.0,8.7178,-2.8672,0.6226,0.3092,-0.038,0.0409,-0.23,-4.31,4.32,100.0,0,0,0
29.68,0.4,0.0,0.0,8.723,-2.8707,0.623,0.3077,-0.0678,0.0343,-0.24,-4.23,4.24,100.0,0,0,0
29.7,0.4,0.0,0.0,8.728,-2.8747,0.6231,0.3077,-0.0962,0.0324,-0.21,-4.17,4.18,100.0,0,0,0
29.72,0.4,0.0,0.0,8.7328,-2.8793,0.6228,0.3091,-0.1245,0.0324,-0.14,-4.14,4.14,100.0,0,0,0
29.74,0.4,0.0,0.0,8.7374,-2.8845,0.6223,0.3091,-0.1548,0.0237,-0.03,-4.12,4.12,100.0,0,0,0
29.76,0.4,0.0,0.0,8.7417,-2.8902,0.6213,0.3032,-0.1845,0.0177,0.14,-4.11,4.11,100.0,0,0,0
29.78,0.4,0.0,0.0,8.7457,-2.8962,0.6196,0.2873,-0.2061,-0.0273,0.43,-4.1,4.12,100.0,0,0,0
29.8,0.4,0.0,0.0,8.7494,-2.9023,0.6174,0.2902,-0.2107,-0.0886,0.94,-4.13,4.23,100.0,0,0,0
29.82,0.4,0.0,0.0,8.7537,-2.9086,0.6166,0.3415,-0.2088,0.146,1.41,-4.35,4.57,100.0,0,0,0
29.84,0.4,0.0,0.0,8.7581,-2.9148,0.6182,0.322,-0.1857,-0.0483,1.63,-4.58,4.86,100.0,0,0,0
29.86,0.4,0.0,0.0,8.7624,-2.92,0.6205,0.2996,-0.1399,-0.1276,1.76,-4.66,4.98,100.0,0,0,0
29.88,0.4,0.0,0.0,8.7667,-2.9244,0.6224,0.2895,-0.0981,-0.1366,1.85,-4.66,5.02,100.0,0,0,0
29.9,0.4,0.0,0.0,8.7714,-2.928,0.6238,0.2901,-0.0577,-0.1155,1.92,-4.64,5.02,100.0,0,0,0
29.92,0.4,0.0,0.0,8.7764,-2.931,0.6247,0.2947,-0.019,-0.0894,1.94,-4.62,5.01,100.0,0,0,0
29.94,0.4,0.0,0.0,8.782,-2.9333,0.6251,0.3015,0.0201,-0.0618,1.93,-4.61,5.0,100.0,0,0,0
29.96,0.4,0.0,0.0,8.788,-2.9349,0.6252,0.3097,0.0581,-0.0441,1.87,-4.61,4.98,100.0,0,0,0
29.98,0.4,0.0,0.0,8.7945,-2.9359,0.6248,0.316,0.0948,-0.0229,1.77,-4.6,4.93,100.0,0,0,0
