time,cmd_vx,cmd_vy,cmd_wz,pelvis_x,pelvis_y,pelvis_z,pelvis_vx,pelvis_vy,pelvis_wz,pelvis_roll_deg,pelvis_pitch_deg,pelvis_tilt_deg,max_torque_pct,left_contact,right_contact,fell
0.0,0.2,0.0,0.0,0.0006,0.0,0.6368,0.0351,0.0036,0.0481,0.03,-0.12,0.12,27.7,0,0,0
0.02,0.2,0.0,0.0,0.0013,-0.0001,0.6308,0.0319,-0.0118,-0.004,0.06,-0.26,0.27,42.3,0,0,0
0.04,0.2,0.0,0.0,0.0021,-0.0002,0.6209,0.032,0.0123,0.073,0.08,-0.4,0.41,81.0,0,0,0
0.06,0.2,0.0,0.0,0.0048,0.0003,0.6153,0.1878,0.0231,-0.1038,0.3,-0.97,1.02,100.0,0,0,0
0.08,0.2,0.0,0.0,0.0079,0.0003,0.6163,0.131,-0.0124,0.0056,0.47,-1.48,1.56,100.0,0,0,0
0.1,0.2,0.0,0.0,0.0102,-0.0001,0.618,0.1016,-0.0218,0.0108,0.58,-1.68,1.78,100.0,0,0,0
0.12,0.2,0.0,0.0,0.0119,-0.0005,0.6192,0.083,-0.0158,0.0178,0.63,-1.76,1.86,100.0,0,0,0
0.14,0.2,0.0,0.0,0.0135,-0.0006,0.62,0.0749,0.0013,0.0505,0.64,-1.8,1.91,100.0,0,0,0
0.16,0.2,0.0,0.0,0.0149,-0.0003,0.6205,0.0676,0.0196,0.0409,0.61,-1.84,1.94,100.0,0,0,0
0.18,0.2,0.0,0.0,0.0161,0.0003,0.6208,0.0603,0.0387,0.014,0.57,-1.88,1.97,100.0,0,0,0
0.2,0.2,0.0,0.0,0.0172,0.0013,0.621,0.0524,0.0567,0.0137,0.52,-1.92,1.99,100.0,0,0,0
0.22,0.2,0.0,0.0,0.0182,0.0025,0.6212,0.0443,0.0646,0.0114,0.48,-1.97,2.03,100.0,0,0,0
0.24,0.2,0.0,0.0,0.019,0.0037,0.6215,0.0368,0.0567,0.0059,0.45,-2.02,2.07,100.0,0,0,0
0.26,0.2,0.0,0.0,0.0197,0.0045,0.6219,0.0397,0.0314,-0.003,0.42,-2.12,2.16,100.0,0,0,0
0.28,0.2,0.0,0.0,0.0205,0.0047,0.6222,0.0404,0.0005,-0.0278,0.38,-2.24,2.27,100.0,0,0,0
0.3,0.2,0.0,0.0,0.0213,0.0043,0.6223,0.0408,-0.0322,-0.0858,0.39,-2.38,2.41,100.0,0,0,0
0.32,0.2,0.0,0.0,0.0221,0.0033,0.6223,0.0398,-0.063,-0.1321,0.47,-2.51,2.55,100.0,0,0,0
0.34,0.2,0.0,0.0,0.0229,0.0017,0.622,0.0384,-0.0898,-0.1531,0.64,-2.62,2.7,100.0,0,0,0
0.36,0.2,0.0,0.0,0.0238,-0.0004,0.6217,0.0536,-0.1127,-0.0764,0.86,-2.75,2.88,100.0,0,0,0
0.38,0.2,0.0,0.0,0.025,-0.0025,0.6219,0.0591,-0.1053,0.0452,1.0,-2.88,3.05,100.0,0,0,0
0.4,0.2,0.0,0.0,0.0262,-0.0043,0.6228,0.0635,-0.0747,0.0062,1.08,-3.0,3.19,100.0,0,0,0
0.42,0.2,0.0,0.0,0.0274,-0.0053,0.6237,0.0654,-0.0401,-0.0124,1.14,-3.11,3.31,100.0,0,0,0
0.44,0.2,0.0,0.0,0.0287,-0.0057,0.6244,0.069,-0.0042,-0.0026,1.16,-3.2,3.41,100.0,0,0,0
0.46,0.2,0.0,0.0,0.0301,-0.0054,0.6248,0.076,0.0311,0.0099,1.14,-3.29,3.48,100.0,0,0,0
0.48,0.2,0.0,0.0,0.0318,-0.0043,0.625,0.0844,0.0657,0.0252,1.07,-3.38,3.55,100.0,0,0,0
0.5,0.2,0.0,0.0,0.0336,-0.0026,0.6249,0.0939,0.0978,0.0412,0.94,-3.49,3.61,100.0,0,0,0
0.52,0.2,0.0,0.0,0.0356,-0.0003,0.6245,0.1007,0.1254,0.0691,0.73,-3.59,3.66,100.0,0,0,0
0.54,0.2,0.0,0.0,0.0378,0.0024,0.6236,0.1136,0.1451,0.0909,0.43,-3.69,3.71,100.0,0,0,0
0.56,0.2,0.0,0.0,0.0403,0.0053,0.6227,0.1254,0.1472,-0.0108,0.18,-3.79,3.8,100.0,0,0,0
0.58,0.2,0.0,0.0,0.0428,0.0079,0.6228,0.1211,0.1194,-0.018,0.1,-3.87,3.87,100.0,0,0,0
0.6,0.2,0.0,0.0,0.045,0.0097,0.6233,0.1097,0.0712,0.0046,0.04,-3.91,3.91,100.0,0,0,0
0.62,0.2,0.0,0.0,0.047,0.0105,0.6237,0.1031,0.0266,-0.0042,-0.03,-3.92,3.92,100.0,0,0,0
0.64,0.2,0.0,0.0,0.0491,0.0105,0.6239,0.1013,-0.0145,-0.0305,-0.08,-3.94,3.95,100.0,0,0,0
0.66,0.2,0.0,0.0,0.0511,0.0097,0.6239,0.1008,-0.0523,-0.0557,-0.11,-3.98,3.98,100.0,0,0,0
0.68,0.2,0.0,0.0,0.0531,0.0082,0.6238,0.103,-0.0852,-0.0847,-0.1,-4.03,4.03,100.0,0,0,0
0.7,0.2,0.0,0.0,0.0552,0.0062,0.6236,0.1044,-0.1139,-0.0826,-0.02,-4.09,4.09,100.0,0,0,0
0.72,0.2,0.0,0.0,0.0573,0.0035,0.6233,0.1017,-0.1394,-0.089,0.13,-4.14,4.14,100.0,0,0,0
0.74,0.2,0.0,0.0,0.0592,0.0005,0.6225,0.0919,-0.1597,-0.1409,0.39,-4.16,4.18,100.0,0,0,0
0.76,0.2,0.0,0.0,0.0612,-0.0028,0.6216,0.1093,-0.1672,-0.023,0.73,-4.19,4.26,100.0,0,0,0
0.78,0.2,0.0,0.0,0.0636,-0.0058,0.6213,0.131,-0.1386,0.1602,0.99,-4.29,4.4,100.0,0,0,0
0.8,0.2,0.0,0.0,0.0662,-0.0083,0.6221,0.1313,-0.1157,0.0078,1.12,-4.38,4.52,100.0,0,0,0
0.82,0.2,0.0,0.0,0.0687,-0.0102,0.6232,0.1254,-0.0737,-0.0387,1.18,-4.4,4.55,100.0,0,0,0
0.84,0.2,0.0,0.0,0.0711,-0.0112,0.6241,0.1233,-0.0347,-0.0421,1.21,-4.38,4.55,100.0,0,0,0
0.86,0.2,0.0,0.0,0.0735,-0.0114,0.6247,0.1258,0.0034,-0.0311,1.21,-4.37,4.53,100.0,0,0,0
0.88,0.2,0.0,0.0,0.0761,-0.011,0.625,0.1299,0.0386,-0.0188,1.16,-4.37,4.52,100.0,0,0,0
0.9,0.2,0.0,0.0,0.0788,-0.0098,0.6249,0.1342,0.0699,-0.0051,1.05,-4.39,4.51,100.0,0,0,0
0.92,0.2,0.0,0.0,0.0816,-0.0081,0.6244,0.1363,0.0957,0.0385,0.84,-4.41,4.49,100.0,0,0,0
0.94,0.2,0.0,0.0,0.0844,-0.0061,0.6232,0.143,0.1094,0.0874,0.49,-4.44,4.47,100.0,0,0,0
0.96,0.2,0.0,0.0,0.0876,-0.0038,0.622,0.1595,0.1163,-0.0607,0.2,-4.51,4.51,100.0,0,0,0
0.98,0.2,0.0,0.0,0.0907,-0.0018,0.6219,0.1519,0.0925,-0.0355,0.1,-4.54,4.54,100.0,0,0,0
1.0,0.2,0.0,0.0,0.0936,-0.0006,0.6223,0.1383,0.048,0.0037,0.04,-4.52,4.52,100.0,0,0,0
1.02,0.2,0.0,0.0,0.0962,-0.0002,0.6227,0.128,0.0053,-0.0002,0.0,-4.47,4.47,100.0,0,0,0
1.04,0.2,0.0,0.0,0.0987,-0.0006,0.6228,0.1237,-0.0324,-0.0301,-0.01,-4.42,4.42,100.0,0,0,0
1.06,0.2,0.0,0.0,0.1011,-0.0017,0.6228,0.1189,-0.0653,-0.0437,0.04,-4.38,4.38,100.0,0,0,0
1.08,0.2,0.0,0.0,0.1034,-0.0035,0.6225,0.116,-0.0949,-0.0471,0.15,-4.36,4.37,100.0,0,0,0
1.1,0.2,0.0,0.0,0.1057,-0.0057,0.6219,0.1094,-0.1195,-0.0632,0.35,-4.35,4.37,100.0,0,0,0
1.12,0.2,0.0,0.0,0.1078,-0.0083,0.621,0.1108,-0.1367,-0.0596,0.66,-4.33,4.38,100.0,0,0,0
1.14,0.2,0.0,0.0,0.1103,-0.011,0.6206,0.1307,-0.1297,0.0916,0.92,-4.37,4.47,100.0,0,0,0
1.16,0.2,0.0,0.0,0.1128,-0.0133,0.6214,0.1281,-0.1056,-0.0237,1.04,-4.41,4.53,100.0,0,0,0
1.18,0.2,0.0,0.0,0.1152,-0.015,0.6225,0.122,-0.065,-0.0465,1.11,-4.39,4.53,100.0,0,0,0
1.2,0.2,0.0,0.0,0.1175,-0.0158,0.6233,0.1185,-0.0259,-0.0412,1.15,-4.35,4.49,100.0,0,0,0
1.22,0.2,0.0,0.0,0.1199,-0.0159,0.6239,0.1198,0.0119,-0.0291,1.14,-4.31,4.45,100.0,0,0,0
1.24,0.2,0.0,0.0,0.1223,-0.0153,0.624,0.1228,0.0469,-0.0161,1.08,-4.28,4.42,100.0,0,0,0
1.26,0.2,0.0,0.0,0.1248,-0.014,0.6238,0.1255,0.0781,0.0053,0.95,-4.28,4.39,100.0,0,0,0
1.28,0.2,0.0,0.0,0.1274,-0.0121,0.6231,0.1261,0.1038,0.0584,0.72,-4.3,4.36,100.0,0,0,0
1.3,0.2,0.0,0.0,0.1301,-0.01,0.6218,0.1371,0.1161,0.0469,0.37,-4.33,4.34,100.0,0,0,0
1.32,0.2,0.0,0.0,0.1331,-0.0077,0.6212,0.1458,0.1185,-0.0592,0.17,-4.39,4.39,100.0,0,0,0
1.34,0.2,0.0,0.0,0.1358,-0.0058,0.6217,0.1332,0.0818,0.0091,0.08,-4.41,4.41,100.0,0,0,0
1.36,0.2,0.0,0.0,0.1383,-0.0048,0.6222,0.1216,0.0372,0.0124,-0.0,-4.39,4.39,100.0,0,0,0
1.38,0.2,0.0,0.0,0.1406,-0.0046,0.6225,0.1141,-0.0038,-0.0138,-0.06,-4.35,4.35,100.0,0,0,0
1.4,0.2,0.0,0.0,0.1428,-0.0052,0.6227,0.1104,-0.0379,-0.034,-0.06,-4.33,4.33,100.0,0,0,0
1.42,0.2,0.0,0.0,0.145,-0.0064,0.6227,0.1066,-0.0701,-0.0459,-0.01,-4.31,4.31,100.0,0,0,0
1.44,0.2,0.0,0.0,0.1471,-0.0082,0.6225,0.1048,-0.0985,-0.0441,0.1,-4.32,4.32,100.0,0,0,0
1.46,0.2,0.0,0.0,0.1491,-0.0105,0.6219,0.0989,-0.123,-0.0595,0.3,-4.33,4.34,100.0,0,0,0
1.48,0.2,0.0,0.0,0.151,-0.0132,0.6209,0.0962,-0.1383,-0.0809,0.63,-4.33,4.37,100.0,0,0,0
1.5,0.2,0.0,0.0,0.1532,-0.0159,0.6202,0.1256,-0.132,0.15,0.93,-4.4,4.5,100.0,0,0,0
1.52,0.2,0.0,0.0,0.1557,-0.0183,0.621,0.1265,-0.1107,0.0153,1.05,-4.48,4.6,100.0,0,0,0
1.54,0.2,0.0,0.0,0.158,-0.0201,0.6222,0.1195,-0.069,-0.0419,1.11,-4.49,4.63,100.0,0,0,0
1.56,0.2,0.0,0.0,0.1603,-0.021,0.6231,0.1156,-0.0297,-0.0441,1.13,-4.47,4.61,100.0,0,0,0
1.58,0.2,0.0,0.0,0.1626,-0.0212,0.6238,0.1172,0.0088,-0.0319,1.11,-4.44,4.58,100.0,0,0,0
1.6,0.2,0.0,0.0,0.165,-0.0206,0.624,0.1209,0.0439,-0.0178,1.04,-4.43,4.55,100.0,0,0,0
1.62,0.2,0.0,0.0,0.1675,-0.0194,0.6238,0.1244,0.0748,0.0004,0.9,-4.43,4.52,100.0,0,0,0
1.64,0.2,0.0,0.0,0.1701,-0.0176,0.6232,0.1258,0.1002,0.0537,0.67,-4.45,4.5,100.0,0,0,0
1.66,0.2,0.0,0.0,0.1728,-0.0156,0.6219,0.1385,0.1126,0.0405,0.31,-4.48,4.49,100.0,0,0,0
1.68,0.2,0.0,0.0,0.1758,-0.0133,0.6213,0.1479,0.116,-0.0772,0.12,-4.55,4.55,100.0,0,0,0
1.7,0.2,0.0,0.0,0.1786,-0.0115,0.6217,0.1349,0.0792,0.0023,0.05,-4.57,4.57,100.0,0,0,0
1.72,0.2,0.0,0.0,0.1811,-0.0106,0.6222,0.1235,0.0346,0.0115,0.0,-4.54,4.54,100.0,0,0,0
1.74,0.2,0.0,0.0,0.1835,-0.0105,0.6225,0.1157,-0.0068,-0.0105,-0.03,-4.5,4.5,100.0,0,0,0
1.76,0.2,0.0,0.0,0.1857,-0.0111,0.6226,0.1112,-0.042,-0.0295,-0.01,-4.46,4.46,100.0,0,0,0
1.78,0.2,0.0,0.0,0.1879,-0.0124,0.6225,0.1067,-0.074,-0.039,0.07,-4.44,4.44,100.0,0,0,0
1.8,0.2,0.0,0.0,0.19,-0.0143,0.6221,0.1035,-0.1016,-0.0411,0.22,-4.43,4.44,100.0,0,0,0
1.82,0.2,0.0,0.0,0.1919,-0.0166,0.6214,0.0958,-0.1235,-0.071,0.48,-4.42,4.45,100.0,0,0,0
1.84,0.2,0.0,0.0,0.1939,-0.0193,0.6204,0.1097,-0.1344,0.0091,0.81,-4.44,4.51,100.0,0,0,0
1.86,0.2,0.0,0.0,0.1963,-0.0219,0.6208,0.1229,-0.1225,0.0294,0.98,-4.5,4.6,100.0,0,0,0
1.88,0.2,0.0,0.0,0.1986,-0.0239,0.6219,0.1195,-0.0834,-0.0326,1.06,-4.52,4.64,100.0,0,0,0
1.9,0.2,0.0,0.0,0.2008,-0.0251,0.6228,0.1142,-0.043,-0.0429,1.1,-4.49,4.63,100.0,0,0,0
1.92,0.2,0.0,0.0,0.203,-0.0256,0.6235,0.1149,-0.0037,-0.0333,1.1,-4.46,4.59,100.0,0,0,0
1.94,0.2,0.0,0.0,0.2054,-0.0252,0.6238,0.1175,0.0329,-0.021,1.05,-4.43,4.55,100.0,0,0,0
1.96,0.2,0.0,0.0,0.2078,-0.0242,0.6238,0.1219,0.0658,-0.0053,0.94,-4.42,4.52,100.0,0,0,0
1.98,0.2,0.0,0.0,0.2103,-0.0226,0.6232,0.1234,0.0939,0.0329,0.74,-4.43,4.49,100.0,0,0,0
2.0,0.2,0.0,0.0,0.213,-0.0206,0.6221,0.1302,0.1101,0.0596,0.41,-4.45,4.47,100.0,0,0,0
2.02,0.2,0.0,0.0,0.2159,-0.0184,0.6212,0.1442,0.121,-0.0643,0.17,-4.51,4.51,100.0,0,0,0
2.04,0.2,0.0,0.0,0.2187,-0.0164,0.6214,0.1334,0.0936,0.0108,0.09,-4.53,4.53,100.0,0,0,0
2.06,0.2,0.0,0.0,0.2211,-0.0151,0.622,0.1216,0.0477,0.019,0.03,-4.51,4.51,100.0,0,0,0
2.08,0.2,0.0,0.0,0.2234,-0.0148,0.6224,0.112,0.0039,0.0067,-0.02,-4.47,4.47,100.0,0,0,0
2.1,0.2,0.0,0.0,0.2256,-0.0153,0.6225,0.1082,-0.0318,-0.0243,-0.02,-4.44,4.44,100.0,0,0,0
2.12,0.2,0.0,0.0,0.2277,-0.0164,0.6225,0.1034,-0.0651,-0.0358,0.03,-4.42,4.42,100.0,0,0,0
2.14,0.2,0.0,0.0,0.2297,-0.0181,0.6223,0.1012,-0.0946,-0.0371,0.15,-4.42,4.42,100.0,0,0,0
2.16,0.2,0.0,0.0,0.2316,-0.0204,0.6218,0.0955,-0.1199,-0.0522,0.36,-4.42,4.44,100.0,0,0,0
2.18,0.2,0.0,0.0,0.2334,-0.023,0.6207,0.0935,-0.1356,-0.0672,0.69,-4.42,4.47,100.0,0,0,0
2.2,0.2,0.0,0.0,0.2356,-0.0257,0.6203,0.1225,-0.1339,0.1151,0.96,-4.5,4.6,100.0,0,0,0
2.22,0.2,0.0,0.0,0.2379,-0.0282,0.6212,0.1201,-0.1075,-0.0103,1.07,-4.56,4.69,100.0,0,0,0
2.24,0.2,0.0,0.0,0.2401,-0.0299,0.6223,0.1142,-0.0659,-0.0452,1.13,-4.57,4.7,100.0,0,0,0
2.26,0.2,0.0,0.0,0.2423,-0.0308,0.6232,0.1118,-0.0262,-0.0418,1.15,-4.54,4.68,100.0,0,0,0
2.28,0.2,0.0,0.0,0.2445,-0.0309,0.6238,0.1139,0.0119,-0.0295,1.12,-4.51,4.65,100.0,0,0,0
2.3,0.2,0.0,0.0,0.2469,-0.0303,0.624,0.1182,0.0468,-0.0154,1.04,-4.5,4.62,100.0,0,0,0
2.32,0.2,0.0,0.0,0.2493,-0.029,0.6237,0.1216,0.0773,0.0047,0.89,-4.5,4.59,100.0,0,0,0
2.34,0.2,0.0,0.0,0.2519,-0.0272,0.623,0.1234,0.1017,0.0631,0.64,-4.52,4.57,100.0,0,0,0
2.36,0.2,0.0,0.0,0.2547,-0.0251,0.6217,0.1385,0.1143,0.0099,0.3,-4.55,4.56,100.0,0,0,0
2.38,0.2,0.0,0.0,0.2576,-0.023,0.6212,0.1436,0.112,-0.0499,0.12,-4.6,4.6,100.0,0,0,0
2.4,0.2,0.0,0.0,0.2603,-0.0213,0.6217,0.1307,0.0739,0.0192,0.05,-4.61,4.61,100.0,0,0,0
2.42,0.2,0.0,0.0,0.2627,-0.0205,0.6222,0.1177,0.0288,0.0211,-0.0,-4.57,4.57,100.0,0,0,0
2.44,0.2,0.0,0.0,0.265,-0.0205,0.6226,0.1099,-0.0102,0.0024,-0.03,-4.52,4.52,100.0,0,0,0
2.46,0.2,0.0,0.0,0.2671,-0.0212,0.6227,0.1054,-0.0457,-0.0229,-0.01,-4.48,4.48,100.0,0,0,0
2.48,0.2,0.0,0.0,0.2691,-0.0226,0.6226,0.1017,-0.0778,-0.0352,0.06,-4.46,4.46,100.0,0,0,0
2.5,0.2,0.0,0.0,0.2711,-0.0246,0.6222,0.0989,-0.1052,-0.0397,0.21,-4.46,4.46,100.0,0,0,0
2.52,0.2,0.0,0.0,0.273,-0.027,0.6215,0.0916,-0.1271,-0.069,0.46,-4.46,4.48,100.0,0,0,0
2.54,0.2,0.0,0.0,0.2749,-0.0297,0.6205,0.1044,-0.138,-0.0028,0.81,-4.48,4.55,100.0,0,0,0
2.56,0.2,0.0,0.0,0.2771,-0.0324,0.6208,0.1191,-0.1261,0.0302,0.99,-4.54,4.65,100.0,0,0,0
2.58,0.2,0.0,0.0,0.2793,-0.0345,0.6218,0.1163,-0.0872,-0.033,1.07,-4.57,4.69,100.0,0,0,0
2.6,0.2,0.0,0.0,0.2814,-0.0358,0.6228,0.1116,-0.047,-0.044,1.12,-4.55,4.69,100.0,0,0,0
2.62,0.2,0.0,0.0,0.2836,-0.0364,0.6235,0.1126,-0.0075,-0.0346,1.12,-4.52,4.66,100.0,0,0,0
2.64,0.2,0.0,0.0,0.2859,-0.0361,0.6238,0.1157,0.0293,-0.0226,1.07,-4.5,4.63,100.0,0,0,0
2.66,0.2,0.0,0.0,0.2883,-0.0352,0.6238,0.1206,0.0626,-0.0077,0.96,-4.5,4.6,100.0,0,0,0
2.68,0.2,0.0,0.0,0.2909,-0.0337,0.6234,0.1228,0.0909,0.0243,0.77,-4.51,4.58,100.0,0,0,0
2.7,0.2,0.0,0.0,0.2935,-0.0317,0.6223,0.13,0.1088,0.0526,0.45,-4.53,4.55,100.0,0,0,0
2.72,0.2,0.0,0.0,0.2964,-0.0295,0.6212,0.1431,0.119,-0.0557,0.18,-4.58,4.59,100.0,0,0,0
2.74,0.2,0.0,0.0,0.2993,-0.0275,0.6213,0.1362,0.0996,0.0123,0.09,-4.61,4.61,100.0,0,0,0
2.76,0.2,0.0,0.0,0.3018,-0.0262,0.6219,0.1235,0.0531,0.0249,0.03,-4.59,4.59,100.0,0,0,0
2.78,0.2,0.0,0.0,0.3041,-0.0258,0.6223,0.1126,0.0095,0.0147,-0.02,-4.54,4.54,100.0,0,0,0
2.8,0.2,0.0,0.0,0.3063,-0.0261,0.6225,0.1073,-0.027,-0.0126,-0.03,-4.49,4.49,100.0,0,0,0
2.82,0.2,0.0,0.0,0.3083,-0.0272,0.6225,0.1027,-0.0612,-0.0304,0.02,-4.46,4.46,100.0,0,0,0
2.84,0.2,0.0,0.0,0.3103,-0.0288,0.6224,0.1004,-0.0914,-0.0342,0.12,-4.46,4.46,100.0,0,0,0
2.86,0.2,0.0,0.0,0.3122,-0.0311,0.6219,0.0952,-0.1173,-0.0475,0.31,-4.46,4.47,100.0,0,0,0
2.88,0.2,0.0,0.0,0.314,-0.0337,0.6209,0.0911,-0.1351,-0.0783,0.63,-4.46,4.5,100.0,0,0,0
2.9,0.2,0.0,0.0,0.3161,-0.0365,0.6204,0.115,-0.1363,0.0765,0.91,-4.51,4.6,100.0,0,0,0
2.92,0.2,0.0,0.0,0.3182,-0.039,0.6211,0.1151,-0.1113,-0.0227,1.04,-4.57,4.68,100.0,0,0,0
2.94,0.2,0.0,0.0,0.3204,-0.0408,0.6222,0.1102,-0.07,-0.0478,1.1,-4.57,4.7,100.0,0,0,0
2.96,0.2,0.0,0.0,0.3224,-0.0418,0.623,0.1077,-0.0301,-0.0429,1.13,-4.54,4.68,100.0,0,0,0
2.98,0.2,0.0,0.0,0.3246,-0.042,0.6236,0.11,0.0083,-0.0305,1.11,-4.51,4.65,100.0,0,0,0
3.0,0.2,0.0,0.0,0.3268,-0.0415,0.6238,0.114,0.0438,-0.0166,1.04,-4.5,4.62,100.0,0,0,0
3.02,0.2,0.0,0.0,0.3292,-0.0403,0.6236,0.1184,0.075,0.0015,0.9,-4.5,4.59,100.0,0,0,0
3.04,0.2,0.0,0.0,0.3318,-0.0385,0.6229,0.1201,0.1006,0.0519,0.66,-4.52,4.57,100.0,0,0,0
3.06,0.2,0.0,0.0,0.3345,-0.0365,0.6218,0.1342,0.1149,0.0148,0.34,-4.56,4.57,100.0,0,0,0
3.08,0.2,0.0,0.0,0.3373,-0.0343,0.6212,0.1377,0.115,-0.0308,0.16,-4.59,4.6,100.0,0,0,0
3.1,0.2,0.0,0.0,0.34,-0.0326,0.6216,0.1262,0.0781,0.0265,0.09,-4.59,4.59,100.0,0,0,0
3.12,0.2,0.0,0.0,0.3423,-0.0317,0.6221,0.1149,0.0324,0.0201,0.02,-4.56,4.56,100.0,0,0,0
3.14,0.2,0.0,0.0,0.3445,-0.0316,0.6224,0.1068,-0.0086,0.002,-0.02,-4.51,4.51,100.0,0,0,0
3.16,0.2,0.0,0.0,0.3465,-0.0323,0.6225,0.1029,-0.0432,-0.025,-0.01,-4.48,4.48,100.0,0,0,0
3.18,0.2,0.0,0.0,0.3485,-0.0337,0.6225,0.0987,-0.0755,-0.0363,0.07,-4.46,4.46,100.0,0,0,0
3.2,0.2,0.0,0.0,0.3504,-0.0356,0.6222,0.0963,-0.1033,-0.0382,0.21,-4.46,4.47,100.0,0,0,0
3.22,0.2,0.0,0.0,0.3522,-0.038,0.6215,0.0898,-0.1263,-0.0642,0.45,-4.47,4.49,100.0,0,0,0
3.24,0.2,0.0,0.0,0.354,-0.0408,0.6204,0.0991,-0.1386,-0.0274,0.81,-4.49,4.56,100.0,0,0,0
3.26,0.2,0.0,0.0,0.3562,-0.0435,0.6204,0.123,-0.1301,0.1043,1.03,-4.59,4.7,100.0,0,0,0
3.28,0.2,0.0,0.0,0.3584,-0.0458,0.6215,0.1181,-0.0957,-0.0218,1.11,-4.65,4.78,100.0,0,0,0
3.3,0.2,0.0,0.0,0.3606,-0.0473,0.6227,0.1118,-0.0542,-0.0463,1.15,-4.64,4.78,100.0,0,0,0
3.32,0.2,0.0,0.0,0.3627,-0.048,0.6235,0.111,-0.0143,-0.0389,1.15,-4.61,4.75,100.0,0,0,0
3.34,0.2,0.0,0.0,0.3649,-0.0479,0.624,0.1138,0.0228,-0.0261,1.11,-4.59,4.72,100.0,0,0,0
3.36,0.2,0.0,0.0,0.3673,-0.0471,0.6241,0.1188,0.0564,-0.0107,1.01,-4.58,4.69,100.0,0,0,0
3.38,0.2,0.0,0.0,0.3698,-0.0457,0.6237,0.1213,0.0849,0.0153,0.83,-4.59,4.66,100.0,0,0,0
3.4,0.2,0.0,0.0,0.3724,-0.0439,0.6227,0.1226,0.1054,0.0838,0.53,-4.6,4.63,100.0,0,0,0
3.42,0.2,0.0,0.0,0.3753,-0.0418,0.6215,0.1443,0.1141,-0.0469,0.22,-4.65,4.66,100.0,0,0,0
3.44,0.2,0.0,0.0,0.3783,-0.0397,0.6214,0.1417,0.1039,-0.0211,0.11,-4.69,4.69,100.0,0,0,0
3.46,0.2,0.0,0.0,0.381,-0.0384,0.6219,0.1289,0.0576,0.0201,0.05,-4.68,4.68,100.0,0,0,0
3.48,0.2,0.0,0.0,0.3834,-0.0379,0.6224,0.1166,0.0144,0.0169,0.01,-4.63,4.63,100.0,0,0,0
3.5,0.2,0.0,0.0,0.3856,-0.0382,0.6226,0.1111,-0.0234,-0.006,0.01,-4.58,4.58,100.0,0,0,0
3.52,0.2,0.0,0.0,0.3877,-0.0392,0.6227,0.106,-0.0579,-0.0245,0.05,-4.54,4.54,100.0,0,0,0
3.54,0.2,0.0,0.0,0.3898,-0.0408,0.6225,0.1035,-0.0887,-0.0314,0.15,-4.52,4.53,100.0,0,0,0
3.56,0.2,0.0,0.0,0.3918,-0.043,0.622,0.0983,-0.1148,-0.0458,0.34,-4.52,4.54,100.0,0,0,0
3.58,0.2,0.0,0.0,0.3936,-0.0456,0.621,0.0941,-0.1327,-0.0747,0.65,-4.52,4.56,100.0,0,0,0
3.6,0.2,0.0,0.0,0.3957,-0.0483,0.6205,0.1172,-0.135,0.0728,0.93,-4.57,4.66,100.0,0,0,0
3.62,0.2,0.0,0.0,0.3979,-0.0508,0.6212,0.1171,-0.1102,-0.0264,1.05,-4.61,4.73,100.0,0,0,0
3.64,0.2,0.0,0.0,0.4,-0.0526,0.6223,0.1121,-0.0689,-0.0489,1.12,-4.61,4.74,100.0,0,0,0
3.66,0.2,0.0,0.0,0.4021,-0.0536,0.6231,0.1095,-0.0289,-0.0429,1.14,-4.57,4.71,100.0,0,0,0
3.68,0.2,0.0,0.0,0.4043,-0.0538,0.6237,0.1116,0.0095,-0.0302,1.12,-4.54,4.67,100.0,0,0,0
3.7,0.2,0.0,0.0,0.4066,-0.0533,0.6239,0.1154,0.0448,-0.016,1.05,-4.52,4.64,100.0,0,0,0
3.72,0.2,0.0,0.0,0.409,-0.0521,0.6236,0.1195,0.0758,0.0021,0.91,-4.52,4.61,100.0,0,0,0
3.74,0.2,0.0,0.0,0.4116,-0.0504,0.6229,0.1211,0.1011,0.0547,0.66,-4.54,4.59,100.0,0,0,0
3.76,0.2,0.0,0.0,0.4143,-0.0483,0.6217,0.1354,0.1149,0.0078,0.34,-4.57,4.58,100.0,0,0,0
3.78,0.2,0.0,0.0,0.4172,-0.0462,0.6212,0.1396,0.1143,-0.0363,0.16,-4.61,4.61,100.0,0,0,0
3.8,0.2,0.0,0.0,0.4199,-0.0445,0.6216,0.1276,0.0771,0.0257,0.09,-4.61,4.61,100.0,0,0,0
3.82,0.2,0.0,0.0,0.4223,-0.0437,0.6222,0.1158,0.0311,0.0205,0.02,-4.57,4.57,100.0,0,0,0
3.84,0.2,0.0,0.0,0.4245,-0.0437,0.6225,0.1078,-0.0088,0.0021,-0.02,-4.52,4.52,100.0,0,0,0
3.86,0.2,0.0,0.0,0.4265,-0.0444,0.6226,0.1035,-0.0438,-0.0225,-0.01,-4.49,4.49,100.0,0,0,0
3.88,0.2,0.0,0.0,0.4285,-0.0458,0.6226,0.0994,-0.0759,-0.035,0.06,-4.47,4.47,100.0,0,0,0
3.9,0.2,0.0,0.0,0.4304,-0.0477,0.6223,0.097,-0.1038,-0.0374,0.2,-4.47,4.48,100.0,0,0,0
3.92,0.2,0.0,0.0,0.4322,-0.0502,0.6216,0.0907,-0.1269,-0.0616,0.43,-4.48,4.5,100.0,0,0,0
3.94,0.2,0.0,0.0,0.4339,-0.0529,0.6206,0.0984,-0.1398,-0.038,0.79,-4.5,4.57,100.0,0,0,0
3.96,0.2,0.0,0.0,0.4361,-0.0557,0.6205,0.1212,-0.1317,0.0924,1.02,-4.59,4.7,100.0,0,0,0
3.98,0.2,0.0,0.0,0.4383,-0.0581,0.6215,0.1174,-0.0981,-0.0226,1.1,-4.65,4.78,100.0,0,0,0
4.0,0.2,0.0,0.0,0.4404,-0.0596,0.6226,0.1116,-0.0565,-0.0462,1.15,-4.64,4.78,100.0,0,0,0
4.02,0.2,0.0,0.0,0.4426,-0.0604,0.6234,0.1109,-0.0168,-0.039,1.15,-4.62,4.76,100.0,0,0,0
4.04,0.2,0.0,0.0,0.4448,-0.0604,0.6239,0.1138,0.0207,-0.0266,1.12,-4.59,4.73,100.0,0,0,0
4.06,0.2,0.0,0.0,0.4472,-0.0596,0.624,0.1188,0.0546,-0.0118,1.02,-4.59,4.7,100.0,0,0,0
4.08,0.2,0.0,0.0,0.4497,-0.0583,0.6237,0.1216,0.0837,0.0121,0.85,-4.6,4.67,100.0,0,0,0
4.1,0.2,0.0,0.0,0.4523,-0.0565,0.6228,0.1233,0.1052,0.0762,0.55,-4.61,4.64,100.0,0,0,0
4.12,0.2,0.0,0.0,0.4552,-0.0544,0.6216,0.1429,0.1149,-0.0342,0.24,-4.65,4.66,100.0,0,0,0
4.14,0.2,0.0,0.0,0.4582,-0.0523,0.6214,0.1399,0.1057,-0.0072,0.12,-4.68,4.68,100.0,0,0,0
4.16,0.2,0.0,0.0,0.4609,-0.0509,0.6219,0.1286,0.0604,0.0221,0.06,-4.66,4.66,100.0,0,0,0
4.18,0.2,0.0,0.0,0.4633,-0.0504,0.6223,0.1176,0.0157,0.0147,0.01,-4.62,4.62,100.0,0,0,0
4.2,0.2,0.0,0.0,0.4655,-0.0507,0.6226,0.1112,-0.0214,-0.0121,-0.01,-4.57,4.57,100.0,0,0,0
4.22,0.2,0.0,0.0,0.4676,-0.0517,0.6226,0.1059,-0.056,-0.0269,0.03,-4.53,4.53,100.0,0,0,0
4.24,0.2,0.0,0.0,0.4696,-0.0533,0.6225,0.103,-0.0868,-0.0324,0.13,-4.51,4.51,100.0,0,0,0
4.26,0.2,0.0,0.0,0.4716,-0.0555,0.622,0.0982,-0.1133,-0.0439,0.3,-4.51,4.52,100.0,0,0,0
4.28,0.2,0.0,0.0,0.4734,-0.0581,0.6211,0.0886,-0.1323,-0.0847,0.6,-4.5,4.54,100.0,0,0,0
4.3,0.2,0.0,0.0,0.4754,-0.0609,0.6203,0.1142,-0.1379,0.079,0.92,-4.54,4.63,100.0,0,0,0
4.32,0.2,0.0,0.0,0.4775,-0.0635,0.6209,0.119,-0.1191,-0.0099,1.05,-4.6,4.72,100.0,0,0,0
4.34,0.2,0.0,0.0,0.4797,-0.0655,0.622,0.1139,-0.0772,-0.0477,1.13,-4.6,4.74,100.0,0,0,0
4.36,0.2,0.0,0.0,0.4818,-0.0667,0.623,0.1098,-0.0371,-0.0467,1.16,-4.57,4.72,100.0,0,0,0
4.38,0.2,0.0,0.0,0.4839,-0.0671,0.6236,0.1114,0.0019,-0.0339,1.15,-4.54,4.68,100.0,0,0,0
4.4,0.2,0.0,0.0,0.4862,-0.0667,0.6239,0.1148,0.0378,-0.0199,1.09,-4.52,4.65,100.0,0,0,0
4.42,0.2,0.0,0.0,0.4887,-0.0657,0.6238,0.1196,0.0698,-0.0034,0.97,-4.52,4.62,100.0,0,0,0
4.44,0.2,0.0,0.0,0.4912,-0.0641,0.6231,0.1214,0.0964,0.037,0.75,-4.53,4.59,100.0,0,0,0
4.46,0.2,0.0,0.0,0.4939,-0.0621,0.622,0.1327,0.1119,0.033,0.42,-4.55,4.57,100.0,0,0,0
4.48,0.2,0.0,0.0,0.4969,-0.06,0.6211,0.1431,0.1173,-0.0712,0.2,-4.6,4.61,100.0,0,0,0
4.5,0.2,0.0,0.0,0.4997,-0.0581,0.6214,0.1319,0.0883,0.0174,0.12,-4.62,4.62,100.0,0,0,0
4.52,0.2,0.0,0.0,0.5022,-0.0571,0.622,0.1195,0.0418,0.0223,0.06,-4.59,4.6,100.0,0,0,0
4.54,0.2,0.0,0.0,0.5044,-0.0569,0.6224,0.11,0.0,0.0079,0.01,-4.55,4.55,100.0,0,0,0
4.56,0.2,0.0,0.0,0.5065,-0.0575,0.6226,0.1056,-0.0354,-0.018,0.01,-4.51,4.51,100.0,0,0,0
4.58,0.2,0.0,0.0,0.5085,-0.0588,0.6226,0.101,-0.0687,-0.0317,0.07,-4.49,4.49,100.0,0,0,0
4.6,0.2,0.0,0.0,0.5104,-0.0606,0.6223,0.0986,-0.0977,-0.0345,0.19,-4.49,4.5,100.0,0,0,0
4.62,0.2,0.0,0.0,0.5122,-0.063,0.6218,0.0928,-0.1223,-0.052,0.4,-4.5,4.52,100.0,0,0,0
4.64,0.2,0.0,0.0,0.5139,-0.0657,0.6207,0.0908,-0.1368,-0.0666,0.75,-4.5,4.56,100.0,0,0,0
4.66,0.2,0.0,0.0,0.516,-0.0685,0.6203,0.1233,-0.1342,0.132,1.02,-4.59,4.7,100.0,0,0,0
4.68,0.2,0.0,0.0,0.5182,-0.071,0.6212,0.1202,-0.1075,-0.009,1.12,-4.67,4.8,100.0,0,0,0
4.7,0.2,0.0,0.0,0.5204,-0.0727,0.6224,0.1137,-0.0649,-0.0471,1.17,-4.67,4.81,100.0,0,0,0
4.72,0.2,0.0,0.0,0.5225,-0.0737,0.6233,0.1111,-0.0247,-0.0428,1.17,-4.64,4.79,100.0,0,0,0
4.74,0.2,0.0,0.0,0.5247,-0.0738,0.6239,0.1135,0.0132,-0.0299,1.14,-4.61,4.75,100.0,0,0,0
4.76,0.2,0.0,0.0,0.5271,-0.0733,0.6241,0.1182,0.0477,-0.0148,1.06,-4.6,4.72,100.0,0,0,0
4.78,0.2,0.0,0.0,0.5296,-0.0721,0.6238,0.1215,0.0776,0.0053,0.9,-4.61,4.69,100.0,0,0,0
4.8,0.2,0.0,0.0,0.5322,-0.0704,0.623,0.1237,0.1011,0.0638,0.63,-4.62,4.66,100.0,0,0,0
4.82,0.2,0.0,0.0,0.5351,-0.0684,0.6218,0.1413,0.113,-0.012,0.29,-4.66,4.67,100.0,0,0,0
4.84,0.2,0.0,0.0,0.5381,-0.0663,0.6213,0.1465,0.1099,-0.0726,0.13,-4.71,4.71,100.0,0,0,0
4.86,0.2,0.0,0.0,0.5409,-0.0648,0.6218,0.1331,0.0717,0.0137,0.07,-4.72,4.72,100.0,0,0,0
4.88,0.2,0.0,0.0,0.5434,-0.0641,0.6223,0.1199,0.0261,0.0184,0.03,-4.67,4.67,100.0,0,0,0
4.9,0.2,0.0,0.0,0.5457,-0.0642,0.6226,0.112,-0.0132,0.0015,0.0,-4.62,4.62,100.0,0,0,0
4.92,0.2,0.0,0.0,0.5478,-0.065,0.6227,0.1067,-0.0484,-0.019,0.03,-4.57,4.57,100.0,0,0,0
4.94,0.2,0.0,0.0,0.5498,-0.0665,0.6226,0.1027,-0.0803,-0.0307,0.11,-4.55,4.55,100.0,0,0,0
4.96,0.2,0.0,0.0,0.5518,-0.0686,0.6222,0.0992,-0.1073,-0.0374,0.27,-4.54,4.55,100.0,0,0,0
4.98,0.2,0.0,0.0,0.5535,-0.0711,0.6215,0.0908,-0.128,-0.0713,0.55,-4.54,4.57,100.0,0,0,0
5.0,0.2,0.0,0.0,0.5554,-0.0739,0.6205,0.1088,-0.1373,0.0504,0.89,-4.56,4.65,100.0,0,0,0
5.02,0.2,0.0,0.0,0.5575,-0.0766,0.621,0.1195,-0.1225,0.0228,1.03,-4.63,4.74,100.0,0,0,0
5.04,0.2,0.0,0.0,0.5597,-0.0787,0.6221,0.1154,-0.0821,-0.0322,1.1,-4.65,4.78,100.0,0,0,0
5.06,0.2,0.0,0.0,0.5618,-0.08,0.623,0.1115,-0.0421,-0.041,1.14,-4.63,4.77,100.0,0,0,0
5.08,0.2,0.0,0.0,0.564,-0.0805,0.6237,0.1129,-0.0033,-0.032,1.14,-4.6,4.74,100.0,0,0,0
5.1,0.2,0.0,0.0,0.5663,-0.0802,0.624,0.1164,0.0328,-0.02,1.08,-4.58,4.7,100.0,0,0,0
5.12,0.2,0.0,0.0,0.5688,-0.0793,0.6239,0.1214,0.0655,-0.0045,0.97,-4.57,4.67,100.0,0,0,0
5.14,0.2,0.0,0.0,0.5714,-0.0778,0.6233,0.1235,0.0931,0.0311,0.76,-4.58,4.64,100.0,0,0,0
5.16,0.2,0.0,0.0,0.5741,-0.0759,0.6222,0.1339,0.1105,0.0347,0.44,-4.59,4.61,100.0,0,0,0
5.18,0.2,0.0,0.0,0.5771,-0.0738,0.6213,0.1418,0.1189,-0.0453,0.22,-4.62,4.63,100.0,0,0,0
5.2,0.2,0.0,0.0,0.5799,-0.0719,0.6215,0.1314,0.092,0.0274,0.14,-4.63,4.63,100.0,0,0,0
5.22,0.2,0.0,0.0,0.5824,-0.0708,0.622,0.1202,0.0462,0.0256,0.07,-4.59,4.59,100.0,0,0,0
5.24,0.2,0.0,0.0,0.5847,-0.0706,0.6224,0.1105,0.0022,0.0093,0.02,-4.54,4.54,100.0,0,0,0
5.26,0.2,0.0,0.0,0.5868,-0.0712,0.6225,0.1058,-0.0337,-0.0201,0.01,-4.5,4.5,100.0,0,0,0
5.28,0.2,0.0,0.0,0.5887,-0.0724,0.6225,0.101,-0.0669,-0.0344,0.06,-4.47,4.47,100.0,0,0,0
5.3,0.2,0.0,0.0,0.5907,-0.0742,0.6223,0.0985,-0.0964,-0.0354,0.18,-4.46,4.47,100.0,0,0,0
5.32,0.2,0.0,0.0,0.5925,-0.0766,0.6217,0.093,-0.1219,-0.0493,0.38,-4.47,4.48,100.0,0,0,0
5.34,0.2,0.0,0.0,0.5941,-0.0793,0.6207,0.0895,-0.1382,-0.0787,0.72,-4.47,4.52,100.0,0,0,0
5.36,0.2,0.0,0.0,0.5961,-0.0822,0.6202,0.1185,-0.1375,0.0972,1.0,-4.54,4.65,100.0,0,0,0
5.38,0.2,0.0,0.0,0.5983,-0.0848,0.6211,0.1162,-0.1116,-0.0212,1.11,-4.61,4.74,100.0,0,0,0
5.4,0.2,0.0,0.0,0.6003,-0.0866,0.6222,0.1103,-0.069,-0.0501,1.17,-4.61,4.76,100.0,0,0,0
5.42,0.2,0.0,0.0,0.6024,-0.0877,0.6232,0.1078,-0.029,-0.0443,1.19,-4.59,4.74,100.0,0,0,0
5.44,0.2,0.0,0.0,0.6045,-0.0879,0.6237,0.1102,0.0093,-0.0313,1.17,-4.56,4.71,100.0,0,0,0
5.46,0.2,0.0,0.0,0.6068,-0.0874,0.624,0.1146,0.0444,-0.0168,1.09,-4.55,4.68,100.0,0,0,0
5.48,0.2,0.0,0.0,0.6092,-0.0863,0.6238,0.1189,0.0752,0.0014,0.95,-4.56,4.66,100.0,0,0,0
5.5,0.2,0.0,0.0,0.6118,-0.0846,0.623,0.121,0.1003,0.0512,0.7,-4.58,4.63,100.0,0,0,0
5.52,0.2,0.0,0.0,0.6146,-0.0827,0.6219,0.1355,0.1143,0.0066,0.37,-4.61,4.62,100.0,0,0,0
5.54,0.2,0.0,0.0,0.6176,-0.0806,0.6213,0.1394,0.1138,-0.0422,0.2,-4.65,4.65,100.0,0,0,0
5.56,0.2,0.0,0.0,0.6203,-0.0789,0.6217,0.1284,0.0776,0.0221,0.13,-4.64,4.65,100.0,0,0,0
5.58,0.2,0.0,0.0,0.6227,-0.0781,0.6222,0.1175,0.0319,0.0177,0.06,-4.61,4.61,100.0,0,0,0
5.6,0.2,0.0,0.0,0.6249,-0.0782,0.6225,0.1095,-0.0093,-0.0017,0.02,-4.56,4.56,100.0,0,0,0
5.62,0.2,0.0,0.0,0.627,-0.079,0.6226,0.1052,-0.0438,-0.025,0.03,-4.53,4.53,100.0,0,0,0
5.64,0.2,0.0,0.0,0.629,-0.0804,0.6225,0.1007,-0.076,-0.0358,0.1,-4.51,4.51,100.0,0,0,0
5.66,0.2,0.0,0.0,0.6309,-0.0824,0.6222,0.098,-0.1038,-0.037,0.24,-4.51,4.51,100.0,0,0,0
5.68,0.2,0.0,0.0,0.6326,-0.0849,0.6216,0.0915,-0.1268,-0.0612,0.49,-4.51,4.53,100.0,0,0,0
5.7,0.2,0.0,0.0,0.6344,-0.0877,0.6205,0.1001,-0.1392,-0.0306,0.85,-4.53,4.61,100.0,0,0,0
5.72,0.2,0.0,0.0,0.6365,-0.0905,0.6205,0.1236,-0.1316,0.0932,1.07,-4.62,4.75,100.0,0,0,0
5.74,0.2,0.0,0.0,0.6387,-0.0929,0.6215,0.1183,-0.0975,-0.027,1.15,-4.68,4.82,100.0,0,0,0
5.76,0.2,0.0,0.0,0.6408,-0.0944,0.6226,0.112,-0.0555,-0.0486,1.19,-4.67,4.82,100.0,0,0,0
5.78,0.2,0.0,0.0,0.6429,-0.0952,0.6235,0.111,-0.0156,-0.04,1.19,-4.64,4.79,100.0,0,0,0
5.8,0.2,0.0,0.0,0.6451,-0.0952,0.624,0.1138,0.0217,-0.0267,1.15,-4.61,4.75,100.0,0,0,0
5.82,0.2,0.0,0.0,0.6475,-0.0945,0.624,0.1187,0.0555,-0.0114,1.05,-4.6,4.72,100.0,0,0,0
5.84,0.2,0.0,0.0,0.6501,-0.0932,0.6237,0.1213,0.0843,0.0133,0.88,-4.61,4.69,100.0,0,0,0
5.86,0.2,0.0,0.0,0.6527,-0.0914,0.6227,0.1228,0.1054,0.0788,0.58,-4.62,4.65,100.0,0,0,0
5.88,0.2,0.0,0.0,0.6557,-0.0894,0.6216,0.1432,0.1148,-0.048,0.28,-4.66,4.67,100.0,0,0,0
5.9,0.2,0.0,0.0,0.6587,-0.0875,0.6214,0.1405,0.1048,-0.0132,0.16,-4.69,4.69,100.0,0,0,0
5.92,0.2,0.0,0.0,0.6614,-0.0861,0.6219,0.1291,0.0593,0.0205,0.1,-4.67,4.67,100.0,0,0,0
5.94,0.2,0.0,0.0,0.6638,-0.0857,0.6224,0.1183,0.0149,0.0122,0.05,-4.63,4.63,100.0,0,0,0
5.96,0.2,0.0,0.0,0.6661,-0.086,0.6226,0.1116,-0.0224,-0.0116,0.03,-4.58,4.58,100.0,0,0,0
5.98,0.2,0.0,0.0,0.6682,-0.0871,0.6227,0.1064,-0.0569,-0.0263,0.06,-4.54,4.54,100.0,0,0,0
6.0,0.2,0.0,0.0,0.6701,-0.0888,0.6225,0.1032,-0.0877,-0.0323,0.16,-4.52,4.52,100.0,0,0,0
6.02,0.2,0.0,0.0,0.6721,-0.091,0.6221,0.0985,-0.1142,-0.0426,0.33,-4.52,4.53,100.0,0,0,0
6.04,0.2,0.0,0.0,0.6738,-0.0936,0.6212,0.0891,-0.1333,-0.0817,0.63,-4.51,4.55,100.0,0,0,0
6.06,0.2,0.0,0.0,0.6757,-0.0965,0.6203,0.1135,-0.1393,0.0691,0.95,-4.55,4.65,100.0,0,0,0
6.08,0.2,0.0,0.0,0.6778,-0.0992,0.6209,0.1186,-0.1207,-0.0129,1.09,-4.61,4.73,100.0,0,0,0
6.1,0.2,0.0,0.0,0.6799,-0.1013,0.622,0.1136,-0.0787,-0.0485,1.16,-4.62,4.76,100.0,0,0,0
6.12,0.2,0.0,0.0,0.682,-0.1025,0.6229,0.1097,-0.0385,-0.047,1.19,-4.59,4.74,100.0,0,0,0
6.14,0.2,0.0,0.0,0.6841,-0.103,0.6236,0.1113,0.0007,-0.0342,1.18,-4.55,4.7,100.0,0,0,0
6.16,0.2,0.0,0.0,0.6864,-0.1027,0.6239,0.1147,0.0366,-0.0205,1.12,-4.53,4.67,100.0,0,0,0
6.18,0.2,0.0,0.0,0.6889,-0.1017,0.6237,0.1198,0.0689,-0.0042,1.0,-4.53,4.64,100.0,0,0,0
6.2,0.2,0.0,0.0,0.6915,-0.1002,0.6232,0.1217,0.096,0.0343,0.79,-4.54,4.61,100.0,0,0,0
6.22,0.2,0.0,0.0,0.6942,-0.0983,0.622,0.1327,0.1125,0.0314,0.46,-4.56,4.58,100.0,0,0,0
6.24,0.2,0.0,0.0,0.6972,-0.0962,0.6211,0.1419,0.1187,-0.0637,0.24,-4.6,4.61,100.0,0,0,0
6.26,0.2,0.0,0.0,0.7,-0.0944,0.6214,0.1316,0.0906,0.0203,0.16,-4.61,4.62,100.0,0,0,0
6.28,0.2,0.0,0.0,0.7026,-0.0934,0.622,0.12,0.0445,0.0224,0.1,-4.59,4.59,100.0,0,0,0
6.3,0.2,0.0,0.0,0.7048,-0.0932,0.6224,0.1105,0.0011,0.0059,0.04,-4.54,4.54,100.0,0,0,0
6.32,0.2,0.0,0.0,0.7069,-0.0938,0.6225,0.1059,-0.0338,-0.0206,0.04,-4.51,4.51,100.0,0,0,0
6.34,0.2,0.0,0.0,0.7089,-0.095,0.6225,0.101,-0.0673,-0.0331,0.09,-4.48,4.48,100.0,0,0,0
6.36,0.2,0.0,0.0,0.7107,-0.0969,0.6223,0.0986,-0.0967,-0.0348,0.2,-4.48,4.48,100.0,0,0,0
6.38,0.2,0.0,0.0,0.7125,-0.0993,0.6218,0.093,-0.1219,-0.0472,0.39,-4.49,4.51,100.0,0,0,0
6.4,0.2,0.0,0.0,0.7141,-0.1021,0.6209,0.0884,-0.1386,-0.0846,0.72,-4.49,4.55,100.0,0,0,0
6.42,0.2,0.0,0.0,0.7161,-0.105,0.6203,0.1164,-0.1385,0.0859,1.01,-4.56,4.67,100.0,0,0,0
6.44,0.2,0.0,0.0,0.7181,-0.1076,0.6211,0.1154,-0.1127,-0.0214,1.12,-4.62,4.75,100.0,0,0,0
6.46,0.2,0.0,0.0,0.7202,-0.1095,0.6222,0.11,-0.0704,-0.0492,1.18,-4.63,4.77,100.0,0,0,0
6.48,0.2,0.0,0.0,0.7222,-0.1106,0.6231,0.1078,-0.0303,-0.0437,1.2,-4.6,4.76,100.0,0,0,0
6.5,0.2,0.0,0.0,0.7243,-0.1109,0.6237,0.1103,0.0083,-0.0309,1.17,-4.58,4.73,100.0,0,0,0
6.52,0.2,0.0,0.0,0.7266,-0.1105,0.6239,0.1148,0.0436,-0.0167,1.1,-4.57,4.7,100.0,0,0,0
6.54,0.2,0.0,0.0,0.7291,-0.1094,0.6237,0.1193,0.0747,0.0015,0.95,-4.57,4.67,100.0,0,0,0
6.56,0.2,0.0,0.0,0.7317,-0.1078,0.623,0.1213,0.1002,0.0501,0.71,-4.59,4.64,100.0,0,0,0
6.58,0.2,0.0,0.0,0.7345,-0.1058,0.6218,0.136,0.1147,0.0028,0.38,-4.62,4.63,100.0,0,0,0
6.6,0.2,0.0,0.0,0.7375,-0.1038,0.6213,0.1396,0.1144,-0.0426,0.21,-4.65,4.66,100.0,0,0,0
6.62,0.2,0.0,0.0,0.7403,-0.1022,0.6217,0.1289,0.0786,0.0233,0.14,-4.65,4.65,100.0,0,0,0
6.64,0.2,0.0,0.0,0.7427,-0.1014,0.6222,0.1182,0.0327,0.0182,0.08,-4.61,4.61,100.0,0,0,0
6.66,0.2,0.0,0.0,0.7449,-0.1015,0.6224,0.1095,-0.0089,0.0008,0.04,-4.57,4.57,100.0,0,0,0
6.68,0.2,0.0,0.0,0.747,-0.1022,0.6226,0.1056,-0.0433,-0.0251,0.05,-4.53,4.53,100.0,0,0,0
6.7,0.2,0.0,0.0,0.749,-0.1037,0.6225,0.1007,-0.0757,-0.0353,0.12,-4.51,4.51,100.0,0,0,0
6.72,0.2,0.0,0.0,0.7508,-0.1057,0.6222,0.098,-0.1035,-0.0363,0.26,-4.51,4.51,100.0,0,0,0
6.74,0.2,0.0,0.0,0.7526,-0.1082,0.6216,0.0915,-0.1267,-0.0594,0.5,-4.51,4.54,100.0,0,0,0
6.76,0.2,0.0,0.0,0.7542,-0.111,0.6205,0.0993,-0.1393,-0.0341,0.86,-4.53,4.61,100.0,0,0,0
6.78,0.2,0.0,0.0,0.7563,-0.1139,0.6204,0.1229,-0.1321,0.0882,1.08,-4.63,4.75,100.0,0,0,0
6.8,0.2,0.0,0.0,0.7585,-0.1163,0.6215,0.1176,-0.0981,-0.0287,1.16,-4.68,4.82,100.0,0,0,0
6.82,0.2,0.0,0.0,0.7605,-0.1179,0.6226,0.1113,-0.056,-0.0491,1.2,-4.67,4.82,100.0,0,0,0
6.84,0.2,0.0,0.0,0.7626,-0.1188,0.6235,0.1102,-0.0159,-0.0402,1.21,-4.64,4.79,100.0,0,0,0
6.86,0.2,0.0,0.0,0.7648,-0.1188,0.6239,0.1131,0.0214,-0.0268,1.17,-4.61,4.76,100.0,0,0,0
6.88,0.2,0.0,0.0,0.7672,-0.1181,0.624,0.1181,0.0553,-0.0116,1.07,-4.6,4.72,100.0,0,0,0
6.9,0.2,0.0,0.0,0.7698,-0.1169,0.6236,0.1208,0.0842,0.0135,0.9,-4.61,4.69,100.0,0,0,0
6.92,0.2,0.0,0.0,0.7724,-0.1151,0.6227,0.1224,0.1056,0.0778,0.6,-4.61,4.65,100.0,0,0,0
6.94,0.2,0.0,0.0,0.7754,-0.1131,0.6216,0.1423,0.1154,-0.0473,0.3,-4.65,4.66,100.0,0,0,0
6.96,0.2,0.0,0.0,0.7784,-0.1112,0.6214,0.1397,0.1055,-0.01,0.19,-4.68,4.68,100.0,0,0,0
6.98,0.2,0.0,0.0,0.7812,-0.1099,0.6219,0.1288,0.0604,0.0209,0.12,-4.66,4.66,100.0,0,0,0
7.0,0.2,0.0,0.0,0.7836,-0.1095,0.6223,0.1179,0.0158,0.0133,0.07,-4.62,4.62,100.0,0,0,0
7.02,0.2,0.0,0.0,0.7858,-0.1098,0.6226,0.1115,-0.0219,-0.0134,0.04,-4.57,4.57,100.0,0,0,0
7.04,0.2,0.0,0.0,0.7879,-0.1109,0.6227,0.1062,-0.0562,-0.0266,0.08,-4.53,4.53,100.0,0,0,0
7.06,0.2,0.0,0.0,0.7899,-0.1126,0.6225,0.1029,-0.0872,-0.033,0.17,-4.52,4.52,100.0,0,0,0
7.08,0.2,0.0,0.0,0.7917,-0.1148,0.6221,0.0986,-0.1136,-0.0407,0.34,-4.52,4.53,100.0,0,0,0
7.1,0.2,0.0,0.0,0.7934,-0.1175,0.6213,0.0896,-0.1334,-0.0765,0.62,-4.51,4.55,100.0,0,0,0
7.12,0.2,0.0,0.0,0.7952,-0.1204,0.6203,0.1109,-0.1408,0.0628,0.97,-4.55,4.65,100.0,0,0,0
7.14,0.2,0.0,0.0,0.7973,-0.1232,0.6209,0.1224,-0.1245,0.0334,1.11,-4.64,4.77,100.0,0,0,0
7.16,0.2,0.0,0.0,0.7994,-0.1254,0.622,0.1166,-0.0829,-0.0325,1.18,-4.67,4.81,100.0,0,0,0
7.18,0.2,0.0,0.0,0.8015,-0.1268,0.623,0.1128,-0.0433,-0.0423,1.21,-4.65,4.8,100.0,0,0,0
7.2,0.2,0.0,0.0,0.8037,-0.1274,0.6237,0.1143,-0.0044,-0.0332,1.2,-4.62,4.77,100.0,0,0,0
7.22,0.2,0.0,0.0,0.8061,-0.1272,0.6241,0.1179,0.0316,-0.021,1.14,-4.6,4.74,100.0,0,0,0
7.24,0.2,0.0,0.0,0.8086,-0.1264,0.624,0.1232,0.0641,-0.0053,1.02,-4.6,4.71,100.0,0,0,0
7.26,0.2,0.0,0.0,0.8113,-0.125,0.6234,0.1255,0.0917,0.0296,0.81,-4.6,4.67,100.0,0,0,0
7.28,0.2,0.0,0.0,0.8141,-0.1232,0.6224,0.136,0.1094,0.0335,0.49,-4.62,4.64,100.0,0,0,0
7.3,0.2,0.0,0.0,0.8172,-0.1212,0.6214,0.1426,0.1178,-0.0499,0.27,-4.64,4.65,100.0,0,0,0
7.32,0.2,0.0,0.0,0.8201,-0.1194,0.6216,0.1337,0.092,0.0246,0.19,-4.64,4.64,100.0,0,0,0
7.34,0.2,0.0,0.0,0.8227,-0.1183,0.6221,0.123,0.0468,0.0242,0.12,-4.6,4.6,100.0,0,0,0
7.36,0.2,0.0,0.0,0.825,-0.1182,0.6224,0.1135,0.0028,0.009,0.06,-4.55,4.55,100.0,0,0,0
7.38,0.2,0.0,0.0,0.8271,-0.1188,0.6225,0.1077,-0.0338,-0.0239,0.05,-4.5,4.5,100.0,0,0,0
7.4,0.2,0.0,0.0,0.8291,-0.1201,0.6225,0.1028,-0.0668,-0.0352,0.1,-4.47,4.47,100.0,0,0,0
7.42,0.2,0.0,0.0,0.831,-0.122,0.6223,0.0998,-0.0965,-0.0361,0.21,-4.45,4.46,100.0,0,0,0
7.44,0.2,0.0,0.0,0.8327,-0.1244,0.6218,0.0942,-0.1221,-0.0471,0.4,-4.45,4.47,100.0,0,0,0
7.46,0.2,0.0,0.0,0.8343,-0.1272,0.6208,0.0832,-0.1387,-0.1011,0.73,-4.44,4.5,100.0,0,0,0
7.48,0.2,0.0,0.0,0.8362,-0.1302,0.6201,0.118,-0.1421,0.1069,1.03,-4.52,4.63,100.0,0,0,0
7.5,0.2,0.0,0.0,0.8383,-0.1329,0.621,0.118,-0.1161,-0.0042,1.14,-4.6,4.73,100.0,0,0,0
7.52,0.2,0.0,0.0,0.8403,-0.1349,0.6222,0.1126,-0.0742,-0.045,1.2,-4.61,4.76,100.0,0,0,0
7.54,0.2,0.0,0.0,0.8424,-0.1361,0.6231,0.1099,-0.0341,-0.043,1.22,-4.59,4.75,100.0,0,0,0
7.56,0.2,0.0,0.0,0.8445,-0.1365,0.6237,0.1122,0.0043,-0.0316,1.2,-4.57,4.72,100.0,0,0,0
7.58,0.2,0.0,0.0,0.8469,-0.1362,0.624,0.1165,0.0397,-0.018,1.13,-4.56,4.69,100.0,0,0,0
7.6,0.2,0.0,0.0,0.8494,-0.1352,0.6238,0.1214,0.071,-0.001,0.99,-4.56,4.67,100.0,0,0,0
7.62,0.2,0.0,0.0,0.852,-0.1337,0.6232,0.1235,0.0971,0.0425,0.76,-4.58,4.64,100.0,0,0,0
7.64,0.2,0.0,0.0,0.8549,-0.1319,0.622,0.1363,0.113,0.0143,0.44,-4.6,4.62,100.0,0,0,0
7.66,0.2,0.0,0.0,0.858,-0.1299,0.6212,0.1432,0.1135,-0.0538,0.23,-4.62,4.63,100.0,0,0,0
7.68,0.2,0.0,0.0,0.8608,-0.1282,0.6215,0.1326,0.0843,0.0274,0.15,-4.62,4.62,100.0,0,0,0
7.7,0.2,0.0,0.0,0.8633,-0.1274,0.622,0.1201,0.0376,0.0258,0.09,-4.58,4.58,100.0,0,0,0
7.72,0.2,0.0,0.0,0.8656,-0.1274,0.6224,0.1098,-0.0034,0.0122,0.05,-4.52,4.52,100.0,0,0,0
7.74,0.2,0.0,0.0,0.8676,-0.1281,0.6225,0.1053,-0.0392,-0.014,0.05,-4.48,4.48,100.0,0,0,0
7.76,0.2,0.0,0.0,0.8696,-0.1295,0.6225,0.101,-0.0725,-0.031,0.11,-4.46,4.46,100.0,0,0,0
7.78,0.2,0.0,0.0,0.8714,-0.1315,0.6222,0.0986,-0.1014,-0.0338,0.23,-4.45,4.46,100.0,0,0,0
7.8,0.2,0.0,0.0,0.8731,-0.134,0.6217,0.0927,-0.1258,-0.0522,0.45,-4.46,4.49,100.0,0,0,0
7.82,0.2,0.0,0.0,0.8747,-0.1368,0.6206,0.0915,-0.1397,-0.0685,0.8,-4.47,4.54,100.0,0,0,0
7.84,0.2,0.0,0.0,0.8767,-0.1397,0.6202,0.1256,-0.136,0.144,1.08,-4.57,4.7,100.0,0,0,0
7.86,0.2,0.0,0.0,0.8789,-0.1424,0.6212,0.1212,-0.109,-0.0094,1.17,-4.66,4.81,100.0,0,0,0
7.88,0.2,0.0,0.0,0.881,-0.1442,0.6224,0.1139,-0.0659,-0.0486,1.21,-4.67,4.83,100.0,0,0,0
7.9,0.2,0.0,0.0,0.8831,-0.1453,0.6234,0.1109,-0.0256,-0.0443,1.22,-4.65,4.8,100.0,0,0,0
7.92,0.2,0.0,0.0,0.8853,-0.1455,0.624,0.1133,0.0123,-0.0311,1.19,-4.62,4.77,100.0,0,0,0
7.94,0.2,0.0,0.0,0.8876,-0.1451,0.6242,0.118,0.0467,-0.016,1.11,-4.61,4.74,100.0,0,0,0
7.96,0.2,0.0,0.0,0.8902,-0.144,0.6239,0.1215,0.0768,0.0037,0.96,-4.61,4.71,100.0,0,0,0
7.98,0.2,0.0,0.0,0.8929,-0.1424,0.6232,0.1239,0.1006,0.058,0.69,-4.62,4.68,100.0,0,0,0
8.0,0.2,0.0,0.0,0.8958,-0.1405,0.6219,0.1396,0.1135,-0.0035,0.36,-4.65,4.67,100.0,0,0,0
8.02,0.2,0.0,0.0,0.8989,-0.1386,0.6214,0.1446,0.1117,-0.0631,0.19,-4.69,4.7,100.0,0,0,0
8.04,0.2,0.0,0.0,0.9018,-0.1371,0.6218,0.133,0.0746,0.0158,0.12,-4.69,4.69,100.0,0,0,0
8.06,0.2,0.0,0.0,0.9043,-0.1364,0.6223,0.1213,0.0292,0.0166,0.07,-4.65,4.65,100.0,0,0,0
8.08,0.2,0.0,0.0,0.9066,-0.1366,0.6225,0.1137,-0.0109,-0.0016,0.04,-4.6,4.6,100.0,0,0,0
8.1,0.2,0.0,0.0,0.9087,-0.1374,0.6226,0.1085,-0.0459,-0.0204,0.06,-4.55,4.56,100.0,0,0,0
8.12,0.2,0.0,0.0,0.9107,-0.139,0.6225,0.104,-0.0781,-0.0323,0.14,-4.53,4.53,100.0,0,0,0
8.14,0.2,0.0,0.0,0.9126,-0.1411,0.6222,0.1008,-0.1054,-0.0355,0.29,-4.52,4.53,100.0,0,0,0
8.16,0.2,0.0,0.0,0.9143,-0.1436,0.6215,0.0931,-0.1272,-0.0642,0.56,-4.52,4.56,100.0,0,0,0
8.18,0.2,0.0,0.0,0.9161,-0.1465,0.6205,0.1077,-0.1384,0.0236,0.9,-4.55,4.63,100.0,0,0,0
8.2,0.2,0.0,0.0,0.9181,-0.1493,0.6209,0.1177,-0.1249,0.0079,1.05,-4.61,4.73,100.0,0,0,0
8.22,0.2,0.0,0.0,0.9201,-0.1515,0.622,0.1141,-0.0852,-0.0362,1.13,-4.63,4.77,100.0,0,0,0
8.24,0.2,0.0,0.0,0.9222,-0.1529,0.6229,0.1102,-0.0448,-0.0425,1.17,-4.61,4.76,100.0,0,0,0
8.26,0.2,0.0,0.0,0.9243,-0.1536,0.6235,0.1115,-0.0056,-0.0327,1.16,-4.59,4.73,100.0,0,0,0
8.28,0.2,0.0,0.0,0.9266,-0.1534,0.6238,0.1148,0.0309,-0.0209,1.11,-4.56,4.7,100.0,0,0,0
8.3,0.2,0.0,0.0,0.929,-0.1527,0.6238,0.1199,0.064,-0.006,1.0,-4.56,4.67,100.0,0,0,0
8.32,0.2,0.0,0.0,0.9317,-0.1513,0.6233,0.1221,0.0921,0.0264,0.8,-4.57,4.63,100.0,0,0,0
8.34,0.2,0.0,0.0,0.9344,-0.1495,0.6222,0.1298,0.1099,0.052,0.48,-4.58,4.6,100.0,0,0,0
8.36,0.2,0.0,0.0,0.9375,-0.1475,0.6211,0.1438,0.1195,-0.0799,0.22,-4.62,4.63,100.0,0,0,0
8.38,0.2,0.0,0.0,0.9405,-0.1456,0.6213,0.1377,0.0998,0.0063,0.14,-4.64,4.64,100.0,0,0,0
8.4,0.2,0.0,0.0,0.9432,-0.1445,0.6219,0.1253,0.053,0.0238,0.09,-4.62,4.62,100.0,0,0,0
8.42,0.2,0.0,0.0,0.9455,-0.1442,0.6223,0.1145,0.0082,0.0124,0.04,-4.57,4.57,100.0,0,0,0
8.44,0.2,0.0,0.0,0.9477,-0.1448,0.6226,0.1093,-0.0278,-0.0127,0.03,-4.52,4.52,100.0,0,0,0
8.46,0.2,0.0,0.0,0.9497,-0.146,0.6226,0.1042,-0.0622,-0.0275,0.07,-4.49,4.49,100.0,0,0,0
8.48,0.2,0.0,0.0,0.9516,-0.1478,0.6224,0.1015,-0.0925,-0.0315,0.18,-4.48,4.49,100.0,0,0,0
8.5,0.2,0.0,0.0,0.9534,-0.1502,0.6219,0.0964,-0.1184,-0.0439,0.36,-4.49,4.51,100.0,0,0,0
8.52,0.2,0.0,0.0,0.9549,-0.1529,0.621,0.086,-0.1356,-0.0912,0.68,-4.49,4.54,100.0,0,0,0
8.54,0.2,0.0,0.0,0.9568,-0.1559,0.6203,0.1168,-0.1399,0.0966,0.98,-4.56,4.66,100.0,0,0,0
8.56,0.2,0.0,0.0,0.9589,-0.1586,0.6211,0.1178,-0.1153,-0.0049,1.1,-4.63,4.76,100.0,0,0,0
8.58,0.2,0.0,0.0,0.9609,-0.1606,0.6222,0.1129,-0.074,-0.0432,1.16,-4.65,4.79,100.0,0,0,0
8.6,0.2,0.0,0.0,0.9629,-0.1619,0.6231,0.11,-0.034,-0.0415,1.18,-4.62,4.77,100.0,0,0,0
8.62,0.2,0.0,0.0,0.9651,-0.1623,0.6237,0.1123,0.0044,-0.0306,1.17,-4.6,4.74,100.0,0,0,0
8.64,0.2,0.0,0.0,0.9674,-0.162,0.624,0.1164,0.0399,-0.0174,1.1,-4.58,4.71,100.0,0,0,0
8.66,0.2,0.0,0.0,0.9699,-0.1611,0.6238,0.1213,0.0714,-0.0007,0.96,-4.58,4.68,100.0,0,0,0
8.68,0.2,0.0,0.0,0.9726,-0.1596,0.6231,0.1233,0.0976,0.0431,0.73,-4.59,4.65,100.0,0,0,0
8.7,0.2,0.0,0.0,0.9755,-0.1577,0.622,0.1361,0.1138,0.0147,0.42,-4.61,4.63,100.0,0,0,0
8.72,0.2,0.0,0.0,0.9785,-0.1557,0.6214,0.1385,0.1161,-0.0253,0.24,-4.62,4.63,100.0,0,0,0
8.74,0.2,0.0,0.0,0.9813,-0.1541,0.6217,0.1291,0.0816,0.0284,0.17,-4.61,4.61,100.0,0,0,0
8.76,0.2,0.0,0.0,0.9838,-0.1533,0.6222,0.1194,0.0361,0.0202,0.1,-4.57,4.57,100.0,0,0,0
8.78,0.2,0.0,0.0,0.9861,-0.1534,0.6224,0.1103,-0.0066,0.003,0.05,-4.52,4.52,100.0,0,0,0
8.8,0.2,0.0,0.0,0.9882,-0.1542,0.6225,0.1066,-0.0415,-0.0284,0.05,-4.48,4.48,100.0,0,0,0
8.82,0.2,0.0,0.0,0.9901,-0.1557,0.6224,0.1017,-0.0739,-0.0375,0.11,-4.45,4.46,100.0,0,0,0
8.84,0.2,0.0,0.0,0.9919,-0.1577,0.6222,0.0991,-0.1024,-0.0367,0.24,-4.45,4.46,100.0,0,0,0
8.86,0.2,0.0,0.0,0.9936,-0.1603,0.6216,0.093,-0.1268,-0.0535,0.46,-4.45,4.48,100.0,0,0,0
8.88,0.2,0.0,0.0,0.9951,-0.1631,0.6205,0.0917,-0.1406,-0.07,0.81,-4.46,4.53,100.0,0,0,0
8.9,0.2,0.0,0.0,0.9971,-0.1661,0.6203,0.1223,-0.1389,0.0975,1.06,-4.56,4.68,100.0,0,0,0
8.92,0.2,0.0,0.0,0.9992,-0.1688,0.6213,0.118,-0.1061,-0.0147,1.16,-4.63,4.77,100.0,0,0,0
8.94,0.2,0.0,0.0,1.0012,-0.1706,0.6225,0.1119,-0.0641,-0.0447,1.21,-4.64,4.79,100.0,0,0,0
8.96,0.2,0.0,0.0,1.0032,-0.1716,0.6234,0.1106,-0.0242,-0.04,1.22,-4.62,4.78,100.0,0,0,0
8.98,0.2,0.0,0.0,1.0054,-0.1719,0.6239,0.1134,0.0134,-0.0287,1.19,-4.6,4.75,100.0,0,0,0
9.0,0.2,0.0,0.0,1.0078,-0.1715,0.6241,0.1184,0.0479,-0.015,1.11,-4.59,4.72,100.0,0,0,0
9.02,0.2,0.0,0.0,1.0104,-0.1704,0.6238,0.122,0.0781,0.0045,0.95,-4.6,4.7,100.0,0,0,0
9.04,0.2,0.0,0.0,1.0131,-0.1688,0.623,0.1244,0.1022,0.06,0.69,-4.61,4.67,100.0,0,0,0
9.06,0.2,0.0,0.0,1.0161,-0.1669,0.6218,0.1406,0.115,-0.0062,0.35,-4.64,4.66,100.0,0,0,0
9.08,0.2,0.0,0.0,1.0192,-0.165,0.6213,0.1455,0.1126,-0.0641,0.19,-4.68,4.69,100.0,0,0,0
9.1,0.2,0.0,0.0,1.0221,-0.1635,0.6217,0.1339,0.0753,0.0163,0.12,-4.68,4.68,100.0,0,0,0
9.12,0.2,0.0,0.0,1.0247,-0.1629,0.6222,0.122,0.0295,0.0173,0.07,-4.64,4.64,100.0,0,0,0
9.14,0.2,0.0,0.0,1.027,-0.1631,0.6225,0.1143,-0.0107,-0.0005,0.03,-4.59,4.59,100.0,0,0,0
9.16,0.2,0.0,0.0,1.0291,-0.164,0.6226,0.1092,-0.0456,-0.0201,0.05,-4.55,4.55,100.0,0,0,0
9.18,0.2,0.0,0.0,1.0311,-0.1655,0.6225,0.1047,-0.0779,-0.0317,0.13,-4.52,4.52,100.0,0,0,0
9.2,0.2,0.0,0.0,1.033,-0.1677,0.6222,0.1016,-0.1055,-0.0341,0.28,-4.52,4.53,100.0,0,0,0
9.22,0.2,0.0,0.0,1.0347,-0.1702,0.6215,0.0945,-0.1277,-0.0601,0.53,-4.52,4.55,100.0,0,0,0
9.24,0.2,0.0,0.0,1.0364,-0.1731,0.6204,0.1042,-0.139,-0.0226,0.9,-4.54,4.63,100.0,0,0,0
9.26,0.2,0.0,0.0,1.0384,-0.1761,0.6207,0.125,-0.1318,0.0599,1.08,-4.64,4.77,100.0,0,0,0
9.28,0.2,0.0,0.0,1.0405,-0.1785,0.6219,0.1199,-0.0919,-0.0255,1.16,-4.69,4.83,100.0,0,0,0
9.3,0.2,0.0,0.0,1.0426,-0.1801,0.6229,0.1145,-0.0521,-0.0431,1.2,-4.68,4.83,100.0,0,0,0
9.32,0.2,0.0,0.0,1.0448,-0.1809,0.6237,0.115,-0.0126,-0.0355,1.2,-4.66,4.81,100.0,0,0,0
9.34,0.2,0.0,0.0,1.0471,-0.1809,0.6241,0.1182,0.024,-0.0241,1.16,-4.63,4.77,100.0,0,0,0
9.36,0.2,0.0,0.0,1.0496,-0.1803,0.6241,0.1233,0.0574,-0.0095,1.05,-4.62,4.74,100.0,0,0,0
9.38,0.2,0.0,0.0,1.0523,-0.1791,0.6237,0.1258,0.0859,0.0175,0.87,-4.63,4.71,100.0,0,0,0
9.4,0.2,0.0,0.0,1.0552,-0.1774,0.6227,0.1332,0.1058,0.0441,0.57,-4.63,4.67,100.0,0,0,0
9.42,0.2,0.0,0.0,1.0583,-0.1755,0.6216,0.1432,0.1184,-0.0331,0.3,-4.66,4.67,100.0,0,0,0
9.44,0.2,0.0,0.0,1.0613,-0.1737,0.6215,0.138,0.102,0.0194,0.19,-4.65,4.66,100.0,0,0,0
9.46,0.2,0.0,0.0,1.0641,-0.1725,0.622,0.1275,0.0574,0.027,0.12,-4.62,4.62,100.0,0,0,0
9.48,0.2,0.0,0.0,1.0665,-0.1722,0.6223,0.1177,0.0129,0.0132,0.06,-4.57,4.57,100.0,0,0,0
9.5,0.2,0.0,0.0,1.0687,-0.1727,0.6225,0.111,-0.0251,-0.0154,0.03,-4.52,4.52,100.0,0,0,0
9.52,0.2,0.0,0.0,1.0707,-0.1739,0.6225,0.1067,-0.0588,-0.0316,0.07,-4.48,4.48,100.0,0,0,0
9.54,0.2,0.0,0.0,1.0727,-0.1757,0.6224,0.1031,-0.0897,-0.0354,0.16,-4.46,4.46,100.0,0,0,0
9.56,0.2,0.0,0.0,1.0745,-0.178,0.6219,0.099,-0.1162,-0.0409,0.33,-4.46,4.47,100.0,0,0,0
9.58,0.2,0.0,0.0,1.0761,-0.1808,0.6211,0.09,-0.136,-0.0761,0.62,-4.46,4.5,100.0,0,0,0
9.6,0.2,0.0,0.0,1.0778,-0.1838,0.6201,0.1115,-0.1433,0.0617,0.97,-4.5,4.6,100.0,0,0,0
9.62,0.2,0.0,0.0,1.0798,-0.1868,0.6207,0.1224,-0.1268,0.0265,1.12,-4.59,4.73,100.0,0,0,0
9.64,0.2,0.0,0.0,1.0819,-0.189,0.622,0.1157,-0.0847,-0.0368,1.18,-4.63,4.78,100.0,0,0,0
9.66,0.2,0.0,0.0,1.0839,-0.1905,0.623,0.1115,-0.045,-0.0449,1.22,-4.62,4.77,100.0,0,0,0
9.68,0.2,0.0,0.0,1.086,-0.1912,0.6237,0.1129,-0.006,-0.0349,1.22,-4.59,4.75,100.0,0,0,0
9.7,0.2,0.0,0.0,1.0883,-0.1911,0.6241,0.1165,0.03,-0.0226,1.17,-4.57,4.72,100.0,0,0,0
9.72,0.2,0.0,0.0,1.0908,-0.1904,0.624,0.1218,0.0626,-0.0072,1.05,-4.57,4.69,100.0,0,0,0
9.74,0.2,0.0,0.0,1.0935,-0.1891,0.6235,0.1243,0.0904,0.024,0.85,-4.58,4.66,100.0,0,0,0
9.76,0.2,0.0,0.0,1.0963,-0.1874,0.6225,0.132,0.1079,0.0526,0.53,-4.6,4.63,100.0,0,0,0
9.78,0.2,0.0,0.0,1.0995,-0.1854,0.6214,0.1454,0.1175,-0.0723,0.26,-4.64,4.65,100.0,0,0,0
9.8,0.2,0.0,0.0,1.1026,-0.1837,0.6214,0.1399,0.0988,0.0025,0.17,-4.65,4.66,100.0,0,0,0
9.82,0.2,0.0,0.0,1.1053,-0.1826,0.6219,0.1283,0.053,0.0214,0.11,-4.63,4.63,100.0,0,0,0
9.84,0.2,0.0,0.0,1.1078,-0.1824,0.6223,0.1179,0.0084,0.0108,0.06,-4.58,4.58,100.0,0,0,0
9.86,0.2,0.0,0.0,1.11,-0.183,0.6225,0.1127,-0.028,-0.0156,0.06,-4.53,4.53,100.0,0,0,0
9.88,0.2,0.0,0.0,1.112,-0.1842,0.6225,0.1074,-0.0622,-0.0277,0.1,-4.5,4.5,100.0,0,0,0
9.9,0.2,0.0,0.0,1.114,-0.1861,0.6223,0.1044,-0.0925,-0.031,0.21,-4.48,4.49,100.0,0,0,0
9.92,0.2,0.0,0.0,1.1158,-0.1885,0.6218,0.099,-0.1185,-0.0431,0.4,-4.49,4.51,100.0,0,0,0
9.94,0.2,0.0,0.0,1.1173,-0.1913,0.6209,0.0883,-0.1355,-0.0914,0.72,-4.48,4.54,100.0,0,0,0
9.96,0.2,0.0,0.0,1.1192,-0.1943,0.6202,0.1211,-0.1398,0.104,1.02,-4.56,4.67,100.0,0,0,0
9.98,0.2,0.0,0.0,1.1213,-0.1971,0.6211,0.1205,-0.1148,-0.0077,1.13,-4.63,4.77,100.0,0,0,0
10.0,0.2,0.0,0.0,1.1233,-0.1991,0.6222,0.1149,-0.073,-0.0454,1.19,-4.64,4.79,100.0,0,0,0
10.02,0.2,0.0,0.0,1.1254,-0.2003,0.6232,0.1115,-0.0329,-0.0428,1.21,-4.62,4.77,100.0,0,0,0
10.04,0.2,0.0,0.0,1.1276,-0.2008,0.6238,0.1136,0.0055,-0.0313,1.19,-4.59,4.74,100.0,0,0,0
10.06,0.2,0.0,0.0,1.1299,-0.2005,0.624,0.1176,0.0407,-0.0176,1.12,-4.57,4.71,100.0,0,0,0
10.08,0.2,0.0,0.0,1.1325,-0.1996,0.6238,0.1221,0.072,-0.0005,0.98,-4.57,4.67,100.0,0,0,0
10.1,0.2,0.0,0.0,1.1352,-0.1982,0.6231,0.1239,0.098,0.0442,0.75,-4.58,4.64,100.0,0,0,0
10.12,0.2,0.0,0.0,1.1381,-0.1964,0.622,0.1368,0.1136,0.0121,0.43,-4.59,4.61,100.0,0,0,0
10.14,0.2,0.0,0.0,1.1412,-0.1944,0.6214,0.1396,0.1154,-0.0288,0.25,-4.61,4.61,100.0,0,0,0
10.16,0.2,0.0,0.0,1.1441,-0.1929,0.6217,0.1302,0.0808,0.0275,0.18,-4.59,4.6,100.0,0,0,0
10.18,0.2,0.0,0.0,1.1466,-0.1922,0.6221,0.1204,0.0352,0.0197,0.11,-4.55,4.56,100.0,0,0,0
10.2,0.2,0.0,0.0,1.1489,-0.1923,0.6224,0.1112,-0.0074,0.0026,0.05,-4.5,4.5,100.0,0,0,0
10.22,0.2,0.0,0.0,1.1509,-0.1932,0.6225,0.1075,-0.042,-0.0285,0.05,-4.46,4.46,100.0,0,0,0
10.24,0.2,0.0,0.0,1.1529,-0.1947,0.6224,0.1025,-0.0743,-0.0371,0.12,-4.44,4.44,100.0,0,0,0
10.26,0.2,0.0,0.0,1.1547,-0.1967,0.6222,0.0999,-0.1028,-0.036,0.24,-4.43,4.44,100.0,0,0,0
10.28,0.2,0.0,0.0,1.1563,-0.1993,0.6216,0.0938,-0.1271,-0.0524,0.46,-4.44,4.46,100.0,0,0,0
10.3,0.2,0.0,0.0,1.1578,-0.2022,0.6205,0.0922,-0.1408,-0.0694,0.82,-4.44,4.52,100.0,0,0,0
10.32,0.2,0.0,0.0,1.1597,-0.2053,0.6203,0.1225,-0.1393,0.0944,1.07,-4.54,4.66,100.0,0,0,0
10.34,0.2,0.0,0.0,1.1617,-0.2079,0.6213,0.1182,-0.1066,-0.0156,1.16,-4.62,4.76,100.0,0,0,0
10.36,0.2,0.0,0.0,1.1637,-0.2098,0.6225,0.112,-0.0646,-0.045,1.21,-4.63,4.78,100.0,0,0,0
10.38,0.2,0.0,0.0,1.1658,-0.2109,0.6233,0.1107,-0.0247,-0.0403,1.23,-4.61,4.77,100.0,0,0,0
10.4,0.2,0.0,0.0,1.168,-0.2112,0.6239,0.1134,0.013,-0.029,1.2,-4.59,4.74,100.0,0,0,0
10.42,0.2,0.0,0.0,1.1704,-0.2108,0.6241,0.1185,0.0476,-0.0154,1.12,-4.58,4.72,100.0,0,0,0
10.44,0.2,0.0,0.0,1.173,-0.2098,0.6238,0.1221,0.078,0.0039,0.96,-4.59,4.69,100.0,0,0,0
10.46,0.2,0.0,0.0,1.1757,-0.2082,0.623,0.1245,0.1023,0.058,0.71,-4.6,4.66,100.0,0,0,0
10.48,0.2,0.0,0.0,1.1787,-0.2064,0.6218,0.1404,0.1155,-0.0052,0.37,-4.63,4.64,100.0,0,0,0
10.5,0.2,0.0,0.0,1.1819,-0.2045,0.6213,0.1451,0.1134,-0.062,0.2,-4.66,4.67,100.0,0,0,0
10.52,0.2,0.0,0.0,1.1848,-0.2031,0.6217,0.1341,0.0766,0.0172,0.14,-4.66,4.66,100.0,0,0,0
10.54,0.2,0.0,0.0,1.1874,-0.2025,0.6222,0.1226,0.0308,0.0172,0.08,-4.62,4.62,100.0,0,0,0
10.56,0.2,0.0,0.0,1.1897,-0.2027,0.6225,0.1146,-0.0104,-0.0005,0.04,-4.57,4.57,100.0,0,0,0
10.58,0.2,0.0,0.0,1.1918,-0.2036,0.6226,0.11,-0.0449,-0.0215,0.06,-4.53,4.53,100.0,0,0,0
10.6,0.2,0.0,0.0,1.1938,-0.2052,0.6225,0.1053,-0.0772,-0.0319,0.13,-4.5,4.51,100.0,0,0,0
10.62,0.2,0.0,0.0,1.1956,-0.2073,0.6222,0.1022,-0.105,-0.0332,0.28,-4.5,4.51,100.0,0,0,0
10.64,0.2,0.0,0.0,1.1973,-0.2099,0.6215,0.0953,-0.1276,-0.0576,0.53,-4.5,4.53,100.0,0,0,0
10.66,0.2,0.0,0.0,1.199,-0.2128,0.6204,0.1041,-0.1393,-0.0265,0.89,-4.53,4.62,100.0,0,0,0
10.68,0.2,0.0,0.0,1.201,-0.2158,0.6207,0.1238,-0.1327,0.0507,1.08,-4.62,4.75,100.0,0,0,0
10.7,0.2,0.0,0.0,1.203,-0.2183,0.6218,0.119,-0.0933,-0.0274,1.16,-4.67,4.81,100.0,0,0,0
10.72,0.2,0.0,0.0,1.205,-0.22,0.6228,0.1136,-0.0531,-0.0436,1.2,-4.67,4.82,100.0,0,0,0
10.74,0.2,0.0,0.0,1.2072,-0.2208,0.6236,0.1141,-0.0135,-0.0357,1.2,-4.64,4.79,100.0,0,0,0
10.76,0.2,0.0,0.0,1.2095,-0.2209,0.624,0.1172,0.0233,-0.0243,1.16,-4.62,4.76,100.0,0,0,0
10.78,0.2,0.0,0.0,1.212,-0.2204,0.624,0.1224,0.0569,-0.0101,1.06,-4.61,4.73,100.0,0,0,0
10.8,0.2,0.0,0.0,1.2147,-0.2192,0.6236,0.1249,0.0857,0.0162,0.88,-4.61,4.7,100.0,0,0,0
10.82,0.2,0.0,0.0,1.2175,-0.2176,0.6226,0.1325,0.1063,0.0419,0.58,-4.62,4.66,100.0,0,0,0
10.84,0.2,0.0,0.0,1.2207,-0.2157,0.6215,0.1431,0.1163,-0.0248,0.3,-4.64,4.65,100.0,0,0,0
10.86,0.2,0.0,0.0,1.2238,-0.2139,0.6213,0.1412,0.1058,0.0129,0.18,-4.65,4.65,100.0,0,0,0
10.88,0.2,0.0,0.0,1.2266,-0.2127,0.6218,0.1301,0.0599,0.03,0.11,-4.62,4.62,100.0,0,0,0
10.9,0.2,0.0,0.0,1.2291,-0.2124,0.6222,0.1188,0.0156,0.019,0.04,-4.56,4.56,100.0,0,0,0
10.92,0.2,0.0,0.0,1.2313,-0.2129,0.6225,0.1118,-0.0214,-0.0051,0.02,-4.5,4.5,100.0,0,0,0
10.94,0.2,0.0,0.0,1.2334,-0.214,0.6226,0.1072,-0.0563,-0.0242,0.05,-4.46,4.46,100.0,0,0,0
10.96,0.2,0.0,0.0,1.2353,-0.2158,0.6224,0.1037,-0.0874,-0.0327,0.13,-4.44,4.44,100.0,0,0,0
10.98,0.2,0.0,0.0,1.237,-0.2182,0.6221,0.1001,-0.1143,-0.0371,0.29,-4.44,4.45,100.0,0,0,0
11.0,0.2,0.0,0.0,1.2386,-0.221,0.6213,0.0916,-0.1349,-0.0681,0.56,-4.44,4.48,100.0,0,0,0
11.02,0.2,0.0,0.0,1.2403,-0.224,0.6202,0.1075,-0.1427,0.016,0.92,-4.48,4.57,100.0,0,0,0
11.04,0.2,0.0,0.0,1.2423,-0.227,0.6206,0.1235,-0.1313,0.0291,1.09,-4.57,4.7,100.0,0,0,0
11.06,0.2,0.0,0.0,1.2443,-0.2294,0.6218,0.1169,-0.0893,-0.0403,1.17,-4.61,4.76,100.0,0,0,0
11.08,0.2,0.0,0.0,1.2463,-0.231,0.6228,0.1112,-0.0494,-0.0501,1.22,-4.6,4.76,100.0,0,0,0
11.1,0.2,0.0,0.0,1.2484,-0.2318,0.6236,0.1119,-0.0098,-0.0385,1.23,-4.58,4.74,100.0,0,0,0
11.12,0.2,0.0,0.0,1.2506,-0.2318,0.624,0.1151,0.0266,-0.0258,1.19,-4.56,4.71,100.0,0,0,0
11.14,0.2,0.0,0.0,1.2531,-0.2312,0.6241,0.1204,0.0599,-0.0108,1.09,-4.55,4.68,100.0,0,0,0
11.16,0.2,0.0,0.0,1.2558,-0.23,0.6236,0.123,0.0883,0.0163,0.91,-4.56,4.65,100.0,0,0,0
11.18,0.2,0.0,0.0,1.2586,-0.2283,0.6226,0.1244,0.1086,0.0839,0.6,-4.57,4.61,100.0,0,0,0
11.2,0.2,0.0,0.0,1.2617,-0.2264,0.6215,0.1458,0.117,-0.0584,0.3,-4.61,4.62,100.0,0,0,0
11.22,0.2,0.0,0.0,1.2649,-0.2247,0.6213,0.1442,0.1055,-0.0288,0.18,-4.64,4.64,100.0,0,0,0
11.24,0.2,0.0,0.0,1.2678,-0.2235,0.6218,0.1332,0.0602,0.0167,0.13,-4.62,4.63,100.0,0,0,0
11.26,0.2,0.0,0.0,1.2703,-0.2232,0.6223,0.1225,0.0156,0.0107,0.07,-4.58,4.58,100.0,0,0,0
11.28,0.2,0.0,0.0,1.2726,-0.2237,0.6225,0.1156,-0.0223,-0.0112,0.05,-4.53,4.53,100.0,0,0,0
11.3,0.2,0.0,0.0,1.2747,-0.2249,0.6226,0.1102,-0.0566,-0.0238,0.09,-4.49,4.49,100.0,0,0,0
11.32,0.2,0.0,0.0,1.2767,-0.2267,0.6224,0.1066,-0.0876,-0.0299,0.18,-4.47,4.47,100.0,0,0,0
11.34,0.2,0.0,0.0,1.2785,-0.2291,0.622,0.1019,-0.114,-0.0375,0.35,-4.46,4.48,100.0,0,0,0
11.36,0.2,0.0,0.0,1.2801,-0.2318,0.6212,0.0926,-0.1336,-0.0735,0.64,-4.46,4.51,100.0,0,0,0
11.38,0.2,0.0,0.0,1.2818,-0.2348,0.6202,0.1145,-0.1408,0.0657,0.99,-4.5,4.61,100.0,0,0,0
11.4,0.2,0.0,0.0,1.2838,-0.2378,0.6208,0.1252,-0.1247,0.0295,1.13,-4.6,4.73,100.0,0,0,0
11.42,0.2,0.0,0.0,1.2859,-0.2401,0.622,0.1181,-0.0827,-0.0357,1.2,-4.63,4.78,100.0,0,0,0
11.44,0.2,0.0,0.0,1.2879,-0.2415,0.623,0.1137,-0.0431,-0.0442,1.23,-4.62,4.77,100.0,0,0,0
11.46,0.2,0.0,0.0,1.2901,-0.2422,0.6237,0.1149,-0.0041,-0.0343,1.22,-4.59,4.75,100.0,0,0,0
11.48,0.2,0.0,0.0,1.2925,-0.2422,0.624,0.1184,0.0318,-0.0218,1.16,-4.57,4.71,100.0,0,0,0
11.5,0.2,0.0,0.0,1.295,-0.2415,0.624,0.1235,0.0642,-0.0061,1.04,-4.56,4.68,100.0,0,0,0
11.52,0.2,0.0,0.0,1.2978,-0.2402,0.6234,0.1257,0.0917,0.029,0.84,-4.57,4.64,100.0,0,0,0
11.54,0.2,0.0,0.0,1.3007,-0.2386,0.6223,0.1361,0.1096,0.0326,0.52,-4.58,4.61,100.0,0,0,0
11.56,0.2,0.0,0.0,1.3039,-0.2367,0.6213,0.1449,0.1162,-0.0556,0.27,-4.6,4.61,100.0,0,0,0
11.58,0.2,0.0,0.0,1.307,-0.2351,0.6213,0.1386,0.0957,0.0202,0.18,-4.6,4.6,100.0,0,0,0
11.6,0.2,0.0,0.0,1.3097,-0.2341,0.6218,0.1265,0.0493,0.0282,0.11,-4.56,4.56,100.0,0,0,0
11.62,0.2,0.0,0.0,1.3121,-0.234,0.6222,0.1154,0.006,0.0154,0.06,-4.51,4.51,100.0,0,0,0
11.64,0.2,0.0,0.0,1.3142,-0.2347,0.6225,0.1097,-0.0302,-0.0086,0.05,-4.45,4.45,100.0,0,0,0
11.66,0.2,0.0,0.0,1.3162,-0.236,0.6225,0.1049,-0.0645,-0.0264,0.09,-4.42,4.42,100.0,0,0,0
11.68,0.2,0.0,0.0,1.318,-0.238,0.6223,0.1022,-0.0948,-0.0308,0.2,-4.41,4.41,100.0,0,0,0
11.7,0.2,0.0,0.0,1.3197,-0.2404,0.6218,0.097,-0.1208,-0.0428,0.38,-4.42,4.43,100.0,0,0,0
11.72,0.2,0.0,0.0,1.3212,-0.2433,0.6208,0.0864,-0.1379,-0.0918,0.7,-4.42,4.47,100.0,0,0,0
11.74,0.2,0.0,0.0,1.323,-0.2464,0.6202,0.1182,-0.1418,0.0976,1.0,-4.49,4.6,100.0,0,0,0
11.76,0.2,0.0,0.0,1.3249,-0.2492,0.621,0.1184,-0.1169,-0.006,1.12,-4.58,4.71,100.0,0,0,0
11.78,0.2,0.0,0.0,1.3269,-0.2514,0.6222,0.1129,-0.0753,-0.0448,1.18,-4.6,4.75,100.0,0,0,0
11.8,0.2,0.0,0.0,1.3289,-0.2527,0.6231,0.1097,-0.0354,-0.0429,1.21,-4.58,4.74,100.0,0,0,0
11.82,0.2,0.0,0.0,1.331,-0.2532,0.6237,0.1119,0.0031,-0.0318,1.19,-4.56,4.71,100.0,0,0,0
11.84,0.2,0.0,0.0,1.3333,-0.253,0.624,0.1159,0.0387,-0.0186,1.13,-4.55,4.68,100.0,0,0,0
11.86,0.2,0.0,0.0,1.3359,-0.2522,0.6238,0.121,0.0704,-0.0025,0.99,-4.55,4.66,100.0,0,0,0
11.88,0.2,0.0,0.0,1.3386,-0.2509,0.6232,0.1232,0.0968,0.0382,0.77,-4.56,4.63,100.0,0,0,0
11.9,0.2,0.0,0.0,1.3415,-0.2491,0.622,0.1357,0.1124,0.0258,0.43,-4.58,4.6,100.0,0,0,0
11.92,0.2,0.0,0.0,1.3447,-0.2473,0.6212,0.1462,0.1179,-0.0862,0.22,-4.62,4.63,100.0,0,0,0
11.94,0.2,0.0,0.0,1.3478,-0.2457,0.6214,0.1362,0.0892,0.0098,0.15,-4.63,4.63,100.0,0,0,0
11.96,0.2,0.0,0.0,1.3504,-0.2449,0.622,0.1245,0.0433,0.0199,0.1,-4.6,4.6,100.0,0,0,0
11.98,0.2,0.0,0.0,1.3528,-0.2449,0.6223,0.1151,-0.0005,0.0054,0.06,-4.54,4.55,100.0,0,0,0
12.0,0.2,0.0,0.0,1.3549,-0.2457,0.6225,0.1099,-0.0362,-0.0199,0.07,-4.5,4.5,100.0,0,0,0
12.02,0.2,0.0,0.0,1.3568,-0.2472,0.6225,0.1046,-0.0698,-0.0304,0.13,-4.47,4.47,100.0,0,0,0
12.04,0.2,0.0,0.0,1.3586,-0.2492,0.6222,0.1016,-0.0988,-0.0325,0.26,-4.46,4.46,100.0,0,0,0
12.06,0.2,0.0,0.0,1.3603,-0.2517,0.6216,0.0953,-0.1234,-0.0497,0.47,-4.46,4.48,100.0,0,0,0
12.08,0.2,0.0,0.0,1.3618,-0.2546,0.6205,0.0934,-0.1375,-0.0659,0.83,-4.46,4.54,100.0,0,0,0
12.1,0.2,0.0,0.0,1.3636,-0.2577,0.6204,0.1235,-0.1371,0.0887,1.08,-4.56,4.68,100.0,0,0,0
12.12,0.2,0.0,0.0,1.3656,-0.2603,0.6214,0.1181,-0.1046,-0.0188,1.17,-4.63,4.77,100.0,0,0,0
12.14,0.2,0.0,0.0,1.3675,-0.2622,0.6225,0.1119,-0.0624,-0.0454,1.22,-4.63,4.79,100.0,0,0,0
12.16,0.2,0.0,0.0,1.3696,-0.2633,0.6234,0.1104,-0.0224,-0.0395,1.23,-4.61,4.77,100.0,0,0,0
12.18,0.2,0.0,0.0,1.3718,-0.2636,0.6239,0.113,0.0152,-0.0279,1.2,-4.58,4.74,100.0,0,0,0
12.2,0.2,0.0,0.0,1.3742,-0.2632,0.624,0.118,0.0496,-0.0142,1.11,-4.57,4.71,100.0,0,0,0
12.22,0.2,0.0,0.0,1.3768,-0.2622,0.6237,0.1212,0.0797,0.0074,0.95,-4.58,4.68,100.0,0,0,0
12.24,0.2,0.0,0.0,1.3795,-0.2607,0.6229,0.1235,0.1034,0.0652,0.69,-4.59,4.64,100.0,0,0,0
12.26,0.2,0.0,0.0,1.3826,-0.2589,0.6216,0.1413,0.1157,-0.02,0.35,-4.62,4.63,100.0,0,0,0
12.28,0.2,0.0,0.0,1.3858,-0.2571,0.6212,0.1464,0.1119,-0.0759,0.19,-4.66,4.66,100.0,0,0,0
12.3,0.2,0.0,0.0,1.3888,-0.2558,0.6217,0.1349,0.0742,0.0133,0.14,-4.66,4.66,100.0,0,0,0
12.32,0.2,0.0,0.0,1.3914,-0.2553,0.6222,0.1227,0.0281,0.0162,0.08,-4.62,4.62,100.0,0,0,0
12.34,0.2,0.0,0.0,1.3937,-0.2556,0.6226,0.1151,-0.0124,-0.0024,0.05,-4.57,4.57,100.0,0,0,0
12.36,0.2,0.0,0.0,1.3958,-0.2566,0.6227,0.1099,-0.0468,-0.02,0.07,-4.53,4.53,100.0,0,0,0
12.38,0.2,0.0,0.0,1.3977,-0.2583,0.6226,0.1054,-0.079,-0.0312,0.14,-4.5,4.5,100.0,0,0,0
12.4,0.2,0.0,0.0,1.3995,-0.2605,0.6223,0.1023,-0.1066,-0.0329,0.29,-4.5,4.51,100.0,0,0,0
12.42,0.2,0.0,0.0,1.4011,-0.2632,0.6216,0.0954,-0.129,-0.057,0.53,-4.51,4.54,100.0,0,0,0
12.44,0.2,0.0,0.0,1.4027,-0.2661,0.6205,0.1037,-0.1405,-0.0299,0.9,-4.53,4.62,100.0,0,0,0
12.46,0.2,0.0,0.0,1.4046,-0.2692,0.6208,0.1237,-0.1337,0.05,1.09,-4.63,4.76,100.0,0,0,0
12.48,0.2,0.0,0.0,1.4066,-0.2717,0.6218,0.1188,-0.0944,-0.0273,1.18,-4.68,4.83,100.0,0,0,0
12.5,0.2,0.0,0.0,1.4086,-0.2735,0.6229,0.1135,-0.0542,-0.0435,1.22,-4.68,4.83,100.0,0,0,0
12.52,0.2,0.0,0.0,1.4107,-0.2744,0.6236,0.1141,-0.0147,-0.036,1.23,-4.65,4.81,100.0,0,0,0
12.54,0.2,0.0,0.0,1.413,-0.2746,0.624,0.1173,0.0222,-0.0247,1.19,-4.63,4.78,100.0,0,0,0
12.56,0.2,0.0,0.0,1.4155,-0.2741,0.624,0.1226,0.056,-0.011,1.09,-4.62,4.75,100.0,0,0,0
12.58,0.2,0.0,0.0,1.4182,-0.273,0.6237,0.1253,0.0851,0.0147,0.91,-4.62,4.71,100.0,0,0,0
12.6,0.2,0.0,0.0,1.4211,-0.2714,0.6227,0.127,0.1068,0.078,0.62,-4.62,4.66,100.0,0,0,0
12.62,0.2,0.0,0.0,1.4243,-0.2697,0.6215,0.1468,0.1166,-0.0525,0.32,-4.65,4.66,100.0,0,0,0
12.64,0.2,0.0,0.0,1.4276,-0.2679,0.6214,0.1448,0.107,-0.0142,0.21,-4.66,4.67,100.0,0,0,0
12.66,0.2,0.0,0.0,1.4305,-0.2668,0.6219,0.1344,0.062,0.0214,0.15,-4.64,4.64,100.0,0,0,0
12.68,0.2,0.0,0.0,1.4331,-0.2665,0.6223,0.1233,0.0172,0.0139,0.09,-4.59,4.59,100.0,0,0,0
12.7,0.2,0.0,0.0,1.4354,-0.267,0.6226,0.1168,-0.0214,-0.0115,0.06,-4.53,4.54,100.0,0,0,0
12.72,0.2,0.0,0.0,1.4375,-0.2682,0.6226,0.1114,-0.0556,-0.0242,0.09,-4.49,4.49,100.0,0,0,0
12.74,0.2,0.0,0.0,1.4394,-0.2701,0.6225,0.1072,-0.0869,-0.0328,0.18,-4.47,4.47,100.0,0,0,0
12.76,0.2,0.0,0.0,1.4412,-0.2725,0.6221,0.1035,-0.1138,-0.0346,0.33,-4.47,4.48,100.0,0,0,0
12.78,0.2,0.0,0.0,1.4428,-0.2753,0.6214,0.0951,-0.1345,-0.0638,0.6,-4.47,4.51,100.0,0,0,0
12.8,0.2,0.0,0.0,1.4444,-0.2783,0.6203,0.1098,-0.143,0.0063,0.97,-4.5,4.6,100.0,0,0,0
12.82,0.2,0.0,0.0,1.4464,-0.2814,0.6206,0.1258,-0.1323,0.0224,1.14,-4.59,4.73,100.0,0,0,0
12.84,0.2,0.0,0.0,1.4484,-0.2839,0.6218,0.1189,-0.0903,-0.0436,1.22,-4.63,4.79,100.0,0,0,0
12.86,0.2,0.0,0.0,1.4504,-0.2856,0.6229,0.1129,-0.0501,-0.0513,1.27,-4.61,4.78,100.0,0,0,0
12.88,0.2,0.0,0.0,1.4525,-0.2864,0.6236,0.1134,-0.0104,-0.0391,1.27,-4.58,4.75,100.0,0,0,0
12.9,0.2,0.0,0.0,1.4548,-0.2865,0.624,0.1165,0.0262,-0.0263,1.24,-4.56,4.72,100.0,0,0,0
12.92,0.2,0.0,0.0,1.4573,-0.286,0.624,0.1216,0.0596,-0.0114,1.14,-4.55,4.69,100.0,0,0,0
12.94,0.2,0.0,0.0,1.46,-0.2848,0.6236,0.1241,0.0882,0.0162,0.96,-4.55,4.65,100.0,0,0,0
12.96,0.2,0.0,0.0,1.4629,-0.2832,0.6226,0.1254,0.109,0.0819,0.66,-4.56,4.6,100.0,0,0,0
12.98,0.2,0.0,0.0,1.4661,-0.2814,0.6214,0.1457,0.1179,-0.0586,0.36,-4.59,4.6,100.0,0,0,0
13.0,0.2,0.0,0.0,1.4693,-0.2797,0.6213,0.1445,0.1066,-0.0217,0.25,-4.61,4.62,100.0,0,0,0
13.02,0.2,0.0,0.0,1.4722,-0.2786,0.6218,0.1339,0.0615,0.0188,0.18,-4.59,4.6,100.0,0,0,0
13.04,0.2,0.0,0.0,1.4748,-0.2784,0.6222,0.1229,0.0169,0.0109,0.11,-4.55,4.55,100.0,0,0,0
13.06,0.2,0.0,0.0,1.4771,-0.2789,0.6225,0.1162,-0.021,-0.0123,0.08,-4.5,4.5,100.0,0,0,0
13.08,0.2,0.0,0.0,1.4792,-0.2801,0.6226,0.111,-0.0553,-0.0247,0.11,-4.46,4.46,100.0,0,0,0
13.1,0.2,0.0,0.0,1.4811,-0.2819,0.6225,0.1069,-0.0866,-0.0333,0.19,-4.44,4.45,100.0,0,0,0
13.12,0.2,0.0,0.0,1.4829,-0.2843,0.6221,0.1033,-0.1135,-0.0345,0.34,-4.44,4.46,100.0,0,0,0
13.14,0.2,0.0,0.0,1.4844,-0.2871,0.6214,0.0949,-0.1344,-0.0624,0.61,-4.45,4.49,100.0,0,0,0
13.16,0.2,0.0,0.0,1.486,-0.2902,0.6203,0.1082,-0.1436,-0.006,0.97,-4.48,4.58,100.0,0,0,0
13.18,0.2,0.0,0.0,1.4879,-0.2933,0.6206,0.1241,-0.1327,0.0201,1.15,-4.57,4.71,100.0,0,0,0
13.2,0.2,0.0,0.0,1.4899,-0.2958,0.6217,0.118,-0.0911,-0.0422,1.23,-4.6,4.77,100.0,0,0,0
13.22,0.2,0.0,0.0,1.4919,-0.2975,0.6228,0.1124,-0.0509,-0.0504,1.27,-4.59,4.76,100.0,0,0,0
13.24,0.2,0.0,0.0,1.4939,-0.2984,0.6235,0.1131,-0.0111,-0.0388,1.28,-4.56,4.74,100.0,0,0,0
13.26,0.2,0.0,0.0,1.4962,-0.2985,0.6239,0.1163,0.0256,-0.0262,1.24,-4.54,4.7,100.0,0,0,0
13.28,0.2,0.0,0.0,1.4988,-0.298,0.6239,0.1214,0.0592,-0.0116,1.14,-4.53,4.67,100.0,0,0,0
13.3,0.2,0.0,0.0,1.5015,-0.2969,0.6235,0.124,0.0881,0.0164,0.96,-4.54,4.64,100.0,0,0,0
13.32,0.2,0.0,0.0,1.5043,-0.2953,0.6225,0.1254,0.1093,0.0814,0.66,-4.54,4.59,100.0,0,0,0
13.34,0.2,0.0,0.0,1.5076,-0.2935,0.6214,0.1457,0.1182,-0.0606,0.36,-4.57,4.59,100.0,0,0,0
13.36,0.2,0.0,0.0,1.5108,-0.2918,0.6212,0.1444,0.1072,-0.0209,0.25,-4.59,4.6,100.0,0,0,0
13.38,0.2,0.0,0.0,1.5137,-0.2907,0.6217,0.1338,0.0622,0.0193,0.18,-4.58,4.58,100.0,0,0,0
13.4,0.2,0.0,0.0,1.5163,-0.2904,0.6222,0.1228,0.0174,0.0116,0.12,-4.53,4.53,100.0,0,0,0
13.42,0.2,0.0,0.0,1.5186,-0.291,0.6225,0.116,-0.0212,-0.0117,0.09,-4.48,4.48,100.0,0,0,0
13.44,0.2,0.0,0.0,1.5206,-0.2922,0.6226,0.1106,-0.0552,-0.024,0.12,-4.44,4.44,100.0,0,0,0
13.46,0.2,0.0,0.0,1.5225,-0.294,0.6224,0.1063,-0.0865,-0.0322,0.2,-4.42,4.43,100.0,0,0,0
13.48,0.2,0.0,0.0,1.5243,-0.2964,0.6221,0.1026,-0.1133,-0.0335,0.35,-4.42,4.44,100.0,0,0,0
13.5,0.2,0.0,0.0,1.5258,-0.2993,0.6214,0.0941,-0.1342,-0.062,0.62,-4.43,4.47,100.0,0,0,0
13.52,0.2,0.0,0.0,1.5274,-0.3023,0.6202,0.108,-0.1431,-0.0015,0.99,-4.46,4.57,100.0,0,0,0
13.54,0.2,0.0,0.0,1.5293,-0.3054,0.6206,0.1242,-0.1322,0.0225,1.16,-4.55,4.7,100.0,0,0,0
13.56,0.2,0.0,0.0,1.5312,-0.3079,0.6217,0.1176,-0.0903,-0.0426,1.24,-4.59,4.76,100.0,0,0,0
13.58,0.2,0.0,0.0,1.5332,-0.3096,0.6228,0.1119,-0.0501,-0.0507,1.28,-4.58,4.75,100.0,0,0,0
13.6,0.2,0.0,0.0,1.5353,-0.3105,0.6235,0.1125,-0.0103,-0.0388,1.28,-4.55,4.73,100.0,0,0,0
13.62,0.2,0.0,0.0,1.5375,-0.3106,0.6239,0.1157,0.0263,-0.026,1.24,-4.53,4.69,100.0,0,0,0
13.64,0.2,0.0,0.0,1.5401,-0.3101,0.6239,0.121,0.0598,-0.0111,1.14,-4.52,4.66,100.0,0,0,0
13.66,0.2,0.0,0.0,1.5428,-0.309,0.6235,0.1235,0.0886,0.0181,0.96,-4.52,4.62,100.0,0,0,0
13.68,0.2,0.0,0.0,1.5457,-0.3074,0.6225,0.1311,0.1091,0.0422,0.66,-4.53,4.58,100.0,0,0,0
13.7,0.2,0.0,0.0,1.5489,-0.3056,0.6214,0.1414,0.1188,-0.0293,0.38,-4.55,4.57,100.0,0,0,0
13.72,0.2,0.0,0.0,1.5521,-0.3039,0.6212,0.1402,0.1072,0.01,0.26,-4.55,4.56,100.0,0,0,0
13.74,0.2,0.0,0.0,1.5549,-0.3028,0.6217,0.1299,0.0617,0.0281,0.18,-4.53,4.53,100.0,0,0,0
13.76,0.2,0.0,0.0,1.5574,-0.3026,0.6221,0.1189,0.0169,0.0163,0.11,-4.48,4.48,100.0,0,0,0
13.78,0.2,0.0,0.0,1.5596,-0.3031,0.6224,0.1122,-0.0203,-0.0098,0.07,-4.43,4.43,100.0,0,0,0
13.8,0.2,0.0,0.0,1.5616,-0.3043,0.6225,0.1076,-0.0547,-0.0254,0.09,-4.39,4.39,100.0,0,0,0
13.82,0.2,0.0,0.0,1.5634,-0.3061,0.6224,0.1036,-0.0859,-0.034,0.17,-4.38,4.38,100.0,0,0,0
13.84,0.2,0.0,0.0,1.5651,-0.3085,0.6221,0.1004,-0.1131,-0.0345,0.32,-4.38,4.39,100.0,0,0,0
13.86,0.2,0.0,0.0,1.5666,-0.3114,0.6214,0.0927,-0.1347,-0.0608,0.57,-4.39,4.43,100.0,0,0,0
13.88,0.2,0.0,0.0,1.568,-0.3144,0.6202,0.1028,-0.1442,-0.0244,0.95,-4.43,4.53,100.0,0,0,0
13.9,0.2,0.0,0.0,1.5699,-0.3176,0.6205,0.1254,-0.1355,0.0686,1.13,-4.55,4.68,100.0,0,0,0
13.92,0.2,0.0,0.0,1.5718,-0.3202,0.6217,0.1187,-0.0948,-0.0238,1.21,-4.61,4.77,100.0,0,0,0
13.94,0.2,0.0,0.0,1.5738,-0.322,0.6228,0.1133,-0.0552,-0.0438,1.26,-4.62,4.79,100.0,0,0,0
13.96,0.2,0.0,0.0,1.5758,-0.323,0.6236,0.1138,-0.0157,-0.0372,1.26,-4.6,4.77,100.0,0,0,0
13.98,0.2,0.0,0.0,1.5781,-0.3232,0.624,0.1173,0.021,-0.0263,1.22,-4.58,4.74,100.0,0,0,0
14.0,0.2,0.0,0.0,1.5807,-0.3228,0.6241,0.1228,0.0548,-0.0126,1.12,-4.58,4.72,100.0,0,0,0
14.02,0.2,0.0,0.0,1.5834,-0.3218,0.6237,0.1258,0.0841,0.0126,0.95,-4.59,4.68,100.0,0,0,0
14.04,0.2,0.0,0.0,1.5863,-0.3203,0.6228,0.1279,0.1062,0.0736,0.65,-4.59,4.63,100.0,0,0,0
14.06,0.2,0.0,0.0,1.5896,-0.3186,0.6217,0.1467,0.1168,-0.0325,0.34,-4.61,4.63,100.0,0,0,0
14.08,0.2,0.0,0.0,1.5929,-0.317,0.6211,0.1498,0.1063,-0.0551,0.18,-4.63,4.63,100.0,0,0,0
14.1,0.2,0.0,0.0,1.596,-0.3159,0.6215,0.1379,0.0681,0.0223,0.12,-4.61,4.61,100.0,0,0,0
14.12,0.2,0.0,0.0,1.5986,-0.3156,0.6221,0.1248,0.0226,0.0229,0.07,-4.55,4.56,100.0,0,0,0
14.14,0.2,0.0,0.0,1.6009,-0.316,0.6224,0.1165,-0.016,0.0053,0.04,-4.49,4.49,100.0,0,0,0
14.16,0.2,0.0,0.0,1.603,-0.3172,0.6225,0.1112,-0.0513,-0.0149,0.07,-4.44,4.44,100.0,0,0,0
14.18,0.2,0.0,0.0,1.6049,-0.319,0.6224,0.1069,-0.0834,-0.0278,0.15,-4.41,4.41,100.0,0,0,0
14.2,0.2,0.0,0.0,1.6067,-0.3213,0.6221,0.1034,-0.1106,-0.0314,0.3,-4.41,4.42,100.0,0,0,0
14.22,0.2,0.0,0.0,1.6082,-0.3241,0.6213,0.0952,-0.1319,-0.0596,0.57,-4.41,4.45,100.0,0,0,0
14.24,0.2,0.0,0.0,1.6098,-0.3272,0.6202,0.1088,-0.1412,0.0054,0.93,-4.44,4.54,100.0,0,0,0
14.26,0.2,0.0,0.0,1.6116,-0.3303,0.6206,0.1241,-0.1311,0.017,1.1,-4.53,4.66,100.0,0,0,0
14.28,0.2,0.0,0.0,1.6136,-0.3328,0.6217,0.1172,-0.0895,-0.0433,1.18,-4.57,4.72,100.0,0,0,0
14.3,0.2,0.0,0.0,1.6155,-0.3344,0.6228,0.1113,-0.0492,-0.0506,1.23,-4.56,4.72,100.0,0,0,0
14.32,0.2,0.0,0.0,1.6175,-0.3353,0.6235,0.1117,-0.0095,-0.0384,1.24,-4.53,4.7,100.0,0,0,0
14.34,0.2,0.0,0.0,1.6198,-0.3355,0.6239,0.1147,0.0271,-0.0256,1.2,-4.51,4.67,100.0,0,0,0
14.36,0.2,0.0,0.0,1.6223,-0.3349,0.6239,0.1198,0.0604,-0.0107,1.1,-4.5,4.64,100.0,0,0,0
14.38,0.2,0.0,0.0,1.625,-0.3338,0.6235,0.1223,0.0889,0.0178,0.91,-4.51,4.6,100.0,0,0,0
14.4,0.2,0.0,0.0,1.6279,-0.3323,0.6225,0.1298,0.109,0.0428,0.61,-4.52,4.56,100.0,0,0,0
14.42,0.2,0.0,0.0,1.6311,-0.3305,0.6214,0.1408,0.1183,-0.0305,0.33,-4.54,4.55,100.0,0,0,0
14.44,0.2,0.0,0.0,1.6343,-0.3289,0.6212,0.1395,0.1064,0.0058,0.21,-4.55,4.55,100.0,0,0,0
14.46,0.2,0.0,0.0,1.6371,-0.3278,0.6217,0.1293,0.0607,0.0274,0.14,-4.52,4.52,100.0,0,0,0
14.48,0.2,0.0,0.0,1.6396,-0.3276,0.6221,0.1185,0.0158,0.0163,0.07,-4.47,4.47,100.0,0,0,0
14.5,0.2,0.0,0.0,1.6418,-0.3282,0.6224,0.1121,-0.0205,-0.0104,0.05,-4.42,4.42,100.0,0,0,0
14.52,0.2,0.0,0.0,1.6438,-0.3294,0.6225,0.1074,-0.0555,-0.0253,0.07,-4.38,4.38,100.0,0,0,0
14.54,0.2,0.0,0.0,1.6456,-0.3313,0.6223,0.1037,-0.0867,-0.0339,0.16,-4.37,4.37,100.0,0,0,0
14.56,0.2,0.0,0.0,1.6473,-0.3337,0.622,0.1004,-0.1138,-0.0355,0.31,-4.37,4.38,100.0,0,0,0
14.58,0.2,0.0,0.0,1.6487,-0.3365,0.6213,0.0922,-0.1349,-0.0633,0.58,-4.38,4.42,100.0,0,0,0
14.6,0.2,0.0,0.0,1.6502,-0.3396,0.6202,0.1058,-0.1436,-0.0012,0.94,-4.42,4.52,100.0,0,0,0
14.62,0.2,0.0,0.0,1.652,-0.3428,0.6205,0.1218,-0.1327,0.0203,1.12,-4.51,4.65,100.0,0,0,0
14.64,0.2,0.0,0.0,1.6538,-0.3453,0.6216,0.1151,-0.0909,-0.042,1.2,-4.56,4.72,100.0,0,0,0
14.66,0.2,0.0,0.0,1.6557,-0.347,0.6227,0.1094,-0.0507,-0.0505,1.25,-4.55,4.72,100.0,0,0,0
14.68,0.2,0.0,0.0,1.6577,-0.3479,0.6235,0.11,-0.011,-0.0388,1.25,-4.53,4.7,100.0,0,0,0
14.7,0.2,0.0,0.0,1.6599,-0.3481,0.6239,0.1133,0.0257,-0.0263,1.21,-4.52,4.68,100.0,0,0,0
14.72,0.2,0.0,0.0,1.6624,-0.3476,0.6239,0.1186,0.0593,-0.0118,1.11,-4.52,4.65,100.0,0,0,0
14.74,0.2,0.0,0.0,1.6651,-0.3465,0.6235,0.1214,0.0882,0.0152,0.93,-4.52,4.62,100.0,0,0,0
14.76,0.2,0.0,0.0,1.668,-0.345,0.6226,0.1233,0.1094,0.0797,0.63,-4.53,4.58,100.0,0,0,0
14.78,0.2,0.0,0.0,1.6712,-0.3433,0.6214,0.1438,0.1186,-0.0538,0.33,-4.56,4.58,100.0,0,0,0
14.8,0.2,0.0,0.0,1.6744,-0.3416,0.6213,0.1425,0.1078,-0.0259,0.22,-4.58,4.59,100.0,0,0,0
14.82,0.2,0.0,0.0,1.6774,-0.3405,0.6217,0.1327,0.0633,0.0183,0.16,-4.56,4.57,100.0,0,0,0
14.84,0.2,0.0,0.0,1.6799,-0.3403,0.6222,0.1222,0.0183,0.011,0.1,-4.52,4.52,100.0,0,0,0
14.86,0.2,0.0,0.0,1.6822,-0.3409,0.6224,0.1156,-0.0205,-0.0126,0.08,-4.47,4.47,100.0,0,0,0
14.88,0.2,0.0,0.0,1.6842,-0.3421,0.6225,0.1105,-0.0547,-0.0248,0.11,-4.43,4.43,100.0,0,0,0
14.9,0.2,0.0,0.0,1.6861,-0.344,0.6223,0.1063,-0.0861,-0.0318,0.2,-4.41,4.42,100.0,0,0,0
14.92,0.2,0.0,0.0,1.6878,-0.3464,0.622,0.1023,-0.1128,-0.0342,0.36,-4.41,4.43,100.0,0,0,0
14.94,0.2,0.0,0.0,1.6893,-0.3493,0.6212,0.0935,-0.1333,-0.0656,0.64,-4.42,4.46,100.0,0,0,0
14.96,0.2,0.0,0.0,1.6908,-0.3523,0.6202,0.1123,-0.1416,0.0469,0.99,-4.46,4.57,100.0,0,0,0
14.98,0.2,0.0,0.0,1.6926,-0.3554,0.6207,0.1224,-0.1267,0.0147,1.14,-4.55,4.69,100.0,0,0,0
15.0,0.2,0.0,0.0,1.6945,-0.3578,0.6219,0.1155,-0.085,-0.0387,1.21,-4.59,4.74,100.0,0,0,0
15.02,0.2,0.0,0.0,1.6964,-0.3594,0.6229,0.1112,-0.045,-0.045,1.25,-4.57,4.74,100.0,0,0,0
15.04,0.2,0.0,0.0,1.6985,-0.3603,0.6236,0.1123,-0.0057,-0.0347,1.24,-4.55,4.72,100.0,0,0,0
15.06,0.2,0.0,0.0,1.7008,-0.3604,0.6239,0.1158,0.0305,-0.0225,1.19,-4.53,4.69,100.0,0,0,0
15.08,0.2,0.0,0.0,1.7033,-0.3598,0.6238,0.1211,0.0634,-0.0073,1.08,-4.53,4.65,100.0,0,0,0
15.1,0.2,0.0,0.0,1.7061,-0.3587,0.6233,0.1236,0.0915,0.0258,0.88,-4.53,4.62,100.0,0,0,0
15.12,0.2,0.0,0.0,1.709,-0.3571,0.6222,0.1316,0.1097,0.0499,0.55,-4.54,4.57,100.0,0,0,0
15.14,0.2,0.0,0.0,1.7123,-0.3554,0.6212,0.1444,0.1194,-0.0793,0.3,-4.57,4.58,100.0,0,0,0
15.16,0.2,0.0,0.0,1.7155,-0.3539,0.6213,0.1402,0.1005,0.002,0.22,-4.58,4.58,100.0,0,0,0
15.18,0.2,0.0,0.0,1.7183,-0.353,0.6218,0.1293,0.0547,0.0215,0.16,-4.55,4.55,100.0,0,0,0
15.2,0.2,0.0,0.0,1.7208,-0.3529,0.6222,0.119,0.0096,0.0111,0.11,-4.5,4.5,100.0,0,0,0
15.22,0.2,0.0,0.0,1.723,-0.3536,0.6225,0.1127,-0.0278,-0.0173,0.09,-4.45,4.45,100.0,0,0,0
15.24,0.2,0.0,0.0,1.7249,-0.355,0.6225,0.1076,-0.0617,-0.0281,0.13,-4.41,4.41,100.0,0,0,0
15.26,0.2,0.0,0.0,1.7267,-0.357,0.6223,0.104,-0.0925,-0.0323,0.22,-4.4,4.4,100.0,0,0,0
15.28,0.2,0.0,0.0,1.7283,-0.3596,0.6219,0.0994,-0.1187,-0.0385,0.4,-4.4,4.42,100.0,0,0,0
15.3,0.2,0.0,0.0,1.7297,-0.3625,0.6211,0.09,-0.1377,-0.074,0.69,-4.41,4.46,100.0,0,0,0
15.32,0.2,0.0,0.0,1.7312,-0.3657,0.62,0.1134,-0.1442,0.0671,1.05,-4.46,4.58,100.0,0,0,0
15.34,0.2,0.0,0.0,1.733,-0.3688,0.6207,0.1237,-0.1278,0.0276,1.19,-4.57,4.72,100.0,0,0,0
15.36,0.2,0.0,0.0,1.7349,-0.3712,0.6219,0.1154,-0.0848,-0.0389,1.25,-4.61,4.78,100.0,0,0,0
15.38,0.2,0.0,0.0,1.7368,-0.3728,0.623,0.1109,-0.0449,-0.046,1.28,-4.6,4.78,100.0,0,0,0
15.4,0.2,0.0,0.0,1.7388,-0.3737,0.6237,0.1121,-0.0057,-0.0354,1.28,-4.58,4.75,100.0,0,0,0
15.42,0.2,0.0,0.0,1.7411,-0.3738,0.6241,0.116,0.0302,-0.0229,1.23,-4.56,4.72,100.0,0,0,0
15.44,0.2,0.0,0.0,1.7437,-0.3732,0.624,0.1215,0.0629,-0.0076,1.11,-4.56,4.69,100.0,0,0,0
15.46,0.2,0.0,0.0,1.7464,-0.3721,0.6235,0.1242,0.0909,0.0251,0.91,-4.56,4.65,100.0,0,0,0
15.48,0.2,0.0,0.0,1.7494,-0.3706,0.6224,0.1323,0.1092,0.0501,0.59,-4.57,4.61,100.0,0,0,0
15.5,0.2,0.0,0.0,1.7527,-0.369,0.6213,0.1462,0.1167,-0.0638,0.32,-4.6,4.61,100.0,0,0,0
15.52,0.2,0.0,0.0,1.756,-0.3674,0.6212,0.1452,0.1025,-0.0177,0.22,-4.61,4.62,100.0,0,0,0
15.54,0.2,0.0,0.0,1.759,-0.3665,0.6217,0.1335,0.0559,0.0221,0.16,-4.59,4.59,100.0,0,0,0
15.56,0.2,0.0,0.0,1.7615,-0.3665,0.6222,0.1222,0.0112,0.013,0.11,-4.53,4.53,100.0,0,0,0
15.58,0.2,0.0,0.0,1.7637,-0.3672,0.6225,0.1152,-0.0254,-0.0076,0.09,-4.48,4.48,100.0,0,0,0
15.6,0.2,0.0,0.0,1.7657,-0.3685,0.6226,0.1101,-0.0603,-0.023,0.12,-4.43,4.44,100.0,0,0,0
15.62,0.2,0.0,0.0,1.7675,-0.3705,0.6224,0.1065,-0.0913,-0.0303,0.21,-4.42,4.42,100.0,0,0,0
15.64,0.2,0.0,0.0,1.7692,-0.3731,0.6221,0.1023,-0.1177,-0.0356,0.37,-4.42,4.44,100.0,0,0,0
15.66,0.2,0.0,0.0,1.7706,-0.376,0.6213,0.0934,-0.1374,-0.0668,0.65,-4.42,4.47,100.0,0,0,0
15.68,0.2,0.0,0.0,1.7721,-0.3792,0.6202,0.1123,-0.145,0.0416,1.01,-4.47,4.58,100.0,0,0,0
15.7,0.2,0.0,0.0,1.7739,-0.3823,0.6208,0.1234,-0.1296,0.0204,1.16,-4.57,4.71,100.0,0,0,0
15.72,0.2,0.0,0.0,1.7758,-0.3848,0.6219,0.1164,-0.0878,-0.0373,1.24,-4.61,4.77,100.0,0,0,0
15.74,0.2,0.0,0.0,1.7777,-0.3865,0.6229,0.1122,-0.048,-0.0449,1.27,-4.6,4.77,100.0,0,0,0
15.76,0.2,0.0,0.0,1.7797,-0.3874,0.6236,0.1134,-0.0087,-0.0354,1.27,-4.58,4.75,100.0,0,0,0
15.78,0.2,0.0,0.0,1.782,-0.3876,0.624,0.117,0.0276,-0.0236,1.22,-4.56,4.72,100.0,0,0,0
15.8,0.2,0.0,0.0,1.7846,-0.3871,0.624,0.1224,0.0609,-0.0091,1.11,-4.56,4.69,100.0,0,0,0
15.82,0.2,0.0,0.0,1.7874,-0.3861,0.6235,0.1252,0.0894,0.0207,0.92,-4.56,4.65,100.0,0,0,0
15.84,0.2,0.0,0.0,1.7904,-0.3846,0.6225,0.133,0.1092,0.0454,0.61,-4.57,4.61,100.0,0,0,0
15.86,0.2,0.0,0.0,1.7937,-0.3829,0.6214,0.1452,0.118,-0.0463,0.34,-4.59,4.6,100.0,0,0,0
15.88,0.2,0.0,0.0,1.797,-0.3814,0.6212,0.1436,0.1053,-0.0017,0.22,-4.59,4.6,100.0,0,0,0
15.9,0.2,0.0,0.0,1.7999,-0.3804,0.6217,0.1333,0.0596,0.0254,0.16,-4.56,4.56,100.0,0,0,0
15.92,0.2,0.0,0.0,1.8025,-0.3803,0.6222,0.1222,0.0144,0.0156,0.1,-4.51,4.51,100.0,0,0,0
15.94,0.2,0.0,0.0,1.8047,-0.381,0.6224,0.1155,-0.0225,-0.0089,0.07,-4.45,4.45,100.0,0,0,0
15.96,0.2,0.0,0.0,1.8067,-0.3823,0.6225,0.1103,-0.0571,-0.0226,0.1,-4.41,4.41,100.0,0,0,0
15.98,0.2,0.0,0.0,1.8085,-0.3842,0.6224,0.1063,-0.0883,-0.0315,0.18,-4.39,4.39,100.0,0,0,0
16.0,0.2,0.0,0.0,1.8102,-0.3867,0.622,0.1026,-0.1152,-0.0334,0.34,-4.39,4.4,100.0,0,0,0
16.02,0.2,0.0,0.0,1.8116,-0.3897,0.6213,0.0942,-0.1359,-0.0611,0.61,-4.4,4.44,100.0,0,0,0
16.04,0.2,0.0,0.0,1.8131,-0.3928,0.6202,0.108,-0.1446,-0.0003,0.97,-4.44,4.54,100.0,0,0,0
16.06,0.2,0.0,0.0,1.8149,-0.396,0.6205,0.1242,-0.1339,0.0198,1.15,-4.53,4.68,100.0,0,0,0
16.08,0.2,0.0,0.0,1.8167,-0.3986,0.6217,0.1168,-0.0918,-0.0437,1.23,-4.58,4.74,100.0,0,0,0
16.1,0.2,0.0,0.0,1.8186,-0.4004,0.6228,0.1109,-0.0516,-0.0515,1.28,-4.57,4.75,100.0,0,0,0
16.12,0.2,0.0,0.0,1.8206,-0.4013,0.6235,0.1113,-0.0118,-0.0394,1.29,-4.55,4.72,100.0,0,0,0
16.14,0.2,0.0,0.0,1.8228,-0.4016,0.6239,0.1145,0.0249,-0.0268,1.25,-4.53,4.7,100.0,0,0,0
16.16,0.2,0.0,0.0,1.8253,-0.4012,0.624,0.1198,0.0585,-0.0123,1.15,-4.53,4.67,100.0,0,0,0
16.18,0.2,0.0,0.0,1.8281,-0.4002,0.6236,0.1226,0.0876,0.0143,0.97,-4.53,4.63,100.0,0,0,0
16.2,0.2,0.0,0.0,1.831,-0.3987,0.6226,0.1245,0.1093,0.0767,0.68,-4.53,4.59,100.0,0,0,0
16.22,0.2,0.0,0.0,1.8342,-0.397,0.6215,0.1438,0.1193,-0.0482,0.38,-4.56,4.58,100.0,0,0,0
16.24,0.2,0.0,0.0,1.8376,-0.3955,0.621,0.1479,0.1077,-0.0625,0.23,-4.58,4.59,100.0,0,0,0
16.26,0.2,0.0,0.0,1.8406,-0.3944,0.6215,0.1358,0.0687,0.0205,0.16,-4.57,4.57,100.0,0,0,0
16.28,0.2,0.0,0.0,1.8432,-0.3942,0.622,0.1228,0.0233,0.0218,0.1,-4.52,4.52,100.0,0,0,0
16.3,0.2,0.0,0.0,1.8455,-0.3947,0.6224,0.115,-0.0152,0.0029,0.07,-4.46,4.46,100.0,0,0,0
16.32,0.2,0.0,0.0,1.8475,-0.3959,0.6225,0.1102,-0.0507,-0.0178,0.09,-4.42,4.42,100.0,0,0,0
16.34,0.2,0.0,0.0,1.8493,-0.3977,0.6225,0.106,-0.0827,-0.0297,0.16,-4.4,4.4,100.0,0,0,0
16.36,0.2,0.0,0.0,1.851,-0.4001,0.6222,0.103,-0.1104,-0.0314,0.31,-4.4,4.41,100.0,0,0,0
16.38,0.2,0.0,0.0,1.8524,-0.403,0.6215,0.0958,-0.1326,-0.0546,0.55,-4.41,4.45,100.0,0,0,0
16.4,0.2,0.0,0.0,1.8538,-0.4061,0.6204,0.1032,-0.1436,-0.0344,0.92,-4.44,4.54,100.0,0,0,0
16.42,0.2,0.0,0.0,1.8556,-0.4093,0.6203,0.1292,-0.1354,0.0975,1.15,-4.56,4.7,100.0,0,0,0
16.44,0.2,0.0,0.0,1.8575,-0.412,0.6214,0.1207,-0.1012,-0.0309,1.23,-4.64,4.8,100.0,0,0,0
16.46,0.2,0.0,0.0,1.8594,-0.414,0.6226,0.1134,-0.0591,-0.052,1.28,-4.64,4.81,100.0,0,0,0
16.48,0.2,0.0,0.0,1.8614,-0.4151,0.6235,0.1116,-0.0188,-0.0429,1.28,-4.61,4.79,100.0,0,0,0
16.5,0.2,0.0,0.0,1.8636,-0.4155,0.624,0.1146,0.0185,-0.0297,1.25,-4.59,4.76,100.0,0,0,0
16.52,0.2,0.0,0.0,1.866,-0.4152,0.6241,0.1196,0.0525,-0.015,1.16,-4.58,4.72,100.0,0,0,0
16.54,0.2,0.0,0.0,1.8687,-0.4143,0.6238,0.1227,0.0821,0.0075,1.0,-4.58,4.69,100.0,0,0,0
16.56,0.2,0.0,0.0,1.8716,-0.413,0.6229,0.1252,0.1054,0.0663,0.72,-4.59,4.64,100.0,0,0,0
16.58,0.2,0.0,0.0,1.8749,-0.4114,0.6218,0.1413,0.1177,-0.0184,0.42,-4.6,4.62,100.0,0,0,0
16.6,0.2,0.0,0.0,1.8782,-0.4098,0.6212,0.1443,0.1095,-0.0407,0.26,-4.61,4.61,100.0,0,0,0
16.62,0.2,0.0,0.0,1.8812,-0.4087,0.6216,0.1344,0.0726,0.0257,0.18,-4.58,4.59,100.0,0,0,0
16.64,0.2,0.0,0.0,1.8838,-0.4084,0.6221,0.1228,0.0264,0.0195,0.12,-4.53,4.53,100.0,0,0,0
16.66,0.2,0.0,0.0,1.8861,-0.4089,0.6223,0.1148,-0.0129,0.0023,0.08,-4.47,4.47,100.0,0,0,0
16.68,0.2,0.0,0.0,1.8881,-0.41,0.6225,0.1103,-0.0479,-0.0187,0.09,-4.43,4.43,100.0,0,0,0
16.7,0.2,0.0,0.0,1.8899,-0.4118,0.6224,0.1059,-0.0801,-0.0299,0.17,-4.41,4.41,100.0,0,0,0
16.72,0.2,0.0,0.0,1.8916,-0.4142,0.6221,0.1028,-0.108,-0.0311,0.31,-4.41,4.42,100.0,0,0,0
16.74,0.2,0.0,0.0,1.8931,-0.417,0.6215,0.0961,-0.1308,-0.0531,0.55,-4.42,4.45,100.0,0,0,0
16.76,0.2,0.0,0.0,1.8944,-0.4201,0.6204,0.1027,-0.1427,-0.0369,0.91,-4.45,4.54,100.0,0,0,0
16.78,0.2,0.0,0.0,1.8961,-0.4233,0.6206,0.1229,-0.1361,0.0414,1.11,-4.55,4.69,100.0,0,0,0
16.8,0.2,0.0,0.0,1.8979,-0.426,0.6217,0.117,-0.097,-0.0299,1.19,-4.61,4.77,100.0,0,0,0
16.82,0.2,0.0,0.0,1.8997,-0.4279,0.6227,0.1116,-0.0565,-0.045,1.24,-4.62,4.78,100.0,0,0,0
16.84,0.2,0.0,0.0,1.9017,-0.429,0.6235,0.1117,-0.0169,-0.0369,1.25,-4.6,4.77,100.0,0,0,0
16.86,0.2,0.0,0.0,1.9039,-0.4293,0.6239,0.1149,0.0202,-0.0258,1.21,-4.59,4.74,100.0,0,0,0
16.88,0.2,0.0,0.0,1.9064,-0.429,0.624,0.1203,0.0543,-0.0126,1.12,-4.58,4.72,100.0,0,0,0
16.9,0.2,0.0,0.0,1.9092,-0.4281,0.6236,0.1233,0.0841,0.0112,0.94,-4.59,4.68,100.0,0,0,0
16.92,0.2,0.0,0.0,1.9121,-0.4268,0.6227,0.1257,0.107,0.0712,0.66,-4.59,4.64,100.0,0,0,0
16.94,0.2,0.0,0.0,1.9154,-0.4251,0.6216,0.1436,0.1186,-0.0338,0.36,-4.61,4.62,100.0,0,0,0
16.96,0.2,0.0,0.0,1.9187,-0.4236,0.6211,0.1467,0.1089,-0.049,0.2,-4.62,4.62,100.0,0,0,0
16.98,0.2,0.0,0.0,1.9218,-0.4225,0.6215,0.1359,0.071,0.0249,0.14,-4.59,4.6,100.0,0,0,0
17.0,0.2,0.0,0.0,1.9244,-0.4223,0.6221,0.1234,0.0246,0.0216,0.08,-4.54,4.54,100.0,0,0,0
17.02,0.2,0.0,0.0,1.9267,-0.4228,0.6224,0.1152,-0.0141,0.0049,0.05,-4.48,4.48,100.0,0,0,0
17.04,0.2,0.0,0.0,1.9287,-0.424,0.6225,0.1106,-0.0495,-0.0175,0.08,-4.43,4.43,100.0,0,0,0
17.06,0.2,0.0,0.0,1.9305,-0.4258,0.6224,0.1063,-0.0818,-0.0295,0.15,-4.4,4.41,100.0,0,0,0
17.08,0.2,0.0,0.0,1.9322,-0.4282,0.6221,0.1033,-0.1096,-0.0315,0.29,-4.4,4.41,100.0,0,0,0
17.1,0.2,0.0,0.0,1.9336,-0.4311,0.6215,0.0963,-0.132,-0.0544,0.54,-4.41,4.45,100.0,0,0,0
17.12,0.2,0.0,0.0,1.935,-0.4342,0.6203,0.104,-0.1432,-0.0309,0.91,-4.45,4.54,100.0,0,0,0
17.14,0.2,0.0,0.0,1.9367,-0.4374,0.6206,0.1246,-0.1363,0.0453,1.1,-4.56,4.69,100.0,0,0,0
17.16,0.2,0.0,0.0,1.9385,-0.4401,0.6217,0.1181,-0.0967,-0.0297,1.19,-4.62,4.77,100.0,0,0,0
17.18,0.2,0.0,0.0,1.9403,-0.442,0.6228,0.1124,-0.0565,-0.0453,1.24,-4.63,4.79,100.0,0,0,0
17.2,0.2,0.0,0.0,1.9423,-0.4431,0.6236,0.1125,-0.0169,-0.0373,1.25,-4.61,4.77,100.0,0,0,0
17.22,0.2,0.0,0.0,1.9446,-0.4435,0.624,0.1158,0.0201,-0.0264,1.22,-4.59,4.75,100.0,0,0,0
17.24,0.2,0.0,0.0,1.9471,-0.4432,0.6241,0.1211,0.0541,-0.0131,1.12,-4.59,4.72,100.0,0,0,0
17.26,0.2,0.0,0.0,1.9498,-0.4424,0.6237,0.1241,0.0838,0.0099,0.96,-4.59,4.69,100.0,0,0,0
17.28,0.2,0.0,0.0,1.9528,-0.441,0.6229,0.1266,0.1068,0.0693,0.67,-4.6,4.65,100.0,0,0,0
17.3,0.2,0.0,0.0,1.9561,-0.4394,0.6217,0.1437,0.1185,-0.0265,0.37,-4.61,4.63,100.0,0,0,0
17.32,0.2,0.0,0.0,1.9594,-0.4379,0.6212,0.1468,0.1094,-0.0456,0.21,-4.62,4.62,100.0,0,0,0
17.34,0.2,0.0,0.0,1.9625,-0.4368,0.6216,0.1364,0.0717,0.0253,0.14,-4.59,4.6,100.0,0,0,0
17.36,0.2,0.0,0.0,1.9652,-0.4366,0.6221,0.1242,0.025,0.0206,0.08,-4.54,4.54,100.0,0,0,0
17.38,0.2,0.0,0.0,1.9674,-0.4371,0.6224,0.1161,-0.0136,0.0039,0.05,-4.48,4.48,100.0,0,0,0
17.4,0.2,0.0,0.0,1.9695,-0.4383,0.6225,0.1115,-0.0489,-0.0172,0.07,-4.43,4.43,100.0,0,0,0
17.42,0.2,0.0,0.0,1.9713,-0.4401,0.6224,0.1071,-0.0811,-0.0291,0.14,-4.4,4.41,100.0,0,0,0
17.44,0.2,0.0,0.0,1.973,-0.4425,0.6221,0.1041,-0.109,-0.0307,0.28,-4.4,4.41,100.0,0,0,0
17.46,0.2,0.0,0.0,1.9744,-0.4454,0.6215,0.0974,-0.1318,-0.0528,0.52,-4.41,4.44,100.0,0,0,0
17.48,0.2,0.0,0.0,1.9757,-0.4485,0.6204,0.1034,-0.1437,-0.0403,0.89,-4.44,4.53,100.0,0,0,0
17.5,0.2,0.0,0.0,1.9775,-0.4518,0.6203,0.1288,-0.1362,0.0857,1.13,-4.56,4.69,100.0,0,0,0
17.52,0.2,0.0,0.0,1.9793,-0.4546,0.6214,0.1203,-0.1025,-0.0345,1.22,-4.63,4.79,100.0,0,0,0
17.54,0.2,0.0,0.0,1.9811,-0.4565,0.6226,0.1127,-0.06,-0.0537,1.26,-4.63,4.8,100.0,0,0,0
17.56,0.2,0.0,0.0,1.9831,-0.4577,0.6235,0.1106,-0.0198,-0.0436,1.27,-4.61,4.78,100.0,0,0,0
17.58,0.2,0.0,0.0,1.9853,-0.4582,0.624,0.1133,0.0177,-0.0301,1.25,-4.59,4.75,100.0,0,0,0
17.6,0.2,0.0,0.0,1.9877,-0.4579,0.6241,0.1183,0.0518,-0.0158,1.16,-4.58,4.73,100.0,0,0,0
17.62,0.2,0.0,0.0,1.9904,-0.4571,0.6238,0.1214,0.0816,0.0048,1.01,-4.58,4.69,100.0,0,0,0
17.64,0.2,0.0,0.0,1.9933,-0.4558,0.623,0.124,0.1053,0.0619,0.74,-4.59,4.65,100.0,0,0,0
17.66,0.2,0.0,0.0,1.9965,-0.4542,0.6218,0.1415,0.118,-0.0185,0.41,-4.61,4.63,100.0,0,0,0
17.68,0.2,0.0,0.0,1.9999,-0.4527,0.621,0.1513,0.1116,-0.1169,0.21,-4.65,4.66,100.0,0,0,0
17.7,0.2,0.0,0.0,2.0031,-0.4515,0.6214,0.1403,0.081,0.0059,0.15,-4.66,4.66,100.0,0,0,0
17.72,0.2,0.0,0.0,2.0059,-0.4511,0.622,0.127,0.0339,0.0204,0.1,-4.61,4.61,100.0,0,0,0
17.74,0.2,0.0,0.0,2.0082,-0.4515,0.6224,0.1177,-0.0064,0.008,0.07,-4.55,4.55,100.0,0,0,0
17.76,0.2,0.0,0.0,2.0103,-0.4526,0.6226,0.1125,-0.042,-0.0128,0.09,-4.5,4.5,100.0,0,0,0
17.78,0.2,0.0,0.0,2.0122,-0.4543,0.6226,0.1079,-0.0753,-0.0257,0.15,-4.47,4.48,100.0,0,0,0
17.8,0.2,0.0,0.0,2.0138,-0.4566,0.6223,0.1048,-0.1037,-0.029,0.28,-4.47,4.48,100.0,0,0,0
17.82,0.2,0.0,0.0,2.0153,-0.4594,0.6217,0.0984,-0.1274,-0.0486,0.51,-4.48,4.51,100.0,0,0,0
17.84,0.2,0.0,0.0,2.0166,-0.4625,0.6206,0.1016,-0.1411,-0.0529,0.87,-4.5,4.58,100.0,0,0,0
17.86,0.2,0.0,0.0,2.0183,-0.4657,0.6205,0.1248,-0.1359,0.063,1.11,-4.59,4.73,100.0,0,0,0
17.88,0.2,0.0,0.0,2.0201,-0.4685,0.6215,0.1183,-0.1036,-0.0359,1.21,-4.66,4.81,100.0,0,0,0
17.9,0.2,0.0,0.0,2.0218,-0.4705,0.6225,0.1111,-0.0606,-0.0522,1.25,-4.66,4.82,100.0,0,0,0
17.92,0.2,0.0,0.0,2.0238,-0.4717,0.6234,0.1094,-0.0204,-0.0422,1.27,-4.63,4.8,100.0,0,0,0
17.94,0.2,0.0,0.0,2.0259,-0.4721,0.6238,0.1119,0.0174,-0.0291,1.24,-4.6,4.77,100.0,0,0,0
17.96,0.2,0.0,0.0,2.0283,-0.4719,0.624,0.1169,0.0518,-0.015,1.15,-4.59,4.74,100.0,0,0,0
17.98,0.2,0.0,0.0,2.031,-0.4711,0.6237,0.12,0.0819,0.007,0.99,-4.59,4.7,100.0,0,0,0
18.0,0.2,0.0,0.0,2.0339,-0.4698,0.6228,0.1225,0.106,0.0638,0.73,-4.6,4.66,100.0,0,0,0
18.02,0.2,0.0,0.0,2.0371,-0.4682,0.6217,0.1377,0.1192,-0.0189,0.44,-4.61,4.63,100.0,0,0,0
18.04,0.2,0.0,0.0,2.0404,-0.4666,0.6212,0.1407,0.1121,-0.033,0.27,-4.61,4.62,100.0,0,0,0
18.06,0.2,0.0,0.0,2.0434,-0.4655,0.6216,0.1313,0.0755,0.0284,0.2,-4.58,4.59,100.0,0,0,0
18.08,0.2,0.0,0.0,2.0459,-0.4652,0.622,0.1205,0.0291,0.0202,0.13,-4.53,4.54,100.0,0,0,0
18.1,0.2,0.0,0.0,2.0481,-0.4656,0.6223,0.112,-0.0116,0.0025,0.08,-4.48,4.48,100.0,0,0,0
18.12,0.2,0.0,0.0,2.0501,-0.4668,0.6225,0.1083,-0.0461,-0.0226,0.09,-4.44,4.44,100.0,0,0,0
18.14,0.2,0.0,0.0,2.0519,-0.4686,0.6224,0.1039,-0.0784,-0.0324,0.16,-4.41,4.42,100.0,0,0,0
18.16,0.2,0.0,0.0,2.0534,-0.471,0.6222,0.1013,-0.1065,-0.0323,0.29,-4.42,4.43,100.0,0,0,0
18.18,0.2,0.0,0.0,2.0548,-0.4738,0.6216,0.0951,-0.1302,-0.05,0.51,-4.43,4.46,100.0,0,0,0
18.2,0.2,0.0,0.0,2.056,-0.4769,0.6205,0.0939,-0.1428,-0.069,0.88,-4.45,4.54,100.0,0,0,0
18.22,0.2,0.0,0.0,2.0576,-0.4802,0.6203,0.1261,-0.1406,0.1038,1.13,-4.58,4.71,100.0,0,0,0
18.24,0.2,0.0,0.0,2.0593,-0.4831,0.6214,0.1191,-0.1076,-0.016,1.22,-4.67,4.83,100.0,0,0,0
18.26,0.2,0.0,0.0,2.0611,-0.4852,0.6225,0.1121,-0.0654,-0.0457,1.27,-4.69,4.86,100.0,0,0,0
18.28,0.2,0.0,0.0,2.063,-0.4865,0.6235,0.1103,-0.0254,-0.0408,1.28,-4.68,4.85,100.0,0,0,0
18.3,0.2,0.0,0.0,2.0651,-0.487,0.624,0.1132,0.0123,-0.0296,1.25,-4.66,4.82,100.0,0,0,0
18.32,0.2,0.0,0.0,2.0676,-0.4869,0.6242,0.1184,0.0469,-0.0162,1.17,-4.65,4.8,100.0,0,0,0
18.34,0.2,0.0,0.0,2.0703,-0.4862,0.6239,0.1224,0.0775,0.0029,1.02,-4.66,4.77,100.0,0,0,0
18.36,0.2,0.0,0.0,2.0732,-0.485,0.6232,0.125,0.1026,0.0519,0.76,-4.66,4.72,100.0,0,0,0
18.38,0.2,0.0,0.0,2.0764,-0.4835,0.622,0.1403,0.1172,-0.0033,0.43,-4.67,4.69,100.0,0,0,0
18.4,0.2,0.0,0.0,2.0798,-0.4819,0.6212,0.1487,0.1146,-0.0869,0.24,-4.69,4.69,100.0,0,0,0
18.42,0.2,0.0,0.0,2.083,-0.4808,0.6215,0.1394,0.0843,0.0141,0.17,-4.68,4.68,100.0,0,0,0
18.44,0.2,0.0,0.0,2.0858,-0.4803,0.622,0.1276,0.0374,0.0214,0.12,-4.63,4.63,100.0,0,0,0
18.46,0.2,0.0,0.0,2.0881,-0.4807,0.6223,0.1184,-0.0049,0.0065,0.09,-4.57,4.57,100.0,0,0,0
18.48,0.2,0.0,0.0,2.0902,-0.4817,0.6225,0.1131,-0.0399,-0.0136,0.1,-4.52,4.52,100.0,0,0,0
18.5,0.2,0.0,0.0,2.0921,-0.4835,0.6225,0.1082,-0.0735,-0.0258,0.17,-4.48,4.49,100.0,0,0,0
18.52,0.2,0.0,0.0,2.0937,-0.4858,0.6222,0.1051,-0.1023,-0.0286,0.3,-4.48,4.49,100.0,0,0,0
18.54,0.2,0.0,0.0,2.0952,-0.4885,0.6216,0.0986,-0.1264,-0.0475,0.53,-4.48,4.52,100.0,0,0,0
18.56,0.2,0.0,0.0,2.0964,-0.4916,0.6205,0.0972,-0.1396,-0.0654,0.89,-4.5,4.59,100.0,0,0,0
18.58,0.2,0.0,0.0,2.0981,-0.4948,0.6203,0.1294,-0.1386,0.0993,1.14,-4.62,4.75,100.0,0,0,0
18.6,0.2,0.0,0.0,2.0999,-0.4977,0.6214,0.1213,-0.1058,-0.0193,1.22,-4.7,4.86,100.0,0,0,0
18.62,0.2,0.0,0.0,2.1017,-0.4998,0.6226,0.114,-0.0632,-0.0469,1.27,-4.71,4.88,100.0,0,0,0
18.64,0.2,0.0,0.0,2.1036,-0.5011,0.6235,0.1117,-0.0231,-0.0409,1.28,-4.69,4.86,100.0,0,0,0
18.66,0.2,0.0,0.0,2.1058,-0.5016,0.624,0.1143,0.0145,-0.0291,1.25,-4.66,4.83,100.0,0,0,0
18.68,0.2,0.0,0.0,2.1083,-0.5015,0.6242,0.1193,0.0487,-0.0154,1.17,-4.65,4.8,100.0,0,0,0
18.7,0.2,0.0,0.0,2.111,-0.5008,0.6239,0.1226,0.0789,0.0047,1.01,-4.65,4.76,100.0,0,0,0
18.72,0.2,0.0,0.0,2.1139,-0.4995,0.6231,0.1252,0.1033,0.0592,0.75,-4.65,4.71,100.0,0,0,0
18.74,0.2,0.0,0.0,2.1171,-0.498,0.6219,0.1418,0.117,-0.0127,0.43,-4.67,4.69,100.0,0,0,0
18.76,0.2,0.0,0.0,2.1206,-0.4966,0.6211,0.1508,0.1124,-0.1034,0.24,-4.69,4.7,100.0,0,0,0
18.78,0.2,0.0,0.0,2.1238,-0.4954,0.6215,0.1405,0.0822,0.0115,0.17,-4.68,4.69,100.0,0,0,0
18.8,0.2,0.0,0.0,2.1266,-0.495,0.622,0.1276,0.0349,0.0216,0.12,-4.64,4.64,100.0,0,0,0
18.82,0.2,0.0,0.0,2.1289,-0.4955,0.6224,0.118,-0.0064,0.0074,0.08,-4.57,4.57,100.0,0,0,0
18.84,0.2,0.0,0.0,2.131,-0.4966,0.6226,0.1128,-0.0415,-0.0124,0.1,-4.52,4.52,100.0,0,0,0
18.86,0.2,0.0,0.0,2.1328,-0.4983,0.6226,0.108,-0.075,-0.0255,0.16,-4.49,4.49,100.0,0,0,0
18.88,0.2,0.0,0.0,2.1345,-0.5007,0.6223,0.105,-0.1037,-0.0288,0.29,-4.48,4.49,100.0,0,0,0
18.9,0.2,0.0,0.0,2.1359,-0.5035,0.6217,0.0987,-0.1277,-0.0473,0.51,-4.49,4.52,100.0,0,0,0
18.92,0.2,0.0,0.0,2.1371,-0.5066,0.6206,0.0968,-0.1408,-0.0661,0.87,-4.5,4.59,100.0,0,0,0
18.94,0.2,0.0,0.0,2.1388,-0.5098,0.6204,0.128,-0.1397,0.0934,1.13,-4.62,4.75,100.0,0,0,0
18.96,0.2,0.0,0.0,2.1405,-0.5128,0.6215,0.1209,-0.1074,-0.0191,1.22,-4.7,4.86,100.0,0,0,0
18.98,0.2,0.0,0.0,2.1423,-0.5149,0.6226,0.1139,-0.0649,-0.0463,1.27,-4.71,4.88,100.0,0,0,0
19.0,0.2,0.0,0.0,2.1442,-0.5162,0.6235,0.1119,-0.025,-0.0408,1.28,-4.69,4.87,100.0,0,0,0
19.02,0.2,0.0,0.0,2.1464,-0.5168,0.624,0.1145,0.0127,-0.0294,1.26,-4.67,4.84,100.0,0,0,0
19.04,0.2,0.0,0.0,2.1488,-0.5167,0.6242,0.1196,0.0473,-0.016,1.18,-4.66,4.81,100.0,0,0,0
19.06,0.2,0.0,0.0,2.1515,-0.516,0.6239,0.1232,0.0778,0.0032,1.03,-4.66,4.77,100.0,0,0,0
19.08,0.2,0.0,0.0,2.1545,-0.5148,0.6231,0.1257,0.1029,0.0531,0.77,-4.66,4.73,100.0,0,0,0
19.1,0.2,0.0,0.0,2.1577,-0.5133,0.622,0.1409,0.1175,-0.0063,0.45,-4.67,4.69,100.0,0,0,0
19.12,0.2,0.0,0.0,2.1612,-0.5118,0.6212,0.1494,0.1145,-0.0898,0.26,-4.68,4.69,100.0,0,0,0
19.14,0.2,0.0,0.0,2.1644,-0.5107,0.6215,0.1398,0.0843,0.0158,0.19,-4.67,4.68,100.0,0,0,0
19.16,0.2,0.0,0.0,2.1672,-0.5102,0.622,0.1278,0.0374,0.0219,0.13,-4.63,4.63,100.0,0,0,0
19.18,0.2,0.0,0.0,2.1695,-0.5106,0.6224,0.1185,-0.0046,0.0066,0.09,-4.56,4.56,100.0,0,0,0
19.2,0.2,0.0,0.0,2.1716,-0.5117,0.6226,0.1134,-0.0396,-0.0135,0.1,-4.51,4.51,100.0,0,0,0
19.22,0.2,0.0,0.0,2.1734,-0.5134,0.6225,0.1086,-0.0732,-0.0259,0.16,-4.48,4.48,100.0,0,0,0
19.24,0.2,0.0,0.0,2.1751,-0.5158,0.6223,0.1056,-0.1022,-0.0285,0.29,-4.48,4.49,100.0,0,0,0
19.26,0.2,0.0,0.0,2.1765,-0.5186,0.6217,0.0994,-0.1269,-0.0449,0.5,-4.49,4.51,100.0,0,0,0
19.28,0.2,0.0,0.0,2.1778,-0.5216,0.6207,0.0964,-0.1408,-0.0629,0.85,-4.5,4.58,100.0,0,0,0
19.3,0.2,0.0,0.0,2.1793,-0.5249,0.6204,0.1256,-0.1406,0.0791,1.11,-4.6,4.73,100.0,0,0,0
19.32,0.2,0.0,0.0,2.181,-0.5279,0.6214,0.1196,-0.1094,-0.0215,1.21,-4.68,4.83,100.0,0,0,0
19.34,0.2,0.0,0.0,2.1828,-0.5301,0.6225,0.1127,-0.0668,-0.0467,1.26,-4.69,4.86,100.0,0,0,0
19.36,0.2,0.0,0.0,2.1847,-0.5314,0.6234,0.1108,-0.0269,-0.0411,1.28,-4.68,4.85,100.0,0,0,0
19.38,0.2,0.0,0.0,2.1868,-0.532,0.6239,0.1132,0.011,-0.0297,1.25,-4.65,4.82,100.0,0,0,0
19.4,0.2,0.0,0.0,2.1892,-0.532,0.6241,0.1181,0.0459,-0.0165,1.18,-4.64,4.79,100.0,0,0,0
19.42,0.2,0.0,0.0,2.1919,-0.5313,0.6239,0.1221,0.0769,0.0019,1.03,-4.64,4.76,100.0,0,0,0
19.44,0.2,0.0,0.0,2.1948,-0.5301,0.6231,0.1245,0.1026,0.0481,0.79,-4.65,4.71,100.0,0,0,0
19.46,0.2,0.0,0.0,2.198,-0.5286,0.622,0.1385,0.1182,0.0002,0.47,-4.65,4.67,100.0,0,0,0
19.48,0.2,0.0,0.0,2.2014,-0.5271,0.6212,0.1462,0.1163,-0.0751,0.27,-4.66,4.66,100.0,0,0,0
19.5,0.2,0.0,0.0,2.2046,-0.5259,0.6214,0.1378,0.0869,0.0196,0.2,-4.64,4.65,100.0,0,0,0
19.52,0.2,0.0,0.0,2.2074,-0.5255,0.622,0.1263,0.04,0.0226,0.14,-4.6,4.6,100.0,0,0,0
19.54,0.2,0.0,0.0,2.2097,-0.5258,0.6223,0.117,-0.0032,0.0063,0.1,-4.54,4.54,100.0,0,0,0
19.56,0.2,0.0,0.0,2.2118,-0.5269,0.6225,0.1125,-0.0378,-0.0159,0.1,-4.49,4.49,100.0,0,0,0
19.58,0.2,0.0,0.0,2.2136,-0.5286,0.6225,0.1078,-0.0716,-0.027,0.16,-4.46,4.46,100.0,0,0,0
19.6,0.2,0.0,0.0,2.2152,-0.5309,0.6222,0.1049,-0.1008,-0.0289,0.28,-4.46,4.47,100.0,0,0,0
19.62,0.2,0.0,0.0,2.2166,-0.5336,0.6217,0.0989,-0.1258,-0.0433,0.49,-4.47,4.5,100.0,0,0,0
19.64,0.2,0.0,0.0,2.2178,-0.5367,0.6207,0.0943,-0.1409,-0.0744,0.83,-4.48,4.56,100.0,0,0,0
19.66,0.2,0.0,0.0,2.2193,-0.54,0.6204,0.1228,-0.1414,0.0685,1.09,-4.58,4.71,100.0,0,0,0
19.68,0.2,0.0,0.0,2.221,-0.543,0.6214,0.1174,-0.1109,-0.0245,1.2,-4.66,4.81,100.0,0,0,0
19.7,0.2,0.0,0.0,2.2227,-0.5452,0.6224,0.1109,-0.0684,-0.0471,1.26,-4.67,4.84,100.0,0,0,0
19.72,0.2,0.0,0.0,2.2245,-0.5466,0.6233,0.109,-0.0285,-0.0412,1.28,-4.66,4.83,100.0,0,0,0
19.74,0.2,0.0,0.0,2.2266,-0.5472,0.6238,0.1114,0.0096,-0.0298,1.25,-4.64,4.8,100.0,0,0,0
19.76,0.2,0.0,0.0,2.229,-0.5472,0.624,0.1163,0.0447,-0.0168,1.18,-4.63,4.78,100.0,0,0,0
19.78,0.2,0.0,0.0,2.2316,-0.5466,0.6238,0.1207,0.076,0.001,1.04,-4.63,4.75,100.0,0,0,0
19.8,0.2,0.0,0.0,2.2345,-0.5454,0.6231,0.1232,0.1023,0.0446,0.8,-4.64,4.7,100.0,0,0,0
19.82,0.2,0.0,0.0,2.2377,-0.5439,0.622,0.1367,0.1188,0.0032,0.49,-4.64,4.66,100.0,0,0,0
19.84,0.2,0.0,0.0,2.2411,-0.5424,0.6212,0.1436,0.1181,-0.0655,0.29,-4.64,4.65,100.0,0,0,0
19.86,0.2,0.0,0.0,2.2442,-0.5411,0.6214,0.1359,0.0892,0.0223,0.22,-4.62,4.63,100.0,0,0,0
19.88,0.2,0.0,0.0,2.247,-0.5406,0.6219,0.125,0.0424,0.0234,0.16,-4.58,4.58,100.0,0,0,0
19.9,0.2,0.0,0.0,2.2493,-0.541,0.6223,0.1154,-0.0017,0.0084,0.11,-4.52,4.52,100.0,0,0,0
19.92,0.2,0.0,0.0,2.2513,-0.542,0.6224,0.111,-0.0367,-0.0199,0.1,-4.47,4.47,100.0,0,0,0
19.94,0.2,0.0,0.0,2.2531,-0.5437,0.6224,0.1062,-0.0703,-0.029,0.16,-4.44,4.44,100.0,0,0,0
19.96,0.2,0.0,0.0,2.2547,-0.5459,0.6222,0.1034,-0.0997,-0.0303,0.27,-4.43,4.44,100.0,0,0,0
19.98,0.2,0.0,0.0,2.2561,-0.5487,0.6217,0.0978,-0.1252,-0.0417,0.47,-4.45,4.47,100.0,0,0,0
20.0,0.2,0.0,0.0,2.2572,-0.5518,0.6207,0.0863,-0.141,-0.0933,0.8,-4.45,4.53,100.0,0,0,0
20.02,0.2,0.0,0.0,2.2587,-0.5551,0.6201,0.1227,-0.1442,0.1118,1.11,-4.55,4.69,100.0,0,0,0
20.04,0.2,0.0,0.0,2.2603,-0.5582,0.621,0.1201,-0.1193,-0.0067,1.22,-4.66,4.81,100.0,0,0,0
20.06,0.2,0.0,0.0,2.262,-0.5606,0.6223,0.1125,-0.076,-0.0472,1.27,-4.69,4.85,100.0,0,0,0
20.08,0.2,0.0,0.0,2.2638,-0.5621,0.6232,0.1089,-0.0358,-0.0447,1.29,-4.67,4.85,100.0,0,0,0
20.1,0.2,0.0,0.0,2.2658,-0.5629,0.6239,0.111,0.0028,-0.0329,1.28,-4.65,4.82,100.0,0,0,0
20.12,0.2,0.0,0.0,2.2681,-0.563,0.6242,0.1154,0.0382,-0.0196,1.21,-4.64,4.8,100.0,0,0,0
20.14,0.2,0.0,0.0,2.2707,-0.5625,0.624,0.1206,0.0699,-0.0035,1.08,-4.64,4.77,100.0,0,0,0
20.16,0.2,0.0,0.0,2.2736,-0.5615,0.6234,0.1234,0.0969,0.0333,0.86,-4.65,4.73,100.0,0,0,0
20.18,0.2,0.0,0.0,2.2767,-0.5601,0.6223,0.1358,0.1143,0.0231,0.53,-4.65,4.68,100.0,0,0,0
20.2,0.2,0.0,0.0,2.2801,-0.5586,0.6213,0.1452,0.1189,-0.0845,0.3,-4.67,4.68,100.0,0,0,0
20.22,0.2,0.0,0.0,2.2834,-0.5573,0.6213,0.1411,0.0973,0.0052,0.22,-4.66,4.67,100.0,0,0,0
20.24,0.2,0.0,0.0,2.2863,-0.5567,0.6219,0.1304,0.0511,0.0222,0.17,-4.63,4.63,100.0,0,0,0
20.26,0.2,0.0,0.0,2.2888,-0.5569,0.6223,0.1203,0.006,0.0111,0.12,-4.57,4.57,100.0,0,0,0
20.28,0.2,0.0,0.0,2.2909,-0.5578,0.6225,0.114,-0.0309,-0.0167,0.11,-4.51,4.51,100.0,0,0,0
20.3,0.2,0.0,0.0,2.2928,-0.5594,0.6225,0.109,-0.0647,-0.0264,0.15,-4.47,4.47,100.0,0,0,0
20.32,0.2,0.0,0.0,2.2944,-0.5616,0.6223,0.1055,-0.0951,-0.0299,0.25,-4.45,4.46,100.0,0,0,0
20.34,0.2,0.0,0.0,2.2959,-0.5643,0.6219,0.1005,-0.121,-0.0378,0.43,-4.46,4.48,100.0,0,0,0
20.36,0.2,0.0,0.0,2.2971,-0.5674,0.621,0.0908,-0.1393,-0.0738,0.73,-4.46,4.52,100.0,0,0,0
20.38,0.2,0.0,0.0,2.2983,-0.5706,0.62,0.116,-0.1454,0.0748,1.1,-4.53,4.66,100.0,0,0,0
20.4,0.2,0.0,0.0,2.3,-0.5739,0.6207,0.1261,-0.1295,0.0288,1.23,-4.65,4.81,100.0,0,0,0
20.42,0.2,0.0,0.0,2.3017,-0.5765,0.622,0.1158,-0.0858,-0.0411,1.29,-4.7,4.87,100.0,0,0,0
20.44,0.2,0.0,0.0,2.3034,-0.5783,0.6231,0.111,-0.0458,-0.0472,1.32,-4.69,4.87,100.0,0,0,0
20.46,0.2,0.0,0.0,2.3054,-0.5793,0.6239,0.1119,-0.0065,-0.0359,1.31,-4.67,4.85,100.0,0,0,0
20.48,0.2,0.0,0.0,2.3077,-0.5796,0.6242,0.1159,0.0293,-0.0231,1.26,-4.65,4.82,100.0,0,0,0
20.5,0.2,0.0,0.0,2.3103,-0.5792,0.6242,0.1215,0.0619,-0.0079,1.15,-4.65,4.79,100.0,0,0,0
20.52,0.2,0.0,0.0,2.3131,-0.5783,0.6237,0.1245,0.09,0.022,0.95,-4.65,4.75,100.0,0,0,0
20.54,0.2,0.0,0.0,2.3162,-0.5771,0.6226,0.1328,0.1092,0.0468,0.63,-4.65,4.69,100.0,0,0,0
20.56,0.2,0.0,0.0,2.3196,-0.5756,0.6215,0.146,0.1179,-0.0594,0.37,-4.67,4.68,100.0,0,0,0
20.58,0.2,0.0,0.0,2.323,-0.5743,0.6214,0.1452,0.1039,-0.0166,0.26,-4.66,4.67,100.0,0,0,0
20.6,0.2,0.0,0.0,2.3261,-0.5735,0.6218,0.136,0.0594,0.0204,0.2,-4.63,4.63,100.0,0,0,0
20.62,0.2,0.0,0.0,2.3287,-0.5736,0.6222,0.1252,0.0143,0.0126,0.14,-4.57,4.58,100.0,0,0,0
20.64,0.2,0.0,0.0,2.3309,-0.5745,0.6225,0.1188,-0.024,-0.0122,0.12,-4.52,4.52,100.0,0,0,0
20.66,0.2,0.0,0.0,2.3329,-0.576,0.6226,0.1137,-0.058,-0.0236,0.15,-4.47,4.47,100.0,0,0,0
20.68,0.2,0.0,0.0,2.3346,-0.5781,0.6225,0.1093,-0.0892,-0.0315,0.23,-4.45,4.45,100.0,0,0,0
20.7,0.2,0.0,0.0,2.3362,-0.5807,0.6221,0.1056,-0.116,-0.0318,0.39,-4.45,4.47,100.0,0,0,0
20.72,0.2,0.0,0.0,2.3375,-0.5837,0.6214,0.0974,-0.1368,-0.0571,0.66,-4.46,4.51,100.0,0,0,0
20.74,0.2,0.0,0.0,2.3387,-0.587,0.6202,0.1086,-0.1457,-0.0179,1.05,-4.5,4.62,100.0,0,0,0
20.76,0.2,0.0,0.0,2.3404,-0.5904,0.6206,0.1321,-0.1383,0.062,1.22,-4.63,4.79,100.0,0,0,0
20.78,0.2,0.0,0.0,2.3421,-0.5932,0.6219,0.1216,-0.0958,-0.0309,1.29,-4.7,4.88,100.0,0,0,0
20.8,0.2,0.0,0.0,2.3439,-0.5952,0.623,0.1155,-0.0561,-0.0478,1.33,-4.7,4.89,100.0,0,0,0
20.82,0.2,0.0,0.0,2.3459,-0.5964,0.6238,0.1152,-0.0165,-0.0387,1.34,-4.68,4.87,100.0,0,0,0
20.84,0.2,0.0,0.0,2.3482,-0.5969,0.6243,0.1187,0.02,-0.0272,1.31,-4.66,4.84,100.0,0,0,0
20.86,0.2,0.0,0.0,2.3508,-0.5968,0.6244,0.1241,0.0536,-0.0135,1.21,-4.65,4.81,100.0,0,0,0
20.88,0.2,0.0,0.0,2.3536,-0.5961,0.624,0.1271,0.0831,0.0099,1.05,-4.65,4.76,100.0,0,0,0
20.9,0.2,0.0,0.0,2.3567,-0.5949,0.6231,0.1296,0.1063,0.0679,0.77,-4.64,4.7,100.0,0,0,0
20.92,0.2,0.0,0.0,2.3601,-0.5935,0.6219,0.1458,0.1188,-0.0206,0.46,-4.64,4.67,100.0,0,0,0
20.94,0.2,0.0,0.0,2.3636,-0.5921,0.6213,0.1492,0.11,-0.0452,0.3,-4.64,4.65,100.0,0,0,0
20.96,0.2,0.0,0.0,2.3668,-0.5912,0.6217,0.1402,0.0735,0.0239,0.22,-4.61,4.61,100.0,0,0,0
20.98,0.2,0.0,0.0,2.3696,-0.5911,0.6221,0.129,0.0271,0.018,0.15,-4.55,4.55,100.0,0,0,0
21.0,0.2,0.0,0.0,2.3719,-0.5917,0.6224,0.121,-0.0127,0.0008,0.11,-4.49,4.49,100.0,0,0,0
21.02,0.2,0.0,0.0,2.374,-0.593,0.6225,0.1166,-0.0475,-0.0187,0.12,-4.44,4.44,100.0,0,0,0
21.04,0.2,0.0,0.0,2.3758,-0.5949,0.6224,0.112,-0.0797,-0.0289,0.19,-4.41,4.42,100.0,0,0,0
21.06,0.2,0.0,0.0,2.3774,-0.5974,0.6222,0.1089,-0.108,-0.0288,0.32,-4.41,4.42,100.0,0,0,0
21.08,0.2,0.0,0.0,2.3788,-0.6004,0.6216,0.1023,-0.1318,-0.0463,0.54,-4.42,4.45,100.0,0,0,0
21.1,0.2,0.0,0.0,2.38,-0.6036,0.6204,0.1002,-0.1443,-0.0655,0.9,-4.44,4.53,100.0,0,0,0
21.12,0.2,0.0,0.0,2.3816,-0.607,0.6203,0.1323,-0.1424,0.0996,1.16,-4.56,4.7,100.0,0,0,0
21.14,0.2,0.0,0.0,2.3833,-0.61,0.6213,0.1243,-0.1099,-0.0193,1.25,-4.65,4.82,100.0,0,0,0
21.16,0.2,0.0,0.0,2.3851,-0.6123,0.6225,0.1165,-0.0673,-0.048,1.3,-4.67,4.85,100.0,0,0,0
21.18,0.2,0.0,0.0,2.387,-0.6137,0.6235,0.1141,-0.0273,-0.0428,1.32,-4.65,4.84,100.0,0,0,0
21.2,0.2,0.0,0.0,2.3892,-0.6144,0.624,0.1166,0.0105,-0.0314,1.3,-4.64,4.81,100.0,0,0,0
21.22,0.2,0.0,0.0,2.3916,-0.6144,0.6242,0.1215,0.0452,-0.0181,1.22,-4.63,4.78,100.0,0,0,0
21.24,0.2,0.0,0.0,2.3944,-0.6139,0.624,0.1252,0.0761,-0.0001,1.08,-4.63,4.75,100.0,0,0,0
21.26,0.2,0.0,0.0,2.3974,-0.6128,0.6233,0.1277,0.102,0.0439,0.83,-4.63,4.7,100.0,0,0,0
21.28,0.2,0.0,0.0,2.4007,-0.6114,0.6221,0.1407,0.118,0.0063,0.51,-4.62,4.65,100.0,0,0,0
21.3,0.2,0.0,0.0,2.4042,-0.61,0.6212,0.1478,0.117,-0.0674,0.31,-4.62,4.63,100.0,0,0,0
21.32,0.2,0.0,0.0,2.4075,-0.6089,0.6214,0.1403,0.0883,0.0204,0.23,-4.6,4.61,100.0,0,0,0
21.34,0.2,0.0,0.0,2.4103,-0.6084,0.6219,0.1295,0.0417,0.0227,0.17,-4.55,4.56,100.0,0,0,0
21.36,0.2,0.0,0.0,2.4127,-0.6088,0.6222,0.1201,-0.0018,0.0061,0.12,-4.49,4.49,100.0,0,0,0
21.38,0.2,0.0,0.0,2.4148,-0.6099,0.6224,0.115,-0.0364,-0.0172,0.12,-4.44,4.44,100.0,0,0,0
21.4,0.2,0.0,0.0,2.4166,-0.6117,0.6224,0.1102,-0.0704,-0.0272,0.17,-4.4,4.41,100.0,0,0,0
21.42,0.2,0.0,0.0,2.4183,-0.614,0.6222,0.1071,-0.0999,-0.0287,0.29,-4.39,4.4,100.0,0,0,0
21.44,0.2,0.0,0.0,2.4197,-0.6168,0.6217,0.1012,-0.1254,-0.0398,0.48,-4.4,4.43,100.0,0,0,0
21.46,0.2,0.0,0.0,2.4208,-0.6199,0.6207,0.0894,-0.1412,-0.0907,0.81,-4.41,4.49,100.0,0,0,0
21.48,0.2,0.0,0.0,2.4222,-0.6233,0.62,0.1258,-0.1445,0.1122,1.12,-4.51,4.65,100.0,0,0,0
21.5,0.2,0.0,0.0,2.4238,-0.6265,0.621,0.1227,-0.1199,-0.0095,1.23,-4.61,4.78,100.0,0,0,0
21.52,0.2,0.0,0.0,2.4255,-0.6289,0.6222,0.1145,-0.0765,-0.0489,1.29,-4.64,4.82,100.0,0,0,0
21.54,0.2,0.0,0.0,2.4273,-0.6305,0.6232,0.1105,-0.0362,-0.0458,1.31,-4.63,4.81,100.0,0,0,0
21.56,0.2,0.0,0.0,2.4293,-0.6313,0.6238,0.1123,0.0024,-0.0339,1.29,-4.61,4.79,100.0,0,0,0
21.58,0.2,0.0,0.0,2.4317,-0.6315,0.6241,0.1165,0.0378,-0.0205,1.23,-4.6,4.76,100.0,0,0,0
21.6,0.2,0.0,0.0,2.4343,-0.6311,0.624,0.1215,0.0697,-0.0045,1.1,-4.6,4.73,100.0,0,0,0
21.62,0.2,0.0,0.0,2.4372,-0.6301,0.6234,0.1243,0.0968,0.031,0.89,-4.6,4.69,100.0,0,0,0
21.64,0.2,0.0,0.0,2.4403,-0.6288,0.6223,0.1359,0.1146,0.0249,0.56,-4.61,4.64,100.0,0,0,0
21.66,0.2,0.0,0.0,2.4438,-0.6273,0.6213,0.1448,0.1195,-0.0783,0.32,-4.62,4.63,100.0,0,0,0
21.68,0.2,0.0,0.0,2.4472,-0.6261,0.6213,0.1413,0.0985,0.0074,0.24,-4.61,4.62,100.0,0,0,0
21.7,0.2,0.0,0.0,2.4501,-0.6255,0.6218,0.1309,0.0525,0.023,0.18,-4.57,4.58,100.0,0,0,0
21.72,0.2,0.0,0.0,2.4525,-0.6257,0.6222,0.1209,0.0074,0.0114,0.13,-4.51,4.52,100.0,0,0,0
21.74,0.2,0.0,0.0,2.4547,-0.6267,0.6224,0.1147,-0.0295,-0.0168,0.11,-4.46,4.46,100.0,0,0,0
21.76,0.2,0.0,0.0,2.4565,-0.6283,0.6225,0.1098,-0.0634,-0.0262,0.15,-4.42,4.42,100.0,0,0,0
21.78,0.2,0.0,0.0,2.4581,-0.6305,0.6223,0.1061,-0.0939,-0.0301,0.25,-4.4,4.41,100.0,0,0,0
21.8,0.2,0.0,0.0,2.4596,-0.6332,0.6219,0.1015,-0.1201,-0.0353,0.42,-4.41,4.43,100.0,0,0,0
21.82,0.2,0.0,0.0,2.4607,-0.6363,0.6211,0.0922,-0.1391,-0.0672,0.71,-4.42,4.47,100.0,0,0,0
21.84,0.2,0.0,0.0,2.4619,-0.6396,0.62,0.1142,-0.1461,0.056,1.07,-4.48,4.6,100.0,0,0,0
21.86,0.2,0.0,0.0,2.4635,-0.6429,0.6207,0.1241,-0.1307,0.017,1.22,-4.59,4.75,100.0,0,0,0
21.88,0.2,0.0,0.0,2.4651,-0.6455,0.6219,0.1144,-0.0876,-0.0427,1.28,-4.65,4.82,100.0,0,0,0
21.9,0.2,0.0,0.0,2.4668,-0.6474,0.623,0.1096,-0.0475,-0.0475,1.32,-4.64,4.82,100.0,0,0,0
21.92,0.2,0.0,0.0,2.4687,-0.6484,0.6238,0.1105,-0.0082,-0.0363,1.31,-4.62,4.81,100.0,0,0,0
21.94,0.2,0.0,0.0,2.4709,-0.6488,0.6241,0.1143,0.0279,-0.0241,1.27,-4.61,4.78,100.0,0,0,0
21.96,0.2,0.0,0.0,2.4735,-0.6485,0.6241,0.1199,0.0609,-0.0095,1.16,-4.6,4.75,100.0,0,0,0
21.98,0.2,0.0,0.0,2.4763,-0.6477,0.6237,0.123,0.0895,0.0187,0.97,-4.61,4.71,100.0,0,0,0
22.0,0.2,0.0,0.0,2.4794,-0.6464,0.6227,0.1312,0.1101,0.0422,0.67,-4.61,4.65,100.0,0,0,0
22.02,0.2,0.0,0.0,2.4828,-0.645,0.6216,0.1428,0.12,-0.0414,0.4,-4.62,4.63,100.0,0,0,0
22.04,0.2,0.0,0.0,2.4862,-0.6438,0.6211,0.1475,0.1062,-0.0484,0.25,-4.62,4.62,100.0,0,0,0
22.06,0.2,0.0,0.0,2.4894,-0.643,0.6215,0.1364,0.0676,0.0256,0.18,-4.59,4.59,100.0,0,0,0
22.08,0.2,0.0,0.0,2.492,-0.6429,0.6221,0.1239,0.0218,0.0231,0.12,-4.53,4.53,100.0,0,0,0
22.1,0.2,0.0,0.0,2.4942,-0.6437,0.6224,0.1157,-0.0167,0.0046,0.09,-4.46,4.46,100.0,0,0,0
22.12,0.2,0.0,0.0,2.4961,-0.6451,0.6225,0.1115,-0.0521,-0.0171,0.11,-4.42,4.42,100.0,0,0,0
22.14,0.2,0.0,0.0,2.4978,-0.6471,0.6225,0.1074,-0.0841,-0.0291,0.18,-4.39,4.4,100.0,0,0,0
22.16,0.2,0.0,0.0,2.4993,-0.6496,0.6222,0.1046,-0.1119,-0.03,0.32,-4.4,4.41,100.0,0,0,0
22.18,0.2,0.0,0.0,2.5006,-0.6526,0.6216,0.0979,-0.1344,-0.0498,0.55,-4.41,4.45,100.0,0,0,0
22.2,0.2,0.0,0.0,2.5017,-0.6559,0.6205,0.1026,-0.1466,-0.0515,0.92,-4.45,4.54,100.0,0,0,0
22.22,0.2,0.0,0.0,2.5032,-0.6593,0.6203,0.1279,-0.1395,0.0775,1.17,-4.57,4.71,100.0,0,0,0
22.24,0.2,0.0,0.0,2.5048,-0.6623,0.6214,0.1195,-0.1063,-0.0356,1.26,-4.65,4.82,100.0,0,0,0
22.26,0.2,0.0,0.0,2.5064,-0.6644,0.6226,0.1116,-0.0636,-0.0538,1.31,-4.66,4.84,100.0,0,0,0
22.28,0.2,0.0,0.0,2.5083,-0.6658,0.6235,0.1095,-0.0233,-0.044,1.32,-4.64,4.82,100.0,0,0,0
22.3,0.2,0.0,0.0,2.5104,-0.6664,0.624,0.1123,0.0145,-0.0311,1.29,-4.62,4.8,100.0,0,0,0
22.32,0.2,0.0,0.0,2.5128,-0.6664,0.6242,0.1175,0.049,-0.0173,1.22,-4.62,4.77,100.0,0,0,0
22.34,0.2,0.0,0.0,2.5155,-0.6658,0.6239,0.1211,0.0796,0.0023,1.07,-4.62,4.74,100.0,0,0,0
22.36,0.2,0.0,0.0,2.5185,-0.6647,0.6231,0.1239,0.105,0.0503,0.82,-4.62,4.69,100.0,0,0,0
22.38,0.2,0.0,0.0,2.5217,-0.6633,0.622,0.1387,0.1201,-0.0053,0.49,-4.63,4.65,100.0,0,0,0
22.4,0.2,0.0,0.0,2.5252,-0.6619,0.6212,0.1468,0.1166,-0.0867,0.29,-4.64,4.65,100.0,0,0,0
22.42,0.2,0.0,0.0,2.5285,-0.6608,0.6214,0.1391,0.0873,0.0129,0.22,-4.62,4.63,100.0,0,0,0
22.44,0.2,0.0,0.0,2.5313,-0.6605,0.6219,0.1282,0.0404,0.0199,0.17,-4.58,4.58,100.0,0,0,0
22.46,0.2,0.0,0.0,2.5337,-0.6609,0.6222,0.1192,-0.0025,0.0044,0.12,-4.52,4.53,100.0,0,0,0
22.48,0.2,0.0,0.0,2.5357,-0.6621,0.6224,0.1145,-0.0379,-0.0165,0.13,-4.48,4.48,100.0,0,0,0
22.5,0.2,0.0,0.0,2.5375,-0.6639,0.6224,0.1096,-0.0713,-0.0254,0.19,-4.45,4.45,100.0,0,0,0
22.52,0.2,0.0,0.0,2.5391,-0.6662,0.6222,0.1064,-0.1004,-0.027,0.31,-4.45,4.46,100.0,0,0,0
22.54,0.2,0.0,0.0,2.5404,-0.6691,0.6217,0.1003,-0.1254,-0.0408,0.52,-4.46,4.49,100.0,0,0,0
22.56,0.2,0.0,0.0,2.5415,-0.6722,0.6207,0.0952,-0.1404,-0.0724,0.86,-4.47,4.56,100.0,0,0,0
22.58,0.2,0.0,0.0,2.5429,-0.6756,0.6204,0.1241,-0.1415,0.0666,1.13,-4.57,4.71,100.0,0,0,0
22.6,0.2,0.0,0.0,2.5444,-0.6786,0.6213,0.1176,-0.111,-0.0265,1.23,-4.66,4.81,100.0,0,0,0
22.62,0.2,0.0,0.0,2.546,-0.6809,0.6224,0.1107,-0.0681,-0.048,1.28,-4.67,4.84,100.0,0,0,0
22.64,0.2,0.0,0.0,2.5478,-0.6823,0.6233,0.1086,-0.028,-0.0414,1.3,-4.66,4.83,100.0,0,0,0
22.66,0.2,0.0,0.0,2.5498,-0.683,0.6238,0.111,0.0102,-0.0297,1.27,-4.64,4.81,100.0,0,0,0
22.68,0.2,0.0,0.0,2.5522,-0.6831,0.624,0.1158,0.0453,-0.0166,1.2,-4.63,4.78,100.0,0,0,0
22.7,0.2,0.0,0.0,2.5549,-0.6825,0.6238,0.1201,0.0766,0.0024,1.05,-4.62,4.74,100.0,0,0,0
22.72,0.2,0.0,0.0,2.5578,-0.6815,0.6231,0.1227,0.103,0.046,0.82,-4.63,4.7,100.0,0,0,0
22.74,0.2,0.0,0.0,2.561,-0.6801,0.6219,0.1364,0.1197,-0.0011,0.5,-4.62,4.65,100.0,0,0,0
22.76,0.2,0.0,0.0,2.5645,-0.6787,0.6211,0.1436,0.1187,-0.0706,0.31,-4.62,4.63,100.0,0,0,0
22.78,0.2,0.0,0.0,2.5677,-0.6776,0.6214,0.1363,0.09,0.0212,0.24,-4.6,4.61,100.0,0,0,0
22.8,0.2,0.0,0.0,2.5705,-0.6772,0.6219,0.1258,0.0432,0.0229,0.18,-4.56,4.56,100.0,0,0,0
22.82,0.2,0.0,0.0,2.5728,-0.6776,0.6222,0.1161,-0.0011,0.0083,0.13,-4.5,4.5,100.0,0,0,0
22.84,0.2,0.0,0.0,2.5748,-0.6787,0.6224,0.1117,-0.0363,-0.0196,0.13,-4.45,4.45,100.0,0,0,0
22.86,0.2,0.0,0.0,2.5766,-0.6805,0.6224,0.107,-0.07,-0.0283,0.18,-4.42,4.42,100.0,0,0,0
22.88,0.2,0.0,0.0,2.5781,-0.6828,0.6222,0.1041,-0.0997,-0.0297,0.29,-4.42,4.42,100.0,0,0,0
22.9,0.2,0.0,0.0,2.5794,-0.6856,0.6218,0.0987,-0.1252,-0.0401,0.48,-4.43,4.46,100.0,0,0,0
22.92,0.2,0.0,0.0,2.5804,-0.6887,0.6208,0.0877,-0.1416,-0.0853,0.81,-4.44,4.52,100.0,0,0,0
22.94,0.2,0.0,0.0,2.5817,-0.6922,0.6201,0.1209,-0.1457,0.0946,1.12,-4.54,4.68,100.0,0,0,0
22.96,0.2,0.0,0.0,2.5831,-0.6954,0.621,0.1189,-0.1215,-0.0139,1.23,-4.64,4.81,100.0,0,0,0
22.98,0.2,0.0,0.0,2.5847,-0.6978,0.6222,0.111,-0.078,-0.0488,1.29,-4.68,4.85,100.0,0,0,0
23.0,0.2,0.0,0.0,2.5863,-0.6995,0.6232,0.1074,-0.0379,-0.0454,1.32,-4.67,4.85,100.0,0,0,0
23.02,0.2,0.0,0.0,2.5883,-0.7004,0.6238,0.1092,0.001,-0.0335,1.31,-4.65,4.83,100.0,0,0,0
23.04,0.2,0.0,0.0,2.5906,-0.7006,0.6241,0.1135,0.0366,-0.0205,1.25,-4.64,4.8,100.0,0,0,0
23.06,0.2,0.0,0.0,2.5931,-0.7002,0.624,0.1191,0.0689,-0.0053,1.12,-4.63,4.77,100.0,0,0,0
23.08,0.2,0.0,0.0,2.596,-0.6993,0.6234,0.1221,0.0967,0.0293,0.91,-4.64,4.73,100.0,0,0,0
23.1,0.2,0.0,0.0,2.5992,-0.698,0.6224,0.1336,0.1159,0.026,0.6,-4.64,4.68,100.0,0,0,0
23.12,0.2,0.0,0.0,2.6026,-0.6966,0.6213,0.1428,0.1198,-0.0532,0.35,-4.64,4.66,100.0,0,0,0
23.14,0.2,0.0,0.0,2.606,-0.6953,0.6212,0.1424,0.1041,-0.0016,0.25,-4.63,4.64,100.0,0,0,0
23.16,0.2,0.0,0.0,2.609,-0.6947,0.6217,0.1327,0.0574,0.0261,0.19,-4.59,4.6,100.0,0,0,0
23.18,0.2,0.0,0.0,2.6115,-0.6949,0.6221,0.1216,0.0118,0.0159,0.13,-4.53,4.53,100.0,0,0,0
23.2,0.2,0.0,0.0,2.6137,-0.6958,0.6224,0.1152,-0.0246,-0.0076,0.11,-4.47,4.47,100.0,0,0,0
23.22,0.2,0.0,0.0,2.6155,-0.6974,0.6225,0.1107,-0.0596,-0.0227,0.14,-4.43,4.43,100.0,0,0,0
23.24,0.2,0.0,0.0,2.6171,-0.6996,0.6224,0.1068,-0.0907,-0.0315,0.22,-4.41,4.42,100.0,0,0,0
23.26,0.2,0.0,0.0,2.6185,-0.7023,0.6221,0.1035,-0.1176,-0.0322,0.38,-4.42,4.43,100.0,0,0,0
23.28,0.2,0.0,0.0,2.6197,-0.7054,0.6214,0.0955,-0.1385,-0.0567,0.64,-4.43,4.48,100.0,0,0,0
23.3,0.2,0.0,0.0,2.6207,-0.7087,0.6202,0.1063,-0.1473,-0.0199,1.03,-4.48,4.59,100.0,0,0,0
23.32,0.2,0.0,0.0,2.6222,-0.7122,0.6206,0.1297,-0.1395,0.0611,1.21,-4.62,4.78,100.0,0,0,0
23.34,0.2,0.0,0.0,2.6238,-0.7151,0.6218,0.1191,-0.0976,-0.03,1.28,-4.7,4.87,100.0,0,0,0
23.36,0.2,0.0,0.0,2.6255,-0.7171,0.623,0.1131,-0.0578,-0.0474,1.32,-4.71,4.89,100.0,0,0,0
23.38,0.2,0.0,0.0,2.6274,-0.7184,0.6238,0.1128,-0.0182,-0.0389,1.33,-4.7,4.88,100.0,0,0,0
23.4,0.2,0.0,0.0,2.6296,-0.7191,0.6243,0.1163,0.0185,-0.0277,1.3,-4.68,4.86,100.0,0,0,0
23.42,0.2,0.0,0.0,2.6321,-0.719,0.6244,0.1219,0.0524,-0.0144,1.21,-4.68,4.83,100.0,0,0,0
23.44,0.2,0.0,0.0,2.6349,-0.7184,0.624,0.1254,0.0823,0.0075,1.05,-4.68,4.79,100.0,0,0,0
23.46,0.2,0.0,0.0,2.638,-0.7173,0.6232,0.1283,0.1063,0.0632,0.77,-4.67,4.74,100.0,0,0,0
23.48,0.2,0.0,0.0,2.6414,-0.716,0.622,0.1463,0.1195,-0.02,0.44,-4.68,4.71,100.0,0,0,0
23.5,0.2,0.0,0.0,2.6451,-0.7148,0.6212,0.1556,0.1134,-0.1177,0.25,-4.7,4.71,100.0,0,0,0
23.52,0.2,0.0,0.0,2.6485,-0.7139,0.6215,0.1463,0.083,0.0034,0.19,-4.69,4.7,100.0,0,0,0
23.54,0.2,0.0,0.0,2.6514,-0.7137,0.622,0.1339,0.0356,0.0184,0.15,-4.64,4.65,100.0,0,0,0
23.56,0.2,0.0,0.0,2.6538,-0.7143,0.6224,0.1249,-0.0067,0.004,0.11,-4.58,4.58,100.0,0,0,0
23.58,0.2,0.0,0.0,2.6559,-0.7156,0.6226,0.1192,-0.0414,-0.0122,0.13,-4.52,4.52,100.0,0,0,0
23.6,0.2,0.0,0.0,2.6578,-0.7175,0.6225,0.1142,-0.075,-0.0231,0.19,-4.48,4.49,100.0,0,0,0
23.62,0.2,0.0,0.0,2.6594,-0.72,0.6223,0.1107,-0.1039,-0.0256,0.32,-4.47,4.48,100.0,0,0,0
23.64,0.2,0.0,0.0,2.6607,-0.7229,0.6217,0.1041,-0.1283,-0.0423,0.54,-4.48,4.51,100.0,0,0,0
23.66,0.2,0.0,0.0,2.6618,-0.7262,0.6206,0.1009,-0.1418,-0.0605,0.9,-4.49,4.58,100.0,0,0,0
23.68,0.2,0.0,0.0,2.6633,-0.7296,0.6204,0.1311,-0.142,0.079,1.16,-4.6,4.75,100.0,0,0,0
23.7,0.2,0.0,0.0,2.6649,-0.7327,0.6214,0.1228,-0.1105,-0.0258,1.26,-4.69,4.85,100.0,0,0,0
23.72,0.2,0.0,0.0,2.6665,-0.735,0.6225,0.1149,-0.0673,-0.0495,1.31,-4.7,4.88,100.0,0,0,0
23.74,0.2,0.0,0.0,2.6683,-0.7365,0.6234,0.1124,-0.0273,-0.0428,1.33,-4.68,4.86,100.0,0,0,0
23.76,0.2,0.0,0.0,2.6705,-0.7373,0.624,0.1146,0.0107,-0.0308,1.31,-4.65,4.83,100.0,0,0,0
23.78,0.2,0.0,0.0,2.6729,-0.7374,0.6241,0.1194,0.0455,-0.0176,1.23,-4.64,4.8,100.0,0,0,0
23.8,0.2,0.0,0.0,2.6756,-0.7369,0.6239,0.1231,0.0766,0.0011,1.09,-4.64,4.76,100.0,0,0,0
23.82,0.2,0.0,0.0,2.6786,-0.7359,0.6232,0.1256,0.1027,0.0458,0.85,-4.63,4.71,100.0,0,0,0
23.84,0.2,0.0,0.0,2.6819,-0.7346,0.622,0.1387,0.1192,0.0008,0.54,-4.63,4.66,100.0,0,0,0
23.86,0.2,0.0,0.0,2.6854,-0.7333,0.6212,0.1459,0.1178,-0.07,0.34,-4.62,4.63,100.0,0,0,0
23.88,0.2,0.0,0.0,2.6887,-0.7322,0.6214,0.1389,0.0894,0.0214,0.27,-4.6,4.6,100.0,0,0,0
23.9,0.2,0.0,0.0,2.6916,-0.7319,0.6219,0.1286,0.0427,0.0223,0.2,-4.55,4.55,100.0,0,0,0
23.92,0.2,0.0,0.0,2.6939,-0.7324,0.6222,0.119,-0.0009,0.0057,0.14,-4.49,4.49,100.0,0,0,0
23.94,0.2,0.0,0.0,2.696,-0.7335,0.6224,0.1143,-0.0361,-0.0188,0.14,-4.44,4.44,100.0,0,0,0
23.96,0.2,0.0,0.0,2.6977,-0.7353,0.6224,0.1096,-0.0697,-0.0274,0.18,-4.41,4.41,100.0,0,0,0
23.98,0.2,0.0,0.0,2.6993,-0.7377,0.6223,0.1066,-0.0995,-0.0288,0.29,-4.4,4.41,100.0,0,0,0
24.0,0.2,0.0,0.0,2.7006,-0.7405,0.6218,0.1014,-0.1253,-0.0384,0.48,-4.42,4.44,100.0,0,0,0
24.02,0.2,0.0,0.0,2.7016,-0.7437,0.6209,0.0908,-0.1425,-0.0778,0.79,-4.43,4.5,100.0,0,0,0
24.04,0.2,0.0,0.0,2.7028,-0.7472,0.6202,0.1189,-0.1475,0.0715,1.1,-4.52,4.65,100.0,0,0,0
24.06,0.2,0.0,0.0,2.7042,-0.7505,0.6209,0.119,-0.1243,-0.0203,1.23,-4.61,4.77,100.0,0,0,0
24.08,0.2,0.0,0.0,2.7056,-0.753,0.6221,0.1114,-0.0814,-0.0501,1.3,-4.64,4.82,100.0,0,0,0
24.1,0.2,0.0,0.0,2.7073,-0.7548,0.6231,0.1079,-0.0412,-0.0461,1.33,-4.64,4.82,100.0,0,0,0
24.12,0.2,0.0,0.0,2.7092,-0.7558,0.6237,0.1096,-0.0022,-0.0343,1.32,-4.62,4.81,100.0,0,0,0
24.14,0.2,0.0,0.0,2.7115,-0.7561,0.624,0.1137,0.0338,-0.0219,1.27,-4.61,4.78,100.0,0,0,0
24.16,0.2,0.0,0.0,2.714,-0.7558,0.6239,0.1193,0.0666,-0.0072,1.15,-4.61,4.75,100.0,0,0,0
24.18,0.2,0.0,0.0,2.7169,-0.7549,0.6234,0.1225,0.095,0.0238,0.94,-4.62,4.71,100.0,0,0,0
24.2,0.2,0.0,0.0,2.72,-0.7537,0.6224,0.1313,0.1145,0.0449,0.63,-4.61,4.66,100.0,0,0,0
24.22,0.2,0.0,0.0,2.7235,-0.7523,0.6213,0.1447,0.1226,-0.074,0.37,-4.63,4.64,100.0,0,0,0
24.24,0.2,0.0,0.0,2.7271,-0.7511,0.6212,0.1451,0.1083,-0.0231,0.27,-4.62,4.63,100.0,0,0,0
24.26,0.2,0.0,0.0,2.7301,-0.7505,0.6217,0.1359,0.0628,0.0203,0.22,-4.59,4.6,100.0,0,0,0
24.28,0.2,0.0,0.0,2.7327,-0.7506,0.6222,0.1251,0.0169,0.0133,0.16,-4.54,4.54,100.0,0,0,0
24.3,0.2,0.0,0.0,2.735,-0.7515,0.6224,0.1185,-0.0218,-0.0099,0.13,-4.48,4.48,100.0,0,0,0
24.32,0.2,0.0,0.0,2.7369,-0.7531,0.6225,0.1137,-0.056,-0.0226,0.16,-4.44,4.44,100.0,0,0,0
24.34,0.2,0.0,0.0,2.7385,-0.7552,0.6224,0.1094,-0.0877,-0.0306,0.24,-4.42,4.42,100.0,0,0,0
24.36,0.2,0.0,0.0,2.7399,-0.7579,0.6221,0.1059,-0.1149,-0.0297,0.39,-4.42,4.44,100.0,0,0,0
24.38,0.2,0.0,0.0,2.7411,-0.761,0.6214,0.0985,-0.1367,-0.0508,0.64,-4.44,4.48,100.0,0,0,0
24.4,0.2,0.0,0.0,2.7421,-0.7644,0.6203,0.1057,-0.1469,-0.0323,1.02,-4.48,4.59,100.0,0,0,0
24.42,0.2,0.0,0.0,2.7435,-0.7678,0.6206,0.1277,-0.1405,0.0389,1.21,-4.6,4.76,100.0,0,0,0
24.44,0.2,0.0,0.0,2.745,-0.7708,0.6218,0.1184,-0.0997,-0.0342,1.3,-4.68,4.85,100.0,0,0,0
24.46,0.2,0.0,0.0,2.7466,-0.7729,0.6229,0.1123,-0.0595,-0.0482,1.34,-4.68,4.87,100.0,0,0,0
24.48,0.2,0.0,0.0,2.7485,-0.7743,0.6237,0.112,-0.0198,-0.0391,1.36,-4.67,4.86,100.0,0,0,0
24.5,0.2,0.0,0.0,2.7506,-0.775,0.6241,0.1153,0.0173,-0.0278,1.32,-4.65,4.84,100.0,0,0,0
24.52,0.2,0.0,0.0,2.7531,-0.775,0.6242,0.1208,0.0516,-0.0146,1.24,-4.64,4.81,100.0,0,0,0
24.54,0.2,0.0,0.0,2.7559,-0.7744,0.6239,0.1244,0.082,0.0077,1.08,-4.64,4.77,100.0,0,0,0
24.56,0.2,0.0,0.0,2.759,-0.7734,0.6231,0.1273,0.1069,0.0598,0.82,-4.64,4.71,100.0,0,0,0
24.58,0.2,0.0,0.0,2.7624,-0.7721,0.6219,0.1442,0.121,-0.0165,0.49,-4.65,4.67,100.0,0,0,0
24.6,0.2,0.0,0.0,2.7661,-0.7709,0.6211,0.1526,0.1159,-0.1059,0.3,-4.66,4.67,100.0,0,0,0
24.62,0.2,0.0,0.0,2.7695,-0.77,0.6214,0.1441,0.086,0.0091,0.24,-4.65,4.65,100.0,0,0,0
24.64,0.2,0.0,0.0,2.7723,-0.7698,0.6219,0.1322,0.0386,0.02,0.18,-4.6,4.6,100.0,0,0,0
24.66,0.2,0.0,0.0,2.7748,-0.7704,0.6223,0.1228,-0.004,0.0047,0.14,-4.54,4.54,100.0,0,0,0
24.68,0.2,0.0,0.0,2.7768,-0.7717,0.6225,0.1178,-0.0394,-0.0144,0.14,-4.48,4.49,100.0,0,0,0
24.7,0.2,0.0,0.0,2.7786,-0.7736,0.6225,0.1129,-0.0728,-0.0234,0.2,-4.45,4.46,100.0,0,0,0
24.72,0.2,0.0,0.0,2.7801,-0.776,0.6223,0.1095,-0.1021,-0.0254,0.32,-4.45,4.46,100.0,0,0,0
24.74,0.2,0.0,0.0,2.7814,-0.7789,0.6218,0.1033,-0.1273,-0.0379,0.52,-4.46,4.49,100.0,0,0,0
24.76,0.2,0.0,0.0,2.7824,-0.7822,0.6207,0.0912,-0.1421,-0.0893,0.86,-4.47,4.55,100.0,0,0,0
24.78,0.2,0.0,0.0,2.7837,-0.7856,0.6201,0.1296,-0.145,0.1227,1.18,-4.58,4.73,100.0,0,0,0
24.8,0.2,0.0,0.0,2.7853,-0.7889,0.6211,0.1255,-0.1207,-0.0057,1.28,-4.7,4.87,100.0,0,0,0
24.82,0.2,0.0,0.0,2.7868,-0.7914,0.6223,0.1163,-0.0765,-0.0485,1.33,-4.73,4.91,100.0,0,0,0
24.84,0.2,0.0,0.0,2.7886,-0.7931,0.6233,0.1121,-0.0361,-0.046,1.35,-4.71,4.9,100.0,0,0,0
24.86,0.2,0.0,0.0,2.7906,-0.7941,0.624,0.1139,0.0025,-0.0341,1.33,-4.69,4.87,100.0,0,0,0
24.88,0.2,0.0,0.0,2.7929,-0.7944,0.6242,0.1182,0.0378,-0.0207,1.27,-4.67,4.84,100.0,0,0,0
24.9,0.2,0.0,0.0,2.7956,-0.7941,0.6241,0.1232,0.0696,-0.0046,1.14,-4.66,4.8,100.0,0,0,0
24.92,0.2,0.0,0.0,2.7986,-0.7933,0.6235,0.126,0.097,0.0311,0.93,-4.66,4.75,100.0,0,0,0
24.94,0.2,0.0,0.0,2.8019,-0.7921,0.6224,0.1376,0.1154,0.0236,0.6,-4.65,4.69,100.0,0,0,0
24.96,0.2,0.0,0.0,2.8054,-0.7908,0.6213,0.1472,0.1184,-0.0652,0.36,-4.66,4.67,100.0,0,0,0
24.98,0.2,0.0,0.0,2.809,-0.7897,0.6212,0.1469,0.102,-0.0065,0.26,-4.64,4.65,100.0,0,0,0
25.0,0.2,0.0,0.0,2.812,-0.7893,0.6217,0.1369,0.0552,0.025,0.2,-4.6,4.6,100.0,0,0,0
25.02,0.2,0.0,0.0,2.8146,-0.7896,0.6221,0.1254,0.0103,0.015,0.15,-4.53,4.54,100.0,0,0,0
25.04,0.2,0.0,0.0,2.8168,-0.7906,0.6224,0.1185,-0.0263,-0.0044,0.13,-4.47,4.47,100.0,0,0,0
25.06,0.2,0.0,0.0,2.8186,-0.7923,0.6225,0.1136,-0.0611,-0.0199,0.16,-4.42,4.42,100.0,0,0,0
25.08,0.2,0.0,0.0,2.8202,-0.7946,0.6224,0.1095,-0.0922,-0.0291,0.24,-4.4,4.4,100.0,0,0,0
25.1,0.2,0.0,0.0,2.8216,-0.7974,0.6221,0.1059,-0.119,-0.0305,0.4,-4.4,4.42,100.0,0,0,0
25.12,0.2,0.0,0.0,2.8227,-0.8005,0.6214,0.0975,-0.1396,-0.0545,0.66,-4.41,4.46,100.0,0,0,0
25.14,0.2,0.0,0.0,2.8237,-0.8039,0.6201,0.1082,-0.1481,-0.0197,1.05,-4.46,4.59,100.0,0,0,0
25.16,0.2,0.0,0.0,2.8251,-0.8075,0.6205,0.1319,-0.1407,0.0586,1.23,-4.61,4.77,100.0,0,0,0
25.18,0.2,0.0,0.0,2.8266,-0.8104,0.6218,0.1204,-0.0985,-0.0317,1.31,-4.69,4.87,100.0,0,0,0
25.2,0.2,0.0,0.0,2.8282,-0.8126,0.623,0.1141,-0.0588,-0.0486,1.35,-4.7,4.89,100.0,0,0,0
25.22,0.2,0.0,0.0,2.8301,-0.814,0.6238,0.1137,-0.0191,-0.0394,1.36,-4.69,4.88,100.0,0,0,0
25.24,0.2,0.0,0.0,2.8323,-0.8146,0.6243,0.1172,0.0176,-0.0283,1.33,-4.67,4.86,100.0,0,0,0
25.26,0.2,0.0,0.0,2.8348,-0.8147,0.6244,0.1228,0.0516,-0.015,1.24,-4.67,4.83,100.0,0,0,0
25.28,0.2,0.0,0.0,2.8377,-0.8142,0.6241,0.1263,0.0817,0.0062,1.08,-4.66,4.79,100.0,0,0,0
25.3,0.2,0.0,0.0,2.8408,-0.8132,0.6232,0.1293,0.1063,0.0591,0.81,-4.66,4.73,100.0,0,0,0
25.32,0.2,0.0,0.0,2.8443,-0.812,0.622,0.1461,0.1204,-0.0152,0.48,-4.66,4.69,100.0,0,0,0
25.34,0.2,0.0,0.0,2.8479,-0.8108,0.6212,0.1547,0.1153,-0.1076,0.29,-4.67,4.68,100.0,0,0,0
25.36,0.2,0.0,0.0,2.8514,-0.81,0.6215,0.1466,0.0856,0.0062,0.23,-4.66,4.66,100.0,0,0,0
25.38,0.2,0.0,0.0,2.8543,-0.8099,0.622,0.1349,0.0383,0.0187,0.18,-4.61,4.61,100.0,0,0,0
25.4,0.2,0.0,0.0,2.8568,-0.8105,0.6223,0.1256,-0.0045,0.0043,0.14,-4.54,4.54,100.0,0,0,0
25.42,0.2,0.0,0.0,2.8589,-0.8118,0.6225,0.1205,-0.0399,-0.0145,0.15,-4.49,4.49,100.0,0,0,0
25.44,0.2,0.0,0.0,2.8607,-0.8138,0.6225,0.1154,-0.0733,-0.0231,0.21,-4.45,4.46,100.0,0,0,0
25.46,0.2,0.0,0.0,2.8623,-0.8163,0.6222,0.1118,-0.1025,-0.0248,0.33,-4.44,4.46,100.0,0,0,0
25.48,0.2,0.0,0.0,2.8636,-0.8192,0.6217,0.1054,-0.1275,-0.038,0.54,-4.45,4.49,100.0,0,0,0
25.5,0.2,0.0,0.0,2.8646,-0.8225,0.6207,0.0997,-0.1427,-0.0679,0.88,-4.47,4.55,100.0,0,0,0
25.52,0.2,0.0,0.0,2.8659,-0.826,0.6204,0.1273,-0.1444,0.0553,1.15,-4.56,4.71,100.0,0,0,0
25.54,0.2,0.0,0.0,2.8673,-0.8292,0.6213,0.1205,-0.1146,-0.0322,1.26,-4.64,4.81,100.0,0,0,0
25.56,0.2,0.0,0.0,2.8688,-0.8316,0.6224,0.113,-0.0716,-0.051,1.32,-4.66,4.84,100.0,0,0,0
25.58,0.2,0.0,0.0,2.8705,-0.8332,0.6233,0.1105,-0.0314,-0.0433,1.34,-4.64,4.83,100.0,0,0,0
25.6,0.2,0.0,0.0,2.8726,-0.8341,0.6238,0.1126,0.0069,-0.0315,1.33,-4.62,4.81,100.0,0,0,0
25.62,0.2,0.0,0.0,2.8749,-0.8343,0.624,0.117,0.0423,-0.0187,1.26,-4.61,4.78,100.0,0,0,0
25.64,0.2,0.0,0.0,2.8776,-0.8339,0.6238,0.1216,0.0742,-0.0013,1.12,-4.61,4.75,100.0,0,0,0
25.66,0.2,0.0,0.0,2.8806,-0.8331,0.6231,0.1243,0.1014,0.0374,0.9,-4.61,4.7,100.0,0,0,0
25.68,0.2,0.0,0.0,2.8839,-0.8319,0.622,0.1376,0.1188,0.0112,0.57,-4.61,4.64,100.0,0,0,0
25.7,0.2,0.0,0.0,2.8875,-0.8306,0.621,0.1461,0.1221,-0.097,0.35,-4.62,4.63,100.0,0,0,0
25.72,0.2,0.0,0.0,2.8909,-0.8295,0.6211,0.1434,0.1004,0.0028,0.28,-4.61,4.62,100.0,0,0,0
25.74,0.2,0.0,0.0,2.8939,-0.8291,0.6217,0.1325,0.0534,0.0226,0.22,-4.57,4.58,100.0,0,0,0
25.76,0.2,0.0,0.0,2.8964,-0.8295,0.6222,0.122,0.0079,0.0115,0.16,-4.51,4.51,100.0,0,0,0
25.78,0.2,0.0,0.0,2.8985,-0.8305,0.6224,0.1156,-0.029,-0.0156,0.14,-4.45,4.46,100.0,0,0,0
25.8,0.2,0.0,0.0,2.9002,-0.8323,0.6225,0.111,-0.0631,-0.0256,0.17,-4.41,4.42,100.0,0,0,0
25.82,0.2,0.0,0.0,2.9017,-0.8346,0.6224,0.1069,-0.0939,-0.0321,0.26,-4.4,4.4,100.0,0,0,0
25.84,0.2,0.0,0.0,2.903,-0.8374,0.6221,0.1032,-0.1205,-0.0317,0.42,-4.41,4.43,100.0,0,0,0
25.86,0.2,0.0,0.0,2.904,-0.8406,0.6213,0.0949,-0.1408,-0.0555,0.69,-4.42,4.48,100.0,0,0,0
25.88,0.2,0.0,0.0,2.9049,-0.8439,0.6201,0.1059,-0.1489,-0.0204,1.09,-4.48,4.61,100.0,0,0,0
25.9,0.2,0.0,0.0,2.9062,-0.8475,0.6205,0.1303,-0.1416,0.0607,1.27,-4.63,4.8,100.0,0,0,0
25.92,0.2,0.0,0.0,2.9077,-0.8505,0.6218,0.1183,-0.0989,-0.0324,1.33,-4.71,4.9,100.0,0,0,0
25.94,0.2,0.0,0.0,2.9092,-0.8527,0.623,0.1122,-0.059,-0.0487,1.37,-4.72,4.92,100.0,0,0,0
25.96,0.2,0.0,0.0,2.911,-0.8541,0.6238,0.1119,-0.0192,-0.0394,1.38,-4.71,4.91,100.0,0,0,0
25.98,0.2,0.0,0.0,2.9132,-0.8548,0.6243,0.1157,0.0175,-0.028,1.35,-4.69,4.88,100.0,0,0,0
26.0,0.2,0.0,0.0,2.9157,-0.8548,0.6244,0.1215,0.0515,-0.0145,1.26,-4.69,4.86,100.0,0,0,0
26.02,0.2,0.0,0.0,2.9186,-0.8544,0.6241,0.1252,0.0818,0.0078,1.1,-4.69,4.81,100.0,0,0,0
26.04,0.2,0.0,0.0,2.9217,-0.8534,0.6232,0.1284,0.1067,0.0594,0.84,-4.68,4.76,100.0,0,0,0
26.06,0.2,0.0,0.0,2.9251,-0.8522,0.622,0.1453,0.121,-0.0155,0.51,-4.68,4.71,100.0,0,0,0
26.08,0.2,0.0,0.0,2.9288,-0.8511,0.6211,0.1566,0.1135,-0.1211,0.3,-4.69,4.7,100.0,0,0,0
26.1,0.2,0.0,0.0,2.9324,-0.8503,0.6213,0.1497,0.0898,-0.0005,0.23,-4.68,4.69,100.0,0,0,0
26.12,0.2,0.0,0.0,2.9354,-0.8502,0.6218,0.137,0.0413,0.0226,0.18,-4.64,4.64,100.0,0,0,0
26.14,0.2,0.0,0.0,2.9379,-0.8508,0.6223,0.1255,-0.0007,0.0128,0.15,-4.56,4.57,100.0,0,0,0
26.16,0.2,0.0,0.0,2.94,-0.8521,0.6225,0.1201,-0.0374,-0.0051,0.15,-4.5,4.51,100.0,0,0,0
26.18,0.2,0.0,0.0,2.9418,-0.854,0.6226,0.115,-0.0713,-0.0187,0.2,-4.47,4.47,100.0,0,0,0
26.2,0.2,0.0,0.0,2.9433,-0.8564,0.6224,0.1118,-0.1014,-0.0239,0.31,-4.46,4.47,100.0,0,0,0
26.22,0.2,0.0,0.0,2.9446,-0.8594,0.6219,0.1061,-0.1267,-0.0354,0.5,-4.47,4.5,100.0,0,0,0
26.24,0.2,0.0,0.0,2.9455,-0.8627,0.6209,0.0948,-0.1431,-0.0774,0.82,-4.48,4.56,100.0,0,0,0
26.26,0.2,0.0,0.0,2.9467,-0.8662,0.6202,0.1262,-0.1475,0.0893,1.14,-4.58,4.72,100.0,0,0,0
26.28,0.2,0.0,0.0,2.9481,-0.8696,0.6211,0.1244,-0.1243,-0.0151,1.26,-4.68,4.85,100.0,0,0,0
26.3,0.2,0.0,0.0,2.9496,-0.8722,0.6222,0.1159,-0.0809,-0.0494,1.32,-4.71,4.89,100.0,0,0,0
26.32,0.2,0.0,0.0,2.9513,-0.874,0.6232,0.1119,-0.0407,-0.0461,1.35,-4.7,4.89,100.0,0,0,0
26.34,0.2,0.0,0.0,2.9532,-0.8751,0.6238,0.1133,-0.0018,-0.0344,1.34,-4.68,4.86,100.0,0,0,0
26.36,0.2,0.0,0.0,2.9555,-0.8755,0.6241,0.1173,0.034,-0.0217,1.28,-4.66,4.83,100.0,0,0,0
26.38,0.2,0.0,0.0,2.9582,-0.8754,0.624,0.1227,0.0666,-0.007,1.16,-4.65,4.8,100.0,0,0,0
26.4,0.2,0.0,0.0,2.9612,-0.8747,0.6235,0.1256,0.0948,0.0249,0.96,-4.65,4.75,100.0,0,0,0
26.42,0.2,0.0,0.0,2.9644,-0.8736,0.6225,0.1361,0.1156,0.0254,0.66,-4.64,4.69,100.0,0,0,0
26.44,0.2,0.0,0.0,2.968,-0.8723,0.6214,0.1438,0.1213,-0.0416,0.41,-4.63,4.64,100.0,0,0,0
26.46,0.2,0.0,0.0,2.9715,-0.8712,0.6212,0.144,0.1075,0.0085,0.3,-4.6,4.61,100.0,0,0,0
26.48,0.2,0.0,0.0,2.9746,-0.8707,0.6217,0.1354,0.0616,0.0288,0.23,-4.55,4.56,100.0,0,0,0
26.5,0.2,0.0,0.0,2.9772,-0.871,0.6221,0.1247,0.016,0.0164,0.16,-4.49,4.49,100.0,0,0,0
26.52,0.2,0.0,0.0,2.9793,-0.872,0.6223,0.1181,-0.0219,-0.0075,0.12,-4.42,4.43,100.0,0,0,0
26.54,0.2,0.0,0.0,2.9812,-0.8736,0.6224,0.1139,-0.0561,-0.0221,0.14,-4.38,4.38,100.0,0,0,0
26.56,0.2,0.0,0.0,2.9828,-0.8758,0.6224,0.1098,-0.0875,-0.0306,0.22,-4.36,4.36,100.0,0,0,0
26.58,0.2,0.0,0.0,2.9841,-0.8785,0.6221,0.1067,-0.1151,-0.029,0.36,-4.36,4.38,100.0,0,0,0
26.6,0.2,0.0,0.0,2.9851,-0.8817,0.6215,0.0998,-0.1376,-0.0479,0.59,-4.38,4.42,100.0,0,0,0
26.62,0.2,0.0,0.0,2.9861,-0.8851,0.6203,0.104,-0.1494,-0.0548,0.96,-4.42,4.53,100.0,0,0,0
26.64,0.2,0.0,0.0,2.9873,-0.8886,0.6202,0.1298,-0.1426,0.0712,1.22,-4.55,4.71,100.0,0,0,0
26.66,0.2,0.0,0.0,2.9887,-0.8918,0.6213,0.1198,-0.1095,-0.0405,1.31,-4.64,4.82,100.0,0,0,0
26.68,0.2,0.0,0.0,2.9902,-0.8941,0.6225,0.1111,-0.0665,-0.0569,1.36,-4.66,4.85,100.0,0,0,0
26.7,0.2,0.0,0.0,2.9919,-0.8957,0.6234,0.1085,-0.0261,-0.0461,1.38,-4.65,4.85,100.0,0,0,0
26.72,0.2,0.0,0.0,2.9939,-0.8965,0.624,0.1112,0.0118,-0.033,1.36,-4.63,4.83,100.0,0,0,0
26.74,0.2,0.0,0.0,2.9963,-0.8967,0.6242,0.1164,0.0466,-0.0193,1.29,-4.63,4.8,100.0,0,0,0
26.76,0.2,0.0,0.0,2.999,-0.8963,0.624,0.1206,0.0778,-0.0006,1.14,-4.63,4.77,100.0,0,0,0
26.78,0.2,0.0,0.0,3.002,-0.8954,0.6233,0.1237,0.1043,0.0406,0.91,-4.63,4.72,100.0,0,0,0
26.8,0.2,0.0,0.0,3.0053,-0.8942,0.6221,0.1375,0.1205,0.0129,0.57,-4.63,4.67,100.0,0,0,0
26.82,0.2,0.0,0.0,3.009,-0.893,0.6211,0.1494,0.1199,-0.0961,0.33,-4.65,4.66,100.0,0,0,0
26.84,0.2,0.0,0.0,3.0125,-0.892,0.621,0.1493,0.1014,-0.033,0.25,-4.65,4.66,100.0,0,0,0
26.86,0.2,0.0,0.0,3.0157,-0.8917,0.6216,0.1377,0.0537,0.0201,0.2,-4.62,4.62,100.0,0,0,0
26.88,0.2,0.0,0.0,3.0182,-0.8921,0.6221,0.1258,0.0092,0.0138,0.16,-4.55,4.56,100.0,0,0,0
26.9,0.2,0.0,0.0,3.0204,-0.8932,0.6224,0.1196,-0.028,-0.0028,0.15,-4.49,4.49,100.0,0,0,0
26.92,0.2,0.0,0.0,3.0222,-0.895,0.6225,0.1145,-0.0624,-0.017,0.19,-4.45,4.46,100.0,0,0,0
26.94,0.2,0.0,0.0,3.0237,-0.8973,0.6224,0.1108,-0.0936,-0.0242,0.28,-4.44,4.45,100.0,0,0,0
26.96,0.2,0.0,0.0,3.025,-0.9002,0.622,0.1063,-0.1199,-0.0301,0.45,-4.45,4.47,100.0,0,0,0
26.98,0.2,0.0,0.0,3.026,-0.9034,0.6212,0.0971,-0.139,-0.0581,0.73,-4.46,4.52,100.0,0,0,0
27.0,0.2,0.0,0.0,3.027,-0.9068,0.6202,0.1168,-0.1465,0.0481,1.1,-4.53,4.66,100.0,0,0,0
27.02,0.2,0.0,0.0,3.0283,-0.9103,0.6208,0.1268,-0.1321,0.0148,1.24,-4.65,4.81,100.0,0,0,0
27.04,0.2,0.0,0.0,3.0297,-0.9131,0.622,0.1165,-0.0895,-0.0417,1.31,-4.71,4.88,100.0,0,0,0
27.06,0.2,0.0,0.0,3.0313,-0.9151,0.6231,0.1114,-0.0493,-0.0474,1.35,-4.7,4.89,100.0,0,0,0
27.08,0.2,0.0,0.0,3.0331,-0.9163,0.6238,0.1117,-0.01,-0.0363,1.35,-4.68,4.87,100.0,0,0,0
27.1,0.2,0.0,0.0,3.0353,-0.9169,0.6241,0.1155,0.0264,-0.0244,1.3,-4.66,4.84,100.0,0,0,0
27.12,0.2,0.0,0.0,3.0379,-0.9169,0.6241,0.121,0.0598,-0.0102,1.2,-4.66,4.81,100.0,0,0,0
27.14,0.2,0.0,0.0,3.0408,-0.9163,0.6237,0.1241,0.089,0.0173,1.01,-4.65,4.76,100.0,0,0,0
27.16,0.2,0.0,0.0,3.044,-0.9153,0.6228,0.1321,0.1112,0.0396,0.72,-4.64,4.69,100.0,0,0,0
27.18,0.2,0.0,0.0,3.0475,-0.9141,0.6217,0.1425,0.1227,-0.0281,0.45,-4.63,4.65,100.0,0,0,0
27.2,0.2,0.0,0.0,3.0511,-0.913,0.6212,0.1471,0.1109,-0.0391,0.3,-4.6,4.61,100.0,0,0,0
27.22,0.2,0.0,0.0,3.0543,-0.9124,0.6215,0.1381,0.0729,0.0279,0.23,-4.56,4.57,100.0,0,0,0
27.24,0.2,0.0,0.0,3.057,-0.9125,0.622,0.127,0.0258,0.0205,0.17,-4.5,4.5,100.0,0,0,0
27.26,0.2,0.0,0.0,3.0593,-0.9134,0.6223,0.1188,-0.0137,0.0033,0.12,-4.43,4.43,100.0,0,0,0
27.28,0.2,0.0,0.0,3.0612,-0.9149,0.6224,0.1149,-0.0485,-0.0169,0.14,-4.38,4.38,100.0,0,0,0
27.3,0.2,0.0,0.0,3.0628,-0.917,0.6224,0.1107,-0.081,-0.0273,0.2,-4.36,4.36,100.0,0,0,0
27.32,0.2,0.0,0.0,3.0641,-0.9197,0.6222,0.1078,-0.1095,-0.0274,0.33,-4.36,4.37,100.0,0,0,0
27.34,0.2,0.0,0.0,3.0652,-0.9228,0.6216,0.1015,-0.1334,-0.0429,0.55,-4.38,4.41,100.0,0,0,0
27.36,0.2,0.0,0.0,3.066,-0.9261,0.6205,0.0974,-0.1465,-0.0654,0.9,-4.4,4.49,100.0,0,0,0
27.38,0.2,0.0,0.0,3.0672,-0.9297,0.6202,0.1289,-0.1454,0.0839,1.17,-4.53,4.68,100.0,0,0,0
27.4,0.2,0.0,0.0,3.0685,-0.9329,0.6213,0.1205,-0.1142,-0.0233,1.28,-4.63,4.8,100.0,0,0,0
27.42,0.2,0.0,0.0,3.07,-0.9353,0.6225,0.1123,-0.0711,-0.0493,1.33,-4.66,4.85,100.0,0,0,0
27.44,0.2,0.0,0.0,3.0716,-0.937,0.6234,0.1097,-0.0311,-0.0437,1.35,-4.66,4.85,100.0,0,0,0
27.46,0.2,0.0,0.0,3.0736,-0.9379,0.624,0.1121,0.007,-0.0322,1.33,-4.64,4.83,100.0,0,0,0
27.48,0.2,0.0,0.0,3.076,-0.9382,0.6242,0.117,0.0423,-0.0194,1.26,-4.64,4.81,100.0,0,0,0
27.5,0.2,0.0,0.0,3.0787,-0.9379,0.624,0.1218,0.0741,-0.0025,1.13,-4.64,4.78,100.0,0,0,0
27.52,0.2,0.0,0.0,3.0817,-0.9371,0.6234,0.125,0.1014,0.0343,0.9,-4.64,4.73,100.0,0,0,0
27.54,0.2,0.0,0.0,3.085,-0.936,0.6223,0.1374,0.1193,0.0212,0.57,-4.64,4.67,100.0,0,0,0
27.56,0.2,0.0,0.0,3.0887,-0.9348,0.6212,0.1476,0.1213,-0.0715,0.33,-4.64,4.65,100.0,0,0,0
27.58,0.2,0.0,0.0,3.0923,-0.9339,0.6211,0.1481,0.104,-0.0175,0.24,-4.63,4.63,100.0,0,0,0
27.6,0.2,0.0,0.0,3.0954,-0.9335,0.6216,0.1381,0.0566,0.0234,0.18,-4.58,4.59,100.0,0,0,0
27.62,0.2,0.0,0.0,3.098,-0.9339,0.6221,0.1266,0.0112,0.0144,0.14,-4.52,4.52,100.0,0,0,0
27.64,0.2,0.0,0.0,3.1001,-0.935,0.6224,0.1208,-0.0257,-0.0034,0.13,-4.46,4.46,100.0,0,0,0
27.66,0.2,0.0,0.0,3.102,-0.9368,0.6224,0.1159,-0.0605,-0.0179,0.16,-4.41,4.42,100.0,0,0,0
27.68,0.2,0.0,0.0,3.1035,-0.9391,0.6223,0.1119,-0.0919,-0.0261,0.26,-4.4,4.4,100.0,0,0,0
27.7,0.2,0.0,0.0,3.1048,-0.942,0.622,0.108,-0.1187,-0.0286,0.42,-4.41,4.43,100.0,0,0,0
27.72,0.2,0.0,0.0,3.1058,-0.9452,0.6212,0.0992,-0.1388,-0.0537,0.69,-4.42,4.48,100.0,0,0,0
27.74,0.2,0.0,0.0,3.1068,-0.9486,0.6202,0.1158,-0.1474,0.0296,1.05,-4.48,4.6,100.0,0,0,0
27.76,0.2,0.0,0.0,3.108,-0.9521,0.6208,0.1259,-0.134,0.0028,1.22,-4.6,4.76,100.0,0,0,0
27.78,0.2,0.0,0.0,3.1094,-0.955,0.6219,0.116,-0.0923,-0.0442,1.29,-4.66,4.83,100.0,0,0,0
27.8,0.2,0.0,0.0,3.1109,-0.9571,0.623,0.1107,-0.0519,-0.0484,1.34,-4.66,4.85,100.0,0,0,0
27.82,0.2,0.0,0.0,3.1127,-0.9584,0.6237,0.1109,-0.0126,-0.0374,1.35,-4.64,4.83,100.0,0,0,0
27.84,0.2,0.0,0.0,3.1149,-0.959,0.6241,0.1144,0.024,-0.0258,1.31,-4.63,4.81,100.0,0,0,0
27.86,0.2,0.0,0.0,3.1174,-0.959,0.6241,0.1197,0.0577,-0.0123,1.21,-4.62,4.78,100.0,0,0,0
27.88,0.2,0.0,0.0,3.1203,-0.9585,0.6237,0.1229,0.0875,0.0121,1.04,-4.62,4.74,100.0,0,0,0
27.9,0.2,0.0,0.0,3.1234,-0.9576,0.6228,0.1258,0.1111,0.0695,0.75,-4.62,4.68,100.0,0,0,0
27.92,0.2,0.0,0.0,3.1269,-0.9564,0.6217,0.1429,0.1236,-0.0385,0.46,-4.61,4.63,100.0,0,0,0
27.94,0.2,0.0,0.0,3.1306,-0.9554,0.621,0.1511,0.1119,-0.0872,0.28,-4.6,4.61,100.0,0,0,0
27.96,0.2,0.0,0.0,3.1339,-0.9547,0.6213,0.1422,0.0806,0.0183,0.21,-4.57,4.58,100.0,0,0,0
27.98,0.2,0.0,0.0,3.1368,-0.9548,0.6218,0.1301,0.0329,0.0249,0.16,-4.51,4.52,100.0,0,0,0
28.0,0.2,0.0,0.0,3.1391,-0.9556,0.6222,0.1204,-0.0075,0.0098,0.12,-4.44,4.44,100.0,0,0,0
28.02,0.2,0.0,0.0,3.141,-0.957,0.6224,0.1161,-0.0432,-0.0102,0.13,-4.39,4.39,100.0,0,0,0
28.04,0.2,0.0,0.0,3.1426,-0.959,0.6224,0.1117,-0.0767,-0.0234,0.19,-4.36,4.36,100.0,0,0,0
28.06,0.2,0.0,0.0,3.144,-0.9616,0.6222,0.1089,-0.1057,-0.0255,0.31,-4.36,4.37,100.0,0,0,0
28.08,0.2,0.0,0.0,3.1451,-0.9647,0.6217,0.1028,-0.1306,-0.0383,0.51,-4.38,4.41,100.0,0,0,0
28.1,0.2,0.0,0.0,3.1459,-0.968,0.6207,0.097,-0.1456,-0.0714,0.85,-4.4,4.48,100.0,0,0,0
28.12,0.2,0.0,0.0,3.1471,-0.9715,0.6201,0.1284,-0.1448,0.0988,1.15,-4.51,4.66,100.0,0,0,0
28.14,0.2,0.0,0.0,3.1483,-0.9749,0.621,0.1221,-0.1214,-0.0282,1.27,-4.62,4.79,100.0,0,0,0
28.16,0.2,0.0,0.0,3.1497,-0.9775,0.6222,0.1118,-0.0765,-0.0566,1.33,-4.65,4.84,100.0,0,0,0
28.18,0.2,0.0,0.0,3.1513,-0.9792,0.6232,0.1075,-0.036,-0.0491,1.36,-4.64,4.84,100.0,0,0,0
28.2,0.2,0.0,0.0,3.1532,-0.9802,0.6238,0.1092,0.0029,-0.0357,1.35,-4.63,4.82,100.0,0,0,0
28.22,0.2,0.0,0.0,3.1554,-0.9806,0.6241,0.1135,0.0384,-0.0221,1.29,-4.62,4.8,100.0,0,0,0
28.24,0.2,0.0,0.0,3.158,-0.9804,0.624,0.1186,0.0706,-0.0064,1.17,-4.62,4.77,100.0,0,0,0
28.26,0.2,0.0,0.0,3.161,-0.9797,0.6235,0.1218,0.0984,0.0265,0.96,-4.62,4.72,100.0,0,0,0
28.28,0.2,0.0,0.0,3.1642,-0.9786,0.6224,0.1329,0.1185,0.0238,0.65,-4.62,4.67,100.0,0,0,0
28.3,0.2,0.0,0.0,3.1678,-0.9774,0.6214,0.1414,0.1231,-0.0489,0.4,-4.61,4.63,100.0,0,0,0
28.32,0.2,0.0,0.0,3.1713,-0.9764,0.6212,0.1422,0.1076,-0.0054,0.29,-4.59,4.6,100.0,0,0,0
28.34,0.2,0.0,0.0,3.1744,-0.9759,0.6216,0.1342,0.062,0.0248,0.22,-4.55,4.55,100.0,0,0,0
28.36,0.2,0.0,0.0,3.1769,-0.9763,0.622,0.1238,0.0161,0.0145,0.16,-4.49,4.49,100.0,0,0,0
28.38,0.2,0.0,0.0,3.1791,-0.9773,0.6223,0.1178,-0.0216,-0.0103,0.13,-4.43,4.43,100.0,0,0,0
28.4,0.2,0.0,0.0,3.1809,-0.979,0.6224,0.1135,-0.0561,-0.0226,0.16,-4.39,4.39,100.0,0,0,0
28.42,0.2,0.0,0.0,3.1824,-0.9812,0.6223,0.1095,-0.0875,-0.0307,0.23,-4.37,4.38,100.0,0,0,0
28.44,0.2,0.0,0.0,3.1836,-0.984,0.622,0.1064,-0.115,-0.0288,0.38,-4.38,4.39,100.0,0,0,0
28.46,0.2,0.0,0.0,3.1846,-0.9872,0.6214,0.0993,-0.1372,-0.0476,0.62,-4.4,4.44,100.0,0,0,0
28.48,0.2,0.0,0.0,3.1854,-0.9906,0.6203,0.1044,-0.1485,-0.0453,0.99,-4.44,4.55,100.0,0,0,0
28.5,0.2,0.0,0.0,3.1865,-0.9942,0.6205,0.126,-0.1428,0.0296,1.2,-4.57,4.73,100.0,0,0,0
28.52,0.2,0.0,0.0,3.1878,-0.9973,0.6217,0.1165,-0.1034,-0.0358,1.29,-4.66,4.83,100.0,0,0,0
28.54,0.2,0.0,0.0,3.1892,-0.9995,0.6227,0.11,-0.0625,-0.0488,1.35,-4.67,4.86,100.0,0,0,0
28.56,0.2,0.0,0.0,3.1909,-1.0011,0.6236,0.1093,-0.0229,-0.0397,1.36,-4.67,4.86,100.0,0,0,0
28.58,0.2,0.0,0.0,3.1929,-1.0019,0.624,0.1125,0.0145,-0.0288,1.33,-4.66,4.84,100.0,0,0,0
28.6,0.2,0.0,0.0,3.1953,-1.0021,0.6242,0.118,0.0492,-0.016,1.25,-4.66,4.82,100.0,0,0,0
28.62,0.2,0.0,0.0,3.1981,-1.0017,0.6239,0.1221,0.0804,0.005,1.1,-4.66,4.79,100.0,0,0,0
28.64,0.2,0.0,0.0,3.2012,-1.0009,0.6231,0.1252,0.1067,0.0483,0.85,-4.66,4.73,100.0,0,0,0
28.66,0.2,0.0,0.0,3.2046,-0.9998,0.622,0.1394,0.1234,-0.0036,0.53,-4.64,4.67,100.0,0,0,0
28.68,0.2,0.0,0.0,3.2083,-0.9987,0.621,0.1495,0.1197,-0.0864,0.32,-4.64,4.65,100.0,0,0,0
28.7,0.2,0.0,0.0,3.2118,-0.9979,0.6211,0.1447,0.0953,0.0102,0.24,-4.61,4.62,100.0,0,0,0
28.72,0.2,0.0,0.0,3.2148,-0.9977,0.6217,0.134,0.0471,0.0248,0.19,-4.56,4.57,100.0,0,0,0
28.74,0.2,0.0,0.0,3.2172,-0.9983,0.6221,0.1236,0.003,0.0109,0.14,-4.5,4.5,100.0,0,0,0
28.76,0.2,0.0,0.0,3.2193,-0.9996,0.6223,0.118,-0.033,-0.0069,0.14,-4.44,4.44,100.0,0,0,0
28.78,0.2,0.0,0.0,3.221,-1.0015,0.6224,0.1133,-0.0673,-0.0205,0.18,-4.4,4.41,100.0,0,0,0
28.8,0.2,0.0,0.0,3.2224,-1.0039,0.6223,0.1099,-0.0977,-0.0249,0.29,-4.39,4.4,100.0,0,0,0
28.82,0.2,0.0,0.0,3.2235,-1.0069,0.6219,0.1051,-0.1239,-0.0326,0.46,-4.41,4.43,100.0,0,0,0
28.84,0.2,0.0,0.0,3.2244,-1.0102,0.621,0.0953,-0.142,-0.0638,0.76,-4.43,4.49,100.0,0,0,0
28.86,0.2,0.0,0.0,3.2253,-1.0137,0.62,0.1192,-0.1482,0.0687,1.13,-4.51,4.65,100.0,0,0,0
28.88,0.2,0.0,0.0,3.2265,-1.0172,0.6207,0.1286,-0.133,0.0228,1.27,-4.65,4.82,100.0,0,0,0
28.9,0.2,0.0,0.0,3.2279,-1.0201,0.622,0.1162,-0.0894,-0.0431,1.33,-4.71,4.9,100.0,0,0,0
28.92,0.2,0.0,0.0,3.2294,-1.0221,0.6231,0.111,-0.0492,-0.0485,1.36,-4.72,4.91,100.0,0,0,0
28.94,0.2,0.0,0.0,3.2312,-1.0234,0.6239,0.1114,-0.0098,-0.0373,1.35,-4.7,4.89,100.0,0,0,0
28.96,0.2,0.0,0.0,3.2334,-1.024,0.6243,0.1154,0.0263,-0.025,1.3,-4.69,4.87,100.0,0,0,0
28.98,0.2,0.0,0.0,3.2359,-1.0241,0.6243,0.1211,0.0595,-0.0108,1.2,-4.68,4.84,100.0,0,0,0
29.0,0.2,0.0,0.0,3.2389,-1.0236,0.6238,0.1245,0.0884,0.0152,1.01,-4.68,4.79,100.0,0,0,0
29.02,0.2,0.0,0.0,3.2421,-1.0227,0.6229,0.1328,0.1108,0.0385,0.72,-4.67,4.73,100.0,0,0,0
29.04,0.2,0.0,0.0,3.2456,-1.0216,0.6218,0.1435,0.1223,-0.0294,0.45,-4.66,4.68,100.0,0,0,0
29.06,0.2,0.0,0.0,3.2493,-1.0207,0.6213,0.1482,0.1105,-0.0457,0.3,-4.63,4.64,100.0,0,0,0
29.08,0.2,0.0,0.0,3.2525,-1.0202,0.6216,0.1401,0.0732,0.0252,0.23,-4.59,4.59,100.0,0,0,0
29.1,0.2,0.0,0.0,3.2553,-1.0204,0.622,0.1296,0.026,0.0186,0.17,-4.52,4.53,100.0,0,0,0
29.12,0.2,0.0,0.0,3.2575,-1.0213,0.6223,0.1216,-0.0143,0.0016,0.13,-4.45,4.46,100.0,0,0,0
29.14,0.2,0.0,0.0,3.2594,-1.0229,0.6224,0.1176,-0.0488,-0.0179,0.15,-4.4,4.41,100.0,0,0,0
29.16,0.2,0.0,0.0,3.261,-1.0251,0.6224,0.1133,-0.0815,-0.0268,0.22,-4.38,4.38,100.0,0,0,0
29.18,0.2,0.0,0.0,3.2624,-1.0278,0.6221,0.1102,-0.1099,-0.0265,0.35,-4.38,4.39,100.0,0,0,0
29.2,0.2,0.0,0.0,3.2634,-1.031,0.6215,0.1038,-0.1339,-0.0418,0.57,-4.39,4.43,100.0,0,0,0
29.22,0.2,0.0,0.0,3.2642,-1.0343,0.6204,0.1005,-0.147,-0.0597,0.93,-4.42,4.51,100.0,0,0,0
29.24,0.2,0.0,0.0,3.2653,-1.038,0.6202,0.1316,-0.1463,0.0829,1.2,-4.55,4.7,100.0,0,0,0
29.26,0.2,0.0,0.0,3.2666,-1.0413,0.6213,0.1221,-0.115,-0.026,1.29,-4.66,4.83,100.0,0,0,0
29.28,0.2,0.0,0.0,3.2679,-1.0438,0.6225,0.1132,-0.0715,-0.0509,1.35,-4.68,4.87,100.0,0,0,0
29.3,0.2,0.0,0.0,3.2696,-1.0455,0.6234,0.1103,-0.0314,-0.0444,1.37,-4.68,4.87,100.0,0,0,0
29.32,0.2,0.0,0.0,3.2715,-1.0465,0.624,0.1125,0.0067,-0.0327,1.35,-4.66,4.86,100.0,0,0,0
29.34,0.2,0.0,0.0,3.2739,-1.0469,0.6243,0.1173,0.0418,-0.0199,1.29,-4.66,4.83,100.0,0,0,0
29.36,0.2,0.0,0.0,3.2766,-1.0467,0.6241,0.1219,0.0736,-0.0032,1.16,-4.66,4.8,100.0,0,0,0
29.38,0.2,0.0,0.0,3.2796,-1.046,0.6235,0.1251,0.1011,0.0325,0.93,-4.66,4.75,100.0,0,0,0
29.4,0.2,0.0,0.0,3.283,-1.0449,0.6223,0.1371,0.1194,0.0228,0.61,-4.65,4.69,100.0,0,0,0
29.42,0.2,0.0,0.0,3.2866,-1.0438,0.6213,0.1469,0.1223,-0.0664,0.36,-4.64,4.66,100.0,0,0,0
29.44,0.2,0.0,0.0,3.2903,-1.0429,0.6211,0.1474,0.105,-0.0142,0.26,-4.62,4.63,100.0,0,0,0
29.46,0.2,0.0,0.0,3.2934,-1.0426,0.6216,0.1386,0.0582,0.0229,0.2,-4.58,4.58,100.0,0,0,0
29.48,0.2,0.0,0.0,3.296,-1.0431,0.622,0.1276,0.0124,0.0124,0.15,-4.51,4.51,100.0,0,0,0
29.5,0.2,0.0,0.0,3.2982,-1.0443,0.6223,0.1221,-0.0246,-0.0052,0.14,-4.45,4.45,100.0,0,0,0
29.52,0.2,0.0,0.0,3.3,-1.0461,0.6224,0.1172,-0.0591,-0.0184,0.17,-4.41,4.41,100.0,0,0,0
29.54,0.2,0.0,0.0,3.3015,-1.0484,0.6223,0.1131,-0.0905,-0.0264,0.26,-4.39,4.4,100.0,0,0,0
29.56,0.2,0.0,0.0,3.3027,-1.0513,0.622,0.1094,-0.1176,-0.0273,0.42,-4.4,4.42,100.0,0,0,0
29.58,0.2,0.0,0.0,3.3037,-1.0546,0.6213,0.1013,-0.1385,-0.0492,0.68,-4.42,4.47,100.0,0,0,0
29.6,0.2,0.0,0.0,3.3045,-1.058,0.6201,0.1116,-0.1475,-0.0159,1.07,-4.48,4.6,100.0,0,0,0
29.62,0.2,0.0,0.0,3.3057,-1.0617,0.6205,0.1346,-0.141,0.0523,1.25,-4.63,4.79,100.0,0,0,0
29.64,0.2,0.0,0.0,3.3071,-1.0648,0.6218,0.1213,-0.0988,-0.0343,1.32,-4.72,4.9,100.0,0,0,0
29.66,0.2,0.0,0.0,3.3086,-1.067,0.623,0.1144,-0.0588,-0.0497,1.36,-4.73,4.92,100.0,0,0,0
29.68,0.2,0.0,0.0,3.3103,-1.0685,0.6239,0.1134,-0.019,-0.0399,1.37,-4.72,4.91,100.0,0,0,0
29.7,0.2,0.0,0.0,3.3125,-1.0694,0.6243,0.1168,0.0176,-0.0286,1.34,-4.7,4.89,100.0,0,0,0
29.72,0.2,0.0,0.0,3.315,-1.0696,0.6244,0.1221,0.0515,-0.0155,1.26,-4.7,4.86,100.0,0,0,0
29.74,0.2,0.0,0.0,3.3178,-1.0693,0.6241,0.1256,0.0818,0.0052,1.1,-4.69,4.82,100.0,0,0,0
29.76,0.2,0.0,0.0,3.321,-1.0685,0.6233,0.1286,0.1069,0.0548,0.84,-4.68,4.76,100.0,0,0,0
29.78,0.2,0.0,0.0,3.3245,-1.0675,0.6221,0.1447,0.122,-0.0118,0.51,-4.67,4.7,100.0,0,0,0
29.8,0.2,0.0,0.0,3.3283,-1.0666,0.6211,0.1561,0.1159,-0.1097,0.3,-4.67,4.68,100.0,0,0,0
29.82,0.2,0.0,0.0,3.3319,-1.0659,0.6212,0.1501,0.0916,0.0021,0.23,-4.65,4.66,100.0,0,0,0
29.84,0.2,0.0,0.0,3.335,-1.0659,0.6218,0.1386,0.0434,0.0228,0.18,-4.6,4.6,100.0,0,0,0
29.86,0.2,0.0,0.0,3.3375,-1.0667,0.6222,0.1278,0.0001,0.0114,0.14,-4.52,4.53,100.0,0,0,0
29.88,0.2,0.0,0.0,3.3395,-1.0681,0.6224,0.1223,-0.0362,-0.0053,0.15,-4.46,4.46,100.0,0,0,0
29.9,0.2,0.0,0.0,3.3413,-1.0701,0.6225,0.1173,-0.0702,-0.018,0.2,-4.42,4.43,100.0,0,0,0
29.92,0.2,0.0,0.0,3.3427,-1.0726,0.6223,0.114,-0.1004,-0.0225,0.31,-4.41,4.42,100.0,0,0,0
29.94,0.2,0.0,0.0,3.3439,-1.0757,0.6218,0.1083,-0.1262,-0.0336,0.5,-4.42,4.45,100.0,0,0,0
29.96,0.2,0.0,0.0,3.3447,-1.079,0.6209,0.0976,-0.1431,-0.0706,0.82,-4.44,4.52,100.0,0,0,0
29.98,0.2,0.0,0.0,3.3457,-1.0826,0.6202,0.1268,-0.1485,0.0777,1.14,-4.54,4.68,100.0,0,0,0
