time,cmd_vx,cmd_vy,cmd_wz,pelvis_x,pelvis_y,pelvis_z,pelvis_vx,pelvis_vy,pelvis_wz,pelvis_roll_deg,pelvis_pitch_deg,pelvis_tilt_deg,max_torque_pct,left_contact,right_contact,fell
0.0,0.6,0.0,0.0,0.0009,0.0001,0.6369,0.0568,0.0055,0.0161,0.03,-0.19,0.19,30.7,0,0,0
0.02,0.6,0.0,0.0,0.0021,-0.0001,0.6311,0.055,-0.0126,-0.0459,0.04,-0.43,0.43,26.6,0,0,0
0.04,0.6,0.0,0.0,0.0034,-0.0005,0.6212,0.0528,-0.0252,-0.0455,0.02,-0.66,0.66,32.6,0,0,0
0.06,0.6,0.0,0.0,0.0071,-0.0007,0.6158,0.2562,0.0075,-0.1581,0.28,-1.43,1.46,61.0,0,0,0
0.08,0.6,0.0,0.0,0.0117,-0.0006,0.6171,0.2102,-0.0056,-0.007,0.47,-2.19,2.24,92.1,0,0,0
0.1,0.6,0.0,0.0,0.0155,-0.0009,0.6192,0.1763,-0.0189,0.014,0.57,-2.55,2.61,100.0,0,0,0
0.12,0.6,0.0,0.0,0.0189,-0.0015,0.6206,0.1627,-0.035,0.012,0.67,-2.72,2.81,100.0,0,0,0
0.14,0.6,0.0,0.0,0.0221,-0.0023,0.6214,0.1662,-0.035,0.0117,0.78,-2.85,2.95,100.0,0,0,0
0.16,0.6,0.0,0.0,0.0255,-0.0028,0.622,0.1705,-0.0194,0.067,0.86,-2.96,3.08,100.0,0,0,0
0.18,0.6,0.0,0.0,0.029,-0.0028,0.6223,0.1766,0.0136,0.1963,0.88,-3.07,3.19,100.0,0,0,0
0.2,0.6,0.0,0.0,0.0327,-0.0021,0.6226,0.1901,0.0464,0.1903,0.82,-3.19,3.3,100.0,0,0,0
0.22,0.6,0.0,0.0,0.0367,-0.0007,0.6228,0.1991,0.0839,0.1811,0.73,-3.3,3.38,100.0,0,0,0
0.24,0.6,0.0,0.0,0.0408,0.0015,0.6228,0.2098,0.1212,0.1638,0.6,-3.39,3.44,100.0,0,0,0
0.26,0.6,0.0,0.0,0.0452,0.0045,0.6225,0.2213,0.1571,0.1553,0.45,-3.46,3.49,100.0,0,0,0
0.28,0.6,0.0,0.0,0.0497,0.0081,0.6219,0.2332,0.1891,0.1598,0.26,-3.53,3.54,100.0,0,0,0
0.3,0.6,0.0,0.0,0.0547,0.0122,0.6209,0.2487,0.2124,0.0761,0.08,-3.58,3.58,100.0,0,0,0
0.32,0.6,0.0,0.0,0.0599,0.0164,0.6201,0.2683,0.2005,0.0583,-0.08,-3.63,3.63,100.0,0,0,0
0.34,0.6,0.0,0.0,0.0654,0.02,0.6205,0.2895,0.1571,0.0905,-0.26,-3.73,3.74,100.0,1,0,0
0.36,0.6,0.0,0.0,0.0709,0.0225,0.6214,0.2809,0.1052,0.0517,-0.51,-3.8,3.83,100.0,1,0,0
0.38,0.6,0.0,0.0,0.0764,0.0243,0.622,0.2817,0.0688,0.0384,-0.76,-3.82,3.89,100.0,1,0,0
0.4,0.6,0.0,0.0,0.082,0.0253,0.6222,0.2922,0.0342,0.026,-0.99,-3.83,3.95,100.0,1,0,0
0.42,0.6,0.0,0.0,0.0881,0.0257,0.6221,0.3069,0.0024,0.0161,-1.19,-3.84,4.03,100.0,0,0,0
0.44,0.6,0.0,0.0,0.0945,0.0255,0.6217,0.3258,-0.0273,0.006,-1.36,-3.87,4.1,100.0,0,0,0
0.46,0.6,0.0,0.0,0.1013,0.0246,0.6211,0.3448,-0.0561,-0.0226,-1.48,-3.9,4.17,100.0,0,0,0
0.48,0.6,0.0,0.0,0.1085,0.0233,0.6203,0.363,-0.0812,-0.0489,-1.56,-3.92,4.22,100.0,0,0,0
0.5,0.6,0.0,0.0,0.1162,0.0214,0.6192,0.3796,-0.1041,-0.066,-1.58,-3.92,4.22,100.0,0,0,0
0.52,0.6,0.0,0.0,0.1241,0.0191,0.6177,0.3925,-0.1274,-0.0822,-1.55,-3.89,4.19,100.0,0,0,0
0.54,0.6,0.0,0.0,0.1324,0.0163,0.6157,0.4048,-0.1521,-0.0941,-1.47,-3.85,4.12,100.0,0,0,0
0.56,0.6,0.0,0.0,0.1407,0.0129,0.6134,0.4093,-0.177,-0.1088,-1.32,-3.79,4.02,100.0,0,0,0
0.58,0.6,0.0,0.0,0.1493,0.0091,0.6109,0.4201,-0.2002,-0.2039,-1.05,-3.75,3.89,100.0,0,0,0
0.6,0.6,0.0,0.0,0.1584,0.0049,0.6098,0.4772,-0.2214,-0.1569,-0.62,-3.83,3.88,100.0,0,0,0
0.62,0.6,0.0,0.0,0.1681,0.0005,0.6116,0.4971,-0.2257,-0.1543,-0.15,-4.01,4.01,100.0,0,0,0
0.64,0.6,0.0,0.0,0.1778,-0.0039,0.6142,0.4916,-0.221,-0.2111,0.34,-4.14,4.15,100.0,0,0,0
0.66,0.6,0.0,0.0,0.187,-0.008,0.6169,0.4657,-0.1981,-0.2191,0.73,-4.17,4.24,100.0,0,0,0
0.68,0.6,0.0,0.0,0.196,-0.0114,0.6192,0.4544,-0.1522,-0.1887,1.04,-4.14,4.27,100.0,1,0,0
0.7,0.6,0.0,0.0,0.2049,-0.0141,0.6212,0.4514,-0.1127,-0.1875,1.3,-4.1,4.3,100.0,1,0,0
0.72,0.6,0.0,0.0,0.2138,-0.0159,0.6227,0.4559,-0.0732,-0.1628,1.51,-4.08,4.35,100.0,1,0,0
0.74,0.6,0.0,0.0,0.2229,-0.0171,0.6239,0.4622,-0.0373,-0.1438,1.67,-4.07,4.39,100.0,0,0,0
0.76,0.6,0.0,0.0,0.2323,-0.0175,0.6246,0.4701,-0.0022,-0.1329,1.78,-4.06,4.44,100.0,0,0,0
0.78,0.6,0.0,0.0,0.2418,-0.0172,0.6248,0.4783,0.0332,-0.1144,1.84,-4.06,4.46,100.0,0,0,0
0.8,0.6,0.0,0.0,0.2516,-0.0162,0.6244,0.4852,0.0699,-0.0874,1.86,-4.07,4.47,100.0,0,0,0
0.82,0.6,0.0,0.0,0.2616,-0.0145,0.6235,0.4912,0.1071,-0.0745,1.84,-4.07,4.46,100.0,0,0,0
0.84,0.6,0.0,0.0,0.2716,-0.0121,0.622,0.4925,0.1398,-0.0497,1.76,-4.06,4.43,100.0,0,0,0
0.86,0.6,0.0,0.0,0.2815,-0.0092,0.6197,0.4796,0.1597,-0.0218,1.59,-4.02,4.32,100.0,0,0,0
0.88,0.6,0.0,0.0,0.2914,-0.0061,0.6169,0.479,0.1595,0.1835,1.15,-4.01,4.17,100.0,0,0,0
0.9,0.6,0.0,0.0,0.3014,-0.0031,0.6142,0.5148,0.1632,0.1483,0.45,-4.09,4.11,100.0,0,0,0
0.92,0.6,0.0,0.0,0.3121,-0.0002,0.6139,0.5417,0.1511,-0.1664,-0.06,-4.31,4.31,100.0,1,0,0
0.94,0.6,0.0,0.0,0.3225,0.0023,0.6157,0.5096,0.1315,-0.0285,-0.32,-4.44,4.45,100.0,1,0,0
0.96,0.6,0.0,0.0,0.3322,0.0041,0.6181,0.4832,0.0888,0.0576,-0.5,-4.44,4.47,100.0,1,0,0
0.98,0.6,0.0,0.0,0.3415,0.0052,0.6201,0.4662,0.0554,0.0751,-0.66,-4.37,4.42,100.0,1,0,0
1.0,0.6,0.0,0.0,0.3506,0.0057,0.6216,0.4601,0.025,0.0734,-0.8,-4.29,4.37,100.0,0,0,0
1.02,0.6,0.0,0.0,0.3598,0.0057,0.6225,0.4601,-0.0025,0.0723,-0.91,-4.22,4.32,100.0,0,0,0
1.04,0.6,0.0,0.0,0.369,0.0051,0.6231,0.4633,-0.0278,0.073,-0.99,-4.17,4.29,100.0,0,0,0
1.06,0.6,0.0,0.0,0.3784,0.004,0.6233,0.4675,-0.0516,0.0737,-1.03,-4.13,4.26,100.0,0,0,0
1.08,0.6,0.0,0.0,0.3878,0.0024,0.6231,0.4727,-0.0754,0.072,-1.02,-4.09,4.21,100.0,0,0,0
1.1,0.6,0.0,0.0,0.3974,0.0004,0.6224,0.4774,-0.1009,0.053,-0.97,-4.04,4.16,100.0,0,0,0
1.12,0.6,0.0,0.0,0.4072,-0.0022,0.6213,0.4823,-0.1295,0.0536,-0.88,-4.0,4.09,100.0,0,0,0
1.14,0.6,0.0,0.0,0.4168,-0.0054,0.6197,0.4759,-0.1602,0.0273,-0.74,-3.93,4.0,100.0,0,0,0
1.16,0.6,0.0,0.0,0.4264,-0.0091,0.6175,0.4701,-0.1876,-0.027,-0.49,-3.87,3.9,100.0,0,0,0
1.18,0.6,0.0,0.0,0.436,-0.0133,0.6152,0.4758,-0.2104,-0.1911,-0.03,-3.87,3.87,100.0,0,0,0
1.2,0.6,0.0,0.0,0.4458,-0.0179,0.6138,0.5159,-0.2276,-0.046,0.53,-3.99,4.03,100.0,0,0,0
1.22,0.6,0.0,0.0,0.4561,-0.0224,0.6145,0.5248,-0.2118,-0.0002,0.98,-4.19,4.3,100.0,0,0,0
1.24,0.6,0.0,0.0,0.4661,-0.0266,0.6165,0.5016,-0.1891,-0.1348,1.26,-4.29,4.47,100.0,0,0,0
1.26,0.6,0.0,0.0,0.4757,-0.0299,0.6188,0.4852,-0.1391,-0.1694,1.44,-4.29,4.53,100.0,0,0,0
1.28,0.6,0.0,0.0,0.485,-0.0324,0.6209,0.475,-0.0985,-0.1845,1.58,-4.23,4.51,100.0,0,0,0
1.3,0.6,0.0,0.0,0.4944,-0.0341,0.6225,0.4757,-0.0579,-0.1714,1.68,-4.15,4.47,100.0,0,0,0
1.32,0.6,0.0,0.0,0.5039,-0.0351,0.6235,0.4802,-0.0202,-0.153,1.74,-4.08,4.43,100.0,0,0,0
1.34,0.6,0.0,0.0,0.5136,-0.0353,0.6241,0.4871,0.0179,-0.1299,1.77,-4.01,4.38,100.0,0,0,0
1.36,0.6,0.0,0.0,0.5235,-0.0347,0.6242,0.4951,0.0555,-0.105,1.75,-3.96,4.33,100.0,0,0,0
1.38,0.6,0.0,0.0,0.5337,-0.0334,0.6236,0.5018,0.0907,-0.0856,1.69,-3.91,4.26,100.0,0,0,0
1.4,0.6,0.0,0.0,0.544,-0.0315,0.6225,0.5058,0.1225,-0.084,1.59,-3.87,4.18,100.0,0,0,0
1.42,0.6,0.0,0.0,0.5543,-0.029,0.6207,0.5029,0.1489,-0.0611,1.43,-3.82,4.08,100.0,0,0,0
1.44,0.6,0.0,0.0,0.5645,-0.0262,0.6181,0.4881,0.162,0.0284,1.12,-3.75,3.91,100.0,0,0,0
1.46,0.6,0.0,0.0,0.5746,-0.0233,0.6149,0.4941,0.1608,0.3075,0.52,-3.74,3.78,100.0,0,0,0
1.48,0.6,0.0,0.0,0.5853,-0.0208,0.613,0.5487,0.1496,-0.2243,-0.09,-3.89,3.89,100.0,1,0,0
1.5,0.6,0.0,0.0,0.5963,-0.0185,0.6139,0.5402,0.1371,-0.1118,-0.46,-4.07,4.1,100.0,1,0,0
1.52,0.6,0.0,0.0,0.6066,-0.0166,0.6163,0.5051,0.1034,0.0687,-0.68,-4.1,4.16,100.0,1,0,0
1.54,0.6,0.0,0.0,0.6162,-0.0154,0.6186,0.4831,0.0663,0.1146,-0.86,-4.03,4.12,100.0,1,0,0
1.56,0.6,0.0,0.0,0.6257,-0.0149,0.6204,0.4709,0.0358,0.1111,-1.01,-3.92,4.05,100.0,1,0,0
1.58,0.6,0.0,0.0,0.635,-0.0149,0.6215,0.4674,0.0081,0.1013,-1.13,-3.82,3.98,100.0,0,0,0
1.6,0.6,0.0,0.0,0.6443,-0.0155,0.6221,0.4686,-0.0181,0.0971,-1.2,-3.74,3.93,100.0,0,0,0
1.62,0.6,0.0,0.0,0.6537,-0.0166,0.6224,0.4719,-0.0434,0.0958,-1.23,-3.68,3.88,100.0,0,0,0
1.64,0.6,0.0,0.0,0.6632,-0.0181,0.6222,0.476,-0.0684,0.0945,-1.21,-3.63,3.82,100.0,0,0,0
1.66,0.6,0.0,0.0,0.6728,-0.0202,0.6216,0.4792,-0.0941,0.082,-1.16,-3.58,3.76,100.0,0,0,0
1.68,0.6,0.0,0.0,0.6825,-0.0228,0.6206,0.4828,-0.1228,0.0733,-1.06,-3.53,3.69,100.0,0,0,0
1.7,0.6,0.0,0.0,0.6922,-0.026,0.6189,0.4803,-0.1543,0.0679,-0.92,-3.49,3.61,100.0,0,0,0
1.72,0.6,0.0,0.0,0.7017,-0.0298,0.6169,0.4741,-0.185,-0.0136,-0.68,-3.45,3.51,100.0,0,0,0
1.74,0.6,0.0,0.0,0.7113,-0.0342,0.6149,0.4806,-0.2071,-0.1925,-0.22,-3.47,3.48,100.0,0,0,0
1.76,0.6,0.0,0.0,0.721,-0.0388,0.6132,0.5105,-0.224,-0.0923,0.4,-3.6,3.62,100.0,0,0,0
1.78,0.6,0.0,0.0,0.7312,-0.0435,0.6135,0.5293,-0.2149,0.0947,0.89,-3.82,3.93,100.0,0,0,0
1.8,0.6,0.0,0.0,0.7414,-0.0479,0.6152,0.511,-0.1934,-0.0668,1.23,-3.98,4.17,100.0,0,0,0
1.82,0.6,0.0,0.0,0.751,-0.0515,0.6177,0.488,-0.1486,-0.1659,1.43,-4.01,4.25,100.0,0,0,0
1.84,0.6,0.0,0.0,0.7603,-0.0543,0.62,0.4743,-0.1063,-0.1898,1.58,-3.94,4.25,100.0,0,0,0
1.86,0.6,0.0,0.0,0.7696,-0.0563,0.6218,0.4721,-0.0667,-0.1808,1.69,-3.86,4.21,100.0,0,0,0
1.88,0.6,0.0,0.0,0.779,-0.0575,0.623,0.4759,-0.0293,-0.1607,1.77,-3.78,4.17,100.0,0,0,0
1.9,0.6,0.0,0.0,0.7886,-0.058,0.6237,0.4823,0.008,-0.1383,1.8,-3.72,4.13,100.0,0,0,0
1.92,0.6,0.0,0.0,0.7984,-0.0578,0.6238,0.4898,0.0454,-0.1111,1.79,-3.67,4.08,100.0,0,0,0
1.94,0.6,0.0,0.0,0.8084,-0.0569,0.6234,0.4967,0.0799,-0.098,1.74,-3.62,4.02,100.0,0,0,0
1.96,0.6,0.0,0.0,0.8186,-0.0553,0.6224,0.5013,0.1117,-0.0917,1.64,-3.59,3.94,100.0,0,0,0
1.98,0.6,0.0,0.0,0.8289,-0.0532,0.6207,0.5011,0.1389,-0.0771,1.48,-3.55,3.85,100.0,0,0,0
2.0,0.6,0.0,0.0,0.8391,-0.0506,0.6182,0.4875,0.1546,-0.0205,1.2,-3.5,3.7,100.0,0,0,0
2.02,0.6,0.0,0.0,0.8492,-0.048,0.6151,0.4908,0.1551,0.2522,0.65,-3.5,3.56,100.0,0,0,0
2.04,0.6,0.0,0.0,0.8596,-0.0457,0.6125,0.5369,0.1434,-0.1819,-0.04,-3.62,3.62,100.0,1,0,0
2.06,0.6,0.0,0.0,0.8706,-0.0436,0.6128,0.5457,0.1357,-0.2159,-0.48,-3.85,3.88,100.0,1,0,0
2.08,0.6,0.0,0.0,0.881,-0.0418,0.6152,0.5091,0.1103,0.0408,-0.71,-3.94,4.0,100.0,1,0,0
2.1,0.6,0.0,0.0,0.8908,-0.0407,0.6177,0.4843,0.0709,0.1071,-0.88,-3.91,4.0,100.0,0,0,0
2.12,0.6,0.0,0.0,0.9002,-0.0402,0.6197,0.4693,0.0404,0.1145,-1.03,-3.82,3.95,100.0,0,0,0
2.14,0.6,0.0,0.0,0.9094,-0.0403,0.6211,0.4642,0.0124,0.1058,-1.15,-3.73,3.9,100.0,0,0,0
2.16,0.6,0.0,0.0,0.9187,-0.0409,0.6219,0.4642,-0.0135,0.101,-1.22,-3.66,3.85,100.0,0,0,0
2.18,0.6,0.0,0.0,0.9279,-0.042,0.6223,0.467,-0.0391,0.0991,-1.25,-3.6,3.81,100.0,0,0,0
2.2,0.6,0.0,0.0,0.9373,-0.0436,0.6223,0.471,-0.0644,0.0979,-1.24,-3.56,3.77,100.0,0,0,0
2.22,0.6,0.0,0.0,0.9468,-0.0457,0.6219,0.4742,-0.0901,0.0882,-1.19,-3.52,3.72,100.0,0,0,0
2.24,0.6,0.0,0.0,0.9563,-0.0484,0.621,0.478,-0.1178,0.0747,-1.1,-3.48,3.65,100.0,0,0,0
2.26,0.6,0.0,0.0,0.9659,-0.0516,0.6196,0.4786,-0.1488,0.0729,-0.97,-3.45,3.58,100.0,0,0,0
2.28,0.6,0.0,0.0,0.9753,-0.0555,0.6176,0.4666,-0.1798,0.037,-0.77,-3.4,3.49,100.0,0,0,0
2.3,0.6,0.0,0.0,0.9846,-0.0599,0.6155,0.4715,-0.2045,-0.1226,-0.39,-3.41,3.43,100.0,0,0,0
2.32,0.6,0.0,0.0,0.994,-0.0646,0.6134,0.4893,-0.2213,-0.1589,0.21,-3.5,3.5,100.0,0,0,0
2.34,0.6,0.0,0.0,1.004,-0.0695,0.6132,0.5212,-0.2234,0.1036,0.74,-3.72,3.79,100.0,0,0,0
2.36,0.6,0.0,0.0,1.014,-0.0741,0.6146,0.5098,-0.2008,-0.0003,1.14,-3.91,4.08,100.0,1,0,0
2.38,0.6,0.0,0.0,1.0235,-0.0781,0.617,0.4835,-0.1656,-0.155,1.37,-3.97,4.2,100.0,0,0,0
2.4,0.6,0.0,0.0,1.0327,-0.0813,0.6194,0.4674,-0.1204,-0.1843,1.54,-3.92,4.22,100.0,0,0,0
2.42,0.6,0.0,0.0,1.0417,-0.0837,0.6213,0.4625,-0.0815,-0.1817,1.67,-3.84,4.19,100.0,0,0,0
2.44,0.6,0.0,0.0,1.0509,-0.0853,0.6227,0.4657,-0.0437,-0.1616,1.76,-3.76,4.15,100.0,0,0,0
2.46,0.6,0.0,0.0,1.0602,-0.0862,0.6235,0.4718,-0.0067,-0.1401,1.8,-3.7,4.11,100.0,0,0,0
2.48,0.6,0.0,0.0,1.0698,-0.0863,0.6238,0.4793,0.0307,-0.1108,1.8,-3.64,4.07,100.0,0,0,0
2.5,0.6,0.0,0.0,1.0796,-0.0858,0.6236,0.4878,0.0661,-0.0953,1.76,-3.6,4.01,100.0,0,0,0
2.52,0.6,0.0,0.0,1.0896,-0.0846,0.6228,0.4935,0.0994,-0.0893,1.68,-3.57,3.94,100.0,0,0,0
2.54,0.6,0.0,0.0,1.0998,-0.0828,0.6214,0.4969,0.1285,-0.0835,1.54,-3.54,3.86,100.0,0,0,0
2.56,0.6,0.0,0.0,1.1099,-0.0805,0.6192,0.4883,0.1489,-0.0503,1.32,-3.5,3.74,100.0,0,0,0
2.58,0.6,0.0,0.0,1.1199,-0.078,0.6163,0.4819,0.1547,0.1632,0.87,-3.48,3.58,100.0,0,0,0
2.6,0.6,0.0,0.0,1.1301,-0.0757,0.6133,0.5178,0.1447,-0.0146,0.19,-3.55,3.55,100.0,0,0,0
2.62,0.6,0.0,0.0,1.141,-0.0737,0.6127,0.5427,0.1371,-0.2351,-0.34,-3.76,3.77,100.0,1,0,0
2.64,0.6,0.0,0.0,1.1515,-0.0719,0.6145,0.5112,0.1227,0.0181,-0.61,-3.89,3.94,100.0,1,0,0
2.66,0.6,0.0,0.0,1.1613,-0.0706,0.6169,0.4854,0.0818,0.1061,-0.8,-3.89,3.97,100.0,0,0,0
2.68,0.6,0.0,0.0,1.1707,-0.07,0.619,0.4681,0.0499,0.1217,-0.96,-3.82,3.94,100.0,1,0,0
2.7,0.6,0.0,0.0,1.1799,-0.07,0.6205,0.4611,0.0203,0.1108,-1.08,-3.74,3.89,100.0,0,0,0
2.72,0.6,0.0,0.0,1.189,-0.0706,0.6214,0.46,-0.0063,0.1022,-1.16,-3.67,3.85,100.0,0,0,0
2.74,0.6,0.0,0.0,1.1982,-0.0716,0.6219,0.4626,-0.0327,0.0998,-1.2,-3.62,3.82,100.0,0,0,0
2.76,0.6,0.0,0.0,1.2075,-0.0732,0.622,0.4658,-0.0585,0.0969,-1.2,-3.58,3.78,100.0,0,0,0
2.78,0.6,0.0,0.0,1.2168,-0.0753,0.6217,0.4701,-0.0843,0.0928,-1.15,-3.55,3.73,100.0,0,0,0
2.8,0.6,0.0,0.0,1.2262,-0.0779,0.6211,0.4725,-0.1117,0.0818,-1.07,-3.51,3.67,100.0,0,0,0
2.82,0.6,0.0,0.0,1.2357,-0.0811,0.6198,0.4757,-0.1423,0.0705,-0.95,-3.48,3.61,100.0,0,0,0
2.84,0.6,0.0,0.0,1.245,-0.085,0.618,0.4657,-0.174,0.0385,-0.77,-3.44,3.53,100.0,0,0,0
2.86,0.6,0.0,0.0,1.2543,-0.0893,0.6159,0.4675,-0.2021,-0.0835,-0.45,-3.43,3.46,100.0,0,0,0
2.88,0.6,0.0,0.0,1.2635,-0.0941,0.6138,0.473,-0.22,-0.2338,0.1,-3.5,3.5,100.0,0,0,0
2.9,0.6,0.0,0.0,1.2733,-0.0991,0.6131,0.5179,-0.2272,0.1085,0.65,-3.72,3.77,100.0,0,0,0
2.92,0.6,0.0,0.0,1.2832,-0.1039,0.6141,0.512,-0.2036,0.061,1.08,-3.93,4.07,100.0,1,0,0
2.94,0.6,0.0,0.0,1.2928,-0.1082,0.6164,0.4865,-0.1799,-0.1474,1.33,-4.02,4.24,100.0,0,0,0
2.96,0.6,0.0,0.0,1.3019,-0.1117,0.6188,0.4679,-0.1311,-0.1795,1.51,-4.0,4.27,100.0,0,0,0
2.98,0.6,0.0,0.0,1.3109,-0.1143,0.6209,0.4599,-0.0926,-0.1848,1.64,-3.92,4.25,100.0,0,0,0
3.0,0.6,0.0,0.0,1.32,-0.1162,0.6224,0.4621,-0.0536,-0.165,1.73,-3.85,4.22,100.0,0,0,0
3.02,0.6,0.0,0.0,1.3292,-0.1174,0.6234,0.4676,-0.0167,-0.1444,1.78,-3.78,4.18,100.0,0,0,0
3.04,0.6,0.0,0.0,1.3386,-0.1179,0.6238,0.475,0.021,-0.1157,1.79,-3.73,4.14,100.0,0,0,0
3.06,0.6,0.0,0.0,1.3484,-0.1176,0.6238,0.4839,0.058,-0.0966,1.75,-3.69,4.09,100.0,0,0,0
3.08,0.6,0.0,0.0,1.3583,-0.1166,0.6231,0.4906,0.0913,-0.0888,1.68,-3.66,4.03,100.0,0,0,0
3.1,0.6,0.0,0.0,1.3685,-0.115,0.6219,0.4951,0.1217,-0.0858,1.55,-3.64,3.95,100.0,0,0,0
3.12,0.6,0.0,0.0,1.3786,-0.1129,0.6199,0.4901,0.1449,-0.0626,1.36,-3.6,3.85,100.0,0,0,0
3.14,0.6,0.0,0.0,1.3886,-0.1106,0.6171,0.4781,0.1541,0.0819,0.98,-3.56,3.69,100.0,0,0,0
3.16,0.6,0.0,0.0,1.3987,-0.1083,0.6138,0.5019,0.1462,0.123,0.32,-3.59,3.6,100.0,0,0,0
3.18,0.6,0.0,0.0,1.4094,-0.1063,0.6126,0.5429,0.1372,-0.2731,-0.24,-3.79,3.8,100.0,1,0,0
3.2,0.6,0.0,0.0,1.4201,-0.1045,0.614,0.5179,0.1294,-0.0332,-0.55,-3.95,3.99,100.0,1,0,0
3.22,0.6,0.0,0.0,1.43,-0.1032,0.6164,0.4903,0.0879,0.0921,-0.74,-3.97,4.04,100.0,0,0,0
3.24,0.6,0.0,0.0,1.4395,-0.1026,0.6187,0.4702,0.0544,0.1213,-0.9,-3.91,4.01,100.0,1,0,0
3.26,0.6,0.0,0.0,1.4487,-0.1026,0.6203,0.4613,0.0241,0.1131,-1.03,-3.83,3.96,100.0,0,0,0
3.28,0.6,0.0,0.0,1.4578,-0.1032,0.6213,0.4589,-0.0028,0.1023,-1.12,-3.75,3.92,100.0,0,0,0
3.3,0.6,0.0,0.0,1.4669,-0.1043,0.6219,0.461,-0.0293,0.0987,-1.17,-3.69,3.88,100.0,0,0,0
3.32,0.6,0.0,0.0,1.4761,-0.1059,0.6221,0.4642,-0.0549,0.0962,-1.18,-3.65,3.84,100.0,0,0,0
3.34,0.6,0.0,0.0,1.4854,-0.108,0.622,0.4684,-0.0805,0.0935,-1.14,-3.61,3.79,100.0,0,0,0
3.36,0.6,0.0,0.0,1.4948,-0.1106,0.6214,0.4717,-0.1071,0.0774,-1.07,-3.58,3.74,100.0,0,0,0
3.38,0.6,0.0,0.0,1.5042,-0.1138,0.6203,0.4751,-0.1366,0.0727,-0.96,-3.55,3.68,100.0,0,0,0
3.4,0.6,0.0,0.0,1.5135,-0.1176,0.6186,0.4695,-0.1685,0.0563,-0.8,-3.51,3.6,100.0,0,0,0
3.42,0.6,0.0,0.0,1.5228,-0.122,0.6166,0.4654,-0.1994,-0.0398,-0.52,-3.49,3.53,100.0,0,0,0
3.44,0.6,0.0,0.0,1.5319,-0.1268,0.6147,0.4685,-0.219,-0.226,-0.0,-3.53,3.53,100.0,0,0,0
3.46,0.6,0.0,0.0,1.5414,-0.132,0.6134,0.5081,-0.2307,0.0483,0.59,-3.69,3.74,100.0,0,0,0
3.48,0.6,0.0,0.0,1.5513,-0.137,0.6139,0.5165,-0.2088,0.1515,1.04,-3.92,4.06,100.0,1,0,0
3.5,0.6,0.0,0.0,1.5609,-0.1416,0.6159,0.4922,-0.1933,-0.1264,1.32,-4.06,4.27,100.0,0,0,0
3.52,0.6,0.0,0.0,1.5701,-0.1454,0.6183,0.4723,-0.1419,-0.1698,1.49,-4.07,4.33,100.0,0,0,0
3.54,0.6,0.0,0.0,1.5791,-0.1484,0.6205,0.4609,-0.1024,-0.1862,1.61,-4.01,4.32,100.0,0,0,0
3.56,0.6,0.0,0.0,1.5881,-0.1506,0.6222,0.4615,-0.0623,-0.169,1.71,-3.93,4.29,100.0,0,0,0
3.58,0.6,0.0,0.0,1.5972,-0.152,0.6233,0.4663,-0.0251,-0.148,1.76,-3.87,4.25,100.0,0,0,0
3.6,0.6,0.0,0.0,1.6066,-0.1527,0.6238,0.4735,0.0127,-0.1209,1.78,-3.81,4.2,100.0,0,0,0
3.62,0.6,0.0,0.0,1.6163,-0.1527,0.6239,0.4823,0.0499,-0.0997,1.75,-3.77,4.16,100.0,0,0,0
3.64,0.6,0.0,0.0,1.6262,-0.1519,0.6234,0.4899,0.0851,-0.085,1.69,-3.74,4.1,100.0,0,0,0
3.66,0.6,0.0,0.0,1.6363,-0.1506,0.6223,0.4949,0.1159,-0.0858,1.57,-3.71,4.03,100.0,0,0,0
3.68,0.6,0.0,0.0,1.6466,-0.1487,0.6204,0.4933,0.1416,-0.0682,1.4,-3.68,3.94,100.0,0,0,0
3.7,0.6,0.0,0.0,1.6566,-0.1464,0.6178,0.478,0.1534,0.0096,1.08,-3.62,3.78,100.0,0,0,0
3.72,0.6,0.0,0.0,1.6666,-0.1442,0.6145,0.4842,0.1518,0.2684,0.47,-3.63,3.66,100.0,0,0,0
3.74,0.6,0.0,0.0,1.6773,-0.1423,0.6126,0.5381,0.1416,-0.2594,-0.13,-3.8,3.8,100.0,1,0,0
3.76,0.6,0.0,0.0,1.6881,-0.1406,0.6135,0.5293,0.1296,-0.1128,-0.48,-3.98,4.01,100.0,1,0,0
3.78,0.6,0.0,0.0,1.6982,-0.1393,0.6159,0.4953,0.0953,0.0703,-0.69,-4.03,4.09,100.0,0,0,0
3.8,0.6,0.0,0.0,1.7078,-0.1387,0.6183,0.4741,0.0589,0.117,-0.86,-3.97,4.06,100.0,0,0,0
3.82,0.6,0.0,0.0,1.717,-0.1388,0.6201,0.4622,0.0286,0.112,-1.0,-3.88,4.0,100.0,0,0,0
3.84,0.6,0.0,0.0,1.7261,-0.1393,0.6213,0.4587,0.0013,0.1022,-1.1,-3.79,3.95,100.0,0,0,0
3.86,0.6,0.0,0.0,1.7352,-0.1404,0.622,0.4598,-0.0251,0.0979,-1.16,-3.72,3.9,100.0,0,0,0
3.88,0.6,0.0,0.0,1.7443,-0.1421,0.6222,0.463,-0.0504,0.0961,-1.18,-3.67,3.86,100.0,0,0,0
3.9,0.6,0.0,0.0,1.7536,-0.1442,0.6222,0.4672,-0.0759,0.0946,-1.15,-3.63,3.81,100.0,0,0,0
3.92,0.6,0.0,0.0,1.7629,-0.1468,0.6217,0.4703,-0.102,0.0829,-1.09,-3.6,3.76,100.0,0,0,0
3.94,0.6,0.0,0.0,1.7722,-0.15,0.6207,0.4739,-0.1304,0.073,-0.99,-3.57,3.7,100.0,0,0,0
3.96,0.6,0.0,0.0,1.7816,-0.1538,0.6192,0.472,-0.1618,0.0667,-0.84,-3.53,3.63,100.0,0,0,0
3.98,0.6,0.0,0.0,1.7907,-0.1582,0.6172,0.4634,-0.193,-0.0016,-0.61,-3.51,3.56,100.0,0,0,0
4.0,0.6,0.0,0.0,1.7998,-0.1631,0.6152,0.4671,-0.2135,-0.1659,-0.16,-3.53,3.53,100.0,0,0,0
4.02,0.6,0.0,0.0,1.8091,-0.1682,0.6134,0.4971,-0.2283,-0.0552,0.46,-3.66,3.69,100.0,0,0,0
4.04,0.6,0.0,0.0,1.8188,-0.1735,0.6136,0.5168,-0.2207,0.1167,0.95,-3.9,4.01,100.0,0,0,0
4.06,0.6,0.0,0.0,1.8284,-0.1784,0.6155,0.4939,-0.2021,-0.1152,1.26,-4.06,4.25,100.0,0,0,0
4.08,0.6,0.0,0.0,1.8375,-0.1826,0.6181,0.4735,-0.1532,-0.1641,1.46,-4.09,4.34,100.0,0,0,0
4.1,0.6,0.0,0.0,1.8465,-0.1859,0.6203,0.461,-0.1135,-0.1834,1.61,-4.04,4.35,100.0,0,0,0
4.12,0.6,0.0,0.0,1.8554,-0.1884,0.622,0.4607,-0.0742,-0.1701,1.73,-3.98,4.33,100.0,0,0,0
4.14,0.6,0.0,0.0,1.8645,-0.1902,0.6232,0.4649,-0.0372,-0.1505,1.79,-3.92,4.31,100.0,0,0,0
4.16,0.6,0.0,0.0,1.8738,-0.1913,0.6239,0.4718,0.0004,-0.1264,1.82,-3.86,4.27,100.0,0,0,0
4.18,0.6,0.0,0.0,1.8834,-0.1916,0.6241,0.4796,0.0377,-0.1015,1.8,-3.81,4.22,100.0,0,0,0
4.2,0.6,0.0,0.0,1.8933,-0.1912,0.6237,0.4883,0.074,-0.0876,1.75,-3.78,4.16,100.0,0,0,0
4.22,0.6,0.0,0.0,1.9034,-0.1902,0.6227,0.4942,0.1066,-0.0869,1.66,-3.74,4.09,100.0,0,0,0
4.24,0.6,0.0,0.0,1.9136,-0.1886,0.6211,0.4956,0.1343,-0.077,1.51,-3.71,4.01,100.0,0,0,0
4.26,0.6,0.0,0.0,1.9237,-0.1866,0.6187,0.4836,0.151,-0.0378,1.25,-3.66,3.86,100.0,0,0,0
4.28,0.6,0.0,0.0,1.9338,-0.1845,0.6157,0.4825,0.1526,0.2039,0.73,-3.64,3.71,100.0,0,0,0
4.3,0.6,0.0,0.0,1.9443,-0.1826,0.613,0.5276,0.1434,-0.1454,0.07,-3.74,3.74,100.0,1,0,0
4.32,0.6,0.0,0.0,1.9552,-0.181,0.6132,0.5374,0.1336,-0.1858,-0.37,-3.93,3.95,100.0,1,0,0
4.34,0.6,0.0,0.0,1.9655,-0.1797,0.6153,0.504,0.109,0.0451,-0.62,-4.02,4.07,100.0,1,0,0
4.36,0.6,0.0,0.0,1.9752,-0.179,0.6177,0.481,0.0701,0.1111,-0.8,-3.99,4.07,100.0,0,0,0
4.38,0.6,0.0,0.0,1.9846,-0.179,0.6197,0.4681,0.0385,0.113,-0.94,-3.91,4.02,100.0,0,0,0
4.4,0.6,0.0,0.0,1.9938,-0.1795,0.621,0.4604,0.0108,0.1122,-1.05,-3.82,3.97,100.0,0,0,0
4.42,0.6,0.0,0.0,2.0029,-0.1805,0.6217,0.461,-0.0154,0.1007,-1.13,-3.75,3.92,100.0,0,0,0
4.44,0.6,0.0,0.0,2.0121,-0.1821,0.6221,0.464,-0.0412,0.0978,-1.15,-3.7,3.87,100.0,0,0,0
4.46,0.6,0.0,0.0,2.0213,-0.1841,0.6221,0.4674,-0.0671,0.0961,-1.14,-3.66,3.83,100.0,0,0,0
4.48,0.6,0.0,0.0,2.0306,-0.1867,0.6218,0.4713,-0.0929,0.0911,-1.09,-3.62,3.78,100.0,0,0,0
4.5,0.6,0.0,0.0,2.0399,-0.1898,0.621,0.4746,-0.1208,0.0745,-1.0,-3.59,3.72,100.0,0,0,0
4.52,0.6,0.0,0.0,2.0493,-0.1936,0.6196,0.4753,-0.1517,0.0733,-0.87,-3.55,3.66,100.0,0,0,0
4.54,0.6,0.0,0.0,2.0584,-0.1979,0.6176,0.463,-0.183,0.0389,-0.67,-3.51,3.58,100.0,0,0,0
4.56,0.6,0.0,0.0,2.0675,-0.2027,0.6155,0.4678,-0.208,-0.117,-0.3,-3.52,3.53,100.0,0,0,0
4.58,0.6,0.0,0.0,2.0766,-0.2079,0.6134,0.4854,-0.2202,-0.0877,0.29,-3.62,3.63,100.0,0,0,0
4.6,0.6,0.0,0.0,2.0863,-0.2132,0.6131,0.5195,-0.2261,0.1212,0.8,-3.86,3.94,100.0,0,0,0
4.62,0.6,0.0,0.0,2.0959,-0.2183,0.6147,0.5021,-0.206,-0.0581,1.17,-4.06,4.23,100.0,0,0,0
4.64,0.6,0.0,0.0,2.1051,-0.2227,0.6173,0.4766,-0.1647,-0.1581,1.41,-4.12,4.35,100.0,0,0,0
4.66,0.6,0.0,0.0,2.114,-0.2263,0.6197,0.4613,-0.1221,-0.1822,1.58,-4.07,4.37,100.0,0,0,0
4.68,0.6,0.0,0.0,2.1229,-0.2291,0.6216,0.458,-0.0834,-0.1754,1.71,-4.0,4.35,100.0,0,0,0
4.7,0.6,0.0,0.0,2.1318,-0.2312,0.6229,0.4615,-0.0463,-0.1557,1.8,-3.93,4.32,100.0,0,0,0
4.72,0.6,0.0,0.0,2.141,-0.2325,0.6237,0.4677,-0.0094,-0.1339,1.84,-3.87,4.28,100.0,0,0,0
4.74,0.6,0.0,0.0,2.1505,-0.2331,0.6241,0.4753,0.0279,-0.107,1.84,-3.81,4.23,100.0,0,0,0
4.76,0.6,0.0,0.0,2.1603,-0.233,0.6238,0.4842,0.0647,-0.091,1.8,-3.77,4.18,100.0,0,0,0
4.78,0.6,0.0,0.0,2.1703,-0.2323,0.6231,0.4906,0.0975,-0.0876,1.71,-3.74,4.11,100.0,0,0,0
4.8,0.6,0.0,0.0,2.1805,-0.2309,0.6216,0.494,0.1268,-0.0834,1.58,-3.71,4.03,100.0,0,0,0
4.82,0.6,0.0,0.0,2.1906,-0.2291,0.6194,0.4858,0.1471,-0.0542,1.36,-3.66,3.91,100.0,0,0,0
4.84,0.6,0.0,0.0,2.2007,-0.2271,0.6166,0.4777,0.1534,0.1461,0.92,-3.63,3.74,100.0,0,0,0
4.86,0.6,0.0,0.0,2.2109,-0.2252,0.6134,0.5137,0.1443,-0.0059,0.25,-3.68,3.69,100.0,0,0,0
4.88,0.6,0.0,0.0,2.2217,-0.2237,0.6128,0.5389,0.1359,-0.2249,-0.27,-3.88,3.88,100.0,1,0,0
4.9,0.6,0.0,0.0,2.2322,-0.2223,0.6146,0.5091,0.1203,0.0198,-0.55,-3.99,4.03,100.0,1,0,0
4.92,0.6,0.0,0.0,2.2421,-0.2215,0.617,0.4843,0.0799,0.1055,-0.74,-3.99,4.06,100.0,0,0,0
4.94,0.6,0.0,0.0,2.2514,-0.2214,0.6191,0.4674,0.0479,0.1208,-0.9,-3.92,4.02,100.0,0,0,0
4.96,0.6,0.0,0.0,2.2606,-0.2218,0.6205,0.4605,0.0184,0.1105,-1.02,-3.84,3.97,100.0,0,0,0
4.98,0.6,0.0,0.0,2.2697,-0.2227,0.6214,0.4595,-0.0084,0.101,-1.1,-3.76,3.92,100.0,0,0,0
5.0,0.6,0.0,0.0,2.2788,-0.2242,0.6219,0.4621,-0.0348,0.0983,-1.14,-3.71,3.88,100.0,0,0,0
5.02,0.6,0.0,0.0,2.288,-0.2263,0.622,0.4654,-0.0607,0.0962,-1.13,-3.67,3.84,100.0,0,0,0
5.04,0.6,0.0,0.0,2.2972,-0.2288,0.6218,0.4697,-0.0866,0.0927,-1.09,-3.63,3.79,100.0,0,0,0
5.06,0.6,0.0,0.0,2.3065,-0.2319,0.6211,0.4719,-0.114,0.083,-1.01,-3.6,3.73,100.0,0,0,0
5.08,0.6,0.0,0.0,2.3158,-0.2355,0.6199,0.475,-0.1444,0.0717,-0.89,-3.57,3.68,100.0,0,0,0
5.1,0.6,0.0,0.0,2.325,-0.2398,0.618,0.4648,-0.176,0.0392,-0.71,-3.53,3.6,100.0,0,0,0
5.12,0.6,0.0,0.0,2.334,-0.2446,0.6159,0.4667,-0.2041,-0.0826,-0.39,-3.52,3.54,100.0,0,0,0
5.14,0.6,0.0,0.0,2.343,-0.2498,0.6139,0.4724,-0.222,-0.2334,0.16,-3.59,3.6,100.0,0,0,0
5.16,0.6,0.0,0.0,2.3526,-0.2552,0.6131,0.5183,-0.2289,0.1137,0.71,-3.82,3.88,100.0,0,0,0
5.18,0.6,0.0,0.0,2.3623,-0.2604,0.6144,0.5082,-0.2085,0.009,1.12,-4.04,4.19,100.0,1,0,0
5.2,0.6,0.0,0.0,2.3715,-0.2651,0.6168,0.4822,-0.1769,-0.1499,1.37,-4.13,4.35,100.0,0,0,0
5.22,0.6,0.0,0.0,2.3804,-0.269,0.6192,0.4643,-0.1314,-0.1775,1.55,-4.1,4.39,100.0,0,0,0
5.24,0.6,0.0,0.0,2.3892,-0.2721,0.6212,0.4581,-0.093,-0.1784,1.69,-4.04,4.37,100.0,0,0,0
5.26,0.6,0.0,0.0,2.3982,-0.2744,0.6227,0.4607,-0.055,-0.1596,1.78,-3.97,4.35,100.0,0,0,0
5.28,0.6,0.0,0.0,2.4073,-0.276,0.6236,0.4663,-0.0181,-0.1404,1.82,-3.91,4.31,100.0,0,0,0
5.3,0.6,0.0,0.0,2.4167,-0.2769,0.624,0.4737,0.0195,-0.1122,1.83,-3.86,4.27,100.0,0,0,0
5.32,0.6,0.0,0.0,2.4264,-0.277,0.6239,0.4826,0.0565,-0.0945,1.79,-3.82,4.22,100.0,0,0,0
5.34,0.6,0.0,0.0,2.4364,-0.2765,0.6233,0.4896,0.0906,-0.0857,1.72,-3.78,4.16,100.0,0,0,0
5.36,0.6,0.0,0.0,2.4465,-0.2754,0.622,0.4941,0.1209,-0.0851,1.6,-3.76,4.08,100.0,0,0,0
5.38,0.6,0.0,0.0,2.4568,-0.2737,0.62,0.4892,0.1442,-0.0625,1.4,-3.71,3.97,100.0,0,0,0
5.4,0.6,0.0,0.0,2.4668,-0.2718,0.6173,0.4764,0.1534,0.0766,1.03,-3.66,3.8,100.0,0,0,0
5.42,0.6,0.0,0.0,2.4769,-0.2699,0.6139,0.4998,0.1457,0.1251,0.37,-3.68,3.7,100.0,0,0,0
5.44,0.6,0.0,0.0,2.4878,-0.2684,0.6127,0.5409,0.1368,-0.2686,-0.18,-3.87,3.87,100.0,1,0,0
5.46,0.6,0.0,0.0,2.4984,-0.2671,0.6141,0.5173,0.1272,-0.0343,-0.49,-4.01,4.04,100.0,1,0,0
5.48,0.6,0.0,0.0,2.5084,-0.2663,0.6165,0.4905,0.0861,0.0888,-0.68,-4.03,4.09,100.0,0,0,0
5.5,0.6,0.0,0.0,2.5179,-0.2661,0.6187,0.4708,0.0527,0.1183,-0.85,-3.96,4.05,100.0,0,0,0
5.52,0.6,0.0,0.0,2.5271,-0.2666,0.6203,0.4622,0.0227,0.1113,-0.98,-3.88,4.0,100.0,0,0,0
5.54,0.6,0.0,0.0,2.5362,-0.2675,0.6214,0.4598,-0.0044,0.1007,-1.07,-3.8,3.94,100.0,0,0,0
5.56,0.6,0.0,0.0,2.5453,-0.269,0.6219,0.4619,-0.031,0.0973,-1.12,-3.73,3.9,100.0,0,0,0
5.58,0.6,0.0,0.0,2.5544,-0.2711,0.6221,0.4651,-0.0566,0.0957,-1.12,-3.69,3.85,100.0,0,0,0
5.6,0.6,0.0,0.0,2.5636,-0.2736,0.622,0.4693,-0.0823,0.0936,-1.09,-3.65,3.81,100.0,0,0,0
5.62,0.6,0.0,0.0,2.5729,-0.2767,0.6214,0.4724,-0.1088,0.079,-1.02,-3.61,3.75,100.0,0,0,0
5.64,0.6,0.0,0.0,2.5822,-0.2803,0.6203,0.4756,-0.1382,0.074,-0.91,-3.59,3.7,100.0,0,0,0
5.66,0.6,0.0,0.0,2.5913,-0.2845,0.6186,0.47,-0.17,0.0584,-0.75,-3.55,3.62,100.0,0,0,0
5.68,0.6,0.0,0.0,2.6004,-0.2894,0.6166,0.466,-0.201,-0.041,-0.47,-3.53,3.56,100.0,0,0,0
5.7,0.6,0.0,0.0,2.6093,-0.2946,0.6147,0.4696,-0.2206,-0.2285,0.05,-3.57,3.57,100.0,0,0,0
5.72,0.6,0.0,0.0,2.6186,-0.3001,0.6134,0.5098,-0.231,0.0618,0.65,-3.74,3.8,100.0,0,0,0
5.74,0.6,0.0,0.0,2.6283,-0.3056,0.6141,0.515,-0.2135,0.1012,1.1,-3.99,4.14,100.0,1,0,0
5.76,0.6,0.0,0.0,2.6376,-0.3106,0.6162,0.4889,-0.1899,-0.1296,1.36,-4.12,4.34,100.0,0,0,0
5.78,0.6,0.0,0.0,2.6466,-0.3148,0.6187,0.4693,-0.1418,-0.1693,1.54,-4.13,4.41,100.0,0,0,0
5.8,0.6,0.0,0.0,2.6554,-0.3181,0.6208,0.4598,-0.1027,-0.1807,1.67,-4.07,4.4,100.0,0,0,0
5.82,0.6,0.0,0.0,2.6643,-0.3207,0.6224,0.4611,-0.0637,-0.164,1.77,-4.01,4.38,100.0,0,0,0
5.84,0.6,0.0,0.0,2.6734,-0.3225,0.6234,0.4661,-0.0266,-0.1445,1.82,-3.95,4.35,100.0,0,0,0
5.86,0.6,0.0,0.0,2.6827,-0.3237,0.624,0.4732,0.0111,-0.1175,1.83,-3.89,4.3,100.0,0,0,0
5.88,0.6,0.0,0.0,2.6924,-0.3241,0.624,0.482,0.0482,-0.0976,1.81,-3.85,4.25,100.0,0,0,0
5.9,0.6,0.0,0.0,2.7023,-0.3238,0.6235,0.4896,0.0836,-0.0838,1.74,-3.82,4.2,100.0,0,0,0
5.92,0.6,0.0,0.0,2.7125,-0.3229,0.6224,0.4946,0.1146,-0.0847,1.63,-3.79,4.12,100.0,0,0,0
5.94,0.6,0.0,0.0,2.7228,-0.3215,0.6205,0.4931,0.1407,-0.0677,1.46,-3.75,4.02,100.0,0,0,0
5.96,0.6,0.0,0.0,2.7329,-0.3197,0.6179,0.4776,0.1525,0.0069,1.14,-3.69,3.86,100.0,0,0,0
5.98,0.6,0.0,0.0,2.743,-0.3178,0.6146,0.4835,0.1512,0.2679,0.54,-3.68,3.72,100.0,0,0,0
6.0,0.6,0.0,0.0,2.7537,-0.3164,0.6127,0.5366,0.1414,-0.2505,-0.05,-3.83,3.83,100.0,1,0,0
6.02,0.6,0.0,0.0,2.7645,-0.3152,0.6136,0.5291,0.128,-0.1092,-0.41,-4.01,4.03,100.0,1,0,0
6.04,0.6,0.0,0.0,2.7747,-0.3144,0.6159,0.4959,0.0936,0.0671,-0.62,-4.04,4.09,100.0,0,0,0
6.06,0.6,0.0,0.0,2.7843,-0.3142,0.6183,0.4752,0.0573,0.1137,-0.79,-3.98,4.06,100.0,0,0,0
6.08,0.6,0.0,0.0,2.7935,-0.3147,0.6201,0.4635,0.0271,0.1095,-0.93,-3.88,3.99,100.0,0,0,0
6.1,0.6,0.0,0.0,2.8026,-0.3157,0.6212,0.46,-0.0002,0.1003,-1.04,-3.79,3.93,100.0,0,0,0
6.12,0.6,0.0,0.0,2.8117,-0.3172,0.6219,0.4611,-0.0267,0.0965,-1.1,-3.72,3.88,100.0,0,0,0
6.14,0.6,0.0,0.0,2.8208,-0.3192,0.6222,0.4643,-0.0521,0.0955,-1.11,-3.67,3.83,100.0,0,0,0
6.16,0.6,0.0,0.0,2.8299,-0.3218,0.6221,0.4684,-0.0777,0.0947,-1.09,-3.63,3.79,100.0,0,0,0
6.18,0.6,0.0,0.0,2.8391,-0.3249,0.6216,0.4714,-0.1038,0.0847,-1.03,-3.59,3.74,100.0,0,0,0
6.2,0.6,0.0,0.0,2.8484,-0.3285,0.6207,0.4748,-0.1321,0.0745,-0.93,-3.56,3.68,100.0,0,0,0
6.22,0.6,0.0,0.0,2.8575,-0.3327,0.6192,0.4728,-0.1634,0.0686,-0.78,-3.53,3.62,100.0,0,0,0
6.24,0.6,0.0,0.0,2.8665,-0.3375,0.6172,0.4642,-0.1946,-0.001,-0.55,-3.51,3.55,100.0,0,0,0
6.26,0.6,0.0,0.0,2.8755,-0.3428,0.6151,0.469,-0.215,-0.1522,-0.11,-3.54,3.54,100.0,0,0,0
6.28,0.6,0.0,0.0,2.8845,-0.3483,0.6133,0.4988,-0.2288,-0.0426,0.52,-3.68,3.72,100.0,0,0,0
6.3,0.6,0.0,0.0,2.8941,-0.354,0.6135,0.5191,-0.2213,0.1315,1.02,-3.93,4.06,100.0,0,0,0
6.32,0.6,0.0,0.0,2.9034,-0.3594,0.6155,0.4947,-0.2047,-0.1201,1.32,-4.11,4.31,100.0,0,0,0
6.34,0.6,0.0,0.0,2.9124,-0.3639,0.6181,0.4729,-0.1549,-0.1685,1.52,-4.14,4.41,100.0,0,0,0
6.36,0.6,0.0,0.0,2.9212,-0.3677,0.6204,0.4599,-0.1154,-0.1878,1.68,-4.09,4.42,100.0,0,0,0
6.38,0.6,0.0,0.0,2.9299,-0.3706,0.6222,0.4594,-0.076,-0.1729,1.79,-4.03,4.41,100.0,0,0,0
6.4,0.6,0.0,0.0,2.9389,-0.3728,0.6234,0.4635,-0.0393,-0.1523,1.86,-3.96,4.38,100.0,0,0,0
6.42,0.6,0.0,0.0,2.9482,-0.3743,0.624,0.4703,-0.0018,-0.1272,1.89,-3.91,4.34,100.0,0,0,0
6.44,0.6,0.0,0.0,2.9577,-0.3751,0.6242,0.4782,0.0354,-0.1023,1.88,-3.86,4.29,100.0,0,0,0
6.46,0.6,0.0,0.0,2.9675,-0.3751,0.6238,0.4869,0.0726,-0.0867,1.83,-3.82,4.24,100.0,0,0,0
6.48,0.6,0.0,0.0,2.9776,-0.3746,0.6228,0.4931,0.1049,-0.0852,1.74,-3.79,4.17,100.0,0,0,0
6.5,0.6,0.0,0.0,2.9879,-0.3734,0.6212,0.4946,0.1329,-0.0759,1.59,-3.76,4.08,100.0,0,0,0
6.52,0.6,0.0,0.0,2.9981,-0.3718,0.6188,0.4828,0.15,-0.0409,1.34,-3.69,3.93,100.0,0,0,0
6.54,0.6,0.0,0.0,3.0083,-0.3701,0.6158,0.4813,0.1524,0.1986,0.83,-3.67,3.76,100.0,0,0,0
6.56,0.6,0.0,0.0,3.0187,-0.3687,0.6131,0.5251,0.1441,-0.1209,0.17,-3.75,3.75,100.0,1,0,0
6.58,0.6,0.0,0.0,3.0296,-0.3675,0.6132,0.5358,0.1328,-0.1726,-0.27,-3.93,3.94,100.0,1,0,0
6.6,0.6,0.0,0.0,3.04,-0.3667,0.6153,0.5037,0.1088,0.0438,-0.53,-4.0,4.04,100.0,1,0,0
6.62,0.6,0.0,0.0,3.0498,-0.3664,0.6176,0.4816,0.0701,0.108,-0.71,-3.97,4.03,100.0,0,0,0
6.64,0.6,0.0,0.0,3.0591,-0.3667,0.6195,0.4672,0.039,0.1117,-0.86,-3.89,3.98,100.0,0,0,0
6.66,0.6,0.0,0.0,3.0683,-0.3676,0.6208,0.462,0.0103,0.1025,-0.97,-3.8,3.92,100.0,0,0,0
6.68,0.6,0.0,0.0,3.0774,-0.369,0.6216,0.4619,-0.0164,0.0968,-1.04,-3.73,3.87,100.0,0,0,0
6.7,0.6,0.0,0.0,3.0865,-0.371,0.622,0.4647,-0.0423,0.0962,-1.07,-3.68,3.83,100.0,0,0,0
6.72,0.6,0.0,0.0,3.0956,-0.3734,0.622,0.4679,-0.0682,0.0951,-1.06,-3.63,3.79,100.0,0,0,0
6.74,0.6,0.0,0.0,3.1048,-0.3764,0.6217,0.472,-0.0941,0.0916,-1.01,-3.6,3.74,100.0,0,0,0
6.76,0.6,0.0,0.0,3.114,-0.38,0.6209,0.4751,-0.1218,0.0751,-0.92,-3.57,3.69,100.0,0,0,0
6.78,0.6,0.0,0.0,3.1232,-0.3841,0.6195,0.4759,-0.1525,0.0745,-0.8,-3.54,3.63,100.0,0,0,0
6.8,0.6,0.0,0.0,3.1322,-0.3888,0.6176,0.4637,-0.1838,0.0414,-0.6,-3.5,3.55,100.0,0,0,0
6.82,0.6,0.0,0.0,3.141,-0.394,0.6155,0.4686,-0.2089,-0.1142,-0.23,-3.51,3.52,100.0,0,0,0
6.84,0.6,0.0,0.0,3.1499,-0.3995,0.6134,0.4867,-0.2219,-0.0866,0.35,-3.62,3.63,100.0,0,0,0
6.86,0.6,0.0,0.0,3.1594,-0.4053,0.6131,0.521,-0.2268,0.1231,0.87,-3.87,3.97,100.0,0,0,0
6.88,0.6,0.0,0.0,3.1689,-0.4108,0.6147,0.5027,-0.2077,-0.0607,1.23,-4.08,4.26,100.0,0,0,0
6.9,0.6,0.0,0.0,3.1779,-0.4156,0.6173,0.4764,-0.1657,-0.1615,1.46,-4.14,4.39,100.0,0,0,0
6.92,0.6,0.0,0.0,3.1866,-0.4196,0.6197,0.4604,-0.1231,-0.1851,1.64,-4.1,4.41,100.0,0,0,0
6.94,0.6,0.0,0.0,3.1953,-0.4228,0.6216,0.4569,-0.0843,-0.1771,1.77,-4.02,4.39,100.0,0,0,0
6.96,0.6,0.0,0.0,3.2042,-0.4252,0.623,0.4603,-0.0472,-0.1565,1.85,-3.96,4.37,100.0,0,0,0
6.98,0.6,0.0,0.0,3.2133,-0.4269,0.6238,0.4665,-0.0103,-0.1339,1.9,-3.9,4.33,100.0,0,0,0
7.0,0.6,0.0,0.0,3.2227,-0.428,0.6241,0.4739,0.0268,-0.1068,1.9,-3.84,4.29,100.0,0,0,0
7.02,0.6,0.0,0.0,3.2324,-0.4283,0.6239,0.4828,0.0637,-0.0903,1.86,-3.8,4.23,100.0,0,0,0
7.04,0.6,0.0,0.0,3.2424,-0.428,0.6231,0.4893,0.0966,-0.0862,1.77,-3.77,4.17,100.0,0,0,0
7.06,0.6,0.0,0.0,3.2526,-0.4271,0.6217,0.4929,0.1262,-0.0813,1.64,-3.74,4.08,100.0,0,0,0
7.08,0.6,0.0,0.0,3.2628,-0.4257,0.6194,0.485,0.1467,-0.0534,1.43,-3.69,3.95,100.0,0,0,0
7.1,0.6,0.0,0.0,3.2729,-0.424,0.6166,0.4762,0.1534,0.1397,0.99,-3.64,3.77,100.0,0,0,0
7.12,0.6,0.0,0.0,3.2832,-0.4226,0.6135,0.512,0.1449,0.0147,0.32,-3.68,3.7,100.0,0,0,0
7.14,0.6,0.0,0.0,3.2941,-0.4215,0.6128,0.5372,0.1357,-0.2114,-0.19,-3.86,3.87,100.0,1,0,0
7.16,0.6,0.0,0.0,3.3046,-0.4205,0.6146,0.5088,0.1195,0.0203,-0.47,-3.97,4.0,100.0,1,0,0
7.18,0.6,0.0,0.0,3.3144,-0.4202,0.6169,0.4847,0.0791,0.1026,-0.67,-3.97,4.02,100.0,0,0,0
7.2,0.6,0.0,0.0,3.3238,-0.4204,0.619,0.468,0.047,0.1178,-0.82,-3.89,3.98,100.0,1,0,0
7.22,0.6,0.0,0.0,3.333,-0.4212,0.6204,0.4612,0.0174,0.1082,-0.94,-3.81,3.92,100.0,0,0,0
7.24,0.6,0.0,0.0,3.342,-0.4226,0.6213,0.4601,-0.0095,0.0991,-1.02,-3.74,3.87,100.0,0,0,0
7.26,0.6,0.0,0.0,3.3511,-0.4245,0.6218,0.4627,-0.0361,0.0969,-1.06,-3.68,3.83,100.0,0,0,0
7.28,0.6,0.0,0.0,3.3602,-0.4269,0.6219,0.466,-0.0621,0.0955,-1.06,-3.64,3.79,100.0,0,0,0
7.3,0.6,0.0,0.0,3.3693,-0.4298,0.6217,0.4702,-0.0881,0.0926,-1.02,-3.61,3.75,100.0,0,0,0
7.32,0.6,0.0,0.0,3.3785,-0.4333,0.621,0.4733,-0.1152,0.0763,-0.94,-3.57,3.69,100.0,0,0,0
7.34,0.6,0.0,0.0,3.3876,-0.4373,0.6198,0.4758,-0.1454,0.0746,-0.82,-3.55,3.64,100.0,0,0,0
7.36,0.6,0.0,0.0,3.3966,-0.442,0.618,0.4653,-0.1775,0.0449,-0.65,-3.51,3.57,100.0,0,0,0
7.38,0.6,0.0,0.0,3.4055,-0.4472,0.6159,0.4673,-0.2057,-0.0821,-0.33,-3.51,3.52,100.0,0,0,0
7.4,0.6,0.0,0.0,3.4143,-0.4528,0.6139,0.4734,-0.2235,-0.232,0.23,-3.59,3.6,100.0,0,0,0
7.42,0.6,0.0,0.0,3.4236,-0.4586,0.6132,0.5198,-0.2297,0.1201,0.78,-3.82,3.9,100.0,0,0,0
7.44,0.6,0.0,0.0,3.4331,-0.4642,0.6145,0.5096,-0.2078,0.0601,1.18,-4.06,4.23,100.0,1,0,0
7.46,0.6,0.0,0.0,3.4422,-0.4693,0.6169,0.4808,-0.1781,-0.1495,1.43,-4.15,4.39,100.0,0,0,0
7.48,0.6,0.0,0.0,3.4509,-0.4735,0.6193,0.4621,-0.1327,-0.1777,1.61,-4.13,4.43,100.0,0,0,0
7.5,0.6,0.0,0.0,3.4595,-0.4769,0.6213,0.4556,-0.0944,-0.1785,1.75,-4.06,4.42,100.0,0,0,0
7.52,0.6,0.0,0.0,3.4683,-0.4796,0.6228,0.4581,-0.0565,-0.1591,1.84,-3.99,4.39,100.0,0,0,0
7.54,0.6,0.0,0.0,3.4773,-0.4816,0.6237,0.4637,-0.0196,-0.1389,1.89,-3.93,4.36,100.0,0,0,0
7.56,0.6,0.0,0.0,3.4866,-0.4828,0.6241,0.4711,0.0179,-0.1107,1.89,-3.88,4.32,100.0,0,0,0
7.58,0.6,0.0,0.0,3.4963,-0.4834,0.624,0.4801,0.0548,-0.0929,1.86,-3.84,4.27,100.0,0,0,0
7.6,0.6,0.0,0.0,3.5062,-0.4833,0.6233,0.4876,0.0898,-0.0817,1.79,-3.81,4.21,100.0,0,0,0
7.62,0.6,0.0,0.0,3.5164,-0.4825,0.6221,0.4922,0.1199,-0.0826,1.67,-3.78,4.13,100.0,0,0,0
7.64,0.6,0.0,0.0,3.5266,-0.4813,0.6201,0.4877,0.1438,-0.0612,1.48,-3.73,4.02,100.0,0,0,0
7.66,0.6,0.0,0.0,3.5367,-0.4798,0.6173,0.4744,0.1536,0.0693,1.12,-3.67,3.84,100.0,0,0,0
7.68,0.6,0.0,0.0,3.5469,-0.4782,0.614,0.4979,0.1469,0.1371,0.48,-3.68,3.72,100.0,0,0,0
7.7,0.6,0.0,0.0,3.5577,-0.4771,0.6127,0.5372,0.1377,-0.2455,-0.08,-3.85,3.85,100.0,1,0,0
7.72,0.6,0.0,0.0,3.5683,-0.4762,0.6141,0.5158,0.1264,-0.0311,-0.4,-3.99,4.01,100.0,1,0,0
7.74,0.6,0.0,0.0,3.5783,-0.4758,0.6164,0.4898,0.0865,0.0859,-0.6,-4.0,4.05,100.0,0,0,0
7.76,0.6,0.0,0.0,3.5878,-0.476,0.6186,0.4707,0.0527,0.1144,-0.77,-3.93,4.01,100.0,1,0,0
7.78,0.6,0.0,0.0,3.597,-0.4768,0.6202,0.462,0.0226,0.108,-0.9,-3.85,3.95,100.0,0,0,0
7.8,0.6,0.0,0.0,3.606,-0.4781,0.6212,0.4597,-0.0047,0.0981,-0.99,-3.77,3.89,100.0,0,0,0
7.82,0.6,0.0,0.0,3.6151,-0.4799,0.6218,0.4617,-0.0314,0.095,-1.04,-3.71,3.85,100.0,0,0,0
7.84,0.6,0.0,0.0,3.6241,-0.4823,0.622,0.465,-0.0573,0.0942,-1.05,-3.66,3.81,100.0,0,0,0
7.86,0.6,0.0,0.0,3.6332,-0.4852,0.6219,0.4692,-0.083,0.0928,-1.01,-3.62,3.76,100.0,0,0,0
7.88,0.6,0.0,0.0,3.6423,-0.4886,0.6213,0.4722,-0.1096,0.0796,-0.94,-3.59,3.71,100.0,0,0,0
7.9,0.6,0.0,0.0,3.6515,-0.4926,0.6202,0.4754,-0.1388,0.0741,-0.84,-3.56,3.66,100.0,0,0,0
7.92,0.6,0.0,0.0,3.6605,-0.4972,0.6186,0.4702,-0.1705,0.0601,-0.68,-3.53,3.59,100.0,0,0,0
7.94,0.6,0.0,0.0,3.6693,-0.5024,0.6166,0.4657,-0.2015,-0.0371,-0.41,-3.51,3.54,100.0,0,0,0
7.96,0.6,0.0,0.0,3.678,-0.508,0.6147,0.4694,-0.2207,-0.223,0.11,-3.56,3.57,100.0,0,0,0
7.98,0.6,0.0,0.0,3.6871,-0.5139,0.6134,0.5101,-0.231,0.0638,0.71,-3.74,3.81,100.0,0,0,0
8.0,0.6,0.0,0.0,3.6966,-0.5197,0.6141,0.5151,-0.2145,0.105,1.16,-4.0,4.16,100.0,1,0,0
8.02,0.6,0.0,0.0,3.7057,-0.525,0.6162,0.4883,-0.1911,-0.1329,1.42,-4.14,4.38,100.0,0,0,0
8.04,0.6,0.0,0.0,3.7145,-0.5296,0.6187,0.4678,-0.1428,-0.1721,1.6,-4.15,4.45,100.0,0,0,0
8.06,0.6,0.0,0.0,3.7231,-0.5333,0.6208,0.458,-0.1036,-0.1827,1.73,-4.1,4.45,100.0,0,0,0
8.08,0.6,0.0,0.0,3.7318,-0.5362,0.6224,0.4592,-0.0646,-0.1651,1.82,-4.03,4.42,100.0,0,0,0
8.1,0.6,0.0,0.0,3.7408,-0.5384,0.6235,0.4641,-0.0276,-0.1449,1.88,-3.97,4.39,100.0,0,0,0
8.12,0.6,0.0,0.0,3.7501,-0.5399,0.624,0.4712,0.0101,-0.1171,1.89,-3.92,4.35,100.0,0,0,0
8.14,0.6,0.0,0.0,3.7597,-0.5407,0.6241,0.4801,0.0471,-0.0971,1.86,-3.88,4.3,100.0,0,0,0
8.16,0.6,0.0,0.0,3.7696,-0.5408,0.6235,0.4879,0.0833,-0.0813,1.8,-3.85,4.25,100.0,0,0,0
8.18,0.6,0.0,0.0,3.7797,-0.5403,0.6224,0.4932,0.1141,-0.0826,1.69,-3.81,4.17,100.0,0,0,0
8.2,0.6,0.0,0.0,3.7901,-0.5392,0.6206,0.4919,0.1404,-0.0663,1.52,-3.78,4.07,100.0,0,0,0
8.22,0.6,0.0,0.0,3.8002,-0.5378,0.6179,0.4765,0.1527,0.0025,1.21,-3.71,3.9,100.0,0,0,0
8.24,0.6,0.0,0.0,3.8103,-0.5364,0.6146,0.4817,0.1516,0.2644,0.62,-3.69,3.74,100.0,0,0,0
8.26,0.6,0.0,0.0,3.8211,-0.5353,0.6127,0.5336,0.1422,-0.2375,0.03,-3.83,3.83,100.0,1,0,0
8.28,0.6,0.0,0.0,3.8319,-0.5345,0.6136,0.5278,0.1275,-0.105,-0.34,-3.99,4.01,100.0,1,0,0
8.3,0.6,0.0,0.0,3.8421,-0.5341,0.6159,0.4953,0.0936,0.0645,-0.55,-4.02,4.06,100.0,0,0,0
8.32,0.6,0.0,0.0,3.8516,-0.5343,0.6182,0.4752,0.0572,0.1107,-0.73,-3.96,4.02,100.0,1,0,0
8.34,0.6,0.0,0.0,3.8609,-0.5351,0.6199,0.4635,0.0269,0.1068,-0.87,-3.86,3.96,100.0,0,0,0
8.36,0.6,0.0,0.0,3.8699,-0.5364,0.6211,0.46,-0.0005,0.0984,-0.97,-3.77,3.89,100.0,0,0,0
8.38,0.6,0.0,0.0,3.8789,-0.5383,0.6218,0.4611,-0.0271,0.0948,-1.03,-3.69,3.84,100.0,0,0,0
8.4,0.6,0.0,0.0,3.8879,-0.5407,0.6221,0.4643,-0.0527,0.0944,-1.05,-3.64,3.79,100.0,0,0,0
8.42,0.6,0.0,0.0,3.897,-0.5436,0.622,0.4685,-0.0785,0.0943,-1.03,-3.6,3.75,100.0,0,0,0
8.44,0.6,0.0,0.0,3.906,-0.547,0.6216,0.4714,-0.1046,0.0857,-0.97,-3.57,3.7,100.0,0,0,0
8.46,0.6,0.0,0.0,3.9151,-0.551,0.6206,0.4747,-0.1329,0.0753,-0.87,-3.54,3.65,100.0,0,0,0
8.48,0.6,0.0,0.0,3.9241,-0.5556,0.6191,0.4728,-0.1641,0.0689,-0.73,-3.51,3.59,100.0,0,0,0
8.5,0.6,0.0,0.0,3.933,-0.5607,0.6171,0.4643,-0.1952,0.0006,-0.49,-3.49,3.52,100.0,0,0,0
8.52,0.6,0.0,0.0,3.9417,-0.5663,0.6151,0.4693,-0.2156,-0.151,-0.05,-3.53,3.53,100.0,0,0,0
8.54,0.6,0.0,0.0,3.9505,-0.5723,0.6133,0.4996,-0.2292,-0.0403,0.57,-3.68,3.72,100.0,0,0,0
8.56,0.6,0.0,0.0,3.9599,-0.5783,0.6135,0.5198,-0.2218,0.1387,1.07,-3.94,4.08,100.0,0,0,0
8.58,0.6,0.0,0.0,3.969,-0.584,0.6155,0.4946,-0.2065,-0.1249,1.38,-4.12,4.35,100.0,0,0,0
8.6,0.6,0.0,0.0,3.9778,-0.589,0.6181,0.4717,-0.1559,-0.1722,1.57,-4.16,4.45,100.0,0,0,0
8.62,0.6,0.0,0.0,3.9863,-0.593,0.6204,0.4582,-0.1163,-0.191,1.72,-4.12,4.46,100.0,0,0,0
8.64,0.6,0.0,0.0,3.995,-0.5963,0.6222,0.4575,-0.0767,-0.1746,1.84,-4.05,4.45,100.0,0,0,0
8.66,0.6,0.0,0.0,4.0038,-0.5989,0.6234,0.4616,-0.04,-0.1531,1.91,-3.99,4.42,100.0,0,0,0
8.68,0.6,0.0,0.0,4.013,-0.6007,0.6241,0.4684,-0.0026,-0.127,1.94,-3.94,4.39,100.0,0,0,0
8.7,0.6,0.0,0.0,4.0224,-0.6019,0.6242,0.4764,0.0345,-0.1021,1.93,-3.89,4.34,100.0,0,0,0
8.72,0.6,0.0,0.0,4.0322,-0.6023,0.6238,0.485,0.0717,-0.0854,1.88,-3.85,4.29,100.0,0,0,0
8.74,0.6,0.0,0.0,4.0423,-0.6021,0.6229,0.4914,0.1042,-0.0834,1.79,-3.82,4.22,100.0,0,0,0
8.76,0.6,0.0,0.0,4.0526,-0.6014,0.6213,0.4931,0.1325,-0.074,1.64,-3.78,4.12,100.0,0,0,0
8.78,0.6,0.0,0.0,4.0628,-0.6002,0.6189,0.4816,0.1498,-0.0412,1.39,-3.72,3.97,100.0,0,0,0
8.8,0.6,0.0,0.0,4.073,-0.5988,0.6158,0.4794,0.1524,0.1938,0.89,-3.68,3.79,100.0,0,0,0
8.82,0.6,0.0,0.0,4.0834,-0.5977,0.6131,0.5226,0.1449,-0.0965,0.24,-3.75,3.76,100.0,0,0,0
8.84,0.6,0.0,0.0,4.0944,-0.5971,0.6131,0.5391,0.1293,-0.2036,-0.22,-3.93,3.93,100.0,1,0,0
8.86,0.6,0.0,0.0,4.1049,-0.5966,0.6149,0.5066,0.1131,0.0407,-0.48,-4.01,4.03,100.0,1,0,0
8.88,0.6,0.0,0.0,4.1147,-0.5966,0.6173,0.4838,0.0719,0.1141,-0.66,-3.97,4.02,100.0,0,0,0
8.9,0.6,0.0,0.0,4.1241,-0.5973,0.6193,0.4674,0.0402,0.1199,-0.81,-3.88,3.96,100.0,0,0,0
8.92,0.6,0.0,0.0,4.1332,-0.5985,0.6206,0.4617,0.0107,0.1089,-0.92,-3.78,3.89,100.0,0,0,0
8.94,0.6,0.0,0.0,4.1422,-0.6002,0.6215,0.4614,-0.0163,0.0985,-0.99,-3.71,3.84,100.0,0,0,0
8.96,0.6,0.0,0.0,4.1512,-0.6025,0.6219,0.4643,-0.0425,0.0966,-1.02,-3.65,3.79,100.0,0,0,0
8.98,0.6,0.0,0.0,4.1602,-0.6053,0.622,0.4676,-0.0684,0.0954,-1.02,-3.61,3.75,100.0,0,0,0
9.0,0.6,0.0,0.0,4.1693,-0.6087,0.6216,0.4717,-0.0943,0.0919,-0.97,-3.57,3.7,100.0,0,0,0
9.02,0.6,0.0,0.0,4.1783,-0.6125,0.6208,0.4748,-0.1219,0.0757,-0.88,-3.54,3.65,100.0,0,0,0
9.04,0.6,0.0,0.0,4.1874,-0.617,0.6195,0.4757,-0.1525,0.0752,-0.76,-3.52,3.6,100.0,0,0,0
9.06,0.6,0.0,0.0,4.1962,-0.622,0.6176,0.4634,-0.1838,0.0429,-0.57,-3.48,3.53,100.0,0,0,0
9.08,0.6,0.0,0.0,4.2048,-0.6276,0.6155,0.4684,-0.2088,-0.1114,-0.2,-3.5,3.5,100.0,0,0,0
9.1,0.6,0.0,0.0,4.2135,-0.6334,0.6135,0.4871,-0.2219,-0.0857,0.38,-3.61,3.63,100.0,0,0,0
9.12,0.6,0.0,0.0,4.2228,-0.6395,0.6132,0.521,-0.227,0.1199,0.9,-3.87,3.97,100.0,0,0,0
9.14,0.6,0.0,0.0,4.232,-0.6454,0.6148,0.5024,-0.2089,-0.0636,1.27,-4.09,4.28,100.0,0,0,0
9.16,0.6,0.0,0.0,4.2408,-0.6506,0.6173,0.4755,-0.1668,-0.1634,1.5,-4.15,4.41,100.0,0,0,0
9.18,0.6,0.0,0.0,4.2494,-0.6549,0.6197,0.459,-0.1239,-0.1861,1.67,-4.12,4.44,100.0,0,0,0
9.2,0.6,0.0,0.0,4.2579,-0.6584,0.6216,0.4553,-0.085,-0.1772,1.8,-4.05,4.43,100.0,0,0,0
9.22,0.6,0.0,0.0,4.2666,-0.6612,0.623,0.4586,-0.0479,-0.1561,1.88,-3.98,4.41,100.0,0,0,0
9.24,0.6,0.0,0.0,4.2756,-0.6633,0.6238,0.4647,-0.011,-0.1329,1.93,-3.93,4.37,100.0,0,0,0
9.26,0.6,0.0,0.0,4.285,-0.6646,0.6241,0.4722,0.0261,-0.1056,1.93,-3.88,4.33,100.0,0,0,0
9.28,0.6,0.0,0.0,4.2946,-0.6653,0.6239,0.4811,0.0629,-0.0888,1.89,-3.84,4.27,100.0,0,0,0
9.3,0.6,0.0,0.0,4.3046,-0.6654,0.6231,0.4882,0.0966,-0.0816,1.81,-3.8,4.21,100.0,0,0,0
9.32,0.6,0.0,0.0,4.3148,-0.6648,0.6217,0.4917,0.126,-0.0792,1.68,-3.77,4.13,100.0,0,0,0
9.34,0.6,0.0,0.0,4.3251,-0.6638,0.6195,0.4842,0.1469,-0.0521,1.47,-3.72,3.99,100.0,0,0,0
9.36,0.6,0.0,0.0,4.3352,-0.6626,0.6166,0.4747,0.1539,0.1325,1.04,-3.66,3.81,100.0,0,0,0
9.38,0.6,0.0,0.0,4.3455,-0.6614,0.6135,0.5102,0.146,0.022,0.38,-3.7,3.71,100.0,0,0,0
9.4,0.6,0.0,0.0,4.3563,-0.6607,0.6128,0.5352,0.1361,-0.2021,-0.13,-3.86,3.87,100.0,1,0,0
9.42,0.6,0.0,0.0,4.3669,-0.6602,0.6145,0.508,0.119,0.0204,-0.42,-3.96,3.99,100.0,1,0,0
9.44,0.6,0.0,0.0,4.3767,-0.6602,0.6169,0.4845,0.0788,0.1001,-0.61,-3.95,4.0,100.0,0,0,0
9.46,0.6,0.0,0.0,4.3861,-0.6608,0.6189,0.4681,0.0465,0.1154,-0.77,-3.88,3.95,100.0,1,0,0
9.48,0.6,0.0,0.0,4.3952,-0.662,0.6203,0.4613,0.0169,0.1063,-0.89,-3.79,3.9,100.0,0,0,0
9.5,0.6,0.0,0.0,4.4042,-0.6637,0.6212,0.4603,-0.0102,0.0977,-0.97,-3.72,3.84,100.0,0,0,0
9.52,0.6,0.0,0.0,4.4132,-0.6659,0.6217,0.463,-0.0369,0.0957,-1.01,-3.66,3.8,100.0,0,0,0
9.54,0.6,0.0,0.0,4.4222,-0.6687,0.6219,0.4662,-0.0631,0.0948,-1.01,-3.62,3.76,100.0,0,0,0
9.56,0.6,0.0,0.0,4.4312,-0.6719,0.6216,0.4704,-0.0891,0.0926,-0.97,-3.59,3.72,100.0,0,0,0
9.58,0.6,0.0,0.0,4.4402,-0.6758,0.6209,0.4734,-0.1162,0.0771,-0.89,-3.56,3.67,100.0,0,0,0
9.6,0.6,0.0,0.0,4.4492,-0.6802,0.6198,0.4759,-0.1463,0.0754,-0.77,-3.53,3.62,100.0,0,0,0
9.62,0.6,0.0,0.0,4.458,-0.6852,0.6179,0.4657,-0.1783,0.0476,-0.6,-3.5,3.55,100.0,0,0,0
9.64,0.6,0.0,0.0,4.4667,-0.6907,0.6159,0.4676,-0.2065,-0.0802,-0.28,-3.5,3.51,100.0,0,0,0
9.66,0.6,0.0,0.0,4.4753,-0.6966,0.6139,0.4741,-0.2243,-0.2307,0.27,-3.58,3.59,100.0,0,0,0
9.68,0.6,0.0,0.0,4.4844,-0.7028,0.6132,0.5209,-0.2303,0.1229,0.82,-3.83,3.92,100.0,0,0,0
9.7,0.6,0.0,0.0,4.4937,-0.7089,0.6144,0.5095,-0.2118,0.0159,1.24,-4.07,4.25,100.0,1,0,0
9.72,0.6,0.0,0.0,4.5026,-0.7143,0.6168,0.482,-0.1797,-0.1547,1.49,-4.17,4.43,100.0,0,0,0
9.74,0.6,0.0,0.0,4.5111,-0.7189,0.6193,0.4621,-0.1336,-0.1827,1.66,-4.16,4.47,100.0,0,0,0
9.76,0.6,0.0,0.0,4.5196,-0.7227,0.6213,0.4555,-0.095,-0.1821,1.79,-4.09,4.47,100.0,0,0,0
9.78,0.6,0.0,0.0,4.5283,-0.7257,0.6228,0.4579,-0.057,-0.1616,1.88,-4.02,4.44,100.0,0,0,0
9.8,0.6,0.0,0.0,4.5372,-0.728,0.6237,0.4634,-0.0203,-0.141,1.93,-3.97,4.41,100.0,0,0,0
9.82,0.6,0.0,0.0,4.5464,-0.7297,0.6242,0.4707,0.0171,-0.1118,1.94,-3.92,4.37,100.0,0,0,0
9.84,0.6,0.0,0.0,4.556,-0.7306,0.6241,0.4796,0.0539,-0.0934,1.91,-3.88,4.32,100.0,0,0,0
9.86,0.6,0.0,0.0,4.5659,-0.7309,0.6234,0.4871,0.089,-0.0814,1.84,-3.84,4.26,100.0,0,0,0
9.88,0.6,0.0,0.0,4.5761,-0.7306,0.6221,0.4918,0.1193,-0.0814,1.72,-3.81,4.18,100.0,0,0,0
9.9,0.6,0.0,0.0,4.5864,-0.7297,0.6201,0.4875,0.1434,-0.0602,1.53,-3.76,4.06,100.0,0,0,0
9.92,0.6,0.0,0.0,4.5965,-0.7286,0.6174,0.4736,0.1533,0.0637,1.17,-3.7,3.88,100.0,0,0,0
9.94,0.6,0.0,0.0,4.6067,-0.7274,0.614,0.4969,0.147,0.1389,0.54,-3.7,3.74,100.0,0,0,0
9.96,0.6,0.0,0.0,4.6175,-0.7267,0.6127,0.5356,0.1377,-0.2397,-0.02,-3.85,3.85,100.0,1,0,0
9.98,0.6,0.0,0.0,4.6282,-0.7263,0.614,0.5158,0.1244,-0.0335,-0.34,-3.98,3.99,100.0,1,0,0
10.0,0.6,0.0,0.0,4.6382,-0.7263,0.6163,0.4903,0.0855,0.0828,-0.54,-3.99,4.02,100.0,0,0,0
10.02,0.6,0.0,0.0,4.6477,-0.7269,0.6185,0.4715,0.0515,0.1115,-0.71,-3.92,3.98,100.0,1,0,0
10.04,0.6,0.0,0.0,4.6569,-0.728,0.6201,0.4627,0.0215,0.1059,-0.84,-3.82,3.91,100.0,0,0,0
10.06,0.6,0.0,0.0,4.6659,-0.7297,0.6211,0.4604,-0.0059,0.0967,-0.93,-3.74,3.85,100.0,0,0,0
10.08,0.6,0.0,0.0,4.6748,-0.7319,0.6217,0.4624,-0.0327,0.094,-0.98,-3.68,3.81,100.0,0,0,0
10.1,0.6,0.0,0.0,4.6838,-0.7347,0.6219,0.4656,-0.0587,0.0937,-0.99,-3.63,3.76,100.0,0,0,0
10.12,0.6,0.0,0.0,4.6927,-0.738,0.6218,0.4697,-0.0846,0.0929,-0.96,-3.6,3.72,100.0,0,0,0
10.14,0.6,0.0,0.0,4.7017,-0.7418,0.6212,0.4727,-0.1112,0.0809,-0.89,-3.56,3.67,100.0,0,0,0
10.16,0.6,0.0,0.0,4.7107,-0.7462,0.6202,0.4757,-0.1403,0.0752,-0.78,-3.54,3.62,100.0,0,0,0
10.18,0.6,0.0,0.0,4.7195,-0.7511,0.6185,0.4705,-0.172,0.0615,-0.63,-3.51,3.56,100.0,0,0,0
10.2,0.6,0.0,0.0,4.7282,-0.7567,0.6165,0.4663,-0.2029,-0.0371,-0.35,-3.5,3.51,100.0,0,0,0
10.22,0.6,0.0,0.0,4.7367,-0.7626,0.6148,0.4704,-0.2115,-0.0616,0.16,-3.56,3.56,100.0,0,0,0
10.24,0.6,0.0,0.0,4.7456,-0.7686,0.6133,0.5136,-0.2225,0.1431,0.75,-3.77,3.84,100.0,0,0,0
10.26,0.6,0.0,0.0,4.7549,-0.7746,0.6138,0.5155,-0.2113,0.1148,1.19,-4.04,4.21,100.0,1,0,0
10.28,0.6,0.0,0.0,4.7639,-0.7802,0.6159,0.4879,-0.1889,-0.1343,1.45,-4.19,4.44,100.0,0,0,0
10.3,0.6,0.0,0.0,4.7725,-0.785,0.6185,0.4649,-0.1396,-0.1762,1.62,-4.2,4.51,100.0,0,0,0
10.32,0.6,0.0,0.0,4.7809,-0.7889,0.6207,0.4548,-0.1002,-0.187,1.75,-4.15,4.5,100.0,0,0,0
10.34,0.6,0.0,0.0,4.7895,-0.7921,0.6223,0.4559,-0.061,-0.1675,1.84,-4.08,4.48,100.0,0,0,0
10.36,0.6,0.0,0.0,4.7983,-0.7945,0.6233,0.4609,-0.024,-0.1458,1.89,-4.02,4.44,100.0,0,0,0
10.38,0.6,0.0,0.0,4.8075,-0.7962,0.6239,0.4681,0.0136,-0.1157,1.9,-3.97,4.4,100.0,0,0,0
10.4,0.6,0.0,0.0,4.817,-0.7973,0.6239,0.477,0.0505,-0.096,1.87,-3.92,4.35,100.0,0,0,0
10.42,0.6,0.0,0.0,4.8269,-0.7977,0.6233,0.4847,0.0855,-0.0814,1.81,-3.89,4.29,100.0,0,0,0
10.44,0.6,0.0,0.0,4.837,-0.7975,0.6221,0.4897,0.1162,-0.0825,1.69,-3.86,4.21,100.0,0,0,0
10.46,0.6,0.0,0.0,4.8473,-0.7967,0.6203,0.4876,0.1412,-0.0636,1.51,-3.81,4.1,100.0,0,0,0
10.48,0.6,0.0,0.0,4.8574,-0.7956,0.6176,0.472,0.1524,0.0199,1.18,-3.74,3.92,100.0,0,0,0
10.5,0.6,0.0,0.0,4.8675,-0.7946,0.6143,0.493,0.1479,0.1423,0.58,-3.74,3.78,100.0,0,0,0
10.52,0.6,0.0,0.0,4.8783,-0.7939,0.6129,0.5304,0.138,-0.2063,0.03,-3.87,3.87,100.0,1,0,0
10.54,0.6,0.0,0.0,4.889,-0.7935,0.6137,0.5198,0.1256,-0.0488,-0.34,-4.0,4.01,100.0,1,0,0
10.56,0.6,0.0,0.0,4.899,-0.7935,0.616,0.4884,0.0914,0.0969,-0.56,-3.99,4.03,100.0,0,0,0
10.58,0.6,0.0,0.0,4.9085,-0.794,0.6181,0.4692,0.0554,0.1314,-0.74,-3.91,3.98,100.0,0,0,0
10.6,0.6,0.0,0.0,4.9176,-0.7951,0.6198,0.4585,0.0244,0.1206,-0.87,-3.8,3.89,100.0,0,0,0
10.62,0.6,0.0,0.0,4.9265,-0.7968,0.6209,0.4562,-0.0031,0.1046,-0.97,-3.7,3.82,100.0,0,0,0
10.64,0.6,0.0,0.0,4.9354,-0.799,0.6215,0.4583,-0.03,0.0983,-1.02,-3.62,3.77,100.0,0,0,0
10.66,0.6,0.0,0.0,4.9442,-0.8017,0.6217,0.462,-0.0561,0.0969,-1.03,-3.57,3.72,100.0,0,0,0
10.68,0.6,0.0,0.0,4.9531,-0.805,0.6215,0.4663,-0.0821,0.0951,-1.0,-3.53,3.67,100.0,0,0,0
10.7,0.6,0.0,0.0,4.962,-0.8088,0.621,0.4693,-0.1088,0.0834,-0.93,-3.5,3.62,100.0,0,0,0
10.72,0.6,0.0,0.0,4.9709,-0.8131,0.6199,0.4723,-0.138,0.0762,-0.82,-3.48,3.58,100.0,0,0,0
10.74,0.6,0.0,0.0,4.9797,-0.8181,0.6182,0.4675,-0.1699,0.0656,-0.67,-3.45,3.52,100.0,0,0,0
10.76,0.6,0.0,0.0,4.9882,-0.8236,0.6163,0.4641,-0.1995,-0.0388,-0.4,-3.45,3.47,100.0,0,0,0
10.78,0.6,0.0,0.0,4.9967,-0.8295,0.6143,0.4708,-0.2183,-0.192,0.1,-3.53,3.53,100.0,0,0,0
10.8,0.6,0.0,0.0,5.0056,-0.8358,0.613,0.5103,-0.2286,0.0525,0.71,-3.73,3.8,100.0,0,0,0
10.82,0.6,0.0,0.0,5.0148,-0.8419,0.6137,0.5144,-0.2162,0.0816,1.18,-4.0,4.17,100.0,1,0,0
10.84,0.6,0.0,0.0,5.0236,-0.8478,0.616,0.4867,-0.1936,-0.1447,1.45,-4.15,4.4,100.0,0,0,0
10.86,0.6,0.0,0.0,5.0321,-0.8527,0.6186,0.4644,-0.1452,-0.1816,1.64,-4.17,4.48,100.0,0,0,0
10.88,0.6,0.0,0.0,5.0405,-0.8568,0.6208,0.4543,-0.1062,-0.1896,1.78,-4.12,4.48,100.0,0,0,0
10.9,0.6,0.0,0.0,5.049,-0.8602,0.6224,0.4552,-0.0673,-0.1698,1.88,-4.06,4.47,100.0,0,0,0
10.92,0.6,0.0,0.0,5.0578,-0.8628,0.6235,0.4601,-0.0306,-0.148,1.94,-4.0,4.45,100.0,0,0,0
10.94,0.6,0.0,0.0,5.0669,-0.8648,0.6241,0.4672,0.0069,-0.1196,1.95,-3.95,4.41,100.0,0,0,0
10.96,0.6,0.0,0.0,5.0763,-0.866,0.6241,0.476,0.0438,-0.0985,1.93,-3.92,4.37,100.0,0,0,0
10.98,0.6,0.0,0.0,5.0861,-0.8666,0.6236,0.4839,0.08,-0.0814,1.87,-3.88,4.31,100.0,0,0,0
11.0,0.6,0.0,0.0,5.0962,-0.8666,0.6225,0.4895,0.1114,-0.0819,1.77,-3.85,4.24,100.0,0,0,0
11.02,0.6,0.0,0.0,5.1065,-0.866,0.6207,0.4888,0.138,-0.0656,1.6,-3.82,4.14,100.0,0,0,0
11.04,0.6,0.0,0.0,5.1166,-0.8651,0.6181,0.4737,0.1512,-0.0044,1.3,-3.74,3.96,100.0,0,0,0
11.06,0.6,0.0,0.0,5.1267,-0.8641,0.6148,0.477,0.1507,0.251,0.73,-3.72,3.79,100.0,0,0,0
11.08,0.6,0.0,0.0,5.1374,-0.8634,0.6128,0.5269,0.142,-0.2111,0.14,-3.83,3.83,100.0,1,0,0
11.1,0.6,0.0,0.0,5.1482,-0.8632,0.6134,0.53,0.1248,-0.1402,-0.26,-3.99,4.0,100.0,1,0,0
11.12,0.6,0.0,0.0,5.1585,-0.8632,0.6155,0.4954,0.0984,0.0625,-0.48,-4.02,4.05,100.0,0,0,0
11.14,0.6,0.0,0.0,5.168,-0.8638,0.6178,0.4749,0.0591,0.1166,-0.65,-3.95,4.0,100.0,0,0,0
11.16,0.6,0.0,0.0,5.1772,-0.865,0.6196,0.4613,0.0279,0.1121,-0.79,-3.84,3.92,100.0,0,0,0
11.18,0.6,0.0,0.0,5.1861,-0.8667,0.6208,0.4576,-0.0003,0.1008,-0.89,-3.74,3.85,100.0,0,0,0
11.2,0.6,0.0,0.0,5.195,-0.8689,0.6216,0.4586,-0.0272,0.0947,-0.95,-3.67,3.79,100.0,0,0,0
11.22,0.6,0.0,0.0,5.2038,-0.8717,0.6219,0.462,-0.053,0.0938,-0.97,-3.61,3.74,100.0,0,0,0
11.24,0.6,0.0,0.0,5.2127,-0.875,0.6219,0.4663,-0.0789,0.0934,-0.95,-3.58,3.7,100.0,0,0,0
11.26,0.6,0.0,0.0,5.2215,-0.8789,0.6214,0.4694,-0.1051,0.0856,-0.89,-3.54,3.66,100.0,0,0,0
11.28,0.6,0.0,0.0,5.2304,-0.8832,0.6205,0.4726,-0.1333,0.0745,-0.8,-3.52,3.61,100.0,0,0,0
11.3,0.6,0.0,0.0,5.2391,-0.8882,0.619,0.4712,-0.1644,0.0691,-0.66,-3.5,3.56,100.0,0,0,0
11.32,0.6,0.0,0.0,5.2477,-0.8937,0.6171,0.4625,-0.1956,0.0024,-0.43,-3.48,3.51,100.0,0,0,0
11.34,0.6,0.0,0.0,5.2561,-0.8997,0.615,0.4676,-0.2158,-0.1479,0.0,-3.53,3.53,100.0,0,0,0
11.36,0.6,0.0,0.0,5.2646,-0.906,0.6132,0.4986,-0.2292,-0.0371,0.62,-3.69,3.74,100.0,0,0,0
11.38,0.6,0.0,0.0,5.2737,-0.9124,0.6135,0.5187,-0.2217,0.1476,1.13,-3.96,4.12,100.0,0,0,0
11.4,0.6,0.0,0.0,5.2826,-0.9186,0.6155,0.493,-0.2079,-0.1285,1.43,-4.16,4.39,100.0,0,0,0
11.42,0.6,0.0,0.0,5.2911,-0.9239,0.6181,0.4688,-0.1566,-0.1753,1.62,-4.2,4.51,100.0,0,0,0
11.44,0.6,0.0,0.0,5.2994,-0.9284,0.6205,0.4548,-0.1169,-0.1936,1.77,-4.16,4.53,100.0,0,0,0
11.46,0.6,0.0,0.0,5.3078,-0.932,0.6222,0.4539,-0.0771,-0.1758,1.89,-4.1,4.51,100.0,0,0,0
11.48,0.6,0.0,0.0,5.3164,-0.935,0.6234,0.458,-0.0405,-0.1533,1.96,-4.04,4.49,100.0,0,0,0
11.5,0.6,0.0,0.0,5.3254,-0.9372,0.6241,0.4649,-0.0031,-0.1259,1.99,-3.99,4.46,100.0,0,0,0
11.52,0.6,0.0,0.0,5.3347,-0.9388,0.6243,0.473,0.0338,-0.1008,1.98,-3.95,4.41,100.0,0,0,0
11.54,0.6,0.0,0.0,5.3444,-0.9397,0.6239,0.4817,0.0709,-0.0833,1.93,-3.91,4.36,100.0,0,0,0
11.56,0.6,0.0,0.0,5.3544,-0.9399,0.6229,0.4888,0.1042,-0.0777,1.84,-3.88,4.29,100.0,0,0,0
11.58,0.6,0.0,0.0,5.3647,-0.9396,0.6213,0.4906,0.1324,-0.0714,1.7,-3.84,4.2,100.0,0,0,0
11.6,0.6,0.0,0.0,5.3749,-0.9388,0.6189,0.4795,0.1502,-0.0389,1.46,-3.77,4.04,100.0,0,0,0
11.62,0.6,0.0,0.0,5.3851,-0.9379,0.6159,0.4757,0.1532,0.1886,0.97,-3.73,3.85,100.0,0,0,0
11.64,0.6,0.0,0.0,5.3956,-0.9372,0.6132,0.5189,0.1465,-0.0834,0.33,-3.78,3.8,100.0,0,0,0
11.66,0.6,0.0,0.0,5.4065,-0.937,0.6131,0.5357,0.1293,-0.1944,-0.14,-3.94,3.95,100.0,1,0,0
11.68,0.6,0.0,0.0,5.4169,-0.937,0.6149,0.5043,0.1124,0.0394,-0.4,-4.01,4.03,100.0,1,0,0
11.7,0.6,0.0,0.0,5.4267,-0.9375,0.6172,0.4826,0.0717,0.11,-0.58,-3.97,4.02,100.0,0,0,0
11.72,0.6,0.0,0.0,5.436,-0.9385,0.6192,0.4666,0.0398,0.1156,-0.73,-3.88,3.95,100.0,0,0,0
11.74,0.6,0.0,0.0,5.445,-0.9401,0.6205,0.461,0.0103,0.1055,-0.84,-3.78,3.88,100.0,0,0,0
11.76,0.6,0.0,0.0,5.4539,-0.9423,0.6214,0.4607,-0.017,0.096,-0.92,-3.71,3.82,100.0,0,0,0
11.78,0.6,0.0,0.0,5.4628,-0.945,0.6218,0.4637,-0.0433,0.0945,-0.95,-3.65,3.77,100.0,0,0,0
11.8,0.6,0.0,0.0,5.4717,-0.9482,0.6219,0.467,-0.0694,0.094,-0.94,-3.61,3.73,100.0,0,0,0
11.82,0.6,0.0,0.0,5.4806,-0.952,0.6216,0.4712,-0.0954,0.0911,-0.9,-3.57,3.68,100.0,0,0,0
11.84,0.6,0.0,0.0,5.4894,-0.9562,0.6208,0.4742,-0.123,0.0757,-0.81,-3.55,3.64,100.0,0,0,0
11.86,0.6,0.0,0.0,5.4982,-0.9611,0.6195,0.4751,-0.1535,0.0738,-0.69,-3.52,3.59,100.0,0,0,0
11.88,0.6,0.0,0.0,5.5068,-0.9665,0.6176,0.4631,-0.1847,0.0439,-0.5,-3.49,3.52,100.0,0,0,0
11.9,0.6,0.0,0.0,5.5152,-0.9725,0.6155,0.4679,-0.2097,-0.1092,-0.14,-3.51,3.51,100.0,0,0,0
11.92,0.6,0.0,0.0,5.5236,-0.9787,0.6135,0.4872,-0.2226,-0.0842,0.44,-3.63,3.65,100.0,0,0,0
11.94,0.6,0.0,0.0,5.5326,-0.9852,0.6132,0.5215,-0.2275,0.124,0.96,-3.9,4.02,100.0,0,0,0
11.96,0.6,0.0,0.0,5.5416,-0.9915,0.6147,0.5024,-0.2106,-0.0654,1.33,-4.13,4.33,100.0,0,0,0
11.98,0.6,0.0,0.0,5.5501,-0.9971,0.6173,0.4744,-0.1679,-0.1681,1.56,-4.2,4.48,100.0,0,0,0
12.0,0.6,0.0,0.0,5.5584,-1.0018,0.6198,0.4569,-0.1248,-0.1902,1.73,-4.17,4.51,100.0,0,0,0
12.02,0.6,0.0,0.0,5.5667,-1.0057,0.6217,0.453,-0.0857,-0.1799,1.86,-4.1,4.5,100.0,0,0,0
12.04,0.6,0.0,0.0,5.5753,-1.0089,0.6231,0.4562,-0.0486,-0.1576,1.94,-4.03,4.48,100.0,0,0,0
12.06,0.6,0.0,0.0,5.5842,-1.0113,0.6239,0.4623,-0.0118,-0.1333,1.99,-3.98,4.45,100.0,0,0,0
12.08,0.6,0.0,0.0,5.5934,-1.0131,0.6242,0.4698,0.0252,-0.1054,1.99,-3.93,4.4,100.0,0,0,0
12.1,0.6,0.0,0.0,5.6029,-1.0143,0.624,0.4788,0.0619,-0.088,1.95,-3.89,4.35,100.0,0,0,0
12.12,0.6,0.0,0.0,5.6129,-1.0148,0.6232,0.486,0.0957,-0.0801,1.87,-3.85,4.28,100.0,0,0,0
12.14,0.6,0.0,0.0,5.623,-1.0147,0.6218,0.4898,0.1254,-0.0768,1.75,-3.82,4.2,100.0,0,0,0
12.16,0.6,0.0,0.0,5.6333,-1.0141,0.6196,0.4828,0.1466,-0.0508,1.53,-3.76,4.06,100.0,0,0,0
12.18,0.6,0.0,0.0,5.6434,-1.0133,0.6167,0.4723,0.1538,0.1239,1.12,-3.7,3.87,100.0,0,0,0
12.2,0.6,0.0,0.0,5.6537,-1.0126,0.6135,0.5076,0.1469,0.0318,0.47,-3.72,3.75,100.0,0,0,0
12.22,0.6,0.0,0.0,5.6646,-1.0123,0.6128,0.5358,0.132,-0.2269,-0.05,-3.88,3.88,100.0,1,0,0
12.24,0.6,0.0,0.0,5.6752,-1.0123,0.6142,0.5095,0.1229,0.0038,-0.35,-3.97,3.98,100.0,1,0,0
12.26,0.6,0.0,0.0,5.6851,-1.0127,0.6166,0.4871,0.0808,0.1033,-0.54,-3.95,3.99,100.0,0,0,0
12.28,0.6,0.0,0.0,5.6944,-1.0137,0.6186,0.4684,0.0474,0.121,-0.7,-3.87,3.93,100.0,1,0,0
12.3,0.6,0.0,0.0,5.7035,-1.0152,0.6202,0.4611,0.0168,0.112,-0.82,-3.78,3.86,100.0,0,0,0
12.32,0.6,0.0,0.0,5.7124,-1.0173,0.6211,0.4597,-0.0105,0.0987,-0.9,-3.69,3.8,100.0,0,0,0
12.34,0.6,0.0,0.0,5.7212,-1.02,0.6216,0.4625,-0.0376,0.0954,-0.94,-3.64,3.76,100.0,0,0,0
12.36,0.6,0.0,0.0,5.7301,-1.0231,0.6218,0.4659,-0.0639,0.0946,-0.94,-3.59,3.71,100.0,0,0,0
12.38,0.6,0.0,0.0,5.7389,-1.0268,0.6216,0.4701,-0.0899,0.0924,-0.91,-3.56,3.67,100.0,0,0,0
12.4,0.6,0.0,0.0,5.7478,-1.0311,0.6209,0.4731,-0.117,0.0778,-0.83,-3.53,3.62,100.0,0,0,0
12.42,0.6,0.0,0.0,5.7566,-1.0359,0.6197,0.4756,-0.1469,0.0758,-0.72,-3.51,3.58,100.0,0,0,0
12.44,0.6,0.0,0.0,5.7651,-1.0413,0.6179,0.4657,-0.1789,0.0498,-0.55,-3.47,3.52,100.0,0,0,0
12.46,0.6,0.0,0.0,5.7735,-1.0472,0.6159,0.4674,-0.2071,-0.077,-0.23,-3.48,3.49,100.0,0,0,0
12.48,0.6,0.0,0.0,5.7818,-1.0535,0.6139,0.4745,-0.2249,-0.2282,0.32,-3.57,3.59,100.0,0,0,0
12.5,0.6,0.0,0.0,5.7907,-1.0601,0.6132,0.5212,-0.2307,0.1229,0.88,-3.83,3.93,100.0,0,0,0
12.52,0.6,0.0,0.0,5.7997,-1.0666,0.6143,0.5096,-0.2135,0.0162,1.3,-4.08,4.28,100.0,1,0,0
12.54,0.6,0.0,0.0,5.8083,-1.0724,0.6168,0.4813,-0.1816,-0.1587,1.54,-4.19,4.46,100.0,0,0,0
12.56,0.6,0.0,0.0,5.8166,-1.0774,0.6193,0.4603,-0.1351,-0.1861,1.71,-4.18,4.52,100.0,0,0,0
12.58,0.6,0.0,0.0,5.8249,-1.0816,0.6214,0.4535,-0.0963,-0.1844,1.85,-4.12,4.51,100.0,0,0,0
12.6,0.6,0.0,0.0,5.8333,-1.085,0.6228,0.4556,-0.0583,-0.1628,1.94,-4.05,4.49,100.0,0,0,0
12.62,0.6,0.0,0.0,5.8421,-1.0877,0.6238,0.4611,-0.0216,-0.1414,1.99,-4.0,4.47,100.0,0,0,0
12.64,0.6,0.0,0.0,5.8512,-1.0898,0.6242,0.4684,0.0157,-0.1116,2.0,-3.95,4.43,100.0,0,0,0
12.66,0.6,0.0,0.0,5.8607,-1.0912,0.6241,0.4774,0.0525,-0.0927,1.97,-3.91,4.38,100.0,0,0,0
12.68,0.6,0.0,0.0,5.8706,-1.0919,0.6234,0.485,0.0876,-0.0799,1.9,-3.88,4.32,100.0,0,0,0
12.7,0.6,0.0,0.0,5.8807,-1.0921,0.6222,0.4899,0.1183,-0.0789,1.78,-3.84,4.24,100.0,0,0,0
12.72,0.6,0.0,0.0,5.891,-1.0917,0.6202,0.4863,0.1429,-0.0589,1.6,-3.79,4.11,100.0,0,0,0
12.74,0.6,0.0,0.0,5.9011,-1.091,0.6174,0.4716,0.1531,0.0516,1.25,-3.72,3.92,100.0,0,0,0
12.76,0.6,0.0,0.0,5.9113,-1.0903,0.6141,0.4947,0.1479,0.1524,0.63,-3.71,3.76,100.0,0,0,0
12.78,0.6,0.0,0.0,5.9221,-1.09,0.6128,0.5321,0.1384,-0.2197,0.08,-3.85,3.85,100.0,1,0,0
12.8,0.6,0.0,0.0,5.9329,-1.0901,0.6138,0.5203,0.1235,-0.0677,-0.28,-3.97,3.98,100.0,1,0,0
12.82,0.6,0.0,0.0,5.9429,-1.0905,0.616,0.4917,0.0895,0.0845,-0.49,-3.98,4.01,100.0,0,0,0
12.84,0.6,0.0,0.0,5.9524,-1.0915,0.6182,0.4722,0.0534,0.119,-0.65,-3.91,3.96,100.0,0,0,0
12.86,0.6,0.0,0.0,5.9615,-1.093,0.6199,0.4619,0.0228,0.1123,-0.79,-3.8,3.88,100.0,0,0,0
12.88,0.6,0.0,0.0,5.9704,-1.0951,0.621,0.4595,-0.0051,0.0993,-0.88,-3.71,3.82,100.0,0,0,0
12.9,0.6,0.0,0.0,5.9792,-1.0977,0.6216,0.4615,-0.0321,0.0948,-0.93,-3.65,3.76,100.0,0,0,0
12.92,0.6,0.0,0.0,5.988,-1.1008,0.6218,0.4649,-0.0581,0.0943,-0.94,-3.6,3.72,100.0,0,0,0
12.94,0.6,0.0,0.0,5.9968,-1.1045,0.6217,0.4691,-0.084,0.0934,-0.92,-3.56,3.68,100.0,0,0,0
12.96,0.6,0.0,0.0,6.0056,-1.1087,0.6212,0.4721,-0.1106,0.0827,-0.85,-3.53,3.63,100.0,0,0,0
12.98,0.6,0.0,0.0,6.0144,-1.1134,0.6201,0.4751,-0.1396,0.0759,-0.75,-3.51,3.59,100.0,0,0,0
13.0,0.6,0.0,0.0,6.023,-1.1188,0.6185,0.4704,-0.1712,0.0637,-0.59,-3.48,3.53,100.0,0,0,0
13.02,0.6,0.0,0.0,6.0313,-1.1246,0.6165,0.4658,-0.2022,-0.0318,-0.33,-3.47,3.49,100.0,0,0,0
13.04,0.6,0.0,0.0,6.0396,-1.1309,0.6149,0.4705,-0.2107,-0.0566,0.18,-3.54,3.54,100.0,0,0,0
13.06,0.6,0.0,0.0,6.0483,-1.1373,0.6133,0.5136,-0.2223,0.1363,0.77,-3.76,3.83,100.0,0,0,0
13.08,0.6,0.0,0.0,6.0573,-1.1437,0.6138,0.5151,-0.2124,0.1111,1.22,-4.04,4.22,100.0,1,0,0
13.1,0.6,0.0,0.0,6.066,-1.1498,0.6159,0.4872,-0.1911,-0.1388,1.48,-4.2,4.45,100.0,0,0,0
13.12,0.6,0.0,0.0,6.0743,-1.155,0.6185,0.4632,-0.1413,-0.1785,1.65,-4.22,4.53,100.0,0,0,0
13.14,0.6,0.0,0.0,6.0825,-1.1593,0.6206,0.4527,-0.1017,-0.1885,1.78,-4.17,4.53,100.0,0,0,0
13.16,0.6,0.0,0.0,6.0909,-1.1628,0.6223,0.4536,-0.0622,-0.1681,1.87,-4.1,4.51,100.0,0,0,0
13.18,0.6,0.0,0.0,6.0996,-1.1656,0.6233,0.4585,-0.0252,-0.1458,1.92,-4.05,4.48,100.0,0,0,0
13.2,0.6,0.0,0.0,6.1086,-1.1678,0.6239,0.4658,0.0124,-0.115,1.94,-4.0,4.44,100.0,0,0,0
13.22,0.6,0.0,0.0,6.118,-1.1693,0.6239,0.4747,0.0492,-0.0948,1.91,-3.96,4.39,100.0,0,0,0
13.24,0.6,0.0,0.0,6.1278,-1.1701,0.6233,0.4825,0.0843,-0.0796,1.84,-3.92,4.33,100.0,0,0,0
13.26,0.6,0.0,0.0,6.1379,-1.1704,0.6221,0.4877,0.1153,-0.0799,1.73,-3.89,4.25,100.0,0,0,0
13.28,0.6,0.0,0.0,6.1481,-1.1701,0.6203,0.4862,0.1409,-0.0618,1.55,-3.84,4.14,100.0,0,0,0
13.3,0.6,0.0,0.0,6.1583,-1.1694,0.6176,0.4705,0.1524,0.0139,1.23,-3.77,3.96,100.0,0,0,0
13.32,0.6,0.0,0.0,6.1683,-1.1687,0.6142,0.4754,0.1508,0.2711,0.63,-3.74,3.79,100.0,0,0,0
13.34,0.6,0.0,0.0,6.179,-1.1685,0.6123,0.5293,0.1418,-0.2569,0.06,-3.87,3.87,100.0,1,0,0
13.36,0.6,0.0,0.0,6.1898,-1.1686,0.6134,0.5244,0.1239,-0.1119,-0.3,-4.02,4.03,100.0,1,0,0
13.38,0.6,0.0,0.0,6.1999,-1.169,0.6159,0.4929,0.0899,0.057,-0.51,-4.05,4.08,100.0,1,0,0
13.4,0.6,0.0,0.0,6.2094,-1.1701,0.6183,0.4735,0.0544,0.1048,-0.69,-3.98,4.04,100.0,0,0,0
13.42,0.6,0.0,0.0,6.2184,-1.1716,0.6201,0.4623,0.0251,0.1026,-0.83,-3.88,3.96,100.0,0,0,0
13.44,0.6,0.0,0.0,6.2273,-1.1737,0.6213,0.4593,-0.002,0.0964,-0.94,-3.78,3.89,100.0,0,0,0
13.46,0.6,0.0,0.0,6.2361,-1.1763,0.6219,0.4605,-0.0286,0.094,-1.0,-3.71,3.84,100.0,0,0,0
13.48,0.6,0.0,0.0,6.2449,-1.1794,0.6223,0.4638,-0.0542,0.0942,-1.02,-3.65,3.79,100.0,0,0,0
13.5,0.6,0.0,0.0,6.2537,-1.1831,0.6222,0.468,-0.08,0.0947,-0.99,-3.61,3.75,100.0,0,0,0
13.52,0.6,0.0,0.0,6.2624,-1.1872,0.6218,0.471,-0.1061,0.0879,-0.93,-3.58,3.7,100.0,0,0,0
13.54,0.6,0.0,0.0,6.2711,-1.1919,0.6209,0.4742,-0.1341,0.0773,-0.83,-3.55,3.65,100.0,0,0,0
13.56,0.6,0.0,0.0,6.2797,-1.1972,0.6194,0.4727,-0.1651,0.0717,-0.69,-3.53,3.6,100.0,0,0,0
13.58,0.6,0.0,0.0,6.2881,-1.2031,0.6174,0.4632,-0.1961,0.0081,-0.46,-3.51,3.54,100.0,0,0,0
13.6,0.6,0.0,0.0,6.2963,-1.2094,0.6154,0.4679,-0.2162,-0.1424,-0.02,-3.56,3.56,100.0,0,0,0
13.62,0.6,0.0,0.0,6.3046,-1.216,0.6136,0.4989,-0.2292,-0.0312,0.6,-3.72,3.77,100.0,0,0,0
13.64,0.6,0.0,0.0,6.3135,-1.2227,0.6137,0.5186,-0.2224,0.1564,1.11,-3.99,4.15,100.0,0,0,0
13.66,0.6,0.0,0.0,6.3221,-1.2292,0.6157,0.4932,-0.2103,-0.1279,1.42,-4.19,4.43,100.0,0,0,0
13.68,0.6,0.0,0.0,6.3304,-1.2349,0.6182,0.4685,-0.159,-0.1744,1.62,-4.25,4.54,100.0,0,0,0
13.7,0.6,0.0,0.0,6.3386,-1.2396,0.6205,0.4542,-0.1193,-0.1931,1.77,-4.21,4.57,100.0,0,0,0
13.72,0.6,0.0,0.0,6.3468,-1.2436,0.6223,0.4532,-0.0793,-0.1749,1.88,-4.15,4.55,100.0,0,0,0
13.74,0.6,0.0,0.0,6.3553,-1.2469,0.6235,0.4573,-0.0425,-0.1524,1.96,-4.09,4.53,100.0,0,0,0
13.76,0.6,0.0,0.0,6.3642,-1.2494,0.6241,0.4641,-0.005,-0.1241,1.98,-4.04,4.5,100.0,0,0,0
13.78,0.6,0.0,0.0,6.3734,-1.2514,0.6243,0.4724,0.032,-0.0998,1.97,-3.99,4.45,100.0,0,0,0
13.8,0.6,0.0,0.0,6.3831,-1.2526,0.6239,0.4811,0.0691,-0.0821,1.93,-3.95,4.4,100.0,0,0,0
13.82,0.6,0.0,0.0,6.3931,-1.2532,0.6229,0.4883,0.1026,-0.0768,1.84,-3.92,4.33,100.0,0,0,0
13.84,0.6,0.0,0.0,6.4033,-1.2533,0.6213,0.4903,0.1309,-0.0704,1.7,-3.88,4.23,100.0,0,0,0
13.86,0.6,0.0,0.0,6.4136,-1.2529,0.6189,0.4794,0.1489,-0.0386,1.46,-3.81,4.08,100.0,0,0,0
13.88,0.6,0.0,0.0,6.4238,-1.2523,0.6158,0.4749,0.1522,0.1843,0.98,-3.75,3.88,100.0,0,0,0
13.9,0.6,0.0,0.0,6.4342,-1.252,0.6131,0.5182,0.1459,-0.0828,0.34,-3.8,3.82,100.0,0,0,0
13.92,0.6,0.0,0.0,6.4451,-1.2522,0.613,0.5354,0.1294,-0.1808,-0.11,-3.95,3.95,100.0,1,0,0
13.94,0.6,0.0,0.0,6.4556,-1.2525,0.6149,0.5045,0.1107,0.0397,-0.38,-4.01,4.03,100.0,1,0,0
13.96,0.6,0.0,0.0,6.4653,-1.2533,0.6172,0.4833,0.0703,0.1099,-0.56,-3.97,4.01,100.0,0,0,0
13.98,0.6,0.0,0.0,6.4746,-1.2548,0.6191,0.4674,0.0383,0.1145,-0.71,-3.87,3.94,100.0,0,0,0
14.0,0.6,0.0,0.0,6.4835,-1.2567,0.6205,0.4618,0.0089,0.1051,-0.82,-3.78,3.86,100.0,0,0,0
14.02,0.6,0.0,0.0,6.4924,-1.2592,0.6213,0.4615,-0.0185,0.0956,-0.89,-3.7,3.8,100.0,0,0,0
14.04,0.6,0.0,0.0,6.5012,-1.2622,0.6218,0.4645,-0.0448,0.0944,-0.92,-3.64,3.75,100.0,0,0,0
14.06,0.6,0.0,0.0,6.51,-1.2658,0.6219,0.4678,-0.0711,0.0946,-0.91,-3.6,3.71,100.0,0,0,0
14.08,0.6,0.0,0.0,6.5187,-1.2698,0.6216,0.4718,-0.0971,0.0923,-0.87,-3.56,3.67,100.0,0,0,0
14.1,0.6,0.0,0.0,6.5274,-1.2745,0.6208,0.4747,-0.1246,0.078,-0.78,-3.53,3.62,100.0,0,0,0
14.12,0.6,0.0,0.0,6.5361,-1.2796,0.6195,0.4756,-0.155,0.0756,-0.66,-3.51,3.57,100.0,0,0,0
14.14,0.6,0.0,0.0,6.5444,-1.2854,0.6176,0.4634,-0.1861,0.0463,-0.47,-3.48,3.51,100.0,0,0,0
14.16,0.6,0.0,0.0,6.5526,-1.2916,0.6155,0.4683,-0.2111,-0.1078,-0.11,-3.5,3.5,100.0,0,0,0
14.18,0.6,0.0,0.0,6.5608,-1.2982,0.6135,0.4879,-0.2239,-0.0825,0.47,-3.63,3.66,100.0,0,0,0
14.2,0.6,0.0,0.0,6.5696,-1.305,0.6132,0.5223,-0.2285,0.129,1.0,-3.91,4.03,100.0,0,0,0
14.22,0.6,0.0,0.0,6.5784,-1.3117,0.6148,0.5029,-0.2126,-0.0648,1.37,-4.14,4.36,100.0,0,0,0
14.24,0.6,0.0,0.0,6.5867,-1.3176,0.6173,0.4741,-0.1697,-0.1706,1.59,-4.22,4.51,100.0,0,0,0
14.26,0.6,0.0,0.0,6.5948,-1.3225,0.6198,0.456,-0.1264,-0.1927,1.76,-4.19,4.55,100.0,0,0,0
14.28,0.6,0.0,0.0,6.603,-1.3267,0.6217,0.4519,-0.0871,-0.1815,1.89,-4.12,4.54,100.0,0,0,0
14.3,0.6,0.0,0.0,6.6114,-1.3302,0.6231,0.455,-0.05,-0.1584,1.98,-4.06,4.52,100.0,0,0,0
14.32,0.6,0.0,0.0,6.6202,-1.333,0.6239,0.4611,-0.0132,-0.1334,2.02,-4.01,4.49,100.0,0,0,0
14.34,0.6,0.0,0.0,6.6293,-1.3351,0.6242,0.4687,0.0236,-0.1052,2.03,-3.96,4.44,100.0,0,0,0
14.36,0.6,0.0,0.0,6.6388,-1.3366,0.624,0.4777,0.0603,-0.0875,1.99,-3.91,4.39,100.0,0,0,0
14.38,0.6,0.0,0.0,6.6486,-1.3374,0.6232,0.485,0.0942,-0.0793,1.92,-3.88,4.33,100.0,0,0,0
14.4,0.6,0.0,0.0,6.6588,-1.3377,0.6218,0.4889,0.1242,-0.0754,1.79,-3.84,4.24,100.0,0,0,0
14.42,0.6,0.0,0.0,6.6691,-1.3375,0.6196,0.4823,0.1458,-0.0504,1.58,-3.78,4.1,100.0,0,0,0
14.44,0.6,0.0,0.0,6.6792,-1.337,0.6167,0.4715,0.1535,0.1166,1.17,-3.72,3.9,100.0,0,0,0
14.46,0.6,0.0,0.0,6.6895,-1.3367,0.6135,0.5064,0.1473,0.0409,0.53,-3.73,3.76,100.0,0,0,0
14.48,0.6,0.0,0.0,6.7003,-1.3367,0.6128,0.5344,0.1335,-0.2033,0.01,-3.87,3.87,100.0,1,0,0
14.5,0.6,0.0,0.0,6.7109,-1.337,0.6142,0.5093,0.1216,0.0038,-0.3,-3.96,3.97,100.0,1,0,0
14.52,0.6,0.0,0.0,6.7208,-1.3378,0.6165,0.4875,0.0804,0.1015,-0.49,-3.94,3.97,100.0,0,0,0
14.54,0.6,0.0,0.0,6.7301,-1.3391,0.6186,0.4691,0.0467,0.1184,-0.64,-3.86,3.91,100.0,1,0,0
14.56,0.6,0.0,0.0,6.7391,-1.341,0.6201,0.4617,0.0163,0.1102,-0.77,-3.76,3.84,100.0,0,0,0
14.58,0.6,0.0,0.0,6.748,-1.3434,0.621,0.4603,-0.0112,0.0973,-0.85,-3.68,3.77,100.0,0,0,0
14.6,0.6,0.0,0.0,6.7567,-1.3463,0.6215,0.463,-0.0385,0.0943,-0.89,-3.62,3.72,100.0,0,0,0
14.62,0.6,0.0,0.0,6.7655,-1.3498,0.6217,0.4663,-0.0648,0.0942,-0.89,-3.57,3.68,100.0,0,0,0
14.64,0.6,0.0,0.0,6.7742,-1.3538,0.6215,0.4705,-0.091,0.0927,-0.86,-3.54,3.64,100.0,0,0,0
14.66,0.6,0.0,0.0,6.7829,-1.3584,0.6209,0.4734,-0.118,0.0793,-0.78,-3.51,3.6,100.0,0,0,0
14.68,0.6,0.0,0.0,6.7915,-1.3635,0.6197,0.4759,-0.1478,0.0769,-0.67,-3.49,3.55,100.0,0,0,0
14.7,0.6,0.0,0.0,6.7999,-1.3692,0.6179,0.4664,-0.1797,0.0529,-0.5,-3.46,3.5,100.0,0,0,0
14.72,0.6,0.0,0.0,6.8081,-1.3754,0.6159,0.4676,-0.2079,-0.0733,-0.19,-3.47,3.47,100.0,0,0,0
14.74,0.6,0.0,0.0,6.8162,-1.382,0.6139,0.475,-0.2256,-0.2257,0.36,-3.57,3.59,100.0,0,0,0
14.76,0.6,0.0,0.0,6.8249,-1.3889,0.6132,0.5218,-0.2313,0.1248,0.92,-3.83,3.94,100.0,0,0,0
14.78,0.6,0.0,0.0,6.8337,-1.3956,0.6143,0.5101,-0.215,0.0169,1.34,-4.09,4.3,100.0,1,0,0
14.8,0.6,0.0,0.0,6.8421,-1.4018,0.6168,0.4812,-0.1833,-0.162,1.58,-4.2,4.49,100.0,0,0,0
14.82,0.6,0.0,0.0,6.8502,-1.4071,0.6193,0.4594,-0.1365,-0.189,1.76,-4.2,4.55,100.0,0,0,0
14.84,0.6,0.0,0.0,6.8583,-1.4116,0.6214,0.4523,-0.0976,-0.1866,1.89,-4.14,4.55,100.0,0,0,0
14.86,0.6,0.0,0.0,6.8666,-1.4153,0.6229,0.4543,-0.0595,-0.1641,1.98,-4.07,4.53,100.0,0,0,0
14.88,0.6,0.0,0.0,6.8752,-1.4183,0.6238,0.4598,-0.0228,-0.142,2.03,-4.02,4.5,100.0,0,0,0
14.9,0.6,0.0,0.0,6.8842,-1.4207,0.6242,0.4671,0.0144,-0.1118,2.04,-3.97,4.46,100.0,0,0,0
14.92,0.6,0.0,0.0,6.8936,-1.4224,0.6241,0.4762,0.0511,-0.0924,2.01,-3.93,4.41,100.0,0,0,0
14.94,0.6,0.0,0.0,6.9034,-1.4235,0.6234,0.484,0.0872,-0.078,1.95,-3.89,4.35,100.0,0,0,0
14.96,0.6,0.0,0.0,6.9135,-1.424,0.6221,0.4892,0.1175,-0.0775,1.83,-3.86,4.27,100.0,0,0,0
14.98,0.6,0.0,0.0,6.9238,-1.4239,0.6202,0.4857,0.1424,-0.0587,1.65,-3.81,4.15,100.0,0,0,0
15.0,0.6,0.0,0.0,6.934,-1.4235,0.6174,0.4709,0.153,0.0442,1.31,-3.73,3.95,100.0,0,0,0
15.02,0.6,0.0,0.0,6.9442,-1.4232,0.6141,0.4937,0.1484,0.1533,0.69,-3.71,3.78,100.0,0,0,0
15.04,0.6,0.0,0.0,6.9549,-1.4232,0.6127,0.5304,0.1401,-0.2015,0.15,-3.84,3.84,100.0,1,0,0
15.06,0.6,0.0,0.0,6.9657,-1.4236,0.6138,0.5192,0.1235,-0.0581,-0.22,-3.96,3.96,100.0,1,0,0
15.08,0.6,0.0,0.0,6.9757,-1.4244,0.616,0.4914,0.0903,0.0837,-0.44,-3.96,3.98,100.0,0,0,0
15.1,0.6,0.0,0.0,6.9851,-1.4256,0.6182,0.4726,0.0544,0.1171,-0.61,-3.88,3.93,100.0,0,0,0
15.12,0.6,0.0,0.0,6.9942,-1.4274,0.6198,0.4625,0.0239,0.1105,-0.75,-3.77,3.85,100.0,0,0,0
15.14,0.6,0.0,0.0,7.003,-1.4298,0.6209,0.4601,-0.004,0.0981,-0.84,-3.68,3.78,100.0,0,0,0
15.16,0.6,0.0,0.0,7.0118,-1.4327,0.6215,0.4621,-0.0311,0.0939,-0.9,-3.61,3.72,100.0,0,0,0
15.18,0.6,0.0,0.0,7.0205,-1.4361,0.6218,0.4655,-0.0573,0.094,-0.91,-3.56,3.68,100.0,0,0,0
15.2,0.6,0.0,0.0,7.0292,-1.44,0.6217,0.4697,-0.0833,0.0938,-0.89,-3.53,3.64,100.0,0,0,0
15.22,0.6,0.0,0.0,7.0379,-1.4445,0.6212,0.4727,-0.1098,0.0848,-0.82,-3.5,3.59,100.0,0,0,0
15.24,0.6,0.0,0.0,7.0465,-1.4495,0.6201,0.4757,-0.1386,0.0774,-0.72,-3.48,3.55,100.0,0,0,0
15.26,0.6,0.0,0.0,7.0549,-1.4551,0.6185,0.4712,-0.1702,0.0659,-0.58,-3.45,3.5,100.0,0,0,0
15.28,0.6,0.0,0.0,7.0631,-1.4612,0.6166,0.4664,-0.2012,-0.0252,-0.32,-3.44,3.46,100.0,0,0,0
15.3,0.6,0.0,0.0,7.0712,-1.4678,0.6146,0.4726,-0.2189,-0.1798,0.17,-3.52,3.52,100.0,0,0,0
15.32,0.6,0.0,0.0,7.0796,-1.4747,0.6133,0.5127,-0.2299,0.0334,0.77,-3.73,3.8,100.0,0,0,0
15.34,0.6,0.0,0.0,7.0883,-1.4815,0.6139,0.5166,-0.2189,0.0754,1.25,-4.0,4.19,100.0,1,0,0
15.36,0.6,0.0,0.0,7.0968,-1.4881,0.6161,0.4887,-0.1981,-0.1524,1.53,-4.16,4.44,100.0,0,0,0
15.38,0.6,0.0,0.0,7.1049,-1.4937,0.6187,0.4647,-0.149,-0.186,1.72,-4.19,4.53,100.0,0,0,0
15.4,0.6,0.0,0.0,7.1129,-1.4985,0.6208,0.454,-0.1096,-0.193,1.86,-4.15,4.54,100.0,0,0,0
15.42,0.6,0.0,0.0,7.1211,-1.5025,0.6225,0.4543,-0.0703,-0.1721,1.96,-4.09,4.53,100.0,0,0,0
15.44,0.6,0.0,0.0,7.1297,-1.5059,0.6235,0.459,-0.0334,-0.1492,2.02,-4.04,4.51,100.0,0,0,0
15.46,0.6,0.0,0.0,7.1386,-1.5085,0.6241,0.466,0.0041,-0.1196,2.04,-3.99,4.48,100.0,0,0,0
15.48,0.6,0.0,0.0,7.1478,-1.5105,0.6241,0.4748,0.041,-0.098,2.01,-3.95,4.43,100.0,0,0,0
15.5,0.6,0.0,0.0,7.1575,-1.5118,0.6236,0.4828,0.0783,-0.0792,1.96,-3.92,4.38,100.0,0,0,0
15.52,0.6,0.0,0.0,7.1676,-1.5126,0.6225,0.489,0.1098,-0.0784,1.86,-3.88,4.3,100.0,0,0,0
15.54,0.6,0.0,0.0,7.1779,-1.5128,0.6207,0.4888,0.1369,-0.0639,1.7,-3.84,4.2,100.0,0,0,0
15.56,0.6,0.0,0.0,7.1881,-1.5126,0.6181,0.4748,0.1513,-0.0143,1.42,-3.76,4.01,100.0,0,0,0
15.58,0.6,0.0,0.0,7.1983,-1.5123,0.6148,0.4763,0.1519,0.2368,0.86,-3.72,3.82,100.0,0,0,0
15.6,0.6,0.0,0.0,7.2089,-1.5124,0.6128,0.5239,0.1445,-0.1665,0.29,-3.8,3.81,100.0,1,0,0
15.62,0.6,0.0,0.0,7.2197,-1.5129,0.6133,0.5296,0.1255,-0.1143,-0.12,-3.92,3.93,100.0,1,0,0
15.64,0.6,0.0,0.0,7.2299,-1.5136,0.6153,0.4961,0.0985,0.0628,-0.36,-3.94,3.96,100.0,0,0,0
15.66,0.6,0.0,0.0,7.2395,-1.5149,0.6176,0.4769,0.0594,0.1137,-0.53,-3.86,3.9,100.0,1,0,0
15.68,0.6,0.0,0.0,7.2485,-1.5167,0.6194,0.4633,0.0278,0.1082,-0.67,-3.75,3.81,100.0,1,0,0
15.7,0.6,0.0,0.0,7.2574,-1.5191,0.6206,0.4596,-0.0006,0.098,-0.78,-3.65,3.73,100.0,0,0,0
15.72,0.6,0.0,0.0,7.2661,-1.522,0.6213,0.4605,-0.0279,0.0923,-0.84,-3.57,3.67,100.0,0,0,0
15.74,0.6,0.0,0.0,7.2747,-1.5254,0.6216,0.4639,-0.0541,0.0926,-0.86,-3.51,3.62,100.0,0,0,0
15.76,0.6,0.0,0.0,7.2833,-1.5294,0.6216,0.4677,-0.0802,0.0934,-0.85,-3.47,3.57,100.0,0,0,0
15.78,0.6,0.0,0.0,7.2919,-1.5339,0.6212,0.4711,-0.1064,0.0902,-0.79,-3.44,3.53,100.0,0,0,0
15.8,0.6,0.0,0.0,7.3005,-1.5389,0.6203,0.474,-0.1345,0.0769,-0.7,-3.42,3.49,100.0,0,0,0
15.82,0.6,0.0,0.0,7.3089,-1.5445,0.6188,0.4728,-0.1655,0.0727,-0.56,-3.4,3.45,100.0,0,0,0
15.84,0.6,0.0,0.0,7.317,-1.5507,0.6169,0.4646,-0.1967,0.0041,-0.34,-3.4,3.41,100.0,0,0,0
15.86,0.6,0.0,0.0,7.325,-1.5573,0.6149,0.4703,-0.2172,-0.147,0.09,-3.46,3.46,100.0,0,0,0
15.88,0.6,0.0,0.0,7.3331,-1.5642,0.6132,0.5024,-0.23,-0.0318,0.71,-3.63,3.7,100.0,0,0,0
15.9,0.6,0.0,0.0,7.3418,-1.5713,0.6135,0.519,-0.2271,0.0851,1.21,-3.92,4.11,100.0,0,0,0
15.92,0.6,0.0,0.0,7.3501,-1.5781,0.6157,0.4906,-0.205,-0.1365,1.51,-4.12,4.39,100.0,0,0,0
15.94,0.6,0.0,0.0,7.3582,-1.584,0.6183,0.4663,-0.1568,-0.1773,1.71,-4.17,4.51,100.0,0,0,0
15.96,0.6,0.0,0.0,7.3661,-1.589,0.6206,0.454,-0.1175,-0.1892,1.86,-4.15,4.54,100.0,0,0,0
15.98,0.6,0.0,0.0,7.3742,-1.5933,0.6223,0.4536,-0.0789,-0.1715,1.98,-4.1,4.55,100.0,0,0,0
16.0,0.6,0.0,0.0,7.3826,-1.5969,0.6235,0.4578,-0.0423,-0.1503,2.05,-4.05,4.54,100.0,0,0,0
16.02,0.6,0.0,0.0,7.3914,-1.5998,0.6241,0.4645,-0.0049,-0.1229,2.07,-4.01,4.51,100.0,0,0,0
16.04,0.6,0.0,0.0,7.4006,-1.602,0.6243,0.4729,0.0321,-0.0997,2.06,-3.96,4.47,100.0,0,0,0
16.06,0.6,0.0,0.0,7.4102,-1.6037,0.6238,0.4813,0.0692,-0.0815,2.01,-3.93,4.41,100.0,0,0,0
16.08,0.6,0.0,0.0,7.4201,-1.6046,0.6229,0.4885,0.1029,-0.0763,1.92,-3.89,4.34,100.0,0,0,0
16.1,0.6,0.0,0.0,7.4304,-1.6051,0.6212,0.4904,0.1315,-0.0694,1.78,-3.85,4.24,100.0,0,0,0
16.12,0.6,0.0,0.0,7.4406,-1.6051,0.6188,0.4795,0.1496,-0.0375,1.54,-3.78,4.08,100.0,0,0,0
16.14,0.6,0.0,0.0,7.4508,-1.6049,0.6157,0.4748,0.1533,0.1836,1.06,-3.72,3.87,100.0,0,0,0
16.16,0.6,0.0,0.0,7.4613,-1.6049,0.613,0.5177,0.1475,-0.0734,0.43,-3.75,3.78,100.0,0,0,0
16.18,0.6,0.0,0.0,7.4722,-1.6054,0.6129,0.5351,0.1304,-0.1745,-0.04,-3.89,3.9,100.0,1,0,0
16.2,0.6,0.0,0.0,7.4826,-1.6062,0.6148,0.5046,0.111,0.0382,-0.3,-3.95,3.96,100.0,1,0,0
16.22,0.6,0.0,0.0,7.4923,-1.6074,0.6171,0.4839,0.0707,0.1064,-0.49,-3.9,3.93,100.0,0,0,0
16.24,0.6,0.0,0.0,7.5016,-1.6091,0.619,0.4682,0.0386,0.111,-0.64,-3.8,3.86,100.0,1,0,0
16.26,0.6,0.0,0.0,7.5105,-1.6114,0.6204,0.4627,0.0092,0.1024,-0.75,-3.7,3.78,100.0,0,0,0
16.28,0.6,0.0,0.0,7.5192,-1.6142,0.6212,0.4624,-0.0183,0.0937,-0.83,-3.62,3.72,100.0,0,0,0
16.3,0.6,0.0,0.0,7.5279,-1.6176,0.6216,0.4654,-0.0448,0.093,-0.86,-3.56,3.67,100.0,0,0,0
16.32,0.6,0.0,0.0,7.5366,-1.6215,0.6217,0.4687,-0.0711,0.0939,-0.86,-3.52,3.62,100.0,0,0,0
16.34,0.6,0.0,0.0,7.5452,-1.6259,0.6214,0.4728,-0.0971,0.0921,-0.81,-3.49,3.58,100.0,0,0,0
16.36,0.6,0.0,0.0,7.5537,-1.6308,0.6207,0.4756,-0.1245,0.0785,-0.73,-3.46,3.54,100.0,0,0,0
16.38,0.6,0.0,0.0,7.5622,-1.6363,0.6194,0.4766,-0.1549,0.0761,-0.62,-3.44,3.49,100.0,0,0,0
16.4,0.6,0.0,0.0,7.5704,-1.6424,0.6175,0.4645,-0.186,0.0481,-0.43,-3.41,3.44,100.0,0,0,0
16.42,0.6,0.0,0.0,7.5783,-1.6489,0.6155,0.4697,-0.2112,-0.1062,-0.07,-3.44,3.44,100.0,0,0,0
16.44,0.6,0.0,0.0,7.5863,-1.6558,0.6135,0.4901,-0.2241,-0.0809,0.51,-3.57,3.61,100.0,0,0,0
16.46,0.6,0.0,0.0,7.5949,-1.663,0.6132,0.5238,-0.2291,0.1212,1.04,-3.86,4.0,100.0,0,0,0
16.48,0.6,0.0,0.0,7.6033,-1.67,0.615,0.4977,-0.2142,-0.1204,1.38,-4.09,4.31,100.0,0,0,0
16.5,0.6,0.0,0.0,7.6113,-1.6762,0.6176,0.4714,-0.166,-0.1689,1.6,-4.16,4.46,100.0,0,0,0
16.52,0.6,0.0,0.0,7.6192,-1.6814,0.62,0.4551,-0.1253,-0.1873,1.77,-4.14,4.5,100.0,0,0,0
16.54,0.6,0.0,0.0,7.6272,-1.6859,0.6218,0.4525,-0.086,-0.1733,1.9,-4.09,4.51,100.0,0,0,0
16.56,0.6,0.0,0.0,7.6355,-1.6897,0.6231,0.4557,-0.0493,-0.1526,1.99,-4.04,4.5,100.0,0,0,0
16.58,0.6,0.0,0.0,7.6442,-1.6928,0.6239,0.4618,-0.0122,-0.1274,2.02,-3.99,4.48,100.0,0,0,0
16.6,0.6,0.0,0.0,7.6532,-1.6953,0.6241,0.4692,0.0248,-0.1015,2.02,-3.95,4.43,100.0,0,0,0
16.62,0.6,0.0,0.0,7.6627,-1.6971,0.6239,0.4783,0.0617,-0.0845,1.98,-3.91,4.38,100.0,0,0,0
16.64,0.6,0.0,0.0,7.6725,-1.6983,0.623,0.4859,0.0965,-0.0756,1.9,-3.87,4.32,100.0,0,0,0
16.66,0.6,0.0,0.0,7.6827,-1.6989,0.6216,0.4897,0.1258,-0.0737,1.77,-3.84,4.23,100.0,0,0,0
16.68,0.6,0.0,0.0,7.693,-1.6991,0.6194,0.4828,0.1471,-0.0484,1.56,-3.77,4.08,100.0,0,0,0
16.7,0.6,0.0,0.0,7.7031,-1.699,0.6164,0.4718,0.1542,0.1204,1.14,-3.7,3.87,100.0,0,0,0
16.72,0.6,0.0,0.0,7.7134,-1.699,0.6132,0.5066,0.1477,0.0286,0.5,-3.7,3.74,100.0,0,0,0
16.74,0.6,0.0,0.0,7.7243,-1.6995,0.6126,0.5358,0.1336,-0.2188,-0.01,-3.84,3.84,100.0,1,0,0
16.76,0.6,0.0,0.0,7.7348,-1.7003,0.6141,0.5105,0.1203,-0.0001,-0.31,-3.93,3.94,100.0,1,0,0
16.78,0.6,0.0,0.0,7.7447,-1.7014,0.6164,0.4886,0.0789,0.1005,-0.5,-3.9,3.93,100.0,0,0,0
16.8,0.6,0.0,0.0,7.754,-1.7032,0.6185,0.4701,0.0454,0.1181,-0.65,-3.81,3.87,100.0,1,0,0
16.82,0.6,0.0,0.0,7.7629,-1.7054,0.6201,0.4629,0.0154,0.1103,-0.77,-3.71,3.79,100.0,0,0,0
16.84,0.6,0.0,0.0,7.7717,-1.7082,0.621,0.4615,-0.0119,0.098,-0.86,-3.62,3.72,100.0,0,0,0
16.86,0.6,0.0,0.0,7.7803,-1.7115,0.6216,0.4643,-0.039,0.0952,-0.9,-3.56,3.67,100.0,0,0,0
16.88,0.6,0.0,0.0,7.789,-1.7153,0.6217,0.4677,-0.0654,0.0954,-0.9,-3.51,3.63,100.0,0,0,0
16.9,0.6,0.0,0.0,7.7975,-1.7197,0.6215,0.4718,-0.0915,0.0942,-0.86,-3.48,3.58,100.0,0,0,0
16.92,0.6,0.0,0.0,7.8061,-1.7246,0.6209,0.4746,-0.1184,0.0818,-0.79,-3.45,3.54,100.0,0,0,0
16.94,0.6,0.0,0.0,7.8145,-1.7301,0.6197,0.477,-0.1481,0.0791,-0.68,-3.43,3.5,100.0,0,0,0
16.96,0.6,0.0,0.0,7.8227,-1.7361,0.6179,0.4676,-0.1799,0.057,-0.51,-3.4,3.44,100.0,0,0,0
16.98,0.6,0.0,0.0,7.8306,-1.7426,0.6159,0.4691,-0.2083,-0.0725,-0.2,-3.41,3.42,100.0,0,0,0
17.0,0.6,0.0,0.0,7.8385,-1.7496,0.614,0.4771,-0.2262,-0.2261,0.35,-3.52,3.54,100.0,0,0,0
17.02,0.6,0.0,0.0,7.8469,-1.7568,0.6133,0.5235,-0.232,0.1224,0.92,-3.79,3.9,100.0,0,0,0
17.04,0.6,0.0,0.0,7.8554,-1.764,0.6146,0.5058,-0.219,-0.0558,1.32,-4.05,4.26,100.0,0,0,0
17.06,0.6,0.0,0.0,7.8635,-1.7705,0.6171,0.478,-0.1798,-0.161,1.57,-4.16,4.45,100.0,0,0,0
17.08,0.6,0.0,0.0,7.8713,-1.7761,0.6195,0.458,-0.1362,-0.1837,1.75,-4.16,4.51,100.0,0,0,0
17.1,0.6,0.0,0.0,7.8792,-1.7808,0.6215,0.4526,-0.0972,-0.1772,1.88,-4.12,4.52,100.0,0,0,0
17.12,0.6,0.0,0.0,7.8874,-1.7849,0.6229,0.4549,-0.0597,-0.1568,1.97,-4.07,4.52,100.0,0,0,0
17.14,0.6,0.0,0.0,7.8959,-1.7883,0.6238,0.4604,-0.0227,-0.1348,2.02,-4.02,4.5,100.0,0,0,0
17.16,0.6,0.0,0.0,7.9048,-1.791,0.6242,0.4676,0.0146,-0.1072,2.02,-3.98,4.46,100.0,0,0,0
17.18,0.6,0.0,0.0,7.9142,-1.7931,0.624,0.4767,0.0516,-0.0888,1.99,-3.94,4.41,100.0,0,0,0
17.2,0.6,0.0,0.0,7.9239,-1.7945,0.6233,0.4846,0.0877,-0.0755,1.92,-3.91,4.35,100.0,0,0,0
17.22,0.6,0.0,0.0,7.934,-1.7954,0.622,0.4898,0.1182,-0.0751,1.8,-3.87,4.27,100.0,0,0,0
17.24,0.6,0.0,0.0,7.9443,-1.7958,0.62,0.4863,0.143,-0.0567,1.62,-3.81,4.14,100.0,0,0,0
17.26,0.6,0.0,0.0,7.9545,-1.7958,0.6172,0.4711,0.1533,0.0446,1.27,-3.73,3.94,100.0,0,0,0
17.28,0.6,0.0,0.0,7.9647,-1.7959,0.6138,0.4937,0.1485,0.1408,0.66,-3.71,3.76,100.0,0,0,0
17.3,0.6,0.0,0.0,7.9755,-1.7964,0.6125,0.5312,0.1393,-0.2226,0.13,-3.83,3.83,100.0,1,0,0
17.32,0.6,0.0,0.0,7.9862,-1.7972,0.6136,0.5201,0.1221,-0.0638,-0.24,-3.94,3.94,100.0,1,0,0
17.34,0.6,0.0,0.0,7.9962,-1.7984,0.6159,0.4923,0.0884,0.0819,-0.45,-3.93,3.96,100.0,0,0,0
17.36,0.6,0.0,0.0,8.0056,-1.8001,0.6181,0.4736,0.0528,0.1166,-0.62,-3.85,3.9,100.0,0,0,0
17.38,0.6,0.0,0.0,8.0145,-1.8023,0.6198,0.4635,0.0226,0.1106,-0.76,-3.74,3.81,100.0,0,0,0
17.4,0.6,0.0,0.0,8.0233,-1.805,0.6209,0.4612,-0.0051,0.0985,-0.85,-3.64,3.74,100.0,0,0,0
17.42,0.6,0.0,0.0,8.0319,-1.8083,0.6215,0.4632,-0.0322,0.0945,-0.91,-3.57,3.68,100.0,0,0,0
17.44,0.6,0.0,0.0,8.0405,-1.8121,0.6218,0.4667,-0.0583,0.095,-0.92,-3.52,3.64,100.0,0,0,0
17.46,0.6,0.0,0.0,8.0491,-1.8164,0.6217,0.4709,-0.0843,0.0952,-0.89,-3.48,3.59,100.0,0,0,0
17.48,0.6,0.0,0.0,8.0576,-1.8212,0.6212,0.4738,-0.1108,0.0874,-0.83,-3.45,3.55,100.0,0,0,0
17.5,0.6,0.0,0.0,8.066,-1.8266,0.6202,0.4767,-0.1394,0.0796,-0.73,-3.43,3.5,100.0,0,0,0
17.52,0.6,0.0,0.0,8.0742,-1.8326,0.6186,0.4722,-0.1709,0.0685,-0.58,-3.4,3.45,100.0,0,0,0
17.54,0.6,0.0,0.0,8.0821,-1.8391,0.6167,0.4685,-0.2052,-0.0823,-0.31,-3.4,3.42,100.0,0,0,0
17.56,0.6,0.0,0.0,8.09,-1.846,0.6149,0.4752,-0.2219,-0.2106,0.18,-3.48,3.49,100.0,0,0,0
17.58,0.6,0.0,0.0,8.0981,-1.8533,0.6136,0.5146,-0.2308,0.0359,0.79,-3.7,3.79,100.0,0,0,0
17.6,0.6,0.0,0.0,8.1066,-1.8606,0.6141,0.5176,-0.2198,0.0856,1.28,-3.99,4.19,100.0,1,0,0
17.62,0.6,0.0,0.0,8.1147,-1.8675,0.6163,0.4892,-0.1999,-0.1518,1.56,-4.16,4.44,100.0,0,0,0
17.64,0.6,0.0,0.0,8.1226,-1.8735,0.6187,0.4641,-0.1504,-0.185,1.74,-4.2,4.54,100.0,0,0,0
17.66,0.6,0.0,0.0,8.1304,-1.8786,0.6209,0.4532,-0.1107,-0.1916,1.87,-4.16,4.56,100.0,0,0,0
17.68,0.6,0.0,0.0,8.1384,-1.883,0.6225,0.4531,-0.071,-0.1706,1.97,-4.1,4.55,100.0,0,0,0
17.7,0.6,0.0,0.0,8.1468,-1.8867,0.6235,0.4579,-0.034,-0.1476,2.03,-4.05,4.53,100.0,0,0,0
17.72,0.6,0.0,0.0,8.1555,-1.8897,0.6241,0.4648,0.0037,-0.1173,2.05,-4.01,4.5,100.0,0,0,0
17.74,0.6,0.0,0.0,8.1647,-1.8921,0.6241,0.4737,0.0407,-0.0958,2.03,-3.97,4.46,100.0,0,0,0
17.76,0.6,0.0,0.0,8.1743,-1.8938,0.6236,0.4818,0.0779,-0.077,1.97,-3.94,4.4,100.0,0,0,0
17.78,0.6,0.0,0.0,8.1843,-1.8949,0.6224,0.4881,0.1097,-0.0753,1.87,-3.9,4.33,100.0,0,0,0
17.8,0.6,0.0,0.0,8.1946,-1.8956,0.6206,0.4881,0.1371,-0.0612,1.71,-3.86,4.22,100.0,0,0,0
17.82,0.6,0.0,0.0,8.2048,-1.8958,0.618,0.4743,0.1517,-0.0147,1.43,-3.77,4.04,100.0,0,0,0
17.84,0.6,0.0,0.0,8.2149,-1.8959,0.6148,0.4753,0.1525,0.2324,0.89,-3.72,3.83,100.0,0,0,0
17.86,0.6,0.0,0.0,8.2255,-1.8964,0.6128,0.5223,0.1458,-0.1597,0.32,-3.79,3.81,100.0,1,0,0
17.88,0.6,0.0,0.0,8.2363,-1.8973,0.6133,0.5288,0.1255,-0.1097,-0.09,-3.91,3.91,100.0,1,0,0
17.9,0.6,0.0,0.0,8.2465,-1.8984,0.6153,0.4957,0.098,0.0609,-0.32,-3.92,3.93,100.0,0,0,0
17.92,0.6,0.0,0.0,8.256,-1.9001,0.6175,0.4771,0.0591,0.1109,-0.5,-3.84,3.87,100.0,1,0,0
17.94,0.6,0.0,0.0,8.2649,-1.9023,0.6193,0.4637,0.0274,0.1053,-0.64,-3.73,3.78,100.0,1,0,0
17.96,0.6,0.0,0.0,8.2737,-1.9051,0.6205,0.46,-0.001,0.0961,-0.74,-3.62,3.7,100.0,0,0,0
17.98,0.6,0.0,0.0,8.2823,-1.9083,0.6212,0.4609,-0.0285,0.0909,-0.81,-3.54,3.63,100.0,0,0,0
18.0,0.6,0.0,0.0,8.2908,-1.9121,0.6216,0.4643,-0.0547,0.0917,-0.83,-3.48,3.58,100.0,0,0,0
18.02,0.6,0.0,0.0,8.2992,-1.9165,0.6216,0.4678,-0.0809,0.0929,-0.81,-3.44,3.54,100.0,0,0,0
18.04,0.6,0.0,0.0,8.3076,-1.9213,0.6212,0.4716,-0.107,0.0907,-0.76,-3.41,3.5,100.0,0,0,0
18.06,0.6,0.0,0.0,8.3159,-1.9267,0.6203,0.4744,-0.135,0.0776,-0.67,-3.39,3.46,100.0,0,0,0
18.08,0.6,0.0,0.0,8.3241,-1.9326,0.6189,0.4734,-0.1658,0.074,-0.53,-3.38,3.42,100.0,0,0,0
18.1,0.6,0.0,0.0,8.332,-1.9391,0.617,0.4651,-0.197,0.0077,-0.31,-3.37,3.39,100.0,0,0,0
18.12,0.6,0.0,0.0,8.3397,-1.9461,0.615,0.4706,-0.2177,-0.1419,0.11,-3.43,3.43,100.0,0,0,0
18.14,0.6,0.0,0.0,8.3476,-1.9533,0.6133,0.5032,-0.2302,-0.0306,0.73,-3.61,3.69,100.0,0,0,0
18.16,0.6,0.0,0.0,8.3559,-1.9608,0.6136,0.5192,-0.2283,0.0829,1.24,-3.91,4.1,100.0,0,0,0
18.18,0.6,0.0,0.0,8.364,-1.968,0.6157,0.4904,-0.2072,-0.1407,1.54,-4.12,4.4,100.0,0,0,0
18.2,0.6,0.0,0.0,8.3717,-1.9742,0.6183,0.4653,-0.1589,-0.1795,1.74,-4.18,4.53,100.0,0,0,0
18.22,0.6,0.0,0.0,8.3794,-1.9796,0.6206,0.4526,-0.1194,-0.1905,1.9,-4.16,4.57,100.0,0,0,0
18.24,0.6,0.0,0.0,8.3873,-1.9842,0.6223,0.4519,-0.0805,-0.1721,2.01,-4.11,4.57,100.0,0,0,0
18.26,0.6,0.0,0.0,8.3955,-1.9882,0.6234,0.456,-0.0439,-0.1504,2.08,-4.07,4.57,100.0,0,0,0
18.28,0.6,0.0,0.0,8.4041,-1.9914,0.6241,0.4626,-0.0065,-0.1223,2.1,-4.02,4.54,100.0,0,0,0
18.3,0.6,0.0,0.0,8.4132,-1.9941,0.6242,0.4711,0.0305,-0.0991,2.09,-3.98,4.5,100.0,0,0,0
18.32,0.6,0.0,0.0,8.4226,-1.9961,0.6238,0.4796,0.0677,-0.0802,2.04,-3.95,4.44,100.0,0,0,0
18.34,0.6,0.0,0.0,8.4325,-1.9975,0.6228,0.487,0.1015,-0.0742,1.96,-3.91,4.37,100.0,0,0,0
18.36,0.6,0.0,0.0,8.4427,-1.9984,0.6212,0.4892,0.1306,-0.0671,1.82,-3.87,4.27,100.0,0,0,0
18.38,0.6,0.0,0.0,8.4529,-1.9988,0.6188,0.4789,0.1493,-0.0363,1.58,-3.79,4.11,100.0,0,0,0
18.4,0.6,0.0,0.0,8.4631,-1.999,0.6157,0.4731,0.1538,0.1769,1.11,-3.73,3.89,100.0,0,0,0
18.42,0.6,0.0,0.0,8.4736,-1.9994,0.613,0.5157,0.1487,-0.0594,0.49,-3.75,3.78,100.0,0,0,0
18.44,0.6,0.0,0.0,8.4844,-2.0004,0.6129,0.5332,0.1309,-0.1603,0.03,-3.88,3.88,100.0,1,0,0
18.46,0.6,0.0,0.0,8.4947,-2.0015,0.6147,0.5038,0.1109,0.0376,-0.24,-3.92,3.93,100.0,1,0,0
18.48,0.6,0.0,0.0,8.5044,-2.0031,0.6169,0.4838,0.0709,0.1043,-0.43,-3.87,3.9,100.0,0,0,0
18.5,0.6,0.0,0.0,8.5135,-2.0052,0.6189,0.4682,0.0385,0.1085,-0.58,-3.77,3.82,100.0,1,0,0
18.52,0.6,0.0,0.0,8.5224,-2.0079,0.6202,0.4626,0.009,0.1006,-0.69,-3.67,3.74,100.0,0,0,0
18.54,0.6,0.0,0.0,8.531,-2.0111,0.6211,0.4624,-0.0188,0.0921,-0.77,-3.59,3.67,100.0,0,0,0
18.56,0.6,0.0,0.0,8.5395,-2.0148,0.6215,0.4654,-0.0454,0.0917,-0.8,-3.53,3.62,100.0,0,0,0
18.58,0.6,0.0,0.0,8.548,-2.019,0.6216,0.4688,-0.0718,0.0933,-0.8,-3.49,3.58,100.0,0,0,0
18.6,0.6,0.0,0.0,8.5564,-2.0238,0.6213,0.4728,-0.0979,0.0922,-0.76,-3.46,3.54,100.0,0,0,0
18.62,0.6,0.0,0.0,8.5648,-2.0291,0.6206,0.4756,-0.1253,0.0797,-0.68,-3.43,3.5,100.0,0,0,0
18.64,0.6,0.0,0.0,8.573,-2.0349,0.6193,0.4769,-0.1555,0.0766,-0.56,-3.42,3.46,100.0,0,0,0
18.66,0.6,0.0,0.0,8.5809,-2.0413,0.6175,0.4647,-0.1866,0.0501,-0.38,-3.39,3.41,100.0,0,0,0
18.68,0.6,0.0,0.0,8.5886,-2.0482,0.6154,0.4698,-0.2119,-0.1029,-0.03,-3.42,3.42,100.0,0,0,0
18.7,0.6,0.0,0.0,8.5963,-2.0554,0.6135,0.4909,-0.2248,-0.0756,0.55,-3.56,3.6,100.0,0,0,0
18.72,0.6,0.0,0.0,8.6046,-2.0629,0.6132,0.5242,-0.2299,0.1201,1.08,-3.86,4.0,100.0,0,0,0
18.74,0.6,0.0,0.0,8.6127,-2.0703,0.615,0.4978,-0.2162,-0.1266,1.42,-4.09,4.33,100.0,0,0,0
18.76,0.6,0.0,0.0,8.6205,-2.0768,0.6176,0.4705,-0.1674,-0.1727,1.65,-4.17,4.49,100.0,0,0,0
18.78,0.6,0.0,0.0,8.6281,-2.0824,0.6199,0.4536,-0.1267,-0.1901,1.82,-4.15,4.54,100.0,0,0,0
18.8,0.6,0.0,0.0,8.6359,-2.0873,0.6218,0.4508,-0.0872,-0.1748,1.95,-4.11,4.54,100.0,0,0,0
18.82,0.6,0.0,0.0,8.644,-2.0914,0.6231,0.4539,-0.0505,-0.1533,2.03,-4.06,4.54,100.0,0,0,0
18.84,0.6,0.0,0.0,8.6524,-2.0949,0.6238,0.4599,-0.0133,-0.1274,2.07,-4.01,4.52,100.0,0,0,0
18.86,0.6,0.0,0.0,8.6613,-2.0977,0.6241,0.4674,0.0236,-0.1011,2.07,-3.97,4.48,100.0,0,0,0
18.88,0.6,0.0,0.0,8.6707,-2.0999,0.6239,0.4766,0.0604,-0.0836,2.03,-3.93,4.42,100.0,0,0,0
18.9,0.6,0.0,0.0,8.6804,-2.1015,0.623,0.4842,0.0953,-0.0741,1.95,-3.9,4.36,100.0,0,0,0
18.92,0.6,0.0,0.0,8.6906,-2.1026,0.6216,0.4883,0.125,-0.0714,1.82,-3.86,4.27,100.0,0,0,0
18.94,0.6,0.0,0.0,8.7008,-2.1032,0.6194,0.4819,0.1469,-0.0467,1.61,-3.79,4.12,100.0,0,0,0
18.96,0.6,0.0,0.0,8.7109,-2.1035,0.6164,0.4702,0.1546,0.1109,1.21,-3.71,3.9,100.0,0,0,0
18.98,0.6,0.0,0.0,8.7212,-2.1039,0.6132,0.5049,0.1489,0.0383,0.58,-3.71,3.75,100.0,0,0,0
19.0,0.6,0.0,0.0,8.732,-2.1048,0.6125,0.5335,0.1345,-0.2024,0.07,-3.83,3.83,100.0,1,0,0
19.02,0.6,0.0,0.0,8.7425,-2.1059,0.614,0.5091,0.12,0.0032,-0.23,-3.9,3.91,100.0,1,0,0
19.04,0.6,0.0,0.0,8.7523,-2.1075,0.6163,0.4882,0.0789,0.0978,-0.43,-3.87,3.9,100.0,0,0,0
19.06,0.6,0.0,0.0,8.7615,-2.1096,0.6184,0.4701,0.0452,0.1146,-0.59,-3.78,3.83,100.0,1,0,0
19.08,0.6,0.0,0.0,8.7703,-2.1122,0.6199,0.463,0.015,0.1075,-0.71,-3.68,3.75,100.0,0,0,0
19.1,0.6,0.0,0.0,8.7789,-2.1153,0.6209,0.4616,-0.0124,0.0958,-0.79,-3.59,3.68,100.0,0,0,0
19.12,0.6,0.0,0.0,8.7875,-2.119,0.6214,0.4644,-0.0397,0.0934,-0.84,-3.53,3.62,100.0,0,0,0
19.14,0.6,0.0,0.0,8.7959,-2.1232,0.6216,0.4678,-0.0662,0.0944,-0.84,-3.48,3.58,100.0,0,0,0
19.16,0.6,0.0,0.0,8.8043,-2.1279,0.6214,0.472,-0.0924,0.094,-0.8,-3.45,3.54,100.0,0,0,0
19.18,0.6,0.0,0.0,8.8126,-2.1332,0.6208,0.4748,-0.1193,0.0832,-0.73,-3.42,3.5,100.0,0,0,0
19.2,0.6,0.0,0.0,8.8208,-2.139,0.6197,0.4772,-0.1488,0.0799,-0.62,-3.4,3.46,100.0,0,0,0
19.22,0.6,0.0,0.0,8.8288,-2.1453,0.6179,0.4684,-0.1804,0.0606,-0.46,-3.38,3.41,100.0,0,0,0
19.24,0.6,0.0,0.0,8.8365,-2.1522,0.6159,0.4694,-0.209,-0.0679,-0.15,-3.39,3.4,100.0,0,0,0
19.26,0.6,0.0,0.0,8.8441,-2.1595,0.614,0.478,-0.2269,-0.2232,0.4,-3.51,3.53,100.0,0,0,0
19.28,0.6,0.0,0.0,8.8522,-2.1671,0.6133,0.5243,-0.2326,0.1249,0.97,-3.79,3.91,100.0,0,0,0
19.3,0.6,0.0,0.0,8.8604,-2.1746,0.6146,0.5062,-0.2208,-0.0602,1.37,-4.05,4.28,100.0,0,0,0
19.32,0.6,0.0,0.0,8.8681,-2.1815,0.6171,0.4775,-0.1815,-0.1653,1.62,-4.17,4.47,100.0,0,0,0
19.34,0.6,0.0,0.0,8.8757,-2.1874,0.6195,0.4567,-0.1378,-0.1869,1.8,-4.17,4.54,100.0,0,0,0
19.36,0.6,0.0,0.0,8.8834,-2.1925,0.6215,0.4511,-0.0986,-0.1792,1.93,-4.13,4.56,100.0,0,0,0
19.38,0.6,0.0,0.0,8.8914,-2.1969,0.6229,0.4531,-0.0611,-0.158,2.02,-4.09,4.56,100.0,0,0,0
19.4,0.6,0.0,0.0,8.8997,-2.2006,0.6238,0.4586,-0.0241,-0.1354,2.07,-4.04,4.54,100.0,0,0,0
19.42,0.6,0.0,0.0,8.9085,-2.2037,0.6242,0.4659,0.0132,-0.1073,2.07,-4.0,4.5,100.0,0,0,0
19.44,0.6,0.0,0.0,8.9177,-2.2062,0.624,0.475,0.0501,-0.0884,2.04,-3.96,4.46,100.0,0,0,0
19.46,0.6,0.0,0.0,8.9273,-2.208,0.6233,0.483,0.0863,-0.0744,1.97,-3.93,4.4,100.0,0,0,0
19.48,0.6,0.0,0.0,8.9374,-2.2093,0.622,0.4884,0.1171,-0.0732,1.86,-3.89,4.31,100.0,0,0,0
19.5,0.6,0.0,0.0,8.9476,-2.2101,0.62,0.4854,0.1424,-0.0555,1.68,-3.83,4.18,100.0,0,0,0
19.52,0.6,0.0,0.0,8.9578,-2.2106,0.6172,0.4698,0.1532,0.0322,1.34,-3.74,3.98,100.0,0,0,0
19.54,0.6,0.0,0.0,8.9679,-2.211,0.6138,0.4917,0.149,0.148,0.74,-3.71,3.78,100.0,0,0,0
19.56,0.6,0.0,0.0,8.9786,-2.2119,0.6125,0.5286,0.1413,-0.1966,0.21,-3.81,3.82,100.0,1,0,0
19.58,0.6,0.0,0.0,8.9892,-2.2132,0.6136,0.5187,0.1222,-0.0542,-0.16,-3.91,3.92,100.0,1,0,0
19.6,0.6,0.0,0.0,8.9992,-2.2147,0.6158,0.4916,0.0887,0.0806,-0.38,-3.9,3.92,100.0,0,0,0
19.62,0.6,0.0,0.0,9.0085,-2.2168,0.618,0.4736,0.053,0.114,-0.55,-3.81,3.85,100.0,1,0,0
19.64,0.6,0.0,0.0,9.0174,-2.2193,0.6197,0.4636,0.0227,0.1077,-0.69,-3.7,3.77,100.0,0,0,0
19.66,0.6,0.0,0.0,9.026,-2.2224,0.6208,0.4613,-0.0051,0.0965,-0.79,-3.61,3.69,100.0,0,0,0
19.68,0.6,0.0,0.0,9.0345,-2.226,0.6214,0.4634,-0.0324,0.0928,-0.84,-3.53,3.63,100.0,0,0,0
19.7,0.6,0.0,0.0,9.043,-2.2301,0.6217,0.4669,-0.0587,0.094,-0.86,-3.48,3.58,100.0,0,0,0
19.72,0.6,0.0,0.0,9.0513,-2.2348,0.6216,0.4711,-0.0848,0.0949,-0.83,-3.44,3.54,100.0,0,0,0
19.74,0.6,0.0,0.0,9.0596,-2.24,0.6211,0.474,-0.1113,0.0889,-0.77,-3.41,3.5,100.0,0,0,0
19.76,0.6,0.0,0.0,9.0678,-2.2457,0.6201,0.4768,-0.1398,0.0804,-0.67,-3.39,3.46,100.0,0,0,0
19.78,0.6,0.0,0.0,9.0758,-2.252,0.6185,0.4728,-0.1712,0.0705,-0.52,-3.37,3.41,100.0,0,0,0
19.8,0.6,0.0,0.0,9.0835,-2.2588,0.6166,0.4679,-0.2023,-0.02,-0.27,-3.37,3.38,100.0,0,0,0
19.82,0.6,0.0,0.0,9.091,-2.266,0.6146,0.475,-0.2202,-0.1754,0.21,-3.46,3.46,100.0,0,0,0
19.84,0.6,0.0,0.0,9.0987,-2.2736,0.613,0.5086,-0.2307,0.0043,0.86,-3.67,3.77,100.0,0,0,0
19.86,0.6,0.0,0.0,9.107,-2.2813,0.6135,0.5275,-0.226,0.1525,1.35,-4.01,4.23,100.0,1,0,0
19.88,0.6,0.0,0.0,9.115,-2.2886,0.616,0.4931,-0.2045,-0.1248,1.61,-4.24,4.53,100.0,0,0,0
19.9,0.6,0.0,0.0,9.1226,-2.295,0.6188,0.4666,-0.1563,-0.1762,1.77,-4.3,4.65,100.0,0,0,0
19.92,0.6,0.0,0.0,9.1302,-2.3006,0.6211,0.4539,-0.1169,-0.1899,1.91,-4.27,4.68,100.0,0,0,0
19.94,0.6,0.0,0.0,9.138,-2.3054,0.6229,0.4535,-0.0782,-0.1719,2.01,-4.23,4.68,100.0,0,0,0
19.96,0.6,0.0,0.0,9.1461,-2.3095,0.6241,0.458,-0.0417,-0.1495,2.07,-4.18,4.67,100.0,0,0,0
19.98,0.6,0.0,0.0,9.1547,-2.313,0.6247,0.4648,-0.0045,-0.1206,2.1,-4.14,4.64,100.0,0,0,0
20.0,0.6,0.0,0.0,9.1637,-2.3159,0.6248,0.4738,0.0323,-0.0974,2.08,-4.1,4.6,100.0,0,0,0
20.02,0.6,0.0,0.0,9.1732,-2.3182,0.6244,0.482,0.0695,-0.0767,2.03,-4.06,4.54,100.0,0,0,0
20.04,0.6,0.0,0.0,9.1831,-2.3198,0.6234,0.4896,0.1039,-0.0687,1.95,-4.03,4.47,100.0,0,0,0
20.06,0.6,0.0,0.0,9.1933,-2.3209,0.6218,0.4918,0.1325,-0.0604,1.81,-3.98,4.37,100.0,0,0,0
20.08,0.6,0.0,0.0,9.2036,-2.3216,0.6193,0.4813,0.1506,-0.0272,1.57,-3.9,4.2,100.0,0,0,0
20.1,0.6,0.0,0.0,9.2138,-2.3221,0.6162,0.4731,0.1532,0.1762,1.09,-3.82,3.97,100.0,0,0,0
20.12,0.6,0.0,0.0,9.2242,-2.3228,0.6133,0.5153,0.1479,-0.0735,0.47,-3.83,3.86,100.0,0,0,0
20.14,0.6,0.0,0.0,9.235,-2.324,0.6132,0.5343,0.1293,-0.1789,0.02,-3.95,3.95,100.0,1,0,0
20.16,0.6,0.0,0.0,9.2454,-2.3255,0.615,0.5063,0.1075,0.0249,-0.25,-3.99,4.0,100.0,1,0,0
20.18,0.6,0.0,0.0,9.255,-2.3275,0.6172,0.4866,0.0683,0.0939,-0.43,-3.94,3.96,100.0,0,0,0
20.2,0.6,0.0,0.0,9.2641,-2.3299,0.6191,0.4711,0.0362,0.1023,-0.58,-3.84,3.88,100.0,0,0,0
20.22,0.6,0.0,0.0,9.2729,-2.3329,0.6204,0.4655,0.007,0.0961,-0.69,-3.73,3.79,100.0,0,0,0
20.24,0.6,0.0,0.0,9.2815,-2.3364,0.6213,0.4651,-0.0206,0.0901,-0.76,-3.64,3.72,100.0,0,0,0
20.26,0.6,0.0,0.0,9.29,-2.3404,0.6217,0.468,-0.0472,0.0901,-0.79,-3.58,3.66,100.0,0,0,0
20.28,0.6,0.0,0.0,9.2983,-2.3449,0.6218,0.4712,-0.0737,0.0916,-0.79,-3.53,3.62,100.0,0,0,0
20.3,0.6,0.0,0.0,9.3067,-2.3499,0.6215,0.4751,-0.0998,0.0909,-0.74,-3.49,3.57,100.0,0,0,0
20.32,0.6,0.0,0.0,9.3149,-2.3555,0.6208,0.4777,-0.1271,0.0786,-0.66,-3.46,3.52,100.0,0,0,0
20.34,0.6,0.0,0.0,9.323,-2.3616,0.6195,0.4789,-0.1572,0.0753,-0.54,-3.44,3.49,100.0,0,0,0
20.36,0.6,0.0,0.0,9.3307,-2.3683,0.6176,0.4667,-0.1882,0.0494,-0.36,-3.42,3.44,100.0,0,0,0
20.38,0.6,0.0,0.0,9.3383,-2.3754,0.6156,0.4717,-0.2136,-0.1032,-0.0,-3.44,3.44,100.0,0,0,0
20.4,0.6,0.0,0.0,9.3458,-2.3829,0.6137,0.4929,-0.2262,-0.0876,0.57,-3.59,3.63,100.0,0,0,0
20.42,0.6,0.0,0.0,9.3539,-2.3907,0.6133,0.5265,-0.2315,0.1148,1.11,-3.88,4.04,100.0,0,0,0
20.44,0.6,0.0,0.0,9.362,-2.3984,0.6151,0.5108,-0.2169,-0.057,1.46,-4.15,4.4,100.0,0,0,0
20.46,0.6,0.0,0.0,9.3697,-2.4052,0.6176,0.4742,-0.175,-0.1962,1.7,-4.25,4.57,100.0,0,0,0
20.48,0.6,0.0,0.0,9.3772,-2.4112,0.62,0.455,-0.1308,-0.208,1.87,-4.22,4.62,100.0,0,0,0
20.5,0.6,0.0,0.0,9.3848,-2.4162,0.6218,0.4496,-0.0905,-0.1903,2.01,-4.16,4.61,100.0,0,0,0
20.52,0.6,0.0,0.0,9.3927,-2.4206,0.6231,0.452,-0.0523,-0.1642,2.1,-4.09,4.6,100.0,0,0,0
20.54,0.6,0.0,0.0,9.401,-2.4244,0.6239,0.4577,-0.0148,-0.1375,2.15,-4.04,4.58,100.0,0,0,0
20.56,0.6,0.0,0.0,9.4098,-2.4275,0.6242,0.4656,0.0219,-0.1038,2.16,-3.99,4.54,100.0,0,0,0
20.58,0.6,0.0,0.0,9.419,-2.43,0.6239,0.4745,0.0585,-0.0866,2.12,-3.95,4.49,100.0,0,0,0
20.6,0.6,0.0,0.0,9.4286,-2.4319,0.6231,0.482,0.0934,-0.0754,2.05,-3.92,4.42,100.0,0,0,0
20.62,0.6,0.0,0.0,9.4387,-2.4332,0.6217,0.4861,0.1234,-0.0716,1.93,-3.88,4.33,100.0,0,0,0
20.64,0.6,0.0,0.0,9.4488,-2.4341,0.6195,0.4803,0.146,-0.0479,1.73,-3.81,4.18,100.0,0,0,0
20.66,0.6,0.0,0.0,9.4589,-2.4346,0.6166,0.4684,0.1543,0.1008,1.34,-3.73,3.96,100.0,0,0,0
20.68,0.6,0.0,0.0,9.4691,-2.4353,0.6131,0.4897,0.1483,0.1449,0.67,-3.7,3.76,100.0,0,0,0
20.7,0.6,0.0,0.0,9.4797,-2.4364,0.6121,0.5318,0.139,-0.2647,0.14,-3.83,3.83,100.0,1,0,0
20.72,0.6,0.0,0.0,9.4903,-2.4379,0.6136,0.5195,0.119,-0.0914,-0.19,-3.94,3.95,100.0,1,0,0
20.74,0.6,0.0,0.0,9.5002,-2.4397,0.6161,0.4922,0.0837,0.0627,-0.4,-3.94,3.96,100.0,1,0,0
20.76,0.6,0.0,0.0,9.5094,-2.442,0.6184,0.4736,0.0492,0.0998,-0.58,-3.86,3.9,100.0,0,0,0
20.78,0.6,0.0,0.0,9.5182,-2.4449,0.6201,0.4641,0.0205,0.0983,-0.72,-3.75,3.82,100.0,0,0,0
20.8,0.6,0.0,0.0,9.5268,-2.4481,0.6213,0.4619,-0.0063,0.0931,-0.82,-3.66,3.75,100.0,0,0,0
20.82,0.6,0.0,0.0,9.5352,-2.452,0.6219,0.4638,-0.0332,0.0919,-0.88,-3.58,3.69,100.0,0,0,0
20.84,0.6,0.0,0.0,9.5436,-2.4563,0.6223,0.4672,-0.0589,0.0938,-0.9,-3.53,3.65,100.0,0,0,0
20.86,0.6,0.0,0.0,9.5518,-2.4611,0.6222,0.4714,-0.0848,0.0953,-0.88,-3.5,3.6,100.0,0,0,0
20.88,0.6,0.0,0.0,9.56,-2.4665,0.6218,0.4744,-0.1109,0.0897,-0.82,-3.47,3.56,100.0,0,0,0
20.9,0.6,0.0,0.0,9.5681,-2.4724,0.6209,0.4774,-0.139,0.0816,-0.72,-3.45,3.52,100.0,0,0,0
20.92,0.6,0.0,0.0,9.576,-2.4788,0.6194,0.474,-0.1698,0.0719,-0.58,-3.42,3.47,100.0,0,0,0
20.94,0.6,0.0,0.0,9.5835,-2.4857,0.6174,0.4657,-0.2001,0.0072,-0.34,-3.41,3.43,100.0,0,0,0
20.96,0.6,0.0,0.0,9.5909,-2.4931,0.6154,0.4711,-0.2178,-0.1478,0.12,-3.48,3.48,100.0,0,0,0
20.98,0.6,0.0,0.0,9.5984,-2.5007,0.6137,0.5034,-0.2294,-0.0039,0.76,-3.67,3.75,100.0,0,0,0
21.0,0.6,0.0,0.0,9.6064,-2.5085,0.614,0.5216,-0.2269,0.1328,1.27,-3.99,4.19,100.0,1,0,0
21.02,0.6,0.0,0.0,9.6141,-2.5161,0.6162,0.4902,-0.2078,-0.1259,1.56,-4.22,4.49,100.0,0,0,0
21.04,0.6,0.0,0.0,9.6215,-2.5227,0.6188,0.4647,-0.1603,-0.1718,1.73,-4.29,4.62,100.0,0,0,0
21.06,0.6,0.0,0.0,9.6289,-2.5284,0.621,0.452,-0.1208,-0.1858,1.87,-4.27,4.66,100.0,0,0,0
21.08,0.6,0.0,0.0,9.6366,-2.5335,0.6227,0.4514,-0.0816,-0.1684,1.97,-4.23,4.67,100.0,0,0,0
21.1,0.6,0.0,0.0,9.6446,-2.5378,0.6238,0.4559,-0.0445,-0.1462,2.03,-4.19,4.66,100.0,0,0,0
21.12,0.6,0.0,0.0,9.653,-2.5415,0.6244,0.4629,-0.0067,-0.1159,2.05,-4.15,4.63,100.0,0,0,0
21.14,0.6,0.0,0.0,9.662,-2.5446,0.6246,0.472,0.0304,-0.0937,2.03,-4.11,4.59,100.0,0,0,0
21.16,0.6,0.0,0.0,9.6713,-2.5471,0.6241,0.4806,0.0678,-0.0732,1.98,-4.07,4.53,100.0,0,0,0
21.18,0.6,0.0,0.0,9.6812,-2.5489,0.6231,0.4886,0.1026,-0.0661,1.9,-4.04,4.46,100.0,0,0,0
21.2,0.6,0.0,0.0,9.6914,-2.5503,0.6215,0.4912,0.1312,-0.0588,1.76,-3.99,4.36,100.0,0,0,0
21.22,0.6,0.0,0.0,9.7016,-2.5512,0.619,0.4813,0.1495,-0.027,1.52,-3.9,4.19,100.0,0,0,0
21.24,0.6,0.0,0.0,9.7118,-2.5519,0.6159,0.4727,0.153,0.1704,1.05,-3.82,3.96,100.0,0,0,0
21.26,0.6,0.0,0.0,9.7222,-2.5528,0.613,0.5157,0.1479,-0.0762,0.45,-3.82,3.85,100.0,0,0,0
21.28,0.6,0.0,0.0,9.733,-2.5543,0.613,0.5348,0.1289,-0.1732,0.01,-3.94,3.94,100.0,1,0,0
21.3,0.6,0.0,0.0,9.7433,-2.556,0.6148,0.506,0.1071,0.0313,-0.26,-3.98,3.99,100.0,1,0,0
21.32,0.6,0.0,0.0,9.7529,-2.5581,0.6171,0.4865,0.0673,0.0991,-0.44,-3.92,3.95,100.0,0,0,0
21.34,0.6,0.0,0.0,9.7619,-2.5607,0.619,0.4709,0.0351,0.1052,-0.59,-3.82,3.86,100.0,0,0,0
21.36,0.6,0.0,0.0,9.7706,-2.5639,0.6204,0.4654,0.0059,0.0989,-0.7,-3.71,3.78,100.0,0,0,0
21.38,0.6,0.0,0.0,9.7791,-2.5675,0.6212,0.4649,-0.0218,0.0914,-0.77,-3.62,3.7,100.0,0,0,0
21.4,0.6,0.0,0.0,9.7875,-2.5717,0.6216,0.4678,-0.0485,0.0914,-0.8,-3.56,3.65,100.0,0,0,0
21.42,0.6,0.0,0.0,9.7958,-2.5764,0.6218,0.471,-0.075,0.0937,-0.79,-3.51,3.6,100.0,0,0,0
21.44,0.6,0.0,0.0,9.804,-2.5817,0.6215,0.4749,-0.1012,0.0933,-0.75,-3.47,3.55,100.0,0,0,0
21.46,0.6,0.0,0.0,9.8121,-2.5874,0.6208,0.4773,-0.1284,0.0823,-0.66,-3.45,3.51,100.0,0,0,0
21.48,0.6,0.0,0.0,9.8201,-2.5937,0.6195,0.4784,-0.1585,0.0783,-0.54,-3.43,3.47,100.0,0,0,0
21.5,0.6,0.0,0.0,9.8277,-2.6006,0.6176,0.4662,-0.1894,0.0525,-0.36,-3.41,3.43,100.0,0,0,0
21.52,0.6,0.0,0.0,9.8351,-2.6079,0.6156,0.4711,-0.2147,-0.1009,-0.0,-3.44,3.44,100.0,0,0,0
21.54,0.6,0.0,0.0,9.8424,-2.6155,0.6137,0.493,-0.2302,-0.1444,0.58,-3.58,3.63,100.0,0,0,0
21.56,0.6,0.0,0.0,9.8503,-2.6235,0.6135,0.5253,-0.2326,0.1121,1.14,-3.88,4.04,100.0,0,0,0
21.58,0.6,0.0,0.0,9.858,-2.6314,0.6153,0.4994,-0.2212,-0.135,1.49,-4.13,4.39,100.0,0,0,0
21.6,0.6,0.0,0.0,9.8655,-2.6383,0.6178,0.4711,-0.1718,-0.1766,1.72,-4.22,4.55,100.0,0,0,0
21.62,0.6,0.0,0.0,9.8728,-2.6444,0.6202,0.4538,-0.1312,-0.1933,1.89,-4.21,4.61,100.0,0,0,0
21.64,0.6,0.0,0.0,9.8803,-2.6497,0.622,0.4507,-0.0915,-0.1765,2.02,-4.16,4.62,100.0,0,0,0
21.66,0.6,0.0,0.0,9.8881,-2.6543,0.6232,0.4534,-0.0546,-0.1554,2.1,-4.12,4.62,100.0,0,0,0
21.68,0.6,0.0,0.0,9.8964,-2.6582,0.624,0.4595,-0.0172,-0.1277,2.14,-4.07,4.6,100.0,0,0,0
21.7,0.6,0.0,0.0,9.9051,-2.6616,0.6243,0.467,0.0197,-0.101,2.14,-4.03,4.56,100.0,0,0,0
21.72,0.6,0.0,0.0,9.9143,-2.6643,0.624,0.4761,0.0566,-0.0833,2.11,-3.99,4.51,100.0,0,0,0
21.74,0.6,0.0,0.0,9.9239,-2.6664,0.6231,0.484,0.0926,-0.0717,2.03,-3.95,4.45,100.0,0,0,0
21.76,0.6,0.0,0.0,9.934,-2.668,0.6217,0.4887,0.1225,-0.069,1.91,-3.91,4.35,100.0,0,0,0
21.78,0.6,0.0,0.0,9.9442,-2.6691,0.6195,0.4832,0.1457,-0.0475,1.71,-3.84,4.21,100.0,0,0,0
21.8,0.6,0.0,0.0,9.9543,-2.6699,0.6166,0.4704,0.1544,0.0904,1.33,-3.75,3.98,100.0,0,0,0
21.82,0.6,0.0,0.0,9.9644,-2.6708,0.6131,0.4919,0.1489,0.1451,0.68,-3.71,3.77,100.0,0,0,0
21.84,0.6,0.0,0.0,9.9752,-2.6721,0.6121,0.5336,0.1397,-0.2559,0.16,-3.83,3.83,100.0,1,0,0
21.86,0.6,0.0,0.0,9.9857,-2.6739,0.6136,0.5218,0.1191,-0.0853,-0.18,-3.94,3.94,100.0,1,0,0
21.88,0.6,0.0,0.0,9.9956,-2.6759,0.616,0.4945,0.084,0.0642,-0.39,-3.93,3.95,100.0,0,0,0
21.9,0.6,0.0,0.0,10.0048,-2.6784,0.6183,0.4761,0.0494,0.1014,-0.57,-3.84,3.89,100.0,0,0,0
21.92,0.6,0.0,0.0,10.0136,-2.6814,0.6201,0.4664,0.0206,0.0996,-0.71,-3.73,3.8,100.0,0,0,0
21.94,0.6,0.0,0.0,10.0222,-2.6849,0.6212,0.4642,-0.0062,0.0936,-0.81,-3.63,3.72,100.0,0,0,0
21.96,0.6,0.0,0.0,10.0306,-2.6889,0.6219,0.466,-0.0331,0.0922,-0.87,-3.56,3.66,100.0,0,0,0
21.98,0.6,0.0,0.0,10.0389,-2.6934,0.6222,0.4693,-0.0589,0.0948,-0.89,-3.5,3.61,100.0,0,0,0
22.0,0.6,0.0,0.0,10.0471,-2.6984,0.6222,0.4734,-0.0847,0.0967,-0.88,-3.46,3.57,100.0,0,0,0
22.02,0.6,0.0,0.0,10.0552,-2.704,0.6217,0.4763,-0.1108,0.0928,-0.82,-3.43,3.53,100.0,0,0,0
22.04,0.6,0.0,0.0,10.0632,-2.71,0.6208,0.4792,-0.1388,0.0841,-0.72,-3.41,3.48,100.0,0,0,0
22.06,0.6,0.0,0.0,10.0709,-2.7167,0.6193,0.4759,-0.1696,0.0752,-0.58,-3.39,3.44,100.0,0,0,0
22.08,0.6,0.0,0.0,10.0784,-2.7238,0.6174,0.468,-0.2001,0.0066,-0.34,-3.38,3.4,100.0,0,0,0
22.1,0.6,0.0,0.0,10.0856,-2.7312,0.6154,0.4738,-0.2182,-0.1489,0.12,-3.45,3.45,100.0,0,0,0
22.12,0.6,0.0,0.0,10.093,-2.7391,0.6137,0.5064,-0.2299,-0.0077,0.77,-3.65,3.73,100.0,0,0,0
22.14,0.6,0.0,0.0,10.1009,-2.7471,0.614,0.5237,-0.2279,0.1261,1.28,-3.97,4.17,100.0,1,0,0
22.16,0.6,0.0,0.0,10.1085,-2.7548,0.6162,0.4919,-0.2094,-0.1298,1.57,-4.2,4.48,100.0,0,0,0
22.18,0.6,0.0,0.0,10.1158,-2.7616,0.6188,0.4658,-0.1616,-0.1738,1.75,-4.27,4.62,100.0,0,0,0
22.2,0.6,0.0,0.0,10.1231,-2.7676,0.621,0.4528,-0.122,-0.187,1.88,-4.26,4.66,100.0,0,0,0
22.22,0.6,0.0,0.0,10.1306,-2.7728,0.6227,0.4521,-0.0826,-0.169,1.98,-4.22,4.66,100.0,0,0,0
22.24,0.6,0.0,0.0,10.1386,-2.7773,0.6238,0.4564,-0.0455,-0.1466,2.04,-4.18,4.65,100.0,0,0,0
22.26,0.6,0.0,0.0,10.1469,-2.7812,0.6244,0.4633,-0.0077,-0.1164,2.07,-4.14,4.63,100.0,0,0,0
22.28,0.6,0.0,0.0,10.1558,-2.7845,0.6245,0.4724,0.0295,-0.0941,2.05,-4.1,4.59,100.0,0,0,0
22.3,0.6,0.0,0.0,10.1651,-2.7872,0.6241,0.4808,0.0669,-0.0735,2.0,-4.07,4.53,100.0,0,0,0
22.32,0.6,0.0,0.0,10.1749,-2.7893,0.623,0.4888,0.1018,-0.066,1.92,-4.03,4.46,100.0,0,0,0
22.34,0.6,0.0,0.0,10.1851,-2.7908,0.6214,0.4914,0.1306,-0.0585,1.78,-3.98,4.36,100.0,0,0,0
22.36,0.6,0.0,0.0,10.1953,-2.7919,0.6189,0.4816,0.1492,-0.0271,1.55,-3.89,4.19,100.0,0,0,0
22.38,0.6,0.0,0.0,10.2055,-2.7928,0.6158,0.4732,0.1533,0.1691,1.08,-3.81,3.96,100.0,0,0,0
22.4,0.6,0.0,0.0,10.2159,-2.794,0.613,0.5158,0.1487,-0.067,0.48,-3.81,3.84,100.0,0,0,0
22.42,0.6,0.0,0.0,10.2266,-2.7957,0.6129,0.5346,0.1294,-0.163,0.04,-3.92,3.92,100.0,1,0,0
22.44,0.6,0.0,0.0,10.2369,-2.7976,0.6147,0.5065,0.1067,0.0302,-0.23,-3.95,3.96,100.0,1,0,0
22.46,0.6,0.0,0.0,10.2465,-2.7999,0.617,0.4871,0.0675,0.0989,-0.41,-3.9,3.92,100.0,0,0,0
22.48,0.6,0.0,0.0,10.2555,-2.8027,0.6189,0.4715,0.0351,0.1048,-0.56,-3.79,3.83,100.0,0,0,0
22.5,0.6,0.0,0.0,10.2641,-2.8061,0.6202,0.4658,0.0059,0.0987,-0.67,-3.68,3.74,100.0,0,0,0
22.52,0.6,0.0,0.0,10.2725,-2.8099,0.6211,0.4653,-0.0219,0.091,-0.74,-3.59,3.67,100.0,0,0,0
22.54,0.6,0.0,0.0,10.2808,-2.8143,0.6216,0.4682,-0.0486,0.091,-0.77,-3.53,3.61,100.0,0,0,0
22.56,0.6,0.0,0.0,10.289,-2.8191,0.6217,0.4714,-0.0752,0.0937,-0.77,-3.48,3.56,100.0,0,0,0
22.58,0.6,0.0,0.0,10.2971,-2.8245,0.6214,0.4752,-0.1014,0.0936,-0.72,-3.44,3.52,100.0,0,0,0
22.6,0.6,0.0,0.0,10.3051,-2.8305,0.6207,0.4776,-0.1286,0.0835,-0.64,-3.42,3.48,100.0,0,0,0
22.62,0.6,0.0,0.0,10.3129,-2.8369,0.6195,0.4787,-0.1585,0.0792,-0.52,-3.4,3.44,100.0,0,0,0
22.64,0.6,0.0,0.0,10.3204,-2.8439,0.6176,0.4666,-0.1895,0.054,-0.34,-3.38,3.4,100.0,0,0,0
22.66,0.6,0.0,0.0,10.3277,-2.8514,0.6156,0.4714,-0.2148,-0.0983,0.01,-3.41,3.41,100.0,0,0,0
22.68,0.6,0.0,0.0,10.3349,-2.8592,0.6138,0.4936,-0.2303,-0.1425,0.59,-3.56,3.61,100.0,0,0,0
22.7,0.6,0.0,0.0,10.3426,-2.8673,0.6135,0.5251,-0.2317,0.1214,1.15,-3.86,4.03,100.0,0,0,0
22.72,0.6,0.0,0.0,10.3502,-2.8753,0.6153,0.4994,-0.2221,-0.138,1.51,-4.11,4.38,100.0,0,0,0
22.74,0.6,0.0,0.0,10.3574,-2.8825,0.6178,0.4706,-0.1727,-0.1777,1.74,-4.21,4.55,100.0,0,0,0
22.76,0.6,0.0,0.0,10.3646,-2.8887,0.6201,0.4531,-0.1322,-0.1939,1.91,-4.2,4.61,100.0,0,0,0
22.78,0.6,0.0,0.0,10.372,-2.8941,0.6219,0.4498,-0.0924,-0.1766,2.04,-4.16,4.63,100.0,0,0,0
22.8,0.6,0.0,0.0,10.3797,-2.8989,0.6232,0.4524,-0.0553,-0.1555,2.12,-4.11,4.63,100.0,0,0,0
22.82,0.6,0.0,0.0,10.3879,-2.903,0.624,0.4585,-0.0177,-0.1273,2.16,-4.07,4.61,100.0,0,0,0
22.84,0.6,0.0,0.0,10.3965,-2.9065,0.6242,0.4662,0.0192,-0.0997,2.16,-4.03,4.58,100.0,0,0,0
22.86,0.6,0.0,0.0,10.4056,-2.9095,0.624,0.4753,0.0561,-0.0822,2.13,-3.99,4.52,100.0,0,0,0
22.88,0.6,0.0,0.0,10.4152,-2.9118,0.6231,0.4833,0.0921,-0.0703,2.05,-3.96,4.46,100.0,0,0,0
22.9,0.6,0.0,0.0,10.4252,-2.9136,0.6217,0.488,0.1222,-0.0675,1.93,-3.91,4.36,100.0,0,0,0
22.92,0.6,0.0,0.0,10.4353,-2.9149,0.6195,0.4829,0.1456,-0.0469,1.74,-3.84,4.22,100.0,0,0,0
22.94,0.6,0.0,0.0,10.4454,-2.9159,0.6166,0.4697,0.1547,0.0851,1.36,-3.75,3.99,100.0,0,0,0
22.96,0.6,0.0,0.0,10.4556,-2.9169,0.6131,0.4913,0.1495,0.1464,0.71,-3.7,3.77,100.0,0,0,0
22.98,0.6,0.0,0.0,10.4662,-2.9185,0.6121,0.5324,0.1404,-0.2478,0.19,-3.81,3.82,100.0,1,0,0
23.0,0.6,0.0,0.0,10.4768,-2.9204,0.6135,0.5213,0.1193,-0.0813,-0.15,-3.92,3.92,100.0,1,0,0
23.02,0.6,0.0,0.0,10.4866,-2.9227,0.616,0.4942,0.0843,0.0637,-0.37,-3.91,3.93,100.0,0,0,0
23.04,0.6,0.0,0.0,10.4958,-2.9254,0.6183,0.476,0.0497,0.1006,-0.54,-3.82,3.86,100.0,0,0,0
23.06,0.6,0.0,0.0,10.5045,-2.9285,0.62,0.4663,0.0208,0.0986,-0.69,-3.71,3.77,100.0,0,0,0
23.08,0.6,0.0,0.0,10.513,-2.9322,0.6211,0.4641,-0.0061,0.0929,-0.79,-3.6,3.69,100.0,0,0,0
23.1,0.6,0.0,0.0,10.5213,-2.9363,0.6218,0.466,-0.033,0.0915,-0.85,-3.53,3.63,100.0,0,0,0
23.12,0.6,0.0,0.0,10.5295,-2.941,0.6221,0.4693,-0.0589,0.0944,-0.87,-3.47,3.58,100.0,0,0,0
23.14,0.6,0.0,0.0,10.5376,-2.9462,0.6221,0.4735,-0.0848,0.0967,-0.85,-3.43,3.54,100.0,0,0,0
23.16,0.6,0.0,0.0,10.5456,-2.9519,0.6217,0.4763,-0.1109,0.0935,-0.8,-3.4,3.5,100.0,0,0,0
23.18,0.6,0.0,0.0,10.5534,-2.9581,0.6208,0.4792,-0.1388,0.0847,-0.7,-3.38,3.45,100.0,0,0,0
23.2,0.6,0.0,0.0,10.5611,-2.9649,0.6193,0.4762,-0.1695,0.0765,-0.56,-3.36,3.41,100.0,0,0,0
23.22,0.6,0.0,0.0,10.5684,-2.9721,0.6173,0.4681,-0.2,0.0094,-0.32,-3.36,3.37,100.0,0,0,0
23.24,0.6,0.0,0.0,10.5755,-2.9797,0.6154,0.4739,-0.2181,-0.1463,0.13,-3.43,3.43,100.0,0,0,0
23.26,0.6,0.0,0.0,10.5827,-2.9877,0.6137,0.5069,-0.23,-0.0087,0.78,-3.63,3.71,100.0,0,0,0
23.28,0.6,0.0,0.0,10.5905,-2.9959,0.614,0.5237,-0.2285,0.1222,1.3,-3.95,4.16,100.0,1,0,0
23.3,0.6,0.0,0.0,10.5979,-3.0038,0.6162,0.4919,-0.2105,-0.1329,1.58,-4.19,4.48,100.0,0,0,0
23.32,0.6,0.0,0.0,10.605,-3.0108,0.6188,0.4652,-0.1626,-0.1756,1.76,-4.27,4.62,100.0,0,0,0
23.34,0.6,0.0,0.0,10.6122,-3.0169,0.621,0.4521,-0.1229,-0.1881,1.9,-4.26,4.66,100.0,0,0,0
23.36,0.6,0.0,0.0,10.6196,-3.0222,0.6226,0.4512,-0.0834,-0.1695,2.0,-4.22,4.67,100.0,0,0,0
23.38,0.6,0.0,0.0,10.6274,-3.0269,0.6237,0.4555,-0.0462,-0.1469,2.06,-4.18,4.66,100.0,0,0,0
23.4,0.6,0.0,0.0,10.6357,-3.031,0.6244,0.4623,-0.0084,-0.1163,2.08,-4.14,4.64,100.0,0,0,0
23.42,0.6,0.0,0.0,10.6445,-3.0345,0.6245,0.4715,0.0288,-0.0939,2.07,-4.11,4.6,100.0,0,0,0
23.44,0.6,0.0,0.0,10.6537,-3.0373,0.624,0.4799,0.0662,-0.073,2.02,-4.07,4.54,100.0,0,0,0
23.46,0.6,0.0,0.0,10.6635,-3.0396,0.623,0.488,0.1012,-0.065,1.94,-4.03,4.47,100.0,0,0,0
23.48,0.6,0.0,0.0,10.6736,-3.0414,0.6214,0.4908,0.1302,-0.0573,1.8,-3.98,4.37,100.0,0,0,0
23.5,0.6,0.0,0.0,10.6838,-3.0427,0.6189,0.4813,0.1491,-0.0262,1.57,-3.89,4.2,100.0,0,0,0
23.52,0.6,0.0,0.0,10.6939,-3.0438,0.6158,0.4726,0.1536,0.1659,1.11,-3.81,3.96,100.0,0,0,0
23.54,0.6,0.0,0.0,10.7043,-3.0451,0.6129,0.5149,0.1493,-0.061,0.51,-3.8,3.83,100.0,0,0,0
23.56,0.6,0.0,0.0,10.715,-3.047,0.6129,0.5338,0.1298,-0.1562,0.07,-3.9,3.91,100.0,1,0,0
23.58,0.6,0.0,0.0,10.7252,-3.0491,0.6146,0.5061,0.1067,0.0304,-0.2,-3.94,3.94,100.0,1,0,0
23.6,0.6,0.0,0.0,10.7347,-3.0516,0.6169,0.4869,0.0676,0.0979,-0.39,-3.88,3.9,100.0,0,0,0
23.62,0.6,0.0,0.0,10.7437,-3.0546,0.6188,0.4714,0.0351,0.1036,-0.53,-3.77,3.81,100.0,0,0,0
23.64,0.6,0.0,0.0,10.7522,-3.0581,0.6202,0.4657,0.0058,0.0977,-0.64,-3.66,3.72,100.0,0,0,0
23.66,0.6,0.0,0.0,10.7606,-3.0621,0.621,0.4652,-0.0221,0.0901,-0.71,-3.57,3.64,100.0,0,0,0
23.68,0.6,0.0,0.0,10.7688,-3.0667,0.6215,0.4681,-0.0489,0.0903,-0.75,-3.51,3.59,100.0,0,0,0
23.7,0.6,0.0,0.0,10.7769,-3.0717,0.6216,0.4713,-0.0756,0.0934,-0.74,-3.46,3.54,100.0,0,0,0
23.72,0.6,0.0,0.0,10.7849,-3.0773,0.6214,0.4751,-0.1017,0.0937,-0.7,-3.43,3.5,100.0,0,0,0
23.74,0.6,0.0,0.0,10.7927,-3.0834,0.6207,0.4775,-0.1289,0.0842,-0.62,-3.4,3.46,100.0,0,0,0
23.76,0.6,0.0,0.0,10.8004,-3.09,0.6195,0.4787,-0.1588,0.0797,-0.5,-3.39,3.42,100.0,0,0,0
23.78,0.6,0.0,0.0,10.8077,-3.0971,0.6176,0.4667,-0.1897,0.0549,-0.32,-3.37,3.38,100.0,0,0,0
23.8,0.6,0.0,0.0,10.8148,-3.1047,0.6156,0.4714,-0.2151,-0.0963,0.03,-3.4,3.4,100.0,0,0,0
23.82,0.6,0.0,0.0,10.8218,-3.1127,0.6137,0.4797,-0.2329,-0.2429,0.62,-3.54,3.59,100.0,0,0,0
23.84,0.6,0.0,0.0,10.8294,-3.121,0.6131,0.5337,-0.2344,0.2073,1.2,-3.88,4.06,100.0,0,0,0
23.86,0.6,0.0,0.0,10.8371,-3.1292,0.6147,0.5102,-0.2234,-0.0243,1.56,-4.19,4.47,100.0,1,0,0
23.88,0.6,0.0,0.0,10.8443,-3.1367,0.6175,0.4774,-0.1806,-0.159,1.77,-4.33,4.68,100.0,0,0,0
23.9,0.6,0.0,0.0,10.8514,-3.1431,0.6202,0.4543,-0.1373,-0.1915,1.93,-4.33,4.74,100.0,0,0,0
23.92,0.6,0.0,0.0,10.8586,-3.1488,0.6222,0.4487,-0.0981,-0.1826,2.06,-4.29,4.76,100.0,0,0,0
23.94,0.6,0.0,0.0,10.8662,-3.1537,0.6237,0.4508,-0.0615,-0.1601,2.16,-4.23,4.75,100.0,0,0,0
23.96,0.6,0.0,0.0,10.8741,-3.1581,0.6245,0.4564,-0.0248,-0.1373,2.21,-4.19,4.73,100.0,0,0,0
23.98,0.6,0.0,0.0,10.8826,-3.1619,0.6249,0.4642,0.0117,-0.1042,2.22,-4.14,4.7,100.0,0,0,0
24.0,0.6,0.0,0.0,10.8915,-3.1651,0.6248,0.4734,0.0481,-0.0853,2.2,-4.1,4.65,100.0,0,0,0
24.02,0.6,0.0,0.0,10.901,-3.1677,0.624,0.4817,0.085,-0.0698,2.14,-4.07,4.59,100.0,0,0,0
24.04,0.6,0.0,0.0,10.9109,-3.1697,0.6227,0.4883,0.1166,-0.0634,2.03,-4.03,4.51,100.0,0,0,0
24.06,0.6,0.0,0.0,10.921,-3.1713,0.6207,0.4861,0.1425,-0.0499,1.86,-3.96,4.37,100.0,0,0,0
24.08,0.6,0.0,0.0,10.9312,-3.1725,0.6179,0.4698,0.1542,0.0201,1.54,-3.85,4.15,100.0,0,0,0
24.1,0.6,0.0,0.0,10.9412,-3.1736,0.6144,0.4737,0.1532,0.2658,0.95,-3.78,3.9,100.0,0,0,0
24.12,0.6,0.0,0.0,10.9517,-3.1751,0.6125,0.5236,0.147,-0.2175,0.39,-3.84,3.86,100.0,1,0,0
24.14,0.6,0.0,0.0,10.9623,-3.1772,0.6134,0.5299,0.1209,-0.1401,0.01,-3.96,3.96,100.0,1,0,0
24.16,0.6,0.0,0.0,10.9723,-3.1796,0.6156,0.498,0.0921,0.0342,-0.24,-3.96,3.97,100.0,1,0,0
24.18,0.6,0.0,0.0,10.9815,-3.1824,0.6179,0.4806,0.0554,0.0894,-0.42,-3.88,3.9,100.0,0,0,0
24.2,0.6,0.0,0.0,10.9903,-3.1856,0.6197,0.4679,0.0256,0.0905,-0.57,-3.76,3.8,100.0,0,0,0
24.22,0.6,0.0,0.0,10.9987,-3.1893,0.621,0.4645,-0.0017,0.0877,-0.68,-3.65,3.71,100.0,0,0,0
24.24,0.6,0.0,0.0,11.007,-3.1936,0.6217,0.4654,-0.0289,0.0861,-0.75,-3.56,3.63,100.0,0,0,0
24.26,0.6,0.0,0.0,11.0151,-3.1983,0.6221,0.4685,-0.0548,0.0889,-0.79,-3.49,3.58,100.0,0,0,0
24.28,0.6,0.0,0.0,11.0231,-3.2035,0.6222,0.4719,-0.0809,0.0919,-0.78,-3.44,3.53,100.0,0,0,0
24.3,0.6,0.0,0.0,11.031,-3.2093,0.6218,0.4758,-0.1067,0.0919,-0.73,-3.41,3.49,100.0,0,0,0
24.32,0.6,0.0,0.0,11.0388,-3.2156,0.6211,0.4785,-0.134,0.0815,-0.64,-3.38,3.45,100.0,0,0,0
24.34,0.6,0.0,0.0,11.0464,-3.2224,0.6197,0.4783,-0.1639,0.0786,-0.52,-3.37,3.41,100.0,0,0,0
24.36,0.6,0.0,0.0,11.0536,-3.2296,0.6178,0.4668,-0.1943,0.0442,-0.32,-3.35,3.37,100.0,0,0,0
24.38,0.6,0.0,0.0,11.0606,-3.2373,0.6158,0.4715,-0.2162,-0.1079,0.07,-3.4,3.4,100.0,0,0,0
24.4,0.6,0.0,0.0,11.0675,-3.2454,0.6139,0.4933,-0.2306,-0.1174,0.69,-3.56,3.63,100.0,0,0,0
24.42,0.6,0.0,0.0,11.0751,-3.2538,0.6136,0.5287,-0.2309,0.1903,1.25,-3.89,4.09,100.0,0,0,0
24.44,0.6,0.0,0.0,11.0824,-3.262,0.6155,0.4986,-0.2235,-0.1201,1.58,-4.17,4.45,100.0,0,0,0
24.46,0.6,0.0,0.0,11.0894,-3.2694,0.6182,0.4704,-0.1732,-0.168,1.77,-4.28,4.63,100.0,0,0,0
24.48,0.6,0.0,0.0,11.0964,-3.2758,0.6205,0.4521,-0.1331,-0.1923,1.92,-4.28,4.69,100.0,0,0,0
24.5,0.6,0.0,0.0,11.1036,-3.2814,0.6223,0.4494,-0.0928,-0.1751,2.04,-4.24,4.7,100.0,0,0,0
24.52,0.6,0.0,0.0,11.1112,-3.2864,0.6236,0.4525,-0.0558,-0.1532,2.11,-4.2,4.7,100.0,0,0,0
24.54,0.6,0.0,0.0,11.1193,-3.2908,0.6243,0.4588,-0.0179,-0.1244,2.15,-4.16,4.68,100.0,0,0,0
24.56,0.6,0.0,0.0,11.1278,-3.2946,0.6245,0.4669,0.0192,-0.096,2.14,-4.12,4.64,100.0,0,0,0
24.58,0.6,0.0,0.0,11.1368,-3.2977,0.6242,0.4763,0.0563,-0.0779,2.1,-4.08,4.59,100.0,0,0,0
24.6,0.6,0.0,0.0,11.1464,-3.3003,0.6234,0.4846,0.0934,-0.065,2.03,-4.04,4.53,100.0,0,0,0
24.62,0.6,0.0,0.0,11.1564,-3.3024,0.6219,0.49,0.1232,-0.0599,1.91,-4.0,4.43,100.0,0,0,0
24.64,0.6,0.0,0.0,11.1665,-3.304,0.6197,0.4848,0.1464,-0.0404,1.72,-3.92,4.28,100.0,0,0,0
24.66,0.6,0.0,0.0,11.1766,-3.3053,0.6167,0.4701,0.1549,0.084,1.34,-3.82,4.05,100.0,0,0,0
24.68,0.6,0.0,0.0,11.1868,-3.3066,0.6135,0.504,0.1519,0.0587,0.74,-3.78,3.85,100.0,0,0,0
24.7,0.6,0.0,0.0,11.1975,-3.3085,0.6127,0.5318,0.1374,-0.1691,0.25,-3.87,3.87,100.0,1,0,0
24.72,0.6,0.0,0.0,11.2079,-3.3107,0.6139,0.5172,0.1173,-0.0281,-0.11,-3.93,3.93,100.0,1,0,0
24.74,0.6,0.0,0.0,11.2177,-3.3133,0.6161,0.492,0.0829,0.0927,-0.33,-3.89,3.9,100.0,0,0,0
24.76,0.6,0.0,0.0,11.2267,-3.3162,0.6182,0.4746,0.0476,0.1182,-0.5,-3.78,3.81,100.0,0,0,0
24.78,0.6,0.0,0.0,11.2353,-3.3197,0.6198,0.4656,0.0174,0.1104,-0.64,-3.65,3.71,100.0,0,0,0
24.8,0.6,0.0,0.0,11.2437,-3.3236,0.6208,0.464,-0.0102,0.0965,-0.73,-3.54,3.62,100.0,0,0,0
24.82,0.6,0.0,0.0,11.2519,-3.328,0.6214,0.4666,-0.0376,0.0925,-0.78,-3.47,3.55,100.0,0,0,0
24.84,0.6,0.0,0.0,11.2599,-3.333,0.6216,0.4701,-0.064,0.0946,-0.79,-3.41,3.5,100.0,0,0,0
24.86,0.6,0.0,0.0,11.2679,-3.3385,0.6215,0.4742,-0.0901,0.0964,-0.77,-3.37,3.46,100.0,0,0,0
24.88,0.6,0.0,0.0,11.2757,-3.3445,0.621,0.4769,-0.1166,0.092,-0.7,-3.34,3.41,100.0,0,0,0
24.9,0.6,0.0,0.0,11.2834,-3.351,0.6199,0.4793,-0.1452,0.0849,-0.6,-3.32,3.38,100.0,0,0,0
24.92,0.6,0.0,0.0,11.2907,-3.3581,0.6183,0.4736,-0.1766,0.0745,-0.45,-3.3,3.34,100.0,0,0,0
24.94,0.6,0.0,0.0,11.2978,-3.3656,0.6164,0.4713,-0.2058,-0.0365,-0.17,-3.32,3.33,100.0,0,0,0
24.96,0.6,0.0,0.0,11.3048,-3.3736,0.6145,0.4801,-0.2247,-0.1962,0.33,-3.43,3.45,100.0,0,0,0
24.98,0.6,0.0,0.0,11.312,-3.3819,0.6133,0.5215,-0.2334,0.0661,0.96,-3.7,3.82,100.0,0,0,0
25.0,0.6,0.0,0.0,11.3196,-3.3903,0.6142,0.5192,-0.2277,0.032,1.43,-4.02,4.27,100.0,1,0,0
25.02,0.6,0.0,0.0,11.3267,-3.3982,0.6166,0.4858,-0.1993,-0.1583,1.69,-4.21,4.54,100.0,0,0,0
25.04,0.6,0.0,0.0,11.3337,-3.4051,0.6192,0.4597,-0.1529,-0.188,1.86,-4.26,4.65,100.0,0,0,0
25.06,0.6,0.0,0.0,11.3407,-3.4112,0.6213,0.4502,-0.1132,-0.1876,1.99,-4.24,4.68,100.0,0,0,0
25.08,0.6,0.0,0.0,11.348,-3.4166,0.6228,0.4505,-0.0746,-0.1668,2.08,-4.2,4.69,100.0,0,0,0
25.1,0.6,0.0,0.0,11.3558,-3.4213,0.6238,0.4552,-0.037,-0.145,2.14,-4.16,4.68,100.0,0,0,0
25.12,0.6,0.0,0.0,11.364,-3.4254,0.6244,0.4627,0.0004,-0.1105,2.16,-4.12,4.65,100.0,0,0,0
25.14,0.6,0.0,0.0,11.3728,-3.429,0.6243,0.4717,0.0374,-0.0904,2.13,-4.09,4.61,100.0,0,0,0
25.16,0.6,0.0,0.0,11.3821,-3.4319,0.6238,0.48,0.0747,-0.0713,2.08,-4.05,4.55,100.0,0,0,0
25.18,0.6,0.0,0.0,11.3918,-3.4343,0.6226,0.4873,0.1083,-0.0636,1.98,-4.02,4.48,100.0,0,0,0
25.2,0.6,0.0,0.0,11.4019,-3.4362,0.6208,0.488,0.136,-0.0546,1.83,-3.96,4.37,100.0,0,0,0
25.22,0.6,0.0,0.0,11.412,-3.4377,0.6182,0.4748,0.1516,-0.0153,1.56,-3.86,4.17,100.0,0,0,0
25.24,0.6,0.0,0.0,11.4221,-3.439,0.6149,0.4727,0.1531,0.2133,1.04,-3.78,3.93,100.0,0,0,0
25.26,0.6,0.0,0.0,11.4325,-3.4408,0.6128,0.5181,0.1488,-0.1286,0.5,-3.81,3.84,100.0,0,0,0
25.28,0.6,0.0,0.0,11.4431,-3.443,0.6131,0.5324,0.122,-0.1267,0.07,-3.9,3.9,100.0,1,0,0
25.3,0.6,0.0,0.0,11.4531,-3.4455,0.6149,0.4999,0.1004,0.0519,-0.2,-3.9,3.9,100.0,1,0,0
25.32,0.6,0.0,0.0,11.4624,-3.4483,0.6172,0.4829,0.0609,0.1174,-0.39,-3.81,3.83,100.0,0,0,0
25.34,0.6,0.0,0.0,11.4711,-3.4517,0.619,0.4679,0.0287,0.1112,-0.53,-3.69,3.72,100.0,0,0,0
25.36,0.6,0.0,0.0,11.4795,-3.4555,0.6203,0.4638,-0.0,0.1018,-0.65,-3.57,3.62,100.0,0,0,0
25.38,0.6,0.0,0.0,11.4877,-3.4598,0.6211,0.4645,-0.0279,0.0913,-0.71,-3.47,3.55,100.0,0,0,0
25.4,0.6,0.0,0.0,11.4957,-3.4647,0.6215,0.468,-0.0542,0.0912,-0.74,-3.41,3.49,100.0,0,0,0
25.42,0.6,0.0,0.0,11.5037,-3.47,0.6215,0.4714,-0.0806,0.094,-0.73,-3.36,3.44,100.0,0,0,0
25.44,0.6,0.0,0.0,11.5115,-3.4759,0.6212,0.4753,-0.1066,0.0934,-0.69,-3.33,3.39,100.0,0,0,0
25.46,0.6,0.0,0.0,11.5191,-3.4823,0.6204,0.4778,-0.1341,0.0828,-0.6,-3.3,3.36,100.0,0,0,0
25.48,0.6,0.0,0.0,11.5266,-3.4892,0.619,0.4774,-0.1645,0.0786,-0.48,-3.29,3.32,100.0,0,0,0
25.5,0.6,0.0,0.0,11.5337,-3.4966,0.6171,0.4686,-0.1956,0.0246,-0.27,-3.28,3.29,100.0,0,0,0
25.52,0.6,0.0,0.0,11.5405,-3.5045,0.6152,0.4749,-0.2179,-0.1278,0.13,-3.35,3.35,100.0,0,0,0
25.54,0.6,0.0,0.0,11.5474,-3.5127,0.6134,0.4979,-0.2321,-0.1276,0.76,-3.53,3.61,100.0,0,0,0
25.56,0.6,0.0,0.0,11.5549,-3.5212,0.6133,0.5342,-0.2316,0.1999,1.32,-3.88,4.1,100.0,0,0,0
25.58,0.6,0.0,0.0,11.5622,-3.5297,0.6153,0.5018,-0.2241,-0.1239,1.63,-4.17,4.48,100.0,0,0,0
25.6,0.6,0.0,0.0,11.5691,-3.5372,0.618,0.4716,-0.1722,-0.1762,1.82,-4.28,4.65,100.0,0,0,0
25.62,0.6,0.0,0.0,11.576,-3.5437,0.6205,0.4529,-0.1319,-0.1981,1.96,-4.28,4.71,100.0,0,0,0
25.64,0.6,0.0,0.0,11.5831,-3.5494,0.6224,0.4499,-0.0915,-0.1798,2.08,-4.24,4.73,100.0,0,0,0
25.66,0.6,0.0,0.0,11.5906,-3.5546,0.6237,0.4528,-0.0547,-0.1572,2.16,-4.2,4.72,100.0,0,0,0
25.68,0.6,0.0,0.0,11.5986,-3.559,0.6244,0.4589,-0.017,-0.1303,2.2,-4.16,4.71,100.0,0,0,0
25.7,0.6,0.0,0.0,11.6071,-3.5629,0.6247,0.4671,0.0198,-0.0987,2.2,-4.13,4.67,100.0,0,0,0
25.72,0.6,0.0,0.0,11.616,-3.5663,0.6244,0.4761,0.0567,-0.08,2.16,-4.09,4.62,100.0,0,0,0
25.74,0.6,0.0,0.0,11.6255,-3.569,0.6235,0.4842,0.0936,-0.0658,2.09,-4.05,4.56,100.0,0,0,0
25.76,0.6,0.0,0.0,11.6355,-3.5713,0.6221,0.4893,0.1236,-0.0598,1.97,-4.01,4.47,100.0,0,0,0
25.78,0.6,0.0,0.0,11.6456,-3.573,0.6199,0.484,0.1471,-0.039,1.77,-3.94,4.32,100.0,0,0,0
25.8,0.6,0.0,0.0,11.6557,-3.5745,0.6169,0.469,0.1554,0.0838,1.4,-3.83,4.08,100.0,0,0,0
25.82,0.6,0.0,0.0,11.6657,-3.5759,0.6134,0.4897,0.1503,0.1434,0.75,-3.77,3.84,100.0,0,0,0
25.84,0.6,0.0,0.0,11.6763,-3.5779,0.6123,0.531,0.1415,-0.248,0.25,-3.86,3.87,100.0,1,0,0
25.86,0.6,0.0,0.0,11.6867,-3.5804,0.6134,0.5216,0.1168,-0.1041,-0.13,-3.95,3.96,100.0,1,0,0
25.88,0.6,0.0,0.0,11.6965,-3.5831,0.6158,0.4975,0.088,0.0458,-0.35,-3.94,3.96,100.0,0,0,0
25.9,0.6,0.0,0.0,11.7056,-3.5862,0.6182,0.4797,0.0502,0.0908,-0.52,-3.85,3.89,100.0,0,0,0
25.92,0.6,0.0,0.0,11.7142,-3.5898,0.62,0.4684,0.0212,0.0933,-0.66,-3.73,3.79,100.0,0,0,0
25.94,0.6,0.0,0.0,11.7226,-3.5938,0.6212,0.4659,-0.0056,0.0902,-0.77,-3.62,3.7,100.0,0,0,0
25.96,0.6,0.0,0.0,11.7307,-3.5984,0.622,0.4674,-0.0324,0.0895,-0.83,-3.54,3.64,100.0,0,0,0
25.98,0.6,0.0,0.0,11.7387,-3.6034,0.6223,0.4707,-0.0579,0.0925,-0.86,-3.48,3.58,100.0,0,0,0
26.0,0.6,0.0,0.0,11.7466,-3.609,0.6223,0.4749,-0.0836,0.0955,-0.85,-3.43,3.54,100.0,0,0,0
26.02,0.6,0.0,0.0,11.7543,-3.615,0.6219,0.4779,-0.1094,0.0929,-0.79,-3.4,3.49,100.0,0,0,0
26.04,0.6,0.0,0.0,11.762,-3.6216,0.6211,0.4807,-0.1368,0.0841,-0.7,-3.37,3.45,100.0,0,0,0
26.06,0.6,0.0,0.0,11.7693,-3.6287,0.6196,0.4789,-0.1671,0.0783,-0.57,-3.36,3.4,100.0,0,0,0
26.08,0.6,0.0,0.0,11.7763,-3.6362,0.6177,0.47,-0.1976,0.0166,-0.34,-3.35,3.37,100.0,0,0,0
26.1,0.6,0.0,0.0,11.7831,-3.6442,0.6158,0.4754,-0.2184,-0.1333,0.09,-3.42,3.42,100.0,0,0,0
26.12,0.6,0.0,0.0,11.7899,-3.6525,0.6139,0.4969,-0.2318,-0.1183,0.75,-3.6,3.67,100.0,0,0,0
26.14,0.6,0.0,0.0,11.7973,-3.6612,0.6138,0.5355,-0.2308,0.2343,1.31,-3.96,4.17,100.0,1,0,0
26.16,0.6,0.0,0.0,11.8044,-3.6697,0.6158,0.5019,-0.2244,-0.1086,1.61,-4.26,4.55,100.0,0,0,0
26.18,0.6,0.0,0.0,11.8113,-3.6772,0.6185,0.4712,-0.1727,-0.1654,1.79,-4.38,4.73,100.0,0,0,0
26.2,0.6,0.0,0.0,11.8181,-3.6839,0.621,0.4525,-0.1328,-0.1926,1.93,-4.38,4.78,100.0,0,0,0
26.22,0.6,0.0,0.0,11.8251,-3.6897,0.6228,0.4498,-0.0925,-0.1749,2.04,-4.34,4.8,100.0,0,0,0
26.24,0.6,0.0,0.0,11.8326,-3.6949,0.6241,0.453,-0.0559,-0.1527,2.12,-4.3,4.79,100.0,0,0,0
26.26,0.6,0.0,0.0,11.8405,-3.6995,0.6248,0.4593,-0.0182,-0.1244,2.16,-4.26,4.77,100.0,0,0,0
26.28,0.6,0.0,0.0,11.8489,-3.7035,0.6251,0.4679,0.0186,-0.0953,2.16,-4.22,4.74,100.0,0,0,0
26.3,0.6,0.0,0.0,11.8579,-3.707,0.6248,0.4769,0.0556,-0.0754,2.12,-4.18,4.69,100.0,0,0,0
26.32,0.6,0.0,0.0,11.8674,-3.7099,0.6239,0.4854,0.0926,-0.0611,2.05,-4.14,4.62,100.0,0,0,0
26.34,0.6,0.0,0.0,11.8773,-3.7123,0.6224,0.4913,0.1235,-0.0526,1.94,-4.1,4.53,100.0,0,0,0
26.36,0.6,0.0,0.0,11.8875,-3.7142,0.6203,0.4867,0.1469,-0.0357,1.74,-4.02,4.38,100.0,0,0,0
26.38,0.6,0.0,0.0,11.8976,-3.7157,0.6172,0.4694,0.1552,0.069,1.38,-3.9,4.14,100.0,0,0,0
26.4,0.6,0.0,0.0,11.9076,-3.7173,0.6136,0.4901,0.1502,0.1396,0.75,-3.83,3.9,100.0,0,0,0
26.42,0.6,0.0,0.0,11.9182,-3.7194,0.6125,0.5309,0.1417,-0.2465,0.26,-3.91,3.92,100.0,1,0,0
26.44,0.6,0.0,0.0,11.9286,-3.722,0.6135,0.5227,0.1155,-0.1004,-0.12,-4.0,4.0,100.0,1,0,0
26.46,0.6,0.0,0.0,11.9384,-3.7248,0.6158,0.4986,0.0868,0.0453,-0.33,-3.99,4.0,100.0,0,0,0
26.48,0.6,0.0,0.0,11.9474,-3.7281,0.6181,0.4811,0.0488,0.091,-0.5,-3.89,3.93,100.0,0,0,0
26.5,0.6,0.0,0.0,11.956,-3.7318,0.62,0.4696,0.0195,0.0927,-0.64,-3.77,3.83,100.0,0,0,0
26.52,0.6,0.0,0.0,11.9643,-3.736,0.6212,0.4669,-0.0075,0.0896,-0.74,-3.66,3.74,100.0,0,0,0
26.54,0.6,0.0,0.0,11.9724,-3.7407,0.6219,0.4682,-0.0345,0.0888,-0.81,-3.58,3.67,100.0,0,0,0
26.56,0.6,0.0,0.0,11.9803,-3.7458,0.6223,0.4714,-0.0602,0.0919,-0.83,-3.51,3.61,100.0,0,0,0
26.58,0.6,0.0,0.0,11.9881,-3.7515,0.6223,0.4754,-0.086,0.0953,-0.81,-3.47,3.56,100.0,0,0,0
26.6,0.6,0.0,0.0,11.9958,-3.7577,0.6219,0.4783,-0.1118,0.0929,-0.76,-3.43,3.51,100.0,0,0,0
26.62,0.6,0.0,0.0,12.0033,-3.7644,0.621,0.481,-0.1392,0.0843,-0.67,-3.41,3.47,100.0,0,0,0
26.64,0.6,0.0,0.0,12.0106,-3.7716,0.6196,0.479,-0.1695,0.0782,-0.53,-3.39,3.43,100.0,0,0,0
26.66,0.6,0.0,0.0,12.0175,-3.7793,0.6177,0.4701,-0.2,0.0156,-0.3,-3.38,3.39,100.0,0,0,0
26.68,0.6,0.0,0.0,12.0242,-3.7874,0.6157,0.4757,-0.2206,-0.1364,0.13,-3.45,3.45,100.0,0,0,0
26.7,0.6,0.0,0.0,12.0309,-3.7958,0.6138,0.4972,-0.2336,-0.1142,0.79,-3.63,3.72,100.0,0,0,0
26.72,0.6,0.0,0.0,12.0381,-3.8045,0.6138,0.534,-0.2371,0.1569,1.34,-4.0,4.22,100.0,1,0,0
26.74,0.6,0.0,0.0,12.0451,-3.8131,0.6161,0.4975,-0.2189,-0.111,1.63,-4.29,4.59,100.0,0,0,0
26.76,0.6,0.0,0.0,12.0519,-3.8207,0.6189,0.4689,-0.1711,-0.166,1.82,-4.4,4.76,100.0,0,0,0
26.78,0.6,0.0,0.0,12.0586,-3.8273,0.6212,0.453,-0.1318,-0.1848,1.96,-4.41,4.82,100.0,0,0,0
26.8,0.6,0.0,0.0,12.0656,-3.8333,0.623,0.451,-0.093,-0.1698,2.08,-4.38,4.84,100.0,0,0,0
26.82,0.6,0.0,0.0,12.073,-3.8386,0.6242,0.4545,-0.0565,-0.1486,2.15,-4.34,4.84,100.0,0,0,0
26.84,0.6,0.0,0.0,12.0809,-3.8433,0.6249,0.4609,-0.0192,-0.1204,2.18,-4.3,4.83,100.0,0,0,0
26.86,0.6,0.0,0.0,12.0893,-3.8474,0.6252,0.4692,0.0179,-0.095,2.18,-4.26,4.79,100.0,0,0,0
26.88,0.6,0.0,0.0,12.0982,-3.851,0.6248,0.4783,0.055,-0.0755,2.14,-4.22,4.73,100.0,0,0,0
26.9,0.6,0.0,0.0,12.1077,-3.854,0.624,0.4868,0.0921,-0.0623,2.07,-4.18,4.66,100.0,0,0,0
26.92,0.6,0.0,0.0,12.1176,-3.8565,0.6225,0.4926,0.1231,-0.0535,1.96,-4.13,4.57,100.0,0,0,0
26.94,0.6,0.0,0.0,12.1278,-3.8586,0.6203,0.4879,0.1465,-0.0365,1.76,-4.05,4.42,100.0,0,0,0
26.96,0.6,0.0,0.0,12.1379,-3.8602,0.6172,0.4708,0.1548,0.0703,1.4,-3.93,4.17,100.0,0,0,0
26.98,0.6,0.0,0.0,12.148,-3.8619,0.6136,0.4914,0.1499,0.1399,0.77,-3.85,3.93,100.0,0,0,0
27.0,0.6,0.0,0.0,12.1585,-3.8642,0.6125,0.5324,0.1413,-0.2474,0.27,-3.93,3.94,100.0,1,0,0
27.02,0.6,0.0,0.0,12.1689,-3.8669,0.6135,0.5244,0.115,-0.1002,-0.1,-4.01,4.02,100.0,1,0,0
27.04,0.6,0.0,0.0,12.1787,-3.8699,0.6158,0.5002,0.0861,0.0444,-0.32,-4.0,4.01,100.0,0,0,0
27.06,0.6,0.0,0.0,12.1878,-3.8733,0.6182,0.4827,0.0483,0.0909,-0.48,-3.9,3.93,100.0,0,0,0
27.08,0.6,0.0,0.0,12.1963,-3.8771,0.62,0.4713,0.0191,0.0927,-0.62,-3.78,3.83,100.0,0,0,0
27.1,0.6,0.0,0.0,12.2046,-3.8814,0.6212,0.4686,-0.0079,0.0896,-0.72,-3.66,3.73,100.0,0,0,0
27.12,0.6,0.0,0.0,12.2126,-3.8862,0.6219,0.4699,-0.0349,0.0888,-0.79,-3.57,3.66,100.0,0,0,0
27.14,0.6,0.0,0.0,12.2205,-3.8915,0.6223,0.473,-0.0606,0.092,-0.81,-3.51,3.6,100.0,0,0,0
27.16,0.6,0.0,0.0,12.2283,-3.8973,0.6223,0.477,-0.0863,0.0959,-0.8,-3.46,3.55,100.0,0,0,0
27.18,0.6,0.0,0.0,12.2359,-3.9036,0.6219,0.4798,-0.1122,0.0936,-0.74,-3.42,3.5,100.0,0,0,0
27.2,0.6,0.0,0.0,12.2434,-3.9104,0.621,0.4824,-0.1396,0.0856,-0.65,-3.39,3.46,100.0,0,0,0
27.22,0.6,0.0,0.0,12.2506,-3.9177,0.6195,0.4803,-0.1699,0.0793,-0.51,-3.37,3.41,100.0,0,0,0
27.24,0.6,0.0,0.0,12.2575,-3.9254,0.6176,0.4716,-0.2004,0.0149,-0.28,-3.37,3.38,100.0,0,0,0
27.26,0.6,0.0,0.0,12.2641,-3.9336,0.6157,0.4776,-0.2211,-0.139,0.15,-3.44,3.44,100.0,0,0,0
27.28,0.6,0.0,0.0,12.2708,-3.9421,0.614,0.5088,-0.2323,-0.0267,0.81,-3.64,3.73,100.0,0,0,0
27.3,0.6,0.0,0.0,12.278,-3.9509,0.6143,0.5319,-0.2289,0.2684,1.37,-4.0,4.23,100.0,1,0,0
27.32,0.6,0.0,0.0,12.285,-3.9596,0.6162,0.5036,-0.2286,-0.1091,1.65,-4.3,4.6,100.0,0,0,0
27.34,0.6,0.0,0.0,12.2916,-3.9674,0.6187,0.4694,-0.1778,-0.1555,1.79,-4.41,4.76,100.0,0,0,0
27.36,0.6,0.0,0.0,12.2983,-3.9742,0.621,0.4527,-0.1371,-0.1867,1.91,-4.41,4.81,100.0,0,0,0
27.38,0.6,0.0,0.0,12.3052,-3.9803,0.6227,0.4502,-0.0952,-0.1677,1.99,-4.38,4.81,100.0,0,0,0
27.4,0.6,0.0,0.0,12.3125,-3.9857,0.6239,0.4539,-0.0568,-0.1464,2.05,-4.34,4.8,100.0,0,0,0
27.42,0.6,0.0,0.0,12.3204,-3.9905,0.6246,0.4608,-0.0179,-0.1163,2.08,-4.29,4.77,100.0,0,0,0
27.44,0.6,0.0,0.0,12.3288,-3.9946,0.6248,0.4701,0.0198,-0.0892,2.07,-4.25,4.73,100.0,0,0,0
27.46,0.6,0.0,0.0,12.3377,-3.9983,0.6245,0.479,0.0573,-0.0672,2.03,-4.22,4.68,100.0,0,0,0
27.48,0.6,0.0,0.0,12.3472,-4.0013,0.6236,0.4875,0.0943,-0.0546,1.97,-4.18,4.62,100.0,0,0,0
27.5,0.6,0.0,0.0,12.3571,-4.0039,0.6221,0.4929,0.1257,-0.0458,1.85,-4.13,4.53,100.0,0,0,0
27.52,0.6,0.0,0.0,12.3673,-4.0059,0.6199,0.4872,0.1489,-0.0276,1.66,-4.05,4.37,100.0,0,0,0
27.54,0.6,0.0,0.0,12.3774,-4.0077,0.6168,0.4717,0.1568,0.094,1.29,-3.93,4.14,100.0,0,0,0
27.56,0.6,0.0,0.0,12.3876,-4.0095,0.6135,0.5047,0.1543,0.066,0.7,-3.87,3.93,100.0,0,0,0
27.58,0.6,0.0,0.0,12.3982,-4.0118,0.6129,0.534,0.1391,-0.1663,0.23,-3.95,3.96,100.0,1,0,0
27.6,0.6,0.0,0.0,12.4085,-4.0146,0.6142,0.5197,0.1156,-0.0349,-0.11,-4.01,4.01,100.0,1,0,0
27.62,0.6,0.0,0.0,12.4181,-4.0176,0.6164,0.495,0.0805,0.0826,-0.33,-3.96,3.97,100.0,0,0,0
27.64,0.6,0.0,0.0,12.4271,-4.0211,0.6185,0.478,0.0455,0.1078,-0.5,-3.85,3.88,100.0,0,0,0
27.66,0.6,0.0,0.0,12.4356,-4.025,0.62,0.4691,0.0159,0.1025,-0.63,-3.72,3.77,100.0,0,0,0
27.68,0.6,0.0,0.0,12.4438,-4.0293,0.6211,0.4674,-0.0116,0.0915,-0.73,-3.61,3.68,100.0,0,0,0
27.7,0.6,0.0,0.0,12.4518,-4.0342,0.6217,0.4698,-0.0388,0.0888,-0.78,-3.52,3.61,100.0,0,0,0
27.72,0.6,0.0,0.0,12.4596,-4.0396,0.6219,0.4732,-0.065,0.0917,-0.79,-3.46,3.55,100.0,0,0,0
27.74,0.6,0.0,0.0,12.4674,-4.0455,0.6219,0.4772,-0.0908,0.095,-0.77,-3.42,3.5,100.0,0,0,0
27.76,0.6,0.0,0.0,12.4749,-4.0519,0.6214,0.4798,-0.117,0.0922,-0.7,-3.39,3.46,100.0,0,0,0
27.78,0.6,0.0,0.0,12.4823,-4.0588,0.6204,0.4821,-0.145,0.0848,-0.61,-3.36,3.42,100.0,0,0,0
27.8,0.6,0.0,0.0,12.4894,-4.0662,0.6188,0.4772,-0.1759,0.0756,-0.46,-3.34,3.37,100.0,0,0,0
27.82,0.6,0.0,0.0,12.4962,-4.0741,0.6169,0.4733,-0.207,-0.0235,-0.2,-3.35,3.36,100.0,0,0,0
27.84,0.6,0.0,0.0,12.5028,-4.0824,0.615,0.4814,-0.2252,-0.1816,0.29,-3.45,3.46,100.0,0,0,0
27.86,0.6,0.0,0.0,12.5095,-4.0911,0.6135,0.516,-0.2354,-0.0012,0.96,-3.69,3.81,100.0,0,0,0
27.88,0.6,0.0,0.0,12.5167,-4.1,0.6141,0.5293,-0.2363,0.0686,1.45,-4.06,4.31,100.0,1,0,0
27.9,0.6,0.0,0.0,12.5235,-4.1085,0.6167,0.4918,-0.2078,-0.1339,1.7,-4.3,4.63,100.0,0,0,0
27.92,0.6,0.0,0.0,12.5301,-4.1159,0.6194,0.4649,-0.1623,-0.1774,1.88,-4.38,4.76,100.0,0,0,0
27.94,0.6,0.0,0.0,12.5368,-4.1225,0.6216,0.4531,-0.1228,-0.1836,2.01,-4.38,4.82,100.0,0,0,0
27.96,0.6,0.0,0.0,12.5438,-4.1285,0.6232,0.4526,-0.0846,-0.1666,2.12,-4.35,4.83,100.0,0,0,0
27.98,0.6,0.0,0.0,12.5513,-4.1338,0.6243,0.4568,-0.0477,-0.1454,2.18,-4.31,4.83,100.0,0,0,0
28.0,0.6,0.0,0.0,12.5592,-4.1385,0.6249,0.4634,-0.0099,-0.1161,2.2,-4.28,4.81,100.0,0,0,0
28.02,0.6,0.0,0.0,12.5677,-4.1426,0.625,0.4726,0.0271,-0.091,2.19,-4.24,4.77,100.0,0,0,0
28.04,0.6,0.0,0.0,12.5767,-4.1462,0.6246,0.4808,0.0643,-0.0713,2.15,-4.21,4.72,100.0,0,0,0
28.06,0.6,0.0,0.0,12.5863,-4.1492,0.6236,0.4888,0.1009,-0.0593,2.07,-4.16,4.65,100.0,0,0,0
28.08,0.6,0.0,0.0,12.5963,-4.1518,0.6219,0.4926,0.1301,-0.0512,1.94,-4.11,4.54,100.0,0,0,0
28.1,0.6,0.0,0.0,12.6064,-4.1538,0.6195,0.4837,0.1506,-0.0216,1.72,-4.02,4.37,100.0,0,0,0
28.12,0.6,0.0,0.0,12.6165,-4.1557,0.6163,0.472,0.1558,0.1511,1.28,-3.9,4.11,100.0,0,0,0
28.14,0.6,0.0,0.0,12.6266,-4.1576,0.613,0.5053,0.1512,0.0196,0.64,-3.85,3.9,100.0,0,0,0
28.16,0.6,0.0,0.0,12.6372,-4.1601,0.6127,0.5377,0.1349,-0.2263,0.17,-3.95,3.96,100.0,1,0,0
28.18,0.6,0.0,0.0,12.6475,-4.163,0.6142,0.5209,0.1118,-0.0659,-0.14,-4.02,4.02,100.0,1,0,0
28.2,0.6,0.0,0.0,12.6571,-4.1662,0.6166,0.4976,0.0767,0.0694,-0.34,-3.98,4.0,100.0,0,0,0
28.22,0.6,0.0,0.0,12.666,-4.1698,0.6188,0.48,0.0426,0.0959,-0.51,-3.88,3.91,100.0,0,0,0
28.24,0.6,0.0,0.0,12.6744,-4.1739,0.6204,0.4716,0.0141,0.0952,-0.64,-3.75,3.81,100.0,0,0,0
28.26,0.6,0.0,0.0,12.6826,-4.1784,0.6214,0.47,-0.0129,0.0897,-0.73,-3.64,3.72,100.0,0,0,0
28.28,0.6,0.0,0.0,12.6906,-4.1834,0.622,0.4722,-0.04,0.0888,-0.78,-3.56,3.65,100.0,0,0,0
28.3,0.6,0.0,0.0,12.6984,-4.1889,0.6223,0.4755,-0.0661,0.0924,-0.8,-3.5,3.59,100.0,0,0,0
28.32,0.6,0.0,0.0,12.7061,-4.195,0.6222,0.4794,-0.0919,0.0951,-0.77,-3.46,3.54,100.0,0,0,0
28.34,0.6,0.0,0.0,12.7137,-4.2015,0.6217,0.482,-0.118,0.0919,-0.71,-3.42,3.49,100.0,0,0,0
28.36,0.6,0.0,0.0,12.721,-4.2085,0.6207,0.4843,-0.1461,0.0852,-0.61,-3.4,3.45,100.0,0,0,0
28.38,0.6,0.0,0.0,12.7281,-4.216,0.6191,0.479,-0.1769,0.074,-0.46,-3.37,3.41,100.0,0,0,0
28.4,0.6,0.0,0.0,12.7348,-4.224,0.6172,0.4743,-0.2075,-0.0212,-0.19,-3.38,3.38,100.0,0,0,0
28.42,0.6,0.0,0.0,12.7413,-4.2324,0.6153,0.4817,-0.2251,-0.1802,0.3,-3.48,3.49,100.0,0,0,0
28.44,0.6,0.0,0.0,12.7479,-4.2411,0.6137,0.5162,-0.2347,0.013,0.97,-3.71,3.84,100.0,0,0,0
28.46,0.6,0.0,0.0,12.755,-4.2501,0.6143,0.53,-0.2358,0.0825,1.46,-4.08,4.33,100.0,1,0,0
28.48,0.6,0.0,0.0,12.7618,-4.2586,0.6169,0.4923,-0.2079,-0.1272,1.72,-4.33,4.65,100.0,0,0,0
28.5,0.6,0.0,0.0,12.7683,-4.2662,0.6195,0.465,-0.1626,-0.1753,1.89,-4.41,4.79,100.0,0,0,0
28.52,0.6,0.0,0.0,12.7749,-4.2729,0.6218,0.4533,-0.1232,-0.1823,2.02,-4.4,4.84,100.0,0,0,0
28.54,0.6,0.0,0.0,12.7819,-4.2789,0.6234,0.4528,-0.085,-0.1654,2.12,-4.37,4.86,100.0,0,0,0
28.56,0.6,0.0,0.0,12.7893,-4.2842,0.6245,0.457,-0.0481,-0.1444,2.19,-4.33,4.85,100.0,0,0,0
28.58,0.6,0.0,0.0,12.7972,-4.289,0.625,0.4638,-0.0104,-0.1136,2.21,-4.3,4.83,100.0,0,0,0
28.6,0.6,0.0,0.0,12.8057,-4.2933,0.6251,0.473,0.0266,-0.0903,2.2,-4.26,4.79,100.0,0,0,0
28.62,0.6,0.0,0.0,12.8147,-4.297,0.6247,0.4814,0.0638,-0.0701,2.15,-4.22,4.73,100.0,0,0,0
28.64,0.6,0.0,0.0,12.8242,-4.3001,0.6236,0.4895,0.1004,-0.0584,2.08,-4.17,4.66,100.0,0,0,0
28.66,0.6,0.0,0.0,12.8342,-4.3027,0.622,0.4934,0.1296,-0.0501,1.95,-4.12,4.55,100.0,0,0,0
28.68,0.6,0.0,0.0,12.8443,-4.3049,0.6196,0.4848,0.1503,-0.0213,1.73,-4.02,4.38,100.0,0,0,0
28.7,0.6,0.0,0.0,12.8543,-4.3068,0.6164,0.4727,0.1557,0.1467,1.3,-3.9,4.11,100.0,0,0,0
28.72,0.6,0.0,0.0,12.8645,-4.3089,0.613,0.5059,0.1513,0.0214,0.66,-3.85,3.9,100.0,0,0,0
28.74,0.6,0.0,0.0,12.8751,-4.3115,0.6127,0.5385,0.135,-0.2304,0.2,-3.94,3.95,100.0,1,0,0
28.76,0.6,0.0,0.0,12.8853,-4.3145,0.6141,0.5221,0.1107,-0.0659,-0.1,-4.01,4.01,100.0,1,0,0
28.78,0.6,0.0,0.0,12.8949,-4.3179,0.6165,0.4985,0.075,0.0685,-0.3,-3.98,3.99,100.0,0,0,0
28.8,0.6,0.0,0.0,12.9038,-4.3216,0.6186,0.4808,0.0406,0.0958,-0.46,-3.87,3.9,100.0,0,0,0
28.82,0.6,0.0,0.0,12.9122,-4.3258,0.6203,0.4722,0.0118,0.095,-0.59,-3.75,3.79,100.0,0,0,0
28.84,0.6,0.0,0.0,12.9203,-4.3304,0.6213,0.4704,-0.0154,0.0889,-0.68,-3.64,3.7,100.0,0,0,0
28.86,0.6,0.0,0.0,12.9282,-4.3356,0.6219,0.4726,-0.0426,0.0881,-0.73,-3.56,3.63,100.0,0,0,0
28.88,0.6,0.0,0.0,12.936,-4.3412,0.6222,0.4757,-0.0687,0.0918,-0.74,-3.5,3.57,100.0,0,0,0
28.9,0.6,0.0,0.0,12.9436,-4.3473,0.6221,0.4795,-0.0946,0.0948,-0.72,-3.45,3.52,100.0,0,0,0
28.92,0.6,0.0,0.0,12.951,-4.354,0.6215,0.482,-0.1208,0.0919,-0.65,-3.42,3.48,100.0,0,0,0
28.94,0.6,0.0,0.0,12.9583,-4.3611,0.6205,0.4842,-0.149,0.0851,-0.55,-3.39,3.44,100.0,0,0,0
28.96,0.6,0.0,0.0,12.9653,-4.3688,0.6189,0.4785,-0.1797,0.074,-0.4,-3.37,3.4,100.0,0,0,0
28.98,0.6,0.0,0.0,12.9718,-4.3769,0.617,0.475,-0.2136,-0.088,-0.12,-3.38,3.38,100.0,0,0,0
29.0,0.6,0.0,0.0,12.9782,-4.3854,0.6153,0.4827,-0.2291,-0.2169,0.4,-3.48,3.51,100.0,0,0,0
29.02,0.6,0.0,0.0,12.9849,-4.3943,0.6141,0.524,-0.2363,0.0611,1.03,-3.75,3.89,100.0,0,0,0
29.04,0.6,0.0,0.0,12.9919,-4.4033,0.6148,0.5217,-0.2321,0.0322,1.51,-4.08,4.35,100.0,1,0,0
29.06,0.6,0.0,0.0,12.9985,-4.4118,0.6171,0.488,-0.2048,-0.1572,1.77,-4.29,4.64,100.0,0,0,0
29.08,0.6,0.0,0.0,13.0049,-4.4193,0.6195,0.4604,-0.1582,-0.1869,1.94,-4.34,4.75,100.0,0,0,0
29.1,0.6,0.0,0.0,13.0115,-4.4259,0.6215,0.4503,-0.1181,-0.1859,2.07,-4.32,4.79,100.0,0,0,0
29.12,0.6,0.0,0.0,13.0184,-4.4318,0.623,0.45,-0.0788,-0.1651,2.16,-4.29,4.8,100.0,0,0,0
29.14,0.6,0.0,0.0,13.0258,-4.4372,0.624,0.4548,-0.0411,-0.1423,2.21,-4.25,4.79,100.0,0,0,0
29.16,0.6,0.0,0.0,13.0337,-4.4419,0.6245,0.4618,-0.0028,-0.1107,2.23,-4.21,4.76,100.0,0,0,0
29.18,0.6,0.0,0.0,13.0421,-4.4461,0.6244,0.4715,0.0343,-0.0855,2.21,-4.17,4.72,100.0,0,0,0
29.2,0.6,0.0,0.0,13.0511,-4.4497,0.6239,0.4798,0.0715,-0.0674,2.16,-4.13,4.66,100.0,0,0,0
29.22,0.6,0.0,0.0,13.0607,-4.4528,0.6227,0.4875,0.1065,-0.0572,2.08,-4.08,4.58,100.0,0,0,0
29.24,0.6,0.0,0.0,13.0706,-4.4554,0.6209,0.4892,0.1347,-0.0501,1.93,-4.03,4.47,100.0,0,0,0
29.26,0.6,0.0,0.0,13.0806,-4.4576,0.6183,0.4774,0.1521,-0.0189,1.68,-3.92,4.27,100.0,0,0,0
29.28,0.6,0.0,0.0,13.0906,-4.4596,0.615,0.4732,0.1549,0.197,1.19,-3.82,4.0,100.0,0,0,0
29.3,0.6,0.0,0.0,13.1008,-4.4619,0.6123,0.5154,0.1519,-0.0885,0.58,-3.81,3.85,100.0,0,0,0
29.32,0.6,0.0,0.0,13.1113,-4.4647,0.6128,0.5358,0.1262,-0.1468,0.11,-3.91,3.91,100.0,1,0,0
29.34,0.6,0.0,0.0,13.1214,-4.4677,0.6146,0.5079,0.111,-0.0039,-0.19,-3.92,3.92,100.0,1,0,0
29.36,0.6,0.0,0.0,13.1307,-4.4711,0.617,0.4924,0.0716,0.0829,-0.39,-3.85,3.87,100.0,0,0,0
29.38,0.6,0.0,0.0,13.1394,-4.4749,0.6191,0.4758,0.0396,0.0916,-0.55,-3.73,3.77,100.0,0,0,0
29.4,0.6,0.0,0.0,13.1478,-4.4792,0.6206,0.4703,0.0115,0.0913,-0.68,-3.61,3.67,100.0,0,0,0
29.42,0.6,0.0,0.0,13.1558,-4.4839,0.6216,0.4697,-0.0157,0.0881,-0.77,-3.51,3.59,100.0,0,0,0
29.44,0.6,0.0,0.0,13.1637,-4.4891,0.6221,0.4725,-0.042,0.0898,-0.82,-3.43,3.53,100.0,0,0,0
29.46,0.6,0.0,0.0,13.1714,-4.4948,0.6223,0.476,-0.0679,0.0946,-0.83,-3.37,3.48,100.0,0,0,0
29.48,0.6,0.0,0.0,13.179,-4.501,0.6221,0.48,-0.0935,0.0972,-0.81,-3.33,3.43,100.0,0,0,0
29.5,0.6,0.0,0.0,13.1864,-4.5077,0.6215,0.4826,-0.1198,0.0929,-0.74,-3.3,3.38,100.0,0,0,0
29.52,0.6,0.0,0.0,13.1936,-4.5149,0.6204,0.4845,-0.1484,0.0867,-0.64,-3.28,3.35,100.0,0,0,0
29.54,0.6,0.0,0.0,13.2005,-4.5226,0.6187,0.4768,-0.179,0.0748,-0.48,-3.26,3.3,100.0,0,0,0
29.56,0.6,0.0,0.0,13.207,-4.5307,0.6168,0.4763,-0.2077,-0.0465,-0.18,-3.28,3.29,100.0,0,0,0
29.58,0.6,0.0,0.0,13.2134,-4.5392,0.615,0.486,-0.2264,-0.209,0.35,-3.41,3.43,100.0,0,0,0
29.6,0.6,0.0,0.0,13.2201,-4.5481,0.6138,0.5273,-0.2342,0.0788,1.0,-3.7,3.83,100.0,0,0,0
29.62,0.6,0.0,0.0,13.227,-4.5572,0.6147,0.5247,-0.2303,0.0487,1.47,-4.05,4.31,100.0,1,0,0
29.64,0.6,0.0,0.0,13.2336,-4.5657,0.6171,0.4887,-0.2024,-0.1507,1.72,-4.26,4.6,100.0,0,0,0
29.66,0.6,0.0,0.0,13.24,-4.5732,0.6196,0.4604,-0.1561,-0.1856,1.89,-4.32,4.71,100.0,0,0,0
29.68,0.6,0.0,0.0,13.2466,-4.5799,0.6217,0.4504,-0.1163,-0.185,2.02,-4.3,4.75,100.0,0,0,0
29.7,0.6,0.0,0.0,13.2534,-4.5858,0.6233,0.4502,-0.0775,-0.1643,2.12,-4.27,4.76,100.0,0,0,0
29.72,0.6,0.0,0.0,13.2608,-4.5912,0.6242,0.455,-0.0401,-0.1419,2.17,-4.23,4.75,100.0,0,0,0
29.74,0.6,0.0,0.0,13.2687,-4.596,0.6247,0.4622,-0.0021,-0.1097,2.2,-4.19,4.73,100.0,0,0,0
29.76,0.6,0.0,0.0,13.2771,-4.6002,0.6247,0.4718,0.0347,-0.0842,2.18,-4.16,4.69,100.0,0,0,0
29.78,0.6,0.0,0.0,13.2861,-4.6039,0.6241,0.4801,0.0719,-0.0663,2.13,-4.12,4.64,100.0,0,0,0
29.8,0.6,0.0,0.0,13.2956,-4.6071,0.6229,0.4878,0.1068,-0.0553,2.04,-4.08,4.56,100.0,0,0,0
29.82,0.6,0.0,0.0,13.3055,-4.6098,0.6211,0.4897,0.1351,-0.0471,1.9,-4.03,4.45,100.0,0,0,0
29.84,0.6,0.0,0.0,13.3156,-4.612,0.6185,0.478,0.1524,-0.0131,1.65,-3.92,4.25,100.0,0,0,0
29.86,0.6,0.0,0.0,13.3255,-4.6141,0.6153,0.4736,0.1525,0.1616,1.15,-3.82,3.99,100.0,0,0,0
29.88,0.6,0.0,0.0,13.3357,-4.6164,0.6126,0.5128,0.1516,-0.1061,0.54,-3.8,3.83,100.0,0,0,0
29.9,0.6,0.0,0.0,13.3462,-4.6194,0.6129,0.5371,0.1271,-0.2186,0.09,-3.9,3.9,100.0,1,0,0
29.92,0.6,0.0,0.0,13.3562,-4.6225,0.6147,0.5088,0.1089,-0.0067,-0.2,-3.92,3.93,100.0,1,0,0
29.94,0.6,0.0,0.0,13.3655,-4.626,0.6171,0.4913,0.0704,0.0842,-0.39,-3.85,3.87,100.0,0,0,0
29.96,0.6,0.0,0.0,13.3741,-4.6299,0.6191,0.4747,0.0383,0.0942,-0.55,-3.73,3.77,100.0,0,0,0
29.98,0.6,0.0,0.0,13.3824,-4.6343,0.6206,0.4691,0.0099,0.0925,-0.67,-3.61,3.67,100.0,0,0,0
