time,cmd_vx,cmd_vy,cmd_wz,pelvis_x,pelvis_y,pelvis_z,pelvis_vx,pelvis_vy,pelvis_wz,pelvis_roll_deg,pelvis_pitch_deg,pelvis_tilt_deg,max_torque_pct,left_contact,right_contact,fell
0.0,0.0,-0.2,0.0,0.0004,-0.0001,0.6368,0.0218,-0.0058,0.0567,0.01,-0.07,0.07,34.1,0,0,0
0.02,0.0,-0.2,0.0,0.0008,-0.0005,0.6307,0.0187,-0.0259,0.0001,0.01,-0.15,0.15,55.1,0,0,0
0.04,0.0,-0.2,0.0,0.0013,-0.0004,0.6206,0.0198,0.0138,0.1215,-0.01,-0.22,0.22,100.0,0,0,0
0.06,0.0,-0.2,0.0,0.0032,0.0003,0.6148,0.1328,0.0214,-0.183,0.38,-0.63,0.74,100.0,0,0,0
0.08,0.0,-0.2,0.0,0.0053,-0.0002,0.6159,0.087,-0.0472,0.0267,0.57,-0.98,1.13,100.0,0,0,0
0.1,0.0,-0.2,0.0,0.0067,-0.0012,0.6176,0.0572,-0.0496,0.0153,0.6,-1.09,1.24,100.0,0,0,0
0.12,0.0,-0.2,0.0,0.0075,-0.0022,0.6189,0.0346,-0.0467,0.0092,0.59,-1.09,1.24,100.0,0,0,0
0.14,0.0,-0.2,0.0,0.0081,-0.0031,0.6196,0.0224,-0.0404,0.0014,0.57,-1.08,1.23,100.0,0,0,0
0.16,0.0,-0.2,0.0,0.0083,-0.0038,0.62,0.0099,-0.0359,-0.0045,0.54,-1.09,1.21,100.0,0,0,0
0.18,0.0,-0.2,0.0,0.0084,-0.0045,0.6201,-0.0017,-0.0347,-0.0052,0.52,-1.1,1.22,100.0,0,0,0
0.2,0.0,-0.2,0.0,0.0082,-0.0053,0.6202,-0.0128,-0.0396,-0.0072,0.51,-1.13,1.24,100.0,0,0,0
0.22,0.0,-0.2,0.0,0.0078,-0.0062,0.6202,-0.0207,-0.0499,-0.0086,0.51,-1.17,1.28,100.0,0,0,0
0.24,0.0,-0.2,0.0,0.0073,-0.0074,0.6202,-0.0284,-0.0647,-0.0099,0.53,-1.24,1.35,100.0,0,0,0
0.26,0.0,-0.2,0.0,0.0066,-0.0089,0.6202,-0.0368,-0.0818,-0.0122,0.56,-1.32,1.43,100.0,0,0,0
0.28,0.0,-0.2,0.0,0.0058,-0.0107,0.6201,-0.0432,-0.0977,-0.013,0.61,-1.4,1.53,100.0,0,0,0
0.3,0.0,-0.2,0.0,0.0049,-0.0128,0.6201,-0.0468,-0.1121,-0.0143,0.68,-1.49,1.64,100.0,0,0,0
0.32,0.0,-0.2,0.0,0.0039,-0.0152,0.6201,-0.0482,-0.1196,-0.0118,0.71,-1.59,1.74,100.0,0,0,0
0.34,0.0,-0.2,0.0,0.0029,-0.0175,0.6202,-0.0502,-0.1083,-0.0133,0.71,-1.69,1.84,100.0,0,0,0
0.36,0.0,-0.2,0.0,0.0019,-0.0194,0.6205,-0.0532,-0.091,-0.0083,0.68,-1.79,1.91,100.0,0,0,0
0.38,0.0,-0.2,0.0,0.0008,-0.021,0.6207,-0.0534,-0.0706,-0.0006,0.61,-1.89,1.99,100.0,0,0,0
0.4,0.0,-0.2,0.0,-0.0003,-0.0222,0.6209,-0.0535,-0.0516,0.0069,0.51,-2.0,2.06,100.0,0,0,0
0.42,0.0,-0.2,0.0,-0.0013,-0.023,0.6211,-0.0524,-0.0359,0.0142,0.38,-2.1,2.14,100.0,0,0,0
0.44,0.0,-0.2,0.0,-0.0024,-0.0236,0.6214,-0.0512,-0.0252,0.0208,0.23,-2.21,2.22,100.0,0,0,0
0.46,0.0,-0.2,0.0,-0.0034,-0.0241,0.6216,-0.0509,-0.0224,0.0201,0.09,-2.32,2.32,100.0,0,0,0
0.48,0.0,-0.2,0.0,-0.0044,-0.0245,0.6218,-0.0503,-0.0243,0.0083,-0.04,-2.42,2.42,100.0,0,0,0
0.5,0.0,-0.2,0.0,-0.0054,-0.0251,0.6219,-0.0477,-0.0293,0.0056,-0.11,-2.52,2.52,100.0,0,0,0
0.52,0.0,-0.2,0.0,-0.0063,-0.0258,0.622,-0.0448,-0.036,0.0033,-0.14,-2.61,2.62,100.0,0,0,0
0.54,0.0,-0.2,0.0,-0.0072,-0.0265,0.622,-0.041,-0.0389,0.0053,-0.16,-2.69,2.7,100.0,0,0,0
0.56,0.0,-0.2,0.0,-0.008,-0.0273,0.6221,-0.0377,-0.0371,0.0033,-0.18,-2.76,2.77,100.0,0,0,0
0.58,0.0,-0.2,0.0,-0.0087,-0.0279,0.6221,-0.0344,-0.0297,0.0043,-0.2,-2.81,2.82,100.0,0,0,0
0.6,0.0,-0.2,0.0,-0.0093,-0.0284,0.622,-0.0305,-0.0177,0.006,-0.23,-2.85,2.86,100.0,0,0,0
0.62,0.0,-0.2,0.0,-0.0099,-0.0285,0.622,-0.0258,-0.0029,0.0055,-0.27,-2.88,2.89,100.0,0,0,0
0.64,0.0,-0.2,0.0,-0.0104,-0.0284,0.622,-0.021,0.0132,0.0058,-0.33,-2.9,2.92,100.0,0,0,0
0.66,0.0,-0.2,0.0,-0.0107,-0.0279,0.622,-0.0165,0.028,0.007,-0.38,-2.92,2.94,100.0,0,0,0
0.68,0.0,-0.2,0.0,-0.011,-0.0273,0.6219,-0.0124,0.0382,0.0079,-0.44,-2.93,2.96,100.0,0,0,0
0.7,0.0,-0.2,0.0,-0.0112,-0.0264,0.622,-0.0088,0.0442,0.0089,-0.49,-2.94,2.98,100.0,0,0,0
0.72,0.0,-0.2,0.0,-0.0113,-0.0255,0.622,-0.0052,0.0438,0.01,-0.53,-2.95,2.99,100.0,0,0,0
0.74,0.0,-0.2,0.0,-0.0114,-0.0247,0.622,-0.0021,0.0365,0.011,-0.55,-2.95,3.0,100.0,0,0,0
0.76,0.0,-0.2,0.0,-0.0114,-0.0242,0.6221,0.0003,0.0239,0.0088,-0.57,-2.95,3.01,100.0,0,0,0
0.78,0.0,-0.2,0.0,-0.0114,-0.0239,0.6221,0.0023,0.0087,0.011,-0.59,-2.95,3.01,100.0,0,0,0
0.8,0.0,-0.2,0.0,-0.0113,-0.0239,0.6221,0.0032,-0.0054,0.0146,-0.59,-2.95,3.01,100.0,0,0,0
0.82,0.0,-0.2,0.0,-0.0113,-0.0242,0.6221,0.0036,-0.0192,0.0153,-0.59,-2.94,3.0,100.0,0,0,0
0.84,0.0,-0.2,0.0,-0.0112,-0.0247,0.622,0.0044,-0.0306,0.0158,-0.59,-2.93,2.99,100.0,0,0,0
0.86,0.0,-0.2,0.0,-0.0111,-0.0254,0.622,0.0054,-0.0388,0.0154,-0.59,-2.92,2.97,100.0,0,0,0
0.88,0.0,-0.2,0.0,-0.0109,-0.0262,0.6219,0.0063,-0.043,0.0128,-0.59,-2.9,2.96,100.0,0,0,0
0.9,0.0,-0.2,0.0,-0.0108,-0.0271,0.6219,0.0072,-0.0433,0.0085,-0.58,-2.89,2.95,100.0,0,0,0
0.92,0.0,-0.2,0.0,-0.0106,-0.0279,0.6218,0.0077,-0.04,0.0064,-0.59,-2.87,2.93,100.0,0,0,0
0.94,0.0,-0.2,0.0,-0.0105,-0.0287,0.6218,0.0079,-0.0337,0.0081,-0.59,-2.85,2.91,100.0,0,0,0
0.96,0.0,-0.2,0.0,-0.0103,-0.0292,0.6217,0.0081,-0.0254,0.0082,-0.6,-2.84,2.9,100.0,0,0,0
0.98,0.0,-0.2,0.0,-0.0101,-0.0296,0.6217,0.0083,-0.0161,0.0071,-0.6,-2.82,2.88,100.0,0,0,0
1.0,0.0,-0.2,0.0,-0.01,-0.0298,0.6216,0.008,-0.0067,0.0048,-0.61,-2.8,2.86,100.0,0,0,0
1.02,0.0,-0.2,0.0,-0.0098,-0.0299,0.6216,0.0077,0.0021,0.0042,-0.63,-2.78,2.85,100.0,0,0,0
1.04,0.0,-0.2,0.0,-0.0097,-0.0297,0.6216,0.0074,0.0085,0.0037,-0.64,-2.76,2.83,100.0,0,0,0
1.06,0.0,-0.2,0.0,-0.0095,-0.0295,0.6215,0.0073,0.0126,0.0047,-0.66,-2.74,2.81,100.0,0,0,0
1.08,0.0,-0.2,0.0,-0.0094,-0.0292,0.6215,0.007,0.0144,0.0063,-0.67,-2.72,2.8,100.0,0,0,0
1.1,0.0,-0.2,0.0,-0.0092,-0.029,0.6215,0.0064,0.0133,0.0057,-0.68,-2.7,2.79,100.0,0,0,0
1.12,0.0,-0.2,0.0,-0.0091,-0.0287,0.6215,0.0056,0.0099,0.0046,-0.69,-2.69,2.78,100.0,0,0,0
1.14,0.0,-0.2,0.0,-0.009,-0.0286,0.6215,0.0048,0.0049,0.0034,-0.69,-2.68,2.77,100.0,0,0,0
1.16,0.0,-0.2,0.0,-0.0089,-0.0286,0.6215,0.0042,0.0,0.0032,-0.7,-2.67,2.76,100.0,0,0,0
1.18,0.0,-0.2,0.0,-0.0089,-0.0286,0.6215,0.0035,-0.0039,0.0041,-0.69,-2.66,2.75,100.0,0,0,0
1.2,0.0,-0.2,0.0,-0.0088,-0.0287,0.6215,0.003,-0.0077,0.0041,-0.69,-2.65,2.74,100.0,0,0,0
1.22,0.0,-0.2,0.0,-0.0087,-0.0289,0.6215,0.0025,-0.0102,0.0043,-0.69,-2.65,2.74,100.0,0,0,0
1.24,0.0,-0.2,0.0,-0.0087,-0.0291,0.6215,0.0022,-0.0115,0.0041,-0.69,-2.64,2.73,100.0,0,0,0
1.26,0.0,-0.2,0.0,-0.0086,-0.0294,0.6214,0.0019,-0.0115,0.0037,-0.68,-2.64,2.73,100.0,0,0,0
1.28,0.0,-0.2,0.0,-0.0086,-0.0296,0.6214,0.0016,-0.0104,0.0035,-0.68,-2.64,2.72,100.0,0,0,0
1.3,0.0,-0.2,0.0,-0.0086,-0.0298,0.6214,0.0013,-0.0084,0.0041,-0.68,-2.63,2.72,100.0,0,0,0
1.32,0.0,-0.2,0.0,-0.0085,-0.0299,0.6214,0.0011,-0.0058,0.0047,-0.68,-2.63,2.71,100.0,0,0,0
1.34,0.0,-0.2,0.0,-0.0085,-0.03,0.6214,0.0009,-0.0029,0.0052,-0.69,-2.62,2.71,100.0,0,0,0
1.36,0.0,-0.2,0.0,-0.0085,-0.03,0.6214,0.0007,-0.0001,0.0055,-0.69,-2.62,2.71,100.0,0,0,0
1.38,0.0,-0.2,0.0,-0.0085,-0.03,0.6214,0.0005,0.0016,0.0051,-0.69,-2.62,2.7,100.0,0,0,0
1.4,0.0,-0.2,0.0,-0.0085,-0.0299,0.6214,0.0004,0.0025,0.0044,-0.69,-2.61,2.7,100.0,0,0,0
1.42,0.0,-0.2,0.0,-0.0085,-0.0299,0.6214,0.0003,0.0029,0.0035,-0.7,-2.61,2.7,100.0,0,0,0
1.44,0.0,-0.2,0.0,-0.0085,-0.0298,0.6214,0.0002,0.0026,0.0032,-0.7,-2.61,2.7,100.0,0,0,0
1.46,0.0,-0.2,0.0,-0.0085,-0.0298,0.6214,0.0001,0.0019,0.0029,-0.7,-2.6,2.7,100.0,0,0,0
1.48,0.0,-0.2,0.0,-0.0085,-0.0298,0.6214,0.0001,0.0008,0.0028,-0.7,-2.6,2.7,100.0,0,0,0
1.5,0.0,-0.2,0.0,-0.0085,-0.0298,0.6214,0.0001,-0.0001,0.0027,-0.7,-2.6,2.7,100.0,0,0,0
1.52,0.0,-0.2,0.0,-0.0085,-0.0298,0.6214,0.0001,-0.0007,0.0026,-0.7,-2.6,2.69,100.0,0,0,0
1.54,0.0,-0.2,0.0,-0.0085,-0.0298,0.6214,0.0001,-0.001,0.0025,-0.7,-2.6,2.69,100.0,0,0,0
1.56,0.0,-0.2,0.0,-0.0085,-0.0298,0.6214,0.0002,-0.0011,0.0024,-0.7,-2.6,2.69,100.0,0,0,0
1.58,0.0,-0.2,0.0,-0.0085,-0.0298,0.6214,0.0002,-0.0009,0.0024,-0.7,-2.59,2.69,100.0,0,0,0
1.6,0.0,-0.2,0.0,-0.0085,-0.0298,0.6214,0.0003,-0.0005,0.0024,-0.7,-2.59,2.69,100.0,0,0,0
1.62,0.0,-0.2,0.0,-0.0085,-0.0299,0.6214,0.0003,-0.0002,0.0025,-0.7,-2.59,2.68,100.0,0,0,0
1.64,0.0,-0.2,0.0,-0.0084,-0.0299,0.6214,0.0004,0.0001,0.0025,-0.7,-2.59,2.68,100.0,0,0,0
1.66,0.0,-0.2,0.0,-0.0084,-0.0298,0.6214,0.0004,0.0003,0.0025,-0.7,-2.59,2.68,100.0,0,0,0
1.68,0.0,-0.2,0.0,-0.0084,-0.0298,0.6214,0.0004,0.0004,0.0025,-0.7,-2.58,2.68,100.0,0,0,0
1.7,0.0,-0.2,0.0,-0.0084,-0.0298,0.6214,0.0004,0.0003,0.0025,-0.7,-2.58,2.67,100.0,0,0,0
1.72,0.0,-0.2,0.0,-0.0084,-0.0298,0.6214,0.0004,0.0002,0.0024,-0.7,-2.58,2.67,100.0,0,0,0
1.74,0.0,-0.2,0.0,-0.0084,-0.0298,0.6214,0.0004,0.0,0.0024,-0.7,-2.58,2.67,100.0,0,0,0
1.76,0.0,-0.2,0.0,-0.0084,-0.0298,0.6214,0.0004,-0.0001,0.0023,-0.7,-2.58,2.67,100.0,0,0,0
1.78,0.0,-0.2,0.0,-0.0084,-0.0298,0.6213,0.0004,-0.0002,0.0023,-0.7,-2.57,2.67,100.0,0,0,0
1.8,0.0,-0.2,0.0,-0.0084,-0.0298,0.6213,0.0004,-0.0002,0.0023,-0.7,-2.57,2.66,100.0,0,0,0
1.82,0.0,-0.2,0.0,-0.0084,-0.0298,0.6213,0.0004,-0.0002,0.0023,-0.7,-2.57,2.66,100.0,0,0,0
1.84,0.0,-0.2,0.0,-0.0084,-0.0298,0.6213,0.0004,-0.0002,0.0023,-0.7,-2.57,2.66,100.0,0,0,0
1.86,0.0,-0.2,0.0,-0.0084,-0.0298,0.6213,0.0004,-0.0001,0.0023,-0.7,-2.56,2.66,100.0,0,0,0
1.88,0.0,-0.2,0.0,-0.0084,-0.0298,0.6213,0.0003,-0.0001,0.0023,-0.7,-2.56,2.66,100.0,0,0,0
1.9,0.0,-0.2,0.0,-0.0083,-0.0298,0.6213,0.0003,-0.0,0.0023,-0.7,-2.56,2.65,100.0,0,0,0
1.92,0.0,-0.2,0.0,-0.0083,-0.0299,0.6213,0.0003,-0.0,0.0022,-0.7,-2.56,2.65,100.0,0,0,0
1.94,0.0,-0.2,0.0,-0.0083,-0.0299,0.6213,0.0003,-0.0,0.0022,-0.7,-2.56,2.65,100.0,0,0,0
1.96,0.0,-0.2,0.0,-0.0083,-0.0299,0.6213,0.0003,-0.0,0.0022,-0.7,-2.55,2.65,100.0,0,0,0
1.98,0.0,-0.2,0.0,-0.0083,-0.0299,0.6213,0.0003,-0.0001,0.0022,-0.7,-2.55,2.65,100.0,0,0,0
2.0,0.0,-0.2,0.0,-0.0083,-0.0299,0.6213,0.0004,-0.0001,0.0022,-0.7,-2.55,2.65,100.0,0,0,0
2.02,0.0,-0.2,0.0,-0.0083,-0.0299,0.6213,0.0004,-0.0001,0.0022,-0.7,-2.55,2.64,100.0,0,0,0
2.04,0.0,-0.2,0.0,-0.0083,-0.0299,0.6213,0.0004,-0.0001,0.0021,-0.7,-2.55,2.64,100.0,0,0,0
2.06,0.0,-0.2,0.0,-0.0083,-0.0299,0.6213,0.0004,-0.0001,0.0021,-0.7,-2.55,2.64,100.0,0,0,0
2.08,0.0,-0.2,0.0,-0.0083,-0.0299,0.6213,0.0004,-0.0001,0.0021,-0.7,-2.54,2.64,100.0,0,0,0
2.1,0.0,-0.2,0.0,-0.0083,-0.0299,0.6213,0.0004,-0.0001,0.0021,-0.7,-2.54,2.64,100.0,0,0,0
2.12,0.0,-0.2,0.0,-0.0083,-0.0299,0.6213,0.0004,-0.0001,0.0021,-0.7,-2.54,2.63,100.0,0,0,0
2.14,0.0,-0.2,0.0,-0.0083,-0.0299,0.6213,0.0005,-0.0001,0.0021,-0.7,-2.54,2.63,100.0,0,0,0
2.16,0.0,-0.2,0.0,-0.0082,-0.0299,0.6213,0.0005,-0.0001,0.0021,-0.7,-2.54,2.63,100.0,0,0,0
2.18,0.0,-0.2,0.0,-0.0082,-0.0299,0.6213,0.0005,-0.0001,0.0021,-0.7,-2.53,2.63,100.0,0,0,0
2.2,0.0,-0.2,0.0,-0.0082,-0.0299,0.6213,0.0005,-0.0001,0.0021,-0.7,-2.53,2.63,100.0,0,0,0
2.22,0.0,-0.2,0.0,-0.0082,-0.0299,0.6213,0.0005,-0.0001,0.0021,-0.7,-2.53,2.62,100.0,0,0,0
2.24,0.0,-0.2,0.0,-0.0082,-0.0299,0.6213,0.0005,-0.0001,0.0021,-0.7,-2.53,2.62,100.0,0,0,0
2.26,0.0,-0.2,0.0,-0.0082,-0.0299,0.6213,0.0005,-0.0001,0.002,-0.7,-2.53,2.62,100.0,0,0,0
2.28,0.0,-0.2,0.0,-0.0082,-0.0299,0.6213,0.0005,-0.0001,0.002,-0.7,-2.52,2.62,100.0,0,0,0
2.3,0.0,-0.2,0.0,-0.0082,-0.0299,0.6213,0.0005,-0.0001,0.002,-0.7,-2.52,2.62,100.0,0,0,0
2.32,0.0,-0.2,0.0,-0.0082,-0.0299,0.6213,0.0005,-0.0001,0.002,-0.7,-2.52,2.61,100.0,0,0,0
2.34,0.0,-0.2,0.0,-0.0082,-0.0299,0.6213,0.0004,-0.0001,0.002,-0.7,-2.52,2.61,100.0,0,0,0
2.36,0.0,-0.2,0.0,-0.0081,-0.0299,0.6213,0.0004,-0.0001,0.002,-0.7,-2.52,2.61,100.0,0,0,0
2.38,0.0,-0.2,0.0,-0.0081,-0.0299,0.6213,0.0004,-0.0001,0.002,-0.7,-2.51,2.61,100.0,0,0,0
2.4,0.0,-0.2,0.0,-0.0081,-0.0299,0.6213,0.0004,-0.0001,0.002,-0.7,-2.51,2.61,100.0,0,0,0
2.42,0.0,-0.2,0.0,-0.0081,-0.0299,0.6213,0.0004,-0.0001,0.002,-0.7,-2.51,2.61,100.0,0,0,0
2.44,0.0,-0.2,0.0,-0.0081,-0.0299,0.6213,0.0004,-0.0001,0.002,-0.7,-2.51,2.6,100.0,0,0,0
2.46,0.0,-0.2,0.0,-0.0081,-0.0299,0.6213,0.0004,-0.0001,0.002,-0.7,-2.51,2.6,100.0,0,0,0
2.48,0.0,-0.2,0.0,-0.0081,-0.0299,0.6213,0.0004,-0.0001,0.002,-0.7,-2.51,2.6,100.0,0,0,0
2.5,0.0,-0.2,0.0,-0.0081,-0.0299,0.6213,0.0004,-0.0001,0.0019,-0.7,-2.5,2.6,100.0,0,0,0
2.52,0.0,-0.2,0.0,-0.0081,-0.0299,0.6213,0.0004,-0.0001,0.0019,-0.7,-2.5,2.6,100.0,0,0,0
2.54,0.0,-0.2,0.0,-0.0081,-0.0299,0.6213,0.0004,-0.0001,0.0019,-0.7,-2.5,2.6,100.0,0,0,0
2.56,0.0,-0.2,0.0,-0.0081,-0.0299,0.6213,0.0004,-0.0001,0.0019,-0.7,-2.5,2.59,100.0,0,0,0
2.58,0.0,-0.2,0.0,-0.0081,-0.0299,0.6213,0.0004,-0.0001,0.0019,-0.7,-2.5,2.59,100.0,0,0,0
2.6,0.0,-0.2,0.0,-0.0081,-0.0299,0.6213,0.0004,-0.0001,0.0019,-0.7,-2.5,2.59,100.0,0,0,0
2.62,0.0,-0.2,0.0,-0.008,-0.0299,0.6213,0.0004,-0.0001,0.0019,-0.7,-2.49,2.59,100.0,0,0,0
2.64,0.0,-0.2,0.0,-0.008,-0.0299,0.6213,0.0004,-0.0001,0.0019,-0.7,-2.49,2.59,100.0,0,0,0
2.66,0.0,-0.2,0.0,-0.008,-0.0299,0.6213,0.0004,-0.0001,0.0019,-0.7,-2.49,2.59,100.0,0,0,0
2.68,0.0,-0.2,0.0,-0.008,-0.0299,0.6213,0.0004,-0.0001,0.0019,-0.7,-2.49,2.59,100.0,0,0,0
2.7,0.0,-0.2,0.0,-0.008,-0.0299,0.6213,0.0004,-0.0001,0.0019,-0.7,-2.49,2.58,100.0,0,0,0
2.72,0.0,-0.2,0.0,-0.008,-0.0299,0.6213,0.0004,-0.0001,0.0018,-0.7,-2.49,2.58,100.0,0,0,0
2.74,0.0,-0.2,0.0,-0.008,-0.0299,0.6213,0.0004,-0.0001,0.0018,-0.7,-2.49,2.58,100.0,0,0,0
2.76,0.0,-0.2,0.0,-0.008,-0.0299,0.6213,0.0004,-0.0001,0.0018,-0.7,-2.48,2.58,100.0,0,0,0
2.78,0.0,-0.2,0.0,-0.008,-0.0299,0.6213,0.0004,-0.0001,0.0018,-0.7,-2.48,2.58,100.0,0,0,0
2.8,0.0,-0.2,0.0,-0.008,-0.0299,0.6213,0.0004,-0.0001,0.0018,-0.7,-2.48,2.58,100.0,0,0,0
2.82,0.0,-0.2,0.0,-0.008,-0.0299,0.6213,0.0004,-0.0001,0.0018,-0.7,-2.48,2.58,100.0,0,0,0
2.84,0.0,-0.2,0.0,-0.008,-0.03,0.6213,0.0004,-0.0001,0.0018,-0.7,-2.48,2.57,100.0,0,0,0
2.86,0.0,-0.2,0.0,-0.008,-0.03,0.6213,0.0004,-0.0001,0.0018,-0.7,-2.48,2.57,100.0,0,0,0
2.88,0.0,-0.2,0.0,-0.0079,-0.03,0.6213,0.0004,-0.0001,0.0018,-0.7,-2.47,2.57,100.0,0,0,0
2.9,0.0,-0.2,0.0,-0.0079,-0.03,0.6213,0.0004,-0.0001,0.0018,-0.7,-2.47,2.57,100.0,0,0,0
2.92,0.0,-0.2,0.0,-0.0079,-0.03,0.6212,0.0004,-0.0001,0.0018,-0.7,-2.47,2.57,100.0,0,0,0
2.94,0.0,-0.2,0.0,-0.0079,-0.03,0.6212,0.0004,-0.0001,0.0018,-0.7,-2.47,2.57,100.0,0,0,0
2.96,0.0,-0.2,0.0,-0.0079,-0.03,0.6212,0.0004,-0.0001,0.0018,-0.7,-2.47,2.57,100.0,0,0,0
2.98,0.0,-0.2,0.0,-0.0079,-0.03,0.6212,0.0004,-0.0001,0.0017,-0.7,-2.47,2.56,100.0,0,0,0
3.0,0.0,-0.2,0.0,-0.0079,-0.03,0.6212,0.0003,-0.0001,0.0017,-0.7,-2.47,2.56,100.0,0,0,0
3.02,0.0,-0.2,0.0,-0.0079,-0.03,0.6212,0.0003,-0.0001,0.0017,-0.7,-2.47,2.56,100.0,0,0,0
3.04,0.0,-0.2,0.0,-0.0079,-0.03,0.6212,0.0003,-0.0001,0.0017,-0.7,-2.46,2.56,100.0,0,0,0
3.06,0.0,-0.2,0.0,-0.0079,-0.03,0.6212,0.0003,-0.0001,0.0017,-0.7,-2.46,2.56,100.0,0,0,0
3.08,0.0,-0.2,0.0,-0.0079,-0.03,0.6212,0.0003,-0.0001,0.0017,-0.7,-2.46,2.56,100.0,0,0,0
3.1,0.0,-0.2,0.0,-0.0079,-0.03,0.6212,0.0003,-0.0001,0.0017,-0.7,-2.46,2.56,100.0,0,0,0
3.12,0.0,-0.2,0.0,-0.0079,-0.03,0.6212,0.0003,-0.0001,0.0017,-0.7,-2.46,2.55,100.0,0,0,0
3.14,0.0,-0.2,0.0,-0.0079,-0.03,0.6212,0.0003,-0.0001,0.0017,-0.7,-2.46,2.55,100.0,0,0,0
3.16,0.0,-0.2,0.0,-0.0079,-0.03,0.6212,0.0003,-0.0001,0.0017,-0.7,-2.46,2.55,100.0,0,0,0
3.18,0.0,-0.2,0.0,-0.0078,-0.03,0.6212,0.0003,-0.0001,0.0017,-0.69,-2.45,2.55,100.0,0,0,0
3.2,0.0,-0.2,0.0,-0.0078,-0.03,0.6212,0.0003,-0.0001,0.0017,-0.69,-2.45,2.55,100.0,0,0,0
3.22,0.0,-0.2,0.0,-0.0078,-0.03,0.6212,0.0003,-0.0001,0.0017,-0.69,-2.45,2.55,100.0,0,0,0
3.24,0.0,-0.2,0.0,-0.0078,-0.03,0.6212,0.0003,-0.0001,0.0017,-0.69,-2.45,2.55,100.0,0,0,0
3.26,0.0,-0.2,0.0,-0.0078,-0.03,0.6212,0.0003,-0.0001,0.0016,-0.69,-2.45,2.55,100.0,0,0,0
3.28,0.0,-0.2,0.0,-0.0078,-0.03,0.6212,0.0003,-0.0001,0.0016,-0.69,-2.45,2.55,100.0,0,0,0
3.3,0.0,-0.2,0.0,-0.0078,-0.03,0.6212,0.0003,-0.0001,0.0016,-0.69,-2.45,2.54,100.0,0,0,0
3.32,0.0,-0.2,0.0,-0.0078,-0.03,0.6212,0.0003,-0.0001,0.0016,-0.69,-2.45,2.54,100.0,0,0,0
3.34,0.0,-0.2,0.0,-0.0078,-0.03,0.6212,0.0003,-0.0001,0.0016,-0.69,-2.45,2.54,100.0,0,0,0
3.36,0.0,-0.2,0.0,-0.0078,-0.03,0.6212,0.0003,-0.0001,0.0016,-0.69,-2.44,2.54,100.0,0,0,0
3.38,0.0,-0.2,0.0,-0.0078,-0.03,0.6212,0.0003,-0.0001,0.0016,-0.69,-2.44,2.54,100.0,0,0,0
3.4,0.0,-0.2,0.0,-0.0078,-0.03,0.6212,0.0003,-0.0001,0.0016,-0.69,-2.44,2.54,100.0,0,0,0
3.42,0.0,-0.2,0.0,-0.0078,-0.03,0.6212,0.0002,-0.0001,0.0016,-0.69,-2.44,2.54,100.0,0,0,0
3.44,0.0,-0.2,0.0,-0.0078,-0.03,0.6212,0.0002,-0.0001,0.0016,-0.69,-2.44,2.54,100.0,0,0,0
3.46,0.0,-0.2,0.0,-0.0078,-0.03,0.6212,0.0002,-0.0001,0.0016,-0.69,-2.44,2.54,100.0,0,0,0
3.48,0.0,-0.2,0.0,-0.0078,-0.03,0.6212,0.0002,-0.0001,0.0016,-0.69,-2.44,2.53,100.0,0,0,0
3.5,0.0,-0.2,0.0,-0.0078,-0.03,0.6212,0.0002,-0.0001,0.0016,-0.69,-2.44,2.53,100.0,0,0,0
3.52,0.0,-0.2,0.0,-0.0078,-0.03,0.6212,0.0002,-0.0001,0.0016,-0.69,-2.44,2.53,100.0,0,0,0
3.54,0.0,-0.2,0.0,-0.0077,-0.03,0.6212,0.0001,-0.0001,0.0016,-0.69,-2.43,2.53,100.0,0,0,0
3.56,0.0,-0.2,0.0,-0.0077,-0.03,0.6212,0.0001,-0.0001,0.0016,-0.69,-2.43,2.53,100.0,0,0,0
3.58,0.0,-0.2,0.0,-0.0077,-0.03,0.6212,0.0001,-0.0001,0.0016,-0.69,-2.43,2.53,100.0,0,0,0
3.6,0.0,-0.2,0.0,-0.0077,-0.03,0.6212,0.0001,-0.0001,0.0016,-0.69,-2.43,2.53,100.0,0,0,0
3.62,0.0,-0.2,0.0,-0.0077,-0.03,0.6212,0.0001,-0.0001,0.0016,-0.69,-2.43,2.53,100.0,0,0,0
3.64,0.0,-0.2,0.0,-0.0077,-0.03,0.6212,0.0001,-0.0001,0.0016,-0.69,-2.43,2.53,100.0,0,0,0
3.66,0.0,-0.2,0.0,-0.0077,-0.03,0.6212,0.0001,-0.0001,0.0015,-0.69,-2.43,2.53,100.0,0,0,0
3.68,0.0,-0.2,0.0,-0.0077,-0.03,0.6212,0.0,-0.0001,0.0015,-0.69,-2.43,2.53,100.0,0,0,0
3.7,0.0,-0.2,0.0,-0.0077,-0.03,0.6212,0.0,-0.0001,0.0015,-0.69,-2.43,2.53,100.0,0,0,0
3.72,0.0,-0.2,0.0,-0.0077,-0.03,0.6212,0.0,-0.0001,0.0015,-0.69,-2.43,2.53,100.0,0,0,0
3.74,0.0,-0.2,0.0,-0.0077,-0.03,0.6212,0.0,-0.0001,0.0015,-0.69,-2.43,2.53,100.0,0,0,0
3.76,0.0,-0.2,0.0,-0.0077,-0.03,0.6212,-0.0,-0.0001,0.0015,-0.69,-2.43,2.52,100.0,0,0,0
3.78,0.0,-0.2,0.0,-0.0077,-0.03,0.6212,-0.0,-0.0001,0.0015,-0.69,-2.43,2.52,100.0,0,0,0
3.8,0.0,-0.2,0.0,-0.0077,-0.0301,0.6212,-0.0,-0.0001,0.0015,-0.69,-2.43,2.52,100.0,0,0,0
3.82,0.0,-0.2,0.0,-0.0077,-0.0301,0.6212,-0.0,-0.0001,0.0015,-0.69,-2.43,2.52,100.0,0,0,0
3.84,0.0,-0.2,0.0,-0.0077,-0.0301,0.6212,-0.0,-0.0001,0.0015,-0.69,-2.43,2.52,100.0,0,0,0
3.86,0.0,-0.2,0.0,-0.0077,-0.0301,0.6212,-0.0,-0.0001,0.0015,-0.69,-2.43,2.52,100.0,0,0,0
3.88,0.0,-0.2,0.0,-0.0077,-0.0301,0.6212,-0.0,-0.0001,0.0015,-0.69,-2.42,2.52,100.0,0,0,0
3.9,0.0,-0.2,0.0,-0.0077,-0.0301,0.6212,-0.0,-0.0001,0.0015,-0.69,-2.42,2.52,100.0,0,0,0
3.92,0.0,-0.2,0.0,-0.0077,-0.0301,0.6212,-0.0,-0.0001,0.0015,-0.69,-2.42,2.52,100.0,0,0,0
3.94,0.0,-0.2,0.0,-0.0077,-0.0301,0.6212,-0.0,-0.0001,0.0015,-0.69,-2.42,2.52,100.0,0,0,0
3.96,0.0,-0.2,0.0,-0.0077,-0.0301,0.6212,-0.0,-0.0001,0.0015,-0.69,-2.42,2.52,100.0,0,0,0
3.98,0.0,-0.2,0.0,-0.0077,-0.0301,0.6212,-0.0001,-0.0001,0.0015,-0.69,-2.42,2.52,100.0,0,0,0
4.0,0.0,-0.2,0.0,-0.0077,-0.0301,0.6212,-0.0001,-0.0001,0.0015,-0.69,-2.42,2.52,100.0,0,0,0
4.02,0.0,-0.2,0.0,-0.0077,-0.0301,0.6212,-0.0001,-0.0001,0.0015,-0.69,-2.42,2.52,100.0,0,0,0
4.04,0.0,-0.2,0.0,-0.0077,-0.0301,0.6212,-0.0001,-0.0001,0.0015,-0.69,-2.42,2.52,100.0,0,0,0
4.06,0.0,-0.2,0.0,-0.0077,-0.0301,0.6212,-0.0001,-0.0001,0.0015,-0.69,-2.42,2.52,100.0,0,0,0
4.08,0.0,-0.2,0.0,-0.0077,-0.0301,0.6212,-0.0001,-0.0001,0.0015,-0.69,-2.42,2.52,100.0,0,0,0
4.1,0.0,-0.2,0.0,-0.0077,-0.0301,0.6212,-0.0,-0.0001,0.0015,-0.69,-2.42,2.52,100.0,0,0,0
4.12,0.0,-0.2,0.0,-0.0077,-0.0301,0.6212,-0.0,-0.0001,0.0015,-0.69,-2.42,2.52,100.0,0,0,0
4.14,0.0,-0.2,0.0,-0.0077,-0.0301,0.6212,-0.0,-0.0001,0.0015,-0.69,-2.42,2.52,100.0,0,0,0
4.16,0.0,-0.2,0.0,-0.0078,-0.0301,0.6212,-0.0,-0.0001,0.0015,-0.69,-2.42,2.52,100.0,0,0,0
4.18,0.0,-0.2,0.0,-0.0078,-0.0301,0.6212,-0.0,-0.0001,0.0015,-0.69,-2.42,2.52,100.0,0,0,0
4.2,0.0,-0.2,0.0,-0.0078,-0.0301,0.6212,-0.0,-0.0001,0.0015,-0.69,-2.42,2.51,100.0,0,0,0
4.22,0.0,-0.2,0.0,-0.0078,-0.0301,0.6212,-0.0,-0.0001,0.0015,-0.69,-2.42,2.51,100.0,0,0,0
4.24,0.0,-0.2,0.0,-0.0078,-0.0301,0.6212,-0.0,-0.0001,0.0015,-0.69,-2.42,2.51,100.0,0,0,0
4.26,0.0,-0.2,0.0,-0.0078,-0.0301,0.6212,-0.0,-0.0001,0.0015,-0.69,-2.42,2.51,100.0,0,0,0
4.28,0.0,-0.2,0.0,-0.0078,-0.0301,0.6212,-0.0,-0.0001,0.0015,-0.69,-2.42,2.51,100.0,0,0,0
4.3,0.0,-0.2,0.0,-0.0078,-0.0301,0.6212,-0.0,-0.0001,0.0015,-0.69,-2.42,2.51,100.0,0,0,0
4.32,0.0,-0.2,0.0,-0.0078,-0.0301,0.6212,-0.0,-0.0001,0.0014,-0.69,-2.42,2.51,100.0,0,0,0
4.34,0.0,-0.2,0.0,-0.0078,-0.0301,0.6212,-0.0,-0.0001,0.0014,-0.69,-2.42,2.51,100.0,0,0,0
4.36,0.0,-0.2,0.0,-0.0078,-0.0301,0.6212,-0.0,-0.0001,0.0014,-0.69,-2.41,2.51,100.0,0,0,0
4.38,0.0,-0.2,0.0,-0.0078,-0.0301,0.6212,-0.0,-0.0001,0.0014,-0.69,-2.41,2.51,100.0,0,0,0
4.4,0.0,-0.2,0.0,-0.0078,-0.0301,0.6212,-0.0,-0.0001,0.0014,-0.69,-2.41,2.51,100.0,0,0,0
4.42,0.0,-0.2,0.0,-0.0078,-0.0301,0.6212,-0.0,-0.0001,0.0014,-0.69,-2.41,2.51,100.0,0,0,0
4.44,0.0,-0.2,0.0,-0.0078,-0.0301,0.6212,-0.0,-0.0001,0.0014,-0.69,-2.41,2.51,100.0,0,0,0
4.46,0.0,-0.2,0.0,-0.0078,-0.0301,0.6212,-0.0,-0.0001,0.0014,-0.69,-2.41,2.51,100.0,0,0,0
4.48,0.0,-0.2,0.0,-0.0078,-0.0301,0.6212,-0.0,-0.0001,0.0014,-0.69,-2.41,2.51,100.0,0,0,0
4.5,0.0,-0.2,0.0,-0.0078,-0.0301,0.6212,-0.0,-0.0001,0.0014,-0.69,-2.41,2.51,100.0,0,0,0
4.52,0.0,-0.2,0.0,-0.0078,-0.0301,0.6212,-0.0,-0.0001,0.0014,-0.69,-2.41,2.51,100.0,0,0,0
4.54,0.0,-0.2,0.0,-0.0078,-0.0301,0.6212,-0.0,-0.0001,0.0014,-0.69,-2.41,2.51,100.0,0,0,0
4.56,0.0,-0.2,0.0,-0.0078,-0.0301,0.6212,-0.0,-0.0001,0.0014,-0.69,-2.41,2.51,100.0,0,0,0
4.58,0.0,-0.2,0.0,-0.0078,-0.0301,0.6212,-0.0,-0.0001,0.0014,-0.69,-2.41,2.51,100.0,0,0,0
4.6,0.0,-0.2,0.0,-0.0078,-0.0301,0.6212,-0.0,-0.0001,0.0014,-0.69,-2.41,2.51,100.0,0,0,0
4.62,0.0,-0.2,0.0,-0.0078,-0.0301,0.6212,-0.0,-0.0001,0.0014,-0.69,-2.41,2.51,100.0,0,0,0
4.64,0.0,-0.2,0.0,-0.0078,-0.0301,0.6212,-0.0,-0.0001,0.0014,-0.69,-2.41,2.51,100.0,0,0,0
4.66,0.0,-0.2,0.0,-0.0078,-0.0301,0.6212,-0.0,-0.0001,0.0014,-0.69,-2.41,2.51,100.0,0,0,0
4.68,0.0,-0.2,0.0,-0.0078,-0.0301,0.6212,-0.0,-0.0001,0.0014,-0.69,-2.41,2.5,100.0,0,0,0
4.7,0.0,-0.2,0.0,-0.0078,-0.0301,0.6212,-0.0,-0.0001,0.0014,-0.69,-2.41,2.5,100.0,0,0,0
4.72,0.0,-0.2,0.0,-0.0078,-0.0301,0.6212,-0.0,-0.0001,0.0014,-0.69,-2.41,2.5,100.0,0,0,0
4.74,0.0,-0.2,0.0,-0.0078,-0.0301,0.6212,-0.0,-0.0001,0.0014,-0.69,-2.41,2.5,100.0,0,0,0
4.76,0.0,-0.2,0.0,-0.0078,-0.0301,0.6212,-0.0,-0.0001,0.0014,-0.69,-2.41,2.5,100.0,0,0,0
4.78,0.0,-0.2,0.0,-0.0078,-0.0301,0.6212,-0.0,-0.0001,0.0014,-0.69,-2.41,2.5,100.0,0,0,0
4.8,0.0,-0.2,0.0,-0.0078,-0.0301,0.6212,-0.0,-0.0001,0.0014,-0.69,-2.41,2.5,100.0,0,0,0
4.82,0.0,-0.2,0.0,-0.0078,-0.0301,0.6212,-0.0,-0.0001,0.0014,-0.69,-2.4,2.5,100.0,0,0,0
4.84,0.0,-0.2,0.0,-0.0078,-0.0301,0.6212,-0.0,-0.0001,0.0014,-0.69,-2.4,2.5,100.0,0,0,0
4.86,0.0,-0.2,0.0,-0.0078,-0.0301,0.6212,-0.0,-0.0001,0.0014,-0.69,-2.4,2.5,100.0,0,0,0
4.88,0.0,-0.2,0.0,-0.0078,-0.0301,0.6212,-0.0,-0.0001,0.0014,-0.69,-2.4,2.5,100.0,0,0,0
4.9,0.0,-0.2,0.0,-0.0078,-0.0301,0.6212,-0.0,-0.0001,0.0014,-0.69,-2.4,2.5,100.0,0,0,0
4.92,0.0,-0.2,0.0,-0.0078,-0.0302,0.6212,-0.0,-0.0001,0.0014,-0.69,-2.4,2.5,100.0,0,0,0
4.94,0.0,-0.2,0.0,-0.0078,-0.0302,0.6212,-0.0,-0.0001,0.0014,-0.69,-2.4,2.5,100.0,0,0,0
4.96,0.0,-0.2,0.0,-0.0078,-0.0302,0.6212,-0.0,-0.0001,0.0014,-0.69,-2.4,2.5,100.0,0,0,0
4.98,0.0,-0.2,0.0,-0.0078,-0.0302,0.6212,-0.0,-0.0001,0.0014,-0.69,-2.4,2.5,100.0,0,0,0
5.0,0.0,-0.2,0.0,-0.0078,-0.0302,0.6212,-0.0,-0.0001,0.0014,-0.69,-2.4,2.5,100.0,0,0,0
5.02,0.0,-0.2,0.0,-0.0078,-0.0302,0.6212,-0.0,-0.0001,0.0014,-0.69,-2.4,2.5,100.0,0,0,0
5.04,0.0,-0.2,0.0,-0.0078,-0.0302,0.6212,-0.0,-0.0001,0.0014,-0.69,-2.4,2.5,100.0,0,0,0
5.06,0.0,-0.2,0.0,-0.0078,-0.0302,0.6212,-0.0,-0.0001,0.0014,-0.69,-2.4,2.5,100.0,0,0,0
5.08,0.0,-0.2,0.0,-0.0078,-0.0302,0.6212,-0.0,-0.0001,0.0014,-0.69,-2.4,2.5,100.0,0,0,0
5.1,0.0,-0.2,0.0,-0.0078,-0.0302,0.6212,-0.0,-0.0001,0.0014,-0.69,-2.4,2.5,100.0,0,0,0
5.12,0.0,-0.2,0.0,-0.0078,-0.0302,0.6212,-0.0,-0.0001,0.0014,-0.69,-2.4,2.5,100.0,0,0,0
5.14,0.0,-0.2,0.0,-0.0078,-0.0302,0.6212,-0.0,-0.0001,0.0014,-0.69,-2.4,2.5,100.0,0,0,0
5.16,0.0,-0.2,0.0,-0.0078,-0.0302,0.6212,-0.0,-0.0001,0.0014,-0.69,-2.4,2.49,100.0,0,0,0
5.18,0.0,-0.2,0.0,-0.0078,-0.0302,0.6212,-0.0,-0.0001,0.0013,-0.69,-2.4,2.49,100.0,0,0,0
5.2,0.0,-0.2,0.0,-0.0078,-0.0302,0.6212,-0.0,-0.0001,0.0013,-0.69,-2.4,2.49,100.0,0,0,0
5.22,0.0,-0.2,0.0,-0.0078,-0.0302,0.6212,-0.0,-0.0001,0.0013,-0.69,-2.4,2.49,100.0,0,0,0
5.24,0.0,-0.2,0.0,-0.0078,-0.0302,0.6212,-0.0,-0.0001,0.0013,-0.69,-2.4,2.49,100.0,0,0,0
5.26,0.0,-0.2,0.0,-0.0078,-0.0302,0.6212,-0.0,-0.0001,0.0013,-0.69,-2.4,2.49,100.0,0,0,0
5.28,0.0,-0.2,0.0,-0.0078,-0.0302,0.6212,-0.0,-0.0001,0.0013,-0.69,-2.4,2.49,100.0,0,0,0
5.3,0.0,-0.2,0.0,-0.0078,-0.0302,0.6212,-0.0,-0.0001,0.0013,-0.69,-2.4,2.49,100.0,0,0,0
5.32,0.0,-0.2,0.0,-0.0078,-0.0302,0.6212,-0.0,-0.0001,0.0013,-0.69,-2.39,2.49,100.0,0,0,0
5.34,0.0,-0.2,0.0,-0.0078,-0.0302,0.6212,-0.0,-0.0001,0.0013,-0.69,-2.39,2.49,100.0,0,0,0
5.36,0.0,-0.2,0.0,-0.0078,-0.0302,0.6212,-0.0,-0.0001,0.0013,-0.69,-2.39,2.49,100.0,0,0,0
5.38,0.0,-0.2,0.0,-0.0078,-0.0302,0.6212,-0.0,-0.0001,0.0013,-0.69,-2.39,2.49,100.0,0,0,0
5.4,0.0,-0.2,0.0,-0.0078,-0.0302,0.6212,-0.0,-0.0001,0.0013,-0.69,-2.39,2.49,100.0,0,0,0
5.42,0.0,-0.2,0.0,-0.0078,-0.0302,0.6212,-0.0,-0.0001,0.0013,-0.69,-2.39,2.49,100.0,0,0,0
5.44,0.0,-0.2,0.0,-0.0078,-0.0302,0.6212,-0.0,-0.0001,0.0013,-0.69,-2.39,2.49,100.0,0,0,0
5.46,0.0,-0.2,0.0,-0.0078,-0.0302,0.6212,-0.0,-0.0001,0.0013,-0.69,-2.39,2.49,100.0,0,0,0
5.48,0.0,-0.2,0.0,-0.0078,-0.0302,0.6212,-0.0,-0.0001,0.0013,-0.69,-2.39,2.49,100.0,0,0,0
5.5,0.0,-0.2,0.0,-0.0078,-0.0302,0.6212,-0.0,-0.0001,0.0013,-0.69,-2.39,2.49,100.0,0,0,0
5.52,0.0,-0.2,0.0,-0.0078,-0.0302,0.6212,-0.0,-0.0001,0.0013,-0.69,-2.39,2.49,100.0,0,0,0
5.54,0.0,-0.2,0.0,-0.0078,-0.0302,0.6212,-0.0,-0.0001,0.0013,-0.69,-2.39,2.49,100.0,0,0,0
5.56,0.0,-0.2,0.0,-0.0078,-0.0302,0.6212,-0.0,-0.0001,0.0013,-0.69,-2.39,2.49,100.0,0,0,0
5.58,0.0,-0.2,0.0,-0.0078,-0.0302,0.6212,-0.0,-0.0001,0.0013,-0.69,-2.39,2.49,100.0,0,0,0
5.6,0.0,-0.2,0.0,-0.0078,-0.0302,0.6212,-0.0,-0.0001,0.0013,-0.69,-2.39,2.49,100.0,0,0,0
5.62,0.0,-0.2,0.0,-0.0078,-0.0302,0.6212,-0.0,-0.0001,0.0013,-0.69,-2.39,2.49,100.0,0,0,0
5.64,0.0,-0.2,0.0,-0.0078,-0.0302,0.6212,-0.0,-0.0001,0.0013,-0.69,-2.39,2.49,100.0,0,0,0
5.66,0.0,-0.2,0.0,-0.0078,-0.0302,0.6212,-0.0,-0.0001,0.0013,-0.69,-2.39,2.49,100.0,0,0,0
5.68,0.0,-0.2,0.0,-0.0078,-0.0302,0.6212,-0.0,-0.0001,0.0013,-0.69,-2.39,2.49,100.0,0,0,0
5.7,0.0,-0.2,0.0,-0.0078,-0.0302,0.6212,-0.0,-0.0001,0.0013,-0.69,-2.39,2.49,100.0,0,0,0
5.72,0.0,-0.2,0.0,-0.0078,-0.0302,0.6212,-0.0,-0.0001,0.0013,-0.69,-2.39,2.48,100.0,0,0,0
5.74,0.0,-0.2,0.0,-0.0078,-0.0302,0.6212,-0.0,-0.0001,0.0013,-0.69,-2.39,2.48,100.0,0,0,0
5.76,0.0,-0.2,0.0,-0.0078,-0.0302,0.6212,-0.0,-0.0001,0.0013,-0.69,-2.39,2.48,100.0,0,0,0
5.78,0.0,-0.2,0.0,-0.0078,-0.0302,0.6212,-0.0,-0.0001,0.0013,-0.69,-2.39,2.48,100.0,0,0,0
5.8,0.0,-0.2,0.0,-0.0078,-0.0302,0.6212,-0.0,-0.0001,0.0013,-0.69,-2.39,2.48,100.0,0,0,0
5.82,0.0,-0.2,0.0,-0.0078,-0.0302,0.6212,-0.0,-0.0001,0.0013,-0.69,-2.39,2.48,100.0,0,0,0
5.84,0.0,-0.2,0.0,-0.0078,-0.0302,0.6212,-0.0,-0.0001,0.0013,-0.69,-2.39,2.48,100.0,0,0,0
5.86,0.0,-0.2,0.0,-0.0078,-0.0302,0.6212,-0.0,-0.0001,0.0013,-0.69,-2.39,2.48,100.0,0,0,0
5.88,0.0,-0.2,0.0,-0.0078,-0.0302,0.6212,-0.0,-0.0001,0.0013,-0.69,-2.38,2.48,100.0,0,0,0
5.9,0.0,-0.2,0.0,-0.0078,-0.0302,0.6212,-0.0,-0.0001,0.0013,-0.69,-2.38,2.48,100.0,0,0,0
5.92,0.0,-0.2,0.0,-0.0078,-0.0302,0.6212,-0.0,-0.0001,0.0013,-0.69,-2.38,2.48,100.0,0,0,0
5.94,0.0,-0.2,0.0,-0.0078,-0.0302,0.6212,-0.0,-0.0001,0.0013,-0.69,-2.38,2.48,100.0,0,0,0
5.96,0.0,-0.2,0.0,-0.0078,-0.0302,0.6212,-0.0,-0.0001,0.0013,-0.69,-2.38,2.48,100.0,0,0,0
5.98,0.0,-0.2,0.0,-0.0078,-0.0302,0.6212,-0.0,-0.0001,0.0013,-0.69,-2.38,2.48,100.0,0,0,0
6.0,0.0,-0.2,0.0,-0.0078,-0.0302,0.6212,-0.0,-0.0001,0.0013,-0.69,-2.38,2.48,100.0,0,0,0
6.02,0.0,-0.2,0.0,-0.0078,-0.0302,0.6212,-0.0,-0.0001,0.0013,-0.69,-2.38,2.48,100.0,0,0,0
6.04,0.0,-0.2,0.0,-0.0078,-0.0302,0.6212,-0.0,-0.0001,0.0013,-0.69,-2.38,2.48,100.0,0,0,0
6.06,0.0,-0.2,0.0,-0.0078,-0.0302,0.6212,-0.0,-0.0001,0.0013,-0.69,-2.38,2.48,100.0,0,0,0
6.08,0.0,-0.2,0.0,-0.0078,-0.0302,0.6212,-0.0,-0.0001,0.0013,-0.69,-2.38,2.48,100.0,0,0,0
6.1,0.0,-0.2,0.0,-0.0078,-0.0303,0.6212,-0.0,-0.0001,0.0013,-0.69,-2.38,2.48,100.0,0,0,0
6.12,0.0,-0.2,0.0,-0.0078,-0.0303,0.6212,-0.0,-0.0001,0.0012,-0.69,-2.38,2.48,100.0,0,0,0
6.14,0.0,-0.2,0.0,-0.0078,-0.0303,0.6212,-0.0,-0.0001,0.0012,-0.69,-2.38,2.48,100.0,0,0,0
6.16,0.0,-0.2,0.0,-0.0078,-0.0303,0.6212,-0.0,-0.0001,0.0012,-0.69,-2.38,2.48,100.0,0,0,0
6.18,0.0,-0.2,0.0,-0.0078,-0.0303,0.6212,-0.0,-0.0001,0.0012,-0.69,-2.38,2.48,100.0,0,0,0
6.2,0.0,-0.2,0.0,-0.0078,-0.0303,0.6212,-0.0,-0.0001,0.0012,-0.69,-2.38,2.48,100.0,0,0,0
6.22,0.0,-0.2,0.0,-0.0078,-0.0303,0.6212,-0.0,-0.0001,0.0012,-0.69,-2.38,2.48,100.0,0,0,0
6.24,0.0,-0.2,0.0,-0.0078,-0.0303,0.6212,-0.0,-0.0001,0.0012,-0.69,-2.38,2.48,100.0,0,0,0
6.26,0.0,-0.2,0.0,-0.0078,-0.0303,0.6212,-0.0,-0.0001,0.0012,-0.69,-2.38,2.48,100.0,0,0,0
6.28,0.0,-0.2,0.0,-0.0078,-0.0303,0.6212,-0.0,-0.0001,0.0012,-0.69,-2.38,2.48,100.0,0,0,0
6.3,0.0,-0.2,0.0,-0.0078,-0.0303,0.6212,-0.0,-0.0001,0.0012,-0.69,-2.38,2.47,100.0,0,0,0
6.32,0.0,-0.2,0.0,-0.0078,-0.0303,0.6212,-0.0,-0.0001,0.0012,-0.69,-2.38,2.47,100.0,0,0,0
6.34,0.0,-0.2,0.0,-0.0078,-0.0303,0.6212,-0.0,-0.0001,0.0012,-0.69,-2.38,2.47,100.0,0,0,0
6.36,0.0,-0.2,0.0,-0.0078,-0.0303,0.6212,-0.0,-0.0001,0.0012,-0.69,-2.38,2.47,100.0,0,0,0
6.38,0.0,-0.2,0.0,-0.0078,-0.0303,0.6212,-0.0,-0.0001,0.0012,-0.69,-2.38,2.47,100.0,0,0,0
6.4,0.0,-0.2,0.0,-0.0078,-0.0303,0.6212,-0.0,-0.0001,0.0012,-0.69,-2.38,2.47,100.0,0,0,0
6.42,0.0,-0.2,0.0,-0.0078,-0.0303,0.6212,-0.0,-0.0001,0.0012,-0.69,-2.38,2.47,100.0,0,0,0
6.44,0.0,-0.2,0.0,-0.0078,-0.0303,0.6212,-0.0,-0.0001,0.0012,-0.69,-2.38,2.47,100.0,0,0,0
6.46,0.0,-0.2,0.0,-0.0078,-0.0303,0.6212,-0.0,-0.0001,0.0012,-0.69,-2.38,2.47,100.0,0,0,0
6.48,0.0,-0.2,0.0,-0.0078,-0.0303,0.6212,-0.0,-0.0001,0.0012,-0.69,-2.38,2.47,100.0,0,0,0
6.5,0.0,-0.2,0.0,-0.0078,-0.0303,0.6212,-0.0,-0.0001,0.0012,-0.69,-2.37,2.47,100.0,0,0,0
6.52,0.0,-0.2,0.0,-0.0078,-0.0303,0.6212,-0.0,-0.0001,0.0012,-0.69,-2.37,2.47,100.0,0,0,0
6.54,0.0,-0.2,0.0,-0.0078,-0.0303,0.6212,-0.0,-0.0001,0.0012,-0.69,-2.37,2.47,100.0,0,0,0
6.56,0.0,-0.2,0.0,-0.0078,-0.0303,0.6212,-0.0,-0.0001,0.0012,-0.69,-2.37,2.47,100.0,0,0,0
6.58,0.0,-0.2,0.0,-0.0078,-0.0303,0.6212,-0.0,-0.0001,0.0012,-0.69,-2.37,2.47,100.0,0,0,0
6.6,0.0,-0.2,0.0,-0.0078,-0.0303,0.6212,-0.0,-0.0001,0.0012,-0.69,-2.37,2.47,100.0,0,0,0
6.62,0.0,-0.2,0.0,-0.0078,-0.0303,0.6212,-0.0,-0.0001,0.0012,-0.69,-2.37,2.47,100.0,0,0,0
6.64,0.0,-0.2,0.0,-0.0078,-0.0303,0.6212,-0.0,-0.0001,0.0012,-0.69,-2.37,2.47,100.0,0,0,0
6.66,0.0,-0.2,0.0,-0.0078,-0.0303,0.6212,-0.0,-0.0001,0.0012,-0.69,-2.37,2.47,100.0,0,0,0
6.68,0.0,-0.2,0.0,-0.0078,-0.0303,0.6212,-0.0,-0.0001,0.0012,-0.69,-2.37,2.47,100.0,0,0,0
6.7,0.0,-0.2,0.0,-0.0078,-0.0303,0.6212,-0.0,-0.0001,0.0012,-0.69,-2.37,2.47,100.0,0,0,0
6.72,0.0,-0.2,0.0,-0.0078,-0.0303,0.6212,-0.0,-0.0001,0.0012,-0.69,-2.37,2.47,100.0,0,0,0
6.74,0.0,-0.2,0.0,-0.0078,-0.0303,0.6212,-0.0,-0.0001,0.0012,-0.69,-2.37,2.47,100.0,0,0,0
6.76,0.0,-0.2,0.0,-0.0078,-0.0303,0.6212,-0.0,-0.0001,0.0012,-0.69,-2.37,2.47,100.0,0,0,0
6.78,0.0,-0.2,0.0,-0.0078,-0.0303,0.6212,-0.0,-0.0001,0.0012,-0.69,-2.37,2.47,100.0,0,0,0
6.8,0.0,-0.2,0.0,-0.0078,-0.0303,0.6212,-0.0,-0.0001,0.0012,-0.69,-2.37,2.47,100.0,0,0,0
6.82,0.0,-0.2,0.0,-0.0078,-0.0303,0.6212,-0.0,-0.0001,0.0012,-0.69,-2.37,2.47,100.0,0,0,0
6.84,0.0,-0.2,0.0,-0.0078,-0.0303,0.6212,-0.0,-0.0001,0.0012,-0.69,-2.37,2.47,100.0,0,0,0
6.86,0.0,-0.2,0.0,-0.0078,-0.0303,0.6212,-0.0,-0.0001,0.0012,-0.69,-2.37,2.47,100.0,0,0,0
6.88,0.0,-0.2,0.0,-0.0078,-0.0303,0.6212,-0.0,-0.0001,0.0012,-0.68,-2.37,2.47,100.0,0,0,0
6.9,0.0,-0.2,0.0,-0.0078,-0.0303,0.6212,-0.0,-0.0001,0.0012,-0.68,-2.37,2.47,100.0,0,0,0
6.92,0.0,-0.2,0.0,-0.0078,-0.0303,0.6212,-0.0,-0.0001,0.0012,-0.68,-2.37,2.47,100.0,0,0,0
6.94,0.0,-0.2,0.0,-0.0078,-0.0303,0.6212,-0.0,-0.0001,0.0012,-0.68,-2.37,2.46,100.0,0,0,0
6.96,0.0,-0.2,0.0,-0.0078,-0.0303,0.6212,-0.0,-0.0001,0.0012,-0.68,-2.37,2.46,100.0,0,0,0
6.98,0.0,-0.2,0.0,-0.0078,-0.0303,0.6212,-0.0,-0.0001,0.0012,-0.68,-2.37,2.46,100.0,0,0,0
7.0,0.0,-0.2,0.0,-0.0078,-0.0303,0.6212,-0.0,-0.0001,0.0012,-0.68,-2.37,2.46,100.0,0,0,0
7.02,0.0,-0.2,0.0,-0.0078,-0.0303,0.6211,-0.0,-0.0001,0.0012,-0.68,-2.37,2.46,100.0,0,0,0
7.04,0.0,-0.2,0.0,-0.0078,-0.0303,0.6211,-0.0,-0.0001,0.0012,-0.68,-2.37,2.46,100.0,0,0,0
7.06,0.0,-0.2,0.0,-0.0078,-0.0303,0.6211,-0.0,-0.0001,0.0012,-0.68,-2.37,2.46,100.0,0,0,0
7.08,0.0,-0.2,0.0,-0.0078,-0.0303,0.6211,-0.0,-0.0001,0.0012,-0.68,-2.37,2.46,100.0,0,0,0
7.1,0.0,-0.2,0.0,-0.0078,-0.0303,0.6211,-0.0,-0.0001,0.0012,-0.68,-2.37,2.46,100.0,0,0,0
7.12,0.0,-0.2,0.0,-0.0078,-0.0303,0.6211,-0.0,-0.0001,0.0012,-0.68,-2.37,2.46,100.0,0,0,0
7.14,0.0,-0.2,0.0,-0.0078,-0.0303,0.6211,-0.0,-0.0001,0.0011,-0.68,-2.37,2.46,100.0,0,0,0
7.16,0.0,-0.2,0.0,-0.0078,-0.0303,0.6211,-0.0,-0.0001,0.0011,-0.68,-2.36,2.46,100.0,0,0,0
7.18,0.0,-0.2,0.0,-0.0078,-0.0303,0.6211,-0.0,-0.0001,0.0011,-0.68,-2.36,2.46,100.0,0,0,0
7.2,0.0,-0.2,0.0,-0.0078,-0.0303,0.6211,-0.0,-0.0001,0.0011,-0.68,-2.36,2.46,100.0,0,0,0
7.22,0.0,-0.2,0.0,-0.0078,-0.0303,0.6211,-0.0,-0.0001,0.0011,-0.68,-2.36,2.46,100.0,0,0,0
7.24,0.0,-0.2,0.0,-0.0078,-0.0303,0.6211,-0.0,-0.0001,0.0011,-0.68,-2.36,2.46,100.0,0,0,0
7.26,0.0,-0.2,0.0,-0.0078,-0.0303,0.6211,-0.0,-0.0001,0.0011,-0.68,-2.36,2.46,100.0,0,0,0
7.28,0.0,-0.2,0.0,-0.0078,-0.0303,0.6211,-0.0,-0.0001,0.0011,-0.68,-2.36,2.46,100.0,0,0,0
7.3,0.0,-0.2,0.0,-0.0078,-0.0303,0.6211,-0.0,-0.0001,0.0011,-0.68,-2.36,2.46,100.0,0,0,0
7.32,0.0,-0.2,0.0,-0.0078,-0.0303,0.6211,-0.0,-0.0001,0.0011,-0.68,-2.36,2.46,100.0,0,0,0
7.34,0.0,-0.2,0.0,-0.0078,-0.0303,0.6211,-0.0,-0.0001,0.0011,-0.68,-2.36,2.46,100.0,0,0,0
7.36,0.0,-0.2,0.0,-0.0078,-0.0303,0.6211,-0.0,-0.0001,0.0011,-0.68,-2.36,2.46,100.0,0,0,0
7.38,0.0,-0.2,0.0,-0.0078,-0.0303,0.6211,-0.0,-0.0001,0.0011,-0.68,-2.36,2.46,100.0,0,0,0
7.4,0.0,-0.2,0.0,-0.0078,-0.0303,0.6211,-0.0,-0.0001,0.0011,-0.68,-2.36,2.46,100.0,0,0,0
7.42,0.0,-0.2,0.0,-0.0078,-0.0304,0.6211,-0.0,-0.0001,0.0011,-0.68,-2.36,2.46,100.0,0,0,0
7.44,0.0,-0.2,0.0,-0.0078,-0.0304,0.6211,-0.0,-0.0001,0.0011,-0.68,-2.36,2.46,100.0,0,0,0
7.46,0.0,-0.2,0.0,-0.0078,-0.0304,0.6211,-0.0,-0.0001,0.0011,-0.68,-2.36,2.46,100.0,0,0,0
7.48,0.0,-0.2,0.0,-0.0078,-0.0304,0.6211,-0.0,-0.0001,0.0011,-0.68,-2.36,2.46,100.0,0,0,0
7.5,0.0,-0.2,0.0,-0.0078,-0.0304,0.6211,-0.0,-0.0001,0.0011,-0.68,-2.36,2.46,100.0,0,0,0
7.52,0.0,-0.2,0.0,-0.0078,-0.0304,0.6211,-0.0,-0.0001,0.0011,-0.68,-2.36,2.46,100.0,0,0,0
7.54,0.0,-0.2,0.0,-0.0078,-0.0304,0.6211,-0.0,-0.0001,0.0011,-0.68,-2.36,2.46,100.0,0,0,0
7.56,0.0,-0.2,0.0,-0.0078,-0.0304,0.6211,-0.0,-0.0001,0.0011,-0.68,-2.36,2.46,100.0,0,0,0
7.58,0.0,-0.2,0.0,-0.0078,-0.0304,0.6211,-0.0,-0.0001,0.0011,-0.68,-2.36,2.46,100.0,0,0,0
7.6,0.0,-0.2,0.0,-0.0078,-0.0304,0.6211,-0.0,-0.0001,0.0011,-0.68,-2.36,2.46,100.0,0,0,0
7.62,0.0,-0.2,0.0,-0.0078,-0.0304,0.6211,-0.0,-0.0001,0.0011,-0.68,-2.36,2.46,100.0,0,0,0
7.64,0.0,-0.2,0.0,-0.0078,-0.0304,0.6211,-0.0,-0.0001,0.001,-0.68,-2.36,2.46,100.0,0,0,0
7.66,0.0,-0.2,0.0,-0.0078,-0.0304,0.6211,-0.0,-0.0001,0.001,-0.68,-2.36,2.45,100.0,0,0,0
7.68,0.0,-0.2,0.0,-0.0078,-0.0304,0.6211,-0.0,-0.0001,0.001,-0.68,-2.36,2.45,100.0,0,0,0
7.7,0.0,-0.2,0.0,-0.0078,-0.0304,0.6211,-0.0,-0.0001,0.001,-0.68,-2.36,2.45,100.0,0,0,0
7.72,0.0,-0.2,0.0,-0.0078,-0.0304,0.6211,-0.0,-0.0001,0.001,-0.68,-2.36,2.45,100.0,0,0,0
7.74,0.0,-0.2,0.0,-0.0078,-0.0304,0.6211,-0.0,-0.0001,0.001,-0.68,-2.36,2.45,100.0,0,0,0
7.76,0.0,-0.2,0.0,-0.0078,-0.0304,0.6211,-0.0,-0.0001,0.001,-0.68,-2.36,2.45,100.0,0,0,0
7.78,0.0,-0.2,0.0,-0.0078,-0.0304,0.6211,-0.0,-0.0001,0.001,-0.68,-2.36,2.45,100.0,0,0,0
7.8,0.0,-0.2,0.0,-0.0078,-0.0304,0.6211,-0.0,-0.0001,0.001,-0.68,-2.36,2.45,100.0,0,0,0
7.82,0.0,-0.2,0.0,-0.0078,-0.0304,0.6211,-0.0,-0.0001,0.001,-0.68,-2.36,2.45,100.0,0,0,0
7.84,0.0,-0.2,0.0,-0.0078,-0.0304,0.6211,-0.0,-0.0001,0.001,-0.68,-2.36,2.45,100.0,0,0,0
7.86,0.0,-0.2,0.0,-0.0078,-0.0304,0.6211,-0.0,-0.0001,0.001,-0.68,-2.36,2.45,100.0,0,0,0
7.88,0.0,-0.2,0.0,-0.0078,-0.0304,0.6211,-0.0,-0.0001,0.001,-0.68,-2.36,2.45,100.0,0,0,0
7.9,0.0,-0.2,0.0,-0.0078,-0.0304,0.6211,-0.0,-0.0001,0.001,-0.68,-2.35,2.45,100.0,0,0,0
7.92,0.0,-0.2,0.0,-0.0078,-0.0304,0.6211,-0.0,-0.0001,0.001,-0.68,-2.35,2.45,100.0,0,0,0
7.94,0.0,-0.2,0.0,-0.0078,-0.0304,0.6211,-0.0,-0.0001,0.001,-0.68,-2.35,2.45,100.0,0,0,0
7.96,0.0,-0.2,0.0,-0.0078,-0.0304,0.6211,-0.0,-0.0001,0.001,-0.68,-2.35,2.45,100.0,0,0,0
7.98,0.0,-0.2,0.0,-0.0078,-0.0304,0.6211,-0.0,-0.0001,0.001,-0.68,-2.35,2.45,100.0,0,0,0
8.0,0.0,-0.2,0.0,-0.0078,-0.0304,0.6211,-0.0,-0.0001,0.001,-0.68,-2.35,2.45,100.0,0,0,0
8.02,0.0,-0.2,0.0,-0.0078,-0.0304,0.6211,-0.0,-0.0001,0.001,-0.68,-2.35,2.45,100.0,0,0,0
8.04,0.0,-0.2,0.0,-0.0078,-0.0304,0.6211,-0.0,-0.0001,0.001,-0.68,-2.35,2.45,100.0,0,0,0
8.06,0.0,-0.2,0.0,-0.0078,-0.0304,0.6211,-0.0,-0.0001,0.001,-0.68,-2.35,2.45,100.0,0,0,0
8.08,0.0,-0.2,0.0,-0.0078,-0.0304,0.6211,-0.0,-0.0001,0.001,-0.68,-2.35,2.45,100.0,0,0,0
8.1,0.0,-0.2,0.0,-0.0078,-0.0304,0.6211,-0.0,-0.0001,0.001,-0.68,-2.35,2.45,100.0,0,0,0
8.12,0.0,-0.2,0.0,-0.0078,-0.0304,0.6211,-0.0,-0.0001,0.001,-0.68,-2.35,2.45,100.0,0,0,0
8.14,0.0,-0.2,0.0,-0.0078,-0.0304,0.6211,-0.0,-0.0001,0.001,-0.68,-2.35,2.45,100.0,0,0,0
8.16,0.0,-0.2,0.0,-0.0078,-0.0304,0.6211,-0.0,-0.0001,0.001,-0.68,-2.35,2.45,100.0,0,0,0
8.18,0.0,-0.2,0.0,-0.0078,-0.0304,0.6211,-0.0,-0.0001,0.001,-0.68,-2.35,2.45,100.0,0,0,0
8.2,0.0,-0.2,0.0,-0.0078,-0.0304,0.6211,-0.0,-0.0001,0.001,-0.68,-2.35,2.45,100.0,0,0,0
8.22,0.0,-0.2,0.0,-0.0078,-0.0304,0.6211,-0.0,-0.0001,0.001,-0.68,-2.35,2.45,100.0,0,0,0
8.24,0.0,-0.2,0.0,-0.0078,-0.0304,0.6211,-0.0,-0.0001,0.001,-0.68,-2.35,2.45,100.0,0,0,0
8.26,0.0,-0.2,0.0,-0.0078,-0.0304,0.6211,-0.0,-0.0001,0.001,-0.68,-2.35,2.45,100.0,0,0,0
8.28,0.0,-0.2,0.0,-0.0078,-0.0304,0.6211,-0.0,-0.0001,0.001,-0.68,-2.35,2.45,100.0,0,0,0
8.3,0.0,-0.2,0.0,-0.0078,-0.0304,0.6211,-0.0,-0.0001,0.001,-0.68,-2.35,2.45,100.0,0,0,0
8.32,0.0,-0.2,0.0,-0.0078,-0.0304,0.6211,-0.0,-0.0001,0.001,-0.68,-2.35,2.45,100.0,0,0,0
8.34,0.0,-0.2,0.0,-0.0078,-0.0304,0.6211,-0.0,-0.0001,0.001,-0.68,-2.35,2.45,100.0,0,0,0
8.36,0.0,-0.2,0.0,-0.0078,-0.0304,0.6211,-0.0,-0.0001,0.001,-0.68,-2.35,2.45,100.0,0,0,0
8.38,0.0,-0.2,0.0,-0.0078,-0.0304,0.6211,-0.0,-0.0001,0.001,-0.68,-2.35,2.45,100.0,0,0,0
8.4,0.0,-0.2,0.0,-0.0078,-0.0304,0.6211,-0.0,-0.0001,0.001,-0.68,-2.35,2.45,100.0,0,0,0
8.42,0.0,-0.2,0.0,-0.0078,-0.0304,0.6211,-0.0,-0.0001,0.001,-0.68,-2.35,2.45,100.0,0,0,0
8.44,0.0,-0.2,0.0,-0.0078,-0.0304,0.6211,-0.0,-0.0001,0.001,-0.68,-2.35,2.45,100.0,0,0,0
8.46,0.0,-0.2,0.0,-0.0078,-0.0304,0.6211,-0.0,-0.0001,0.001,-0.68,-2.35,2.45,100.0,0,0,0
8.48,0.0,-0.2,0.0,-0.0078,-0.0304,0.6211,-0.0,-0.0001,0.001,-0.68,-2.35,2.44,100.0,0,0,0
8.5,0.0,-0.2,0.0,-0.0078,-0.0304,0.6211,-0.0,-0.0001,0.001,-0.68,-2.35,2.44,100.0,0,0,0
8.52,0.0,-0.2,0.0,-0.0078,-0.0304,0.6211,-0.0,-0.0001,0.001,-0.68,-2.35,2.44,100.0,0,0,0
8.54,0.0,-0.2,0.0,-0.0078,-0.0304,0.6211,-0.0,-0.0001,0.001,-0.68,-2.35,2.44,100.0,0,0,0
8.56,0.0,-0.2,0.0,-0.0078,-0.0304,0.6211,-0.0,-0.0001,0.001,-0.68,-2.35,2.44,100.0,0,0,0
8.58,0.0,-0.2,0.0,-0.0078,-0.0304,0.6211,-0.0,-0.0001,0.001,-0.68,-2.35,2.44,100.0,0,0,0
8.6,0.0,-0.2,0.0,-0.0078,-0.0304,0.6211,-0.0,-0.0001,0.001,-0.68,-2.35,2.44,100.0,0,0,0
8.62,0.0,-0.2,0.0,-0.0078,-0.0304,0.6211,-0.0,-0.0001,0.001,-0.68,-2.35,2.44,100.0,0,0,0
8.64,0.0,-0.2,0.0,-0.0078,-0.0304,0.6211,-0.0,-0.0001,0.001,-0.68,-2.35,2.44,100.0,0,0,0
8.66,0.0,-0.2,0.0,-0.0078,-0.0304,0.6211,-0.0,-0.0001,0.001,-0.68,-2.35,2.44,100.0,0,0,0
8.68,0.0,-0.2,0.0,-0.0078,-0.0304,0.6211,-0.0,-0.0001,0.0009,-0.68,-2.35,2.44,100.0,0,0,0
8.7,0.0,-0.2,0.0,-0.0078,-0.0304,0.6211,-0.0,-0.0001,0.0009,-0.68,-2.35,2.44,100.0,0,0,0
8.72,0.0,-0.2,0.0,-0.0078,-0.0304,0.6211,-0.0,-0.0001,0.0009,-0.68,-2.35,2.44,100.0,0,0,0
8.74,0.0,-0.2,0.0,-0.0078,-0.0304,0.6211,-0.0,-0.0001,0.0009,-0.68,-2.34,2.44,100.0,0,0,0
8.76,0.0,-0.2,0.0,-0.0078,-0.0304,0.6211,-0.0,-0.0001,0.0009,-0.68,-2.34,2.44,100.0,0,0,0
8.78,0.0,-0.2,0.0,-0.0078,-0.0304,0.6211,-0.0,-0.0001,0.0009,-0.68,-2.34,2.44,100.0,0,0,0
8.8,0.0,-0.2,0.0,-0.0078,-0.0304,0.6211,-0.0,-0.0001,0.0009,-0.68,-2.34,2.44,100.0,0,0,0
8.82,0.0,-0.2,0.0,-0.0078,-0.0304,0.6211,-0.0,-0.0001,0.0009,-0.68,-2.34,2.44,100.0,0,0,0
8.84,0.0,-0.2,0.0,-0.0078,-0.0304,0.6211,-0.0,-0.0001,0.0009,-0.68,-2.34,2.44,100.0,0,0,0
8.86,0.0,-0.2,0.0,-0.0078,-0.0304,0.6211,-0.0,-0.0001,0.0009,-0.68,-2.34,2.44,100.0,0,0,0
8.88,0.0,-0.2,0.0,-0.0078,-0.0304,0.6211,-0.0,-0.0001,0.0009,-0.68,-2.34,2.44,100.0,0,0,0
8.9,0.0,-0.2,0.0,-0.0078,-0.0304,0.6211,-0.0,-0.0001,0.0009,-0.68,-2.34,2.44,100.0,0,0,0
8.92,0.0,-0.2,0.0,-0.0078,-0.0304,0.6211,-0.0,-0.0001,0.0009,-0.68,-2.34,2.44,100.0,0,0,0
8.94,0.0,-0.2,0.0,-0.0078,-0.0304,0.6211,-0.0,-0.0001,0.0009,-0.68,-2.34,2.44,100.0,0,0,0
8.96,0.0,-0.2,0.0,-0.0078,-0.0304,0.6211,-0.0,-0.0001,0.0009,-0.68,-2.34,2.44,100.0,0,0,0
8.98,0.0,-0.2,0.0,-0.0078,-0.0304,0.6211,-0.0,-0.0001,0.0009,-0.68,-2.34,2.44,100.0,0,0,0
9.0,0.0,-0.2,0.0,-0.0078,-0.0305,0.6211,-0.0,-0.0001,0.0009,-0.68,-2.34,2.44,100.0,0,0,0
9.02,0.0,-0.2,0.0,-0.0078,-0.0305,0.6211,-0.0,-0.0001,0.0009,-0.68,-2.34,2.44,100.0,0,0,0
9.04,0.0,-0.2,0.0,-0.0078,-0.0305,0.6211,-0.0,-0.0001,0.0009,-0.68,-2.34,2.44,100.0,0,0,0
9.06,0.0,-0.2,0.0,-0.0078,-0.0305,0.6211,-0.0,-0.0001,0.0009,-0.68,-2.34,2.44,100.0,0,0,0
9.08,0.0,-0.2,0.0,-0.0078,-0.0305,0.6211,-0.0,-0.0001,0.0009,-0.68,-2.34,2.44,100.0,0,0,0
9.1,0.0,-0.2,0.0,-0.0078,-0.0305,0.6211,-0.0,-0.0001,0.0009,-0.68,-2.34,2.44,100.0,0,0,0
9.12,0.0,-0.2,0.0,-0.0078,-0.0305,0.6211,-0.0,-0.0001,0.0009,-0.68,-2.34,2.44,100.0,0,0,0
9.14,0.0,-0.2,0.0,-0.0078,-0.0305,0.6211,-0.0,-0.0001,0.0009,-0.68,-2.34,2.44,100.0,0,0,0
9.16,0.0,-0.2,0.0,-0.0078,-0.0305,0.6211,-0.0,-0.0001,0.0009,-0.68,-2.34,2.44,100.0,0,0,0
9.18,0.0,-0.2,0.0,-0.0078,-0.0305,0.6211,-0.0,-0.0001,0.0009,-0.68,-2.34,2.44,100.0,0,0,0
9.2,0.0,-0.2,0.0,-0.0078,-0.0305,0.6211,-0.0,-0.0001,0.0009,-0.68,-2.34,2.44,100.0,0,0,0
9.22,0.0,-0.2,0.0,-0.0078,-0.0305,0.6211,-0.0,-0.0001,0.0009,-0.68,-2.34,2.44,100.0,0,0,0
9.24,0.0,-0.2,0.0,-0.0078,-0.0305,0.6211,-0.0,-0.0001,0.0009,-0.68,-2.34,2.44,100.0,0,0,0
9.26,0.0,-0.2,0.0,-0.0078,-0.0305,0.6211,-0.0,-0.0001,0.0009,-0.68,-2.34,2.44,100.0,0,0,0
9.28,0.0,-0.2,0.0,-0.0078,-0.0305,0.6211,-0.0,-0.0001,0.0009,-0.68,-2.34,2.44,100.0,0,0,0
9.3,0.0,-0.2,0.0,-0.0078,-0.0305,0.6211,-0.0,-0.0001,0.0009,-0.68,-2.34,2.44,100.0,0,0,0
9.32,0.0,-0.2,0.0,-0.0078,-0.0305,0.6211,-0.0,-0.0001,0.0009,-0.68,-2.34,2.44,100.0,0,0,0
9.34,0.0,-0.2,0.0,-0.0078,-0.0305,0.6211,-0.0,-0.0001,0.0009,-0.68,-2.34,2.44,100.0,0,0,0
9.36,0.0,-0.2,0.0,-0.0078,-0.0305,0.6211,-0.0,-0.0001,0.0009,-0.68,-2.34,2.44,100.0,0,0,0
9.38,0.0,-0.2,0.0,-0.0078,-0.0305,0.6211,-0.0,-0.0001,0.0009,-0.68,-2.34,2.43,100.0,0,0,0
9.4,0.0,-0.2,0.0,-0.0078,-0.0305,0.6211,-0.0,-0.0001,0.0009,-0.68,-2.34,2.43,100.0,0,0,0
9.42,0.0,-0.2,0.0,-0.0078,-0.0305,0.6211,-0.0,-0.0001,0.0009,-0.68,-2.34,2.43,100.0,0,0,0
9.44,0.0,-0.2,0.0,-0.0078,-0.0305,0.6211,-0.0,-0.0001,0.0009,-0.68,-2.34,2.43,100.0,0,0,0
9.46,0.0,-0.2,0.0,-0.0078,-0.0305,0.6211,-0.0,-0.0001,0.0009,-0.68,-2.34,2.43,100.0,0,0,0
9.48,0.0,-0.2,0.0,-0.0078,-0.0305,0.6211,-0.0,-0.0001,0.0009,-0.68,-2.34,2.43,100.0,0,0,0
9.5,0.0,-0.2,0.0,-0.0078,-0.0305,0.6211,-0.0,-0.0001,0.0009,-0.68,-2.34,2.43,100.0,0,0,0
9.52,0.0,-0.2,0.0,-0.0078,-0.0305,0.6211,-0.0,-0.0001,0.0009,-0.68,-2.34,2.43,100.0,0,0,0
9.54,0.0,-0.2,0.0,-0.0078,-0.0305,0.6211,-0.0,-0.0001,0.0009,-0.68,-2.34,2.43,100.0,0,0,0
9.56,0.0,-0.2,0.0,-0.0078,-0.0305,0.6211,-0.0,-0.0001,0.0009,-0.68,-2.34,2.43,100.0,0,0,0
9.58,0.0,-0.2,0.0,-0.0078,-0.0305,0.6211,-0.0,-0.0001,0.0009,-0.68,-2.34,2.43,100.0,0,0,0
9.6,0.0,-0.2,0.0,-0.0078,-0.0305,0.6211,-0.0,-0.0001,0.0009,-0.68,-2.34,2.43,100.0,0,0,0
9.62,0.0,-0.2,0.0,-0.0078,-0.0305,0.6211,-0.0,-0.0001,0.0009,-0.68,-2.34,2.43,100.0,0,0,0
9.64,0.0,-0.2,0.0,-0.0078,-0.0305,0.6211,-0.0,-0.0001,0.0009,-0.68,-2.34,2.43,100.0,0,0,0
9.66,0.0,-0.2,0.0,-0.0078,-0.0305,0.6211,-0.0,-0.0001,0.0009,-0.68,-2.34,2.43,100.0,0,0,0
9.68,0.0,-0.2,0.0,-0.0078,-0.0305,0.6211,-0.0,-0.0001,0.0009,-0.68,-2.33,2.43,100.0,0,0,0
9.7,0.0,-0.2,0.0,-0.0078,-0.0305,0.6211,-0.0,-0.0001,0.0009,-0.68,-2.33,2.43,100.0,0,0,0
9.72,0.0,-0.2,0.0,-0.0078,-0.0305,0.6211,-0.0,-0.0001,0.0009,-0.68,-2.33,2.43,100.0,0,0,0
9.74,0.0,-0.2,0.0,-0.0078,-0.0305,0.6211,-0.0,-0.0001,0.0009,-0.68,-2.33,2.43,100.0,0,0,0
9.76,0.0,-0.2,0.0,-0.0078,-0.0305,0.6211,-0.0,-0.0001,0.0009,-0.68,-2.33,2.43,100.0,0,0,0
9.78,0.0,-0.2,0.0,-0.0078,-0.0305,0.6211,-0.0,-0.0001,0.0009,-0.68,-2.33,2.43,100.0,0,0,0
9.8,0.0,-0.2,0.0,-0.0078,-0.0305,0.6211,-0.0,-0.0001,0.0009,-0.68,-2.33,2.43,100.0,0,0,0
9.82,0.0,-0.2,0.0,-0.0078,-0.0305,0.6211,-0.0,-0.0001,0.0009,-0.68,-2.33,2.43,100.0,0,0,0
9.84,0.0,-0.2,0.0,-0.0078,-0.0305,0.6211,-0.0,-0.0001,0.0009,-0.68,-2.33,2.43,100.0,0,0,0
9.86,0.0,-0.2,0.0,-0.0078,-0.0305,0.6211,-0.0,-0.0001,0.0009,-0.68,-2.33,2.43,100.0,0,0,0
9.88,0.0,-0.2,0.0,-0.0078,-0.0305,0.6211,-0.0,-0.0001,0.0009,-0.68,-2.33,2.43,100.0,0,0,0
9.9,0.0,-0.2,0.0,-0.0078,-0.0305,0.6211,-0.0,-0.0001,0.0009,-0.68,-2.33,2.43,100.0,0,0,0
9.92,0.0,-0.2,0.0,-0.0078,-0.0305,0.6211,-0.0,-0.0001,0.0009,-0.68,-2.33,2.43,100.0,0,0,0
9.94,0.0,-0.2,0.0,-0.0079,-0.0305,0.6211,-0.0,-0.0001,0.0009,-0.68,-2.33,2.43,100.0,0,0,0
9.96,0.0,-0.2,0.0,-0.0079,-0.0305,0.6211,-0.0,-0.0001,0.0008,-0.68,-2.33,2.43,100.0,0,0,0
9.98,0.0,-0.2,0.0,-0.0079,-0.0305,0.6211,-0.0,-0.0001,0.0008,-0.68,-2.33,2.43,100.0,0,0,0
10.0,0.0,-0.2,0.0,-0.0079,-0.0305,0.6211,-0.0,-0.0001,0.0008,-0.68,-2.33,2.43,100.0,0,0,0
10.02,0.0,-0.2,0.0,-0.0079,-0.0305,0.6211,-0.0,-0.0001,0.0008,-0.68,-2.33,2.43,100.0,0,0,0
10.04,0.0,-0.2,0.0,-0.0079,-0.0305,0.6211,-0.0,-0.0001,0.0008,-0.68,-2.33,2.43,100.0,0,0,0
10.06,0.0,-0.2,0.0,-0.0079,-0.0305,0.6211,-0.0,-0.0001,0.0008,-0.68,-2.33,2.43,100.0,0,0,0
10.08,0.0,-0.2,0.0,-0.0079,-0.0305,0.6211,-0.0,-0.0001,0.0008,-0.68,-2.33,2.43,100.0,0,0,0
10.1,0.0,-0.2,0.0,-0.0079,-0.0305,0.6211,-0.0,-0.0001,0.0008,-0.68,-2.33,2.43,100.0,0,0,0
10.12,0.0,-0.2,0.0,-0.0079,-0.0305,0.6211,-0.0,-0.0001,0.0008,-0.68,-2.33,2.43,100.0,0,0,0
10.14,0.0,-0.2,0.0,-0.0079,-0.0305,0.6211,-0.0,-0.0001,0.0008,-0.68,-2.33,2.43,100.0,0,0,0
10.16,0.0,-0.2,0.0,-0.0079,-0.0305,0.6211,-0.0,-0.0001,0.0008,-0.68,-2.33,2.43,100.0,0,0,0
10.18,0.0,-0.2,0.0,-0.0079,-0.0305,0.6211,-0.0,-0.0001,0.0008,-0.68,-2.33,2.43,100.0,0,0,0
10.2,0.0,-0.2,0.0,-0.0079,-0.0305,0.6211,-0.0,-0.0001,0.0008,-0.68,-2.33,2.43,100.0,0,0,0
10.22,0.0,-0.2,0.0,-0.0079,-0.0305,0.6211,-0.0,-0.0001,0.0008,-0.68,-2.33,2.43,100.0,0,0,0
10.24,0.0,-0.2,0.0,-0.0079,-0.0305,0.6211,-0.0,-0.0001,0.0008,-0.68,-2.33,2.43,100.0,0,0,0
10.26,0.0,-0.2,0.0,-0.0079,-0.0305,0.6211,-0.0,-0.0001,0.0008,-0.68,-2.33,2.43,100.0,0,0,0
10.28,0.0,-0.2,0.0,-0.0079,-0.0305,0.6211,-0.0,-0.0001,0.0008,-0.68,-2.33,2.43,100.0,0,0,0
10.3,0.0,-0.2,0.0,-0.0079,-0.0305,0.6211,-0.0,-0.0001,0.0008,-0.68,-2.33,2.43,100.0,0,0,0
10.32,0.0,-0.2,0.0,-0.0079,-0.0305,0.6211,-0.0,-0.0001,0.0008,-0.68,-2.33,2.43,100.0,0,0,0
10.34,0.0,-0.2,0.0,-0.0079,-0.0305,0.6211,-0.0,-0.0001,0.0008,-0.68,-2.33,2.43,100.0,0,0,0
10.36,0.0,-0.2,0.0,-0.0079,-0.0305,0.6211,-0.0,-0.0001,0.0008,-0.68,-2.33,2.43,100.0,0,0,0
10.38,0.0,-0.2,0.0,-0.0079,-0.0305,0.6211,-0.0,-0.0001,0.0008,-0.68,-2.33,2.43,100.0,0,0,0
10.4,0.0,-0.2,0.0,-0.0079,-0.0305,0.6211,-0.0,-0.0001,0.0008,-0.68,-2.33,2.42,100.0,0,0,0
10.42,0.0,-0.2,0.0,-0.0079,-0.0305,0.6211,-0.0,-0.0001,0.0008,-0.68,-2.33,2.42,100.0,0,0,0
10.44,0.0,-0.2,0.0,-0.0079,-0.0305,0.6211,-0.0,-0.0001,0.0008,-0.68,-2.33,2.42,100.0,0,0,0
10.46,0.0,-0.2,0.0,-0.0079,-0.0305,0.6211,-0.0,-0.0001,0.0008,-0.68,-2.33,2.42,100.0,0,0,0
10.48,0.0,-0.2,0.0,-0.0079,-0.0305,0.6211,-0.0,-0.0001,0.0008,-0.68,-2.33,2.42,100.0,0,0,0
10.5,0.0,-0.2,0.0,-0.0079,-0.0305,0.6211,-0.0,-0.0001,0.0008,-0.68,-2.33,2.42,100.0,0,0,0
10.52,0.0,-0.2,0.0,-0.0079,-0.0305,0.6211,-0.0,-0.0001,0.0008,-0.68,-2.33,2.42,100.0,0,0,0
10.54,0.0,-0.2,0.0,-0.0079,-0.0305,0.6211,-0.0,-0.0001,0.0008,-0.68,-2.33,2.42,100.0,0,0,0
10.56,0.0,-0.2,0.0,-0.0079,-0.0305,0.6211,-0.0,-0.0001,0.0008,-0.68,-2.33,2.42,100.0,0,0,0
10.58,0.0,-0.2,0.0,-0.0079,-0.0305,0.6211,-0.0,-0.0001,0.0008,-0.68,-2.33,2.42,100.0,0,0,0
10.6,0.0,-0.2,0.0,-0.0079,-0.0305,0.6211,-0.0,-0.0,0.0008,-0.68,-2.33,2.42,100.0,0,0,0
10.62,0.0,-0.2,0.0,-0.0079,-0.0305,0.6211,-0.0,-0.0,0.0008,-0.68,-2.33,2.42,100.0,0,0,0
10.64,0.0,-0.2,0.0,-0.0079,-0.0305,0.6211,-0.0,-0.0,0.0008,-0.68,-2.33,2.42,100.0,0,0,0
10.66,0.0,-0.2,0.0,-0.0079,-0.0305,0.6211,-0.0,-0.0,0.0008,-0.68,-2.33,2.42,100.0,0,0,0
10.68,0.0,-0.2,0.0,-0.0079,-0.0305,0.6211,-0.0,-0.0,0.0008,-0.68,-2.33,2.42,100.0,0,0,0
10.7,0.0,-0.2,0.0,-0.0079,-0.0305,0.6211,-0.0,-0.0,0.0008,-0.68,-2.33,2.42,100.0,0,0,0
10.72,0.0,-0.2,0.0,-0.0079,-0.0305,0.6211,-0.0,-0.0,0.0008,-0.68,-2.33,2.42,100.0,0,0,0
10.74,0.0,-0.2,0.0,-0.0079,-0.0305,0.6211,-0.0,-0.0,0.0008,-0.68,-2.33,2.42,100.0,0,0,0
10.76,0.0,-0.2,0.0,-0.0079,-0.0305,0.6211,-0.0,-0.0,0.0008,-0.68,-2.33,2.42,100.0,0,0,0
10.78,0.0,-0.2,0.0,-0.0079,-0.0305,0.6211,-0.0,-0.0,0.0008,-0.68,-2.33,2.42,100.0,0,0,0
10.8,0.0,-0.2,0.0,-0.0079,-0.0305,0.6211,-0.0,-0.0,0.0008,-0.68,-2.32,2.42,100.0,0,0,0
10.82,0.0,-0.2,0.0,-0.0079,-0.0305,0.6211,-0.0,-0.0,0.0008,-0.68,-2.32,2.42,100.0,0,0,0
10.84,0.0,-0.2,0.0,-0.0079,-0.0305,0.6211,-0.0,-0.0,0.0008,-0.68,-2.32,2.42,100.0,0,0,0
10.86,0.0,-0.2,0.0,-0.0079,-0.0306,0.6211,-0.0,-0.0,0.0008,-0.68,-2.32,2.42,100.0,0,0,0
10.88,0.0,-0.2,0.0,-0.0079,-0.0306,0.6211,-0.0,-0.0,0.0008,-0.68,-2.32,2.42,100.0,0,0,0
10.9,0.0,-0.2,0.0,-0.0079,-0.0306,0.6211,-0.0,-0.0,0.0008,-0.68,-2.32,2.42,100.0,0,0,0
10.92,0.0,-0.2,0.0,-0.0079,-0.0306,0.6211,-0.0,-0.0,0.0008,-0.68,-2.32,2.42,100.0,0,0,0
10.94,0.0,-0.2,0.0,-0.0079,-0.0306,0.6211,-0.0,-0.0,0.0008,-0.68,-2.32,2.42,100.0,0,0,0
10.96,0.0,-0.2,0.0,-0.0079,-0.0306,0.6211,-0.0,-0.0,0.0008,-0.68,-2.32,2.42,100.0,0,0,0
10.98,0.0,-0.2,0.0,-0.0079,-0.0306,0.6211,-0.0,-0.0,0.0008,-0.68,-2.32,2.42,100.0,0,0,0
11.0,0.0,-0.2,0.0,-0.0079,-0.0306,0.6211,-0.0,-0.0,0.0008,-0.68,-2.32,2.42,100.0,0,0,0
11.02,0.0,-0.2,0.0,-0.0079,-0.0306,0.6211,-0.0,-0.0,0.0008,-0.68,-2.32,2.42,100.0,0,0,0
11.04,0.0,-0.2,0.0,-0.0079,-0.0306,0.6211,-0.0,-0.0,0.0008,-0.68,-2.32,2.42,100.0,0,0,0
11.06,0.0,-0.2,0.0,-0.0079,-0.0306,0.6211,-0.0,-0.0,0.0008,-0.68,-2.32,2.42,100.0,0,0,0
11.08,0.0,-0.2,0.0,-0.0079,-0.0306,0.6211,-0.0,-0.0,0.0008,-0.68,-2.32,2.42,100.0,0,0,0
11.1,0.0,-0.2,0.0,-0.0079,-0.0306,0.6211,-0.0,-0.0,0.0008,-0.68,-2.32,2.42,100.0,0,0,0
11.12,0.0,-0.2,0.0,-0.0079,-0.0306,0.6211,-0.0,-0.0,0.0008,-0.68,-2.32,2.42,100.0,0,0,0
11.14,0.0,-0.2,0.0,-0.0079,-0.0306,0.6211,-0.0,-0.0,0.0008,-0.68,-2.32,2.42,100.0,0,0,0
11.16,0.0,-0.2,0.0,-0.0079,-0.0306,0.6211,-0.0,-0.0,0.0008,-0.68,-2.32,2.42,100.0,0,0,0
11.18,0.0,-0.2,0.0,-0.0079,-0.0306,0.6211,-0.0,-0.0,0.0008,-0.68,-2.32,2.42,100.0,0,0,0
11.2,0.0,-0.2,0.0,-0.0079,-0.0306,0.6211,-0.0,-0.0,0.0008,-0.68,-2.32,2.42,100.0,0,0,0
11.22,0.0,-0.2,0.0,-0.0079,-0.0306,0.6211,-0.0,-0.0,0.0008,-0.68,-2.32,2.42,100.0,0,0,0
11.24,0.0,-0.2,0.0,-0.0079,-0.0306,0.6211,-0.0,-0.0,0.0008,-0.68,-2.32,2.42,100.0,0,0,0
11.26,0.0,-0.2,0.0,-0.0079,-0.0306,0.6211,-0.0,-0.0,0.0008,-0.68,-2.32,2.42,100.0,0,0,0
11.28,0.0,-0.2,0.0,-0.0079,-0.0306,0.6211,-0.0,-0.0,0.0008,-0.68,-2.32,2.42,100.0,0,0,0
11.3,0.0,-0.2,0.0,-0.0079,-0.0306,0.6211,-0.0,-0.0,0.0008,-0.68,-2.32,2.42,100.0,0,0,0
11.32,0.0,-0.2,0.0,-0.0079,-0.0306,0.6211,-0.0,-0.0,0.0008,-0.68,-2.32,2.42,100.0,0,0,0
11.34,0.0,-0.2,0.0,-0.0079,-0.0306,0.6211,-0.0,-0.0,0.0008,-0.68,-2.32,2.42,100.0,0,0,0
11.36,0.0,-0.2,0.0,-0.0079,-0.0306,0.6211,-0.0,-0.0,0.0008,-0.68,-2.32,2.42,100.0,0,0,0
11.38,0.0,-0.2,0.0,-0.0079,-0.0306,0.6211,-0.0,-0.0,0.0007,-0.68,-2.32,2.42,100.0,0,0,0
11.4,0.0,-0.2,0.0,-0.0079,-0.0306,0.6211,-0.0,-0.0,0.0007,-0.68,-2.32,2.42,100.0,0,0,0
11.42,0.0,-0.2,0.0,-0.0079,-0.0306,0.6211,-0.0,-0.0,0.0007,-0.68,-2.32,2.42,100.0,0,0,0
11.44,0.0,-0.2,0.0,-0.0079,-0.0306,0.6211,-0.0,-0.0,0.0007,-0.68,-2.32,2.42,100.0,0,0,0
11.46,0.0,-0.2,0.0,-0.0079,-0.0306,0.6211,-0.0,-0.0,0.0007,-0.68,-2.32,2.42,100.0,0,0,0
11.48,0.0,-0.2,0.0,-0.0079,-0.0306,0.6211,-0.0,-0.0,0.0007,-0.68,-2.32,2.42,100.0,0,0,0
11.5,0.0,-0.2,0.0,-0.0079,-0.0306,0.6211,-0.0,-0.0,0.0007,-0.68,-2.32,2.42,100.0,0,0,0
11.52,0.0,-0.2,0.0,-0.0079,-0.0306,0.6211,-0.0,-0.0,0.0007,-0.68,-2.32,2.42,100.0,0,0,0
11.54,0.0,-0.2,0.0,-0.0079,-0.0306,0.6211,-0.0,-0.0,0.0007,-0.68,-2.32,2.42,100.0,0,0,0
11.56,0.0,-0.2,0.0,-0.0079,-0.0306,0.6211,-0.0,-0.0,0.0007,-0.68,-2.32,2.42,100.0,0,0,0
11.58,0.0,-0.2,0.0,-0.0079,-0.0306,0.6211,-0.0,-0.0,0.0007,-0.68,-2.32,2.42,100.0,0,0,0
11.6,0.0,-0.2,0.0,-0.0079,-0.0306,0.6211,-0.0,-0.0,0.0007,-0.68,-2.32,2.42,100.0,0,0,0
11.62,0.0,-0.2,0.0,-0.0079,-0.0306,0.6211,-0.0,-0.0,0.0007,-0.68,-2.32,2.42,100.0,0,0,0
11.64,0.0,-0.2,0.0,-0.0079,-0.0306,0.6211,-0.0,-0.0,0.0007,-0.68,-2.32,2.42,100.0,0,0,0
11.66,0.0,-0.2,0.0,-0.0079,-0.0306,0.6211,-0.0,-0.0,0.0007,-0.68,-2.32,2.41,100.0,0,0,0
11.68,0.0,-0.2,0.0,-0.0079,-0.0306,0.6211,-0.0,-0.0,0.0007,-0.68,-2.32,2.41,100.0,0,0,0
11.7,0.0,-0.2,0.0,-0.0079,-0.0306,0.6211,-0.0,-0.0,0.0007,-0.68,-2.32,2.41,100.0,0,0,0
11.72,0.0,-0.2,0.0,-0.0079,-0.0306,0.6211,-0.0,-0.0,0.0007,-0.68,-2.32,2.41,100.0,0,0,0
11.74,0.0,-0.2,0.0,-0.0079,-0.0306,0.6211,-0.0,-0.0,0.0007,-0.68,-2.32,2.41,100.0,0,0,0
11.76,0.0,-0.2,0.0,-0.0079,-0.0306,0.6211,-0.0,-0.0,0.0007,-0.68,-2.32,2.41,100.0,0,0,0
11.78,0.0,-0.2,0.0,-0.0079,-0.0306,0.6211,-0.0,-0.0,0.0007,-0.68,-2.32,2.41,100.0,0,0,0
11.8,0.0,-0.2,0.0,-0.0079,-0.0306,0.6211,-0.0,-0.0,0.0007,-0.68,-2.32,2.41,100.0,0,0,0
11.82,0.0,-0.2,0.0,-0.0079,-0.0306,0.6211,-0.0,-0.0,0.0007,-0.68,-2.32,2.41,100.0,0,0,0
11.84,0.0,-0.2,0.0,-0.0079,-0.0306,0.6211,-0.0,-0.0,0.0007,-0.68,-2.32,2.41,100.0,0,0,0
11.86,0.0,-0.2,0.0,-0.0079,-0.0306,0.6211,-0.0,-0.0,0.0007,-0.68,-2.32,2.41,100.0,0,0,0
11.88,0.0,-0.2,0.0,-0.0079,-0.0306,0.6211,-0.0,-0.0,0.0007,-0.68,-2.32,2.41,100.0,0,0,0
11.9,0.0,-0.2,0.0,-0.0079,-0.0306,0.6211,-0.0,-0.0,0.0007,-0.68,-2.32,2.41,100.0,0,0,0
11.92,0.0,-0.2,0.0,-0.0079,-0.0306,0.6211,-0.0,-0.0,0.0007,-0.68,-2.32,2.41,100.0,0,0,0
11.94,0.0,-0.2,0.0,-0.0079,-0.0306,0.6211,-0.0,-0.0,0.0007,-0.68,-2.32,2.41,100.0,0,0,0
11.96,0.0,-0.2,0.0,-0.0079,-0.0306,0.6211,-0.0,-0.0,0.0007,-0.68,-2.32,2.41,100.0,0,0,0
11.98,0.0,-0.2,0.0,-0.0079,-0.0306,0.6211,-0.0,-0.0,0.0007,-0.68,-2.32,2.41,100.0,0,0,0
12.0,0.0,-0.2,0.0,-0.0079,-0.0306,0.6211,-0.0,-0.0,0.0007,-0.68,-2.32,2.41,100.0,0,0,0
12.02,0.0,-0.2,0.0,-0.0079,-0.0306,0.6211,-0.0,-0.0,0.0007,-0.68,-2.32,2.41,100.0,0,0,0
12.04,0.0,-0.2,0.0,-0.0079,-0.0306,0.6211,-0.0,-0.0,0.0007,-0.68,-2.32,2.41,100.0,0,0,0
12.06,0.0,-0.2,0.0,-0.0079,-0.0306,0.6211,-0.0,-0.0,0.0007,-0.68,-2.32,2.41,100.0,0,0,0
12.08,0.0,-0.2,0.0,-0.0079,-0.0306,0.6211,-0.0,-0.0,0.0007,-0.68,-2.32,2.41,100.0,0,0,0
12.1,0.0,-0.2,0.0,-0.0079,-0.0306,0.6211,-0.0,-0.0,0.0007,-0.68,-2.32,2.41,100.0,0,0,0
12.12,0.0,-0.2,0.0,-0.0079,-0.0306,0.6211,-0.0,-0.0,0.0007,-0.68,-2.32,2.41,100.0,0,0,0
12.14,0.0,-0.2,0.0,-0.0079,-0.0306,0.6211,-0.0,-0.0,0.0007,-0.68,-2.32,2.41,100.0,0,0,0
12.16,0.0,-0.2,0.0,-0.0079,-0.0306,0.6211,-0.0,-0.0,0.0007,-0.68,-2.31,2.41,100.0,0,0,0
12.18,0.0,-0.2,0.0,-0.0079,-0.0306,0.6211,-0.0,-0.0,0.0007,-0.68,-2.31,2.41,100.0,0,0,0
12.2,0.0,-0.2,0.0,-0.0079,-0.0306,0.6211,-0.0,-0.0,0.0007,-0.68,-2.31,2.41,100.0,0,0,0
12.22,0.0,-0.2,0.0,-0.0079,-0.0306,0.6211,-0.0,-0.0,0.0007,-0.68,-2.31,2.41,100.0,0,0,0
12.24,0.0,-0.2,0.0,-0.0079,-0.0306,0.6211,-0.0,-0.0,0.0007,-0.68,-2.31,2.41,100.0,0,0,0
12.26,0.0,-0.2,0.0,-0.0079,-0.0306,0.6211,-0.0,-0.0,0.0007,-0.68,-2.31,2.41,100.0,0,0,0
12.28,0.0,-0.2,0.0,-0.0079,-0.0306,0.6211,-0.0,-0.0,0.0007,-0.68,-2.31,2.41,100.0,0,0,0
12.3,0.0,-0.2,0.0,-0.0079,-0.0306,0.6211,-0.0,-0.0,0.0007,-0.68,-2.31,2.41,100.0,0,0,0
12.32,0.0,-0.2,0.0,-0.0079,-0.0306,0.6211,-0.0,-0.0,0.0007,-0.68,-2.31,2.41,100.0,0,0,0
12.34,0.0,-0.2,0.0,-0.0079,-0.0306,0.6211,-0.0,-0.0,0.0007,-0.68,-2.31,2.41,100.0,0,0,0
12.36,0.0,-0.2,0.0,-0.0079,-0.0306,0.6211,-0.0,-0.0,0.0007,-0.68,-2.31,2.41,100.0,0,0,0
12.38,0.0,-0.2,0.0,-0.0079,-0.0306,0.6211,-0.0,-0.0,0.0007,-0.68,-2.31,2.41,100.0,0,0,0
12.4,0.0,-0.2,0.0,-0.0079,-0.0306,0.6211,-0.0,-0.0,0.0007,-0.67,-2.31,2.41,100.0,0,0,0
12.42,0.0,-0.2,0.0,-0.0079,-0.0306,0.6211,-0.0,-0.0,0.0007,-0.67,-2.31,2.41,100.0,0,0,0
12.44,0.0,-0.2,0.0,-0.0079,-0.0306,0.6211,-0.0,-0.0,0.0007,-0.67,-2.31,2.41,100.0,0,0,0
12.46,0.0,-0.2,0.0,-0.0079,-0.0306,0.6211,-0.0,-0.0,0.0007,-0.67,-2.31,2.41,100.0,0,0,0
12.48,0.0,-0.2,0.0,-0.0079,-0.0306,0.6211,-0.0,-0.0,0.0007,-0.67,-2.31,2.41,100.0,0,0,0
12.5,0.0,-0.2,0.0,-0.0079,-0.0306,0.6211,-0.0,-0.0,0.0007,-0.67,-2.31,2.41,100.0,0,0,0
12.52,0.0,-0.2,0.0,-0.0079,-0.0306,0.6211,-0.0,-0.0,0.0007,-0.67,-2.31,2.41,100.0,0,0,0
12.54,0.0,-0.2,0.0,-0.0079,-0.0306,0.6211,-0.0,-0.0,0.0007,-0.67,-2.31,2.41,100.0,0,0,0
12.56,0.0,-0.2,0.0,-0.0079,-0.0306,0.6211,-0.0,-0.0,0.0007,-0.67,-2.31,2.41,100.0,0,0,0
12.58,0.0,-0.2,0.0,-0.0079,-0.0306,0.6211,-0.0,-0.0,0.0007,-0.67,-2.31,2.41,100.0,0,0,0
12.6,0.0,-0.2,0.0,-0.0079,-0.0306,0.6211,-0.0,-0.0,0.0007,-0.67,-2.31,2.41,100.0,0,0,0
12.62,0.0,-0.2,0.0,-0.0079,-0.0306,0.6211,-0.0,-0.0,0.0007,-0.67,-2.31,2.41,100.0,0,0,0
12.64,0.0,-0.2,0.0,-0.0079,-0.0306,0.6211,-0.0,-0.0,0.0007,-0.67,-2.31,2.41,100.0,0,0,0
12.66,0.0,-0.2,0.0,-0.0079,-0.0306,0.6211,-0.0,-0.0,0.0007,-0.67,-2.31,2.41,100.0,0,0,0
12.68,0.0,-0.2,0.0,-0.0079,-0.0306,0.6211,-0.0,-0.0,0.0007,-0.67,-2.31,2.41,100.0,0,0,0
12.7,0.0,-0.2,0.0,-0.0079,-0.0306,0.6211,-0.0,-0.0,0.0007,-0.67,-2.31,2.41,100.0,0,0,0
12.72,0.0,-0.2,0.0,-0.0079,-0.0306,0.6211,-0.0,-0.0,0.0007,-0.67,-2.31,2.41,100.0,0,0,0
12.74,0.0,-0.2,0.0,-0.0079,-0.0306,0.6211,-0.0,-0.0,0.0007,-0.67,-2.31,2.41,100.0,0,0,0
12.76,0.0,-0.2,0.0,-0.0079,-0.0306,0.6211,-0.0,-0.0,0.0007,-0.67,-2.31,2.41,100.0,0,0,0
12.78,0.0,-0.2,0.0,-0.0079,-0.0306,0.6211,-0.0,-0.0,0.0007,-0.67,-2.31,2.41,100.0,0,0,0
12.8,0.0,-0.2,0.0,-0.0079,-0.0306,0.6211,-0.0,-0.0,0.0007,-0.67,-2.31,2.41,100.0,0,0,0
12.82,0.0,-0.2,0.0,-0.0079,-0.0306,0.6211,-0.0,-0.0,0.0007,-0.67,-2.31,2.41,100.0,0,0,0
12.84,0.0,-0.2,0.0,-0.0079,-0.0306,0.6211,-0.0,-0.0,0.0007,-0.67,-2.31,2.41,100.0,0,0,0
12.86,0.0,-0.2,0.0,-0.0079,-0.0306,0.6211,-0.0,-0.0,0.0007,-0.67,-2.31,2.41,100.0,0,0,0
12.88,0.0,-0.2,0.0,-0.0079,-0.0306,0.6211,-0.0,-0.0,0.0007,-0.67,-2.31,2.41,100.0,0,0,0
12.9,0.0,-0.2,0.0,-0.0079,-0.0306,0.6211,-0.0,-0.0,0.0007,-0.67,-2.31,2.41,100.0,0,0,0
12.92,0.0,-0.2,0.0,-0.0079,-0.0306,0.6211,-0.0,-0.0,0.0007,-0.67,-2.31,2.41,100.0,0,0,0
12.94,0.0,-0.2,0.0,-0.0079,-0.0306,0.6211,-0.0,-0.0,0.0007,-0.67,-2.31,2.41,100.0,0,0,0
12.96,0.0,-0.2,0.0,-0.0079,-0.0306,0.6211,-0.0,-0.0,0.0007,-0.67,-2.31,2.41,100.0,0,0,0
12.98,0.0,-0.2,0.0,-0.0079,-0.0306,0.6211,-0.0,-0.0,0.0007,-0.67,-2.31,2.41,100.0,0,0,0
13.0,0.0,-0.2,0.0,-0.0079,-0.0306,0.6211,-0.0,-0.0,0.0007,-0.67,-2.31,2.41,100.0,0,0,0
13.02,0.0,-0.2,0.0,-0.0079,-0.0306,0.6211,-0.0,-0.0,0.0007,-0.67,-2.31,2.41,100.0,0,0,0
13.04,0.0,-0.2,0.0,-0.0079,-0.0306,0.6211,-0.0,-0.0,0.0007,-0.67,-2.31,2.41,100.0,0,0,0
13.06,0.0,-0.2,0.0,-0.0079,-0.0306,0.6211,-0.0,-0.0,0.0007,-0.67,-2.31,2.41,100.0,0,0,0
13.08,0.0,-0.2,0.0,-0.0079,-0.0306,0.6211,-0.0,-0.0,0.0007,-0.67,-2.31,2.41,100.0,0,0,0
13.1,0.0,-0.2,0.0,-0.0079,-0.0307,0.6211,-0.0,-0.0,0.0006,-0.67,-2.31,2.41,100.0,0,0,0
13.12,0.0,-0.2,0.0,-0.0079,-0.0307,0.6211,-0.0,-0.0,0.0006,-0.67,-2.31,2.41,100.0,0,0,0
13.14,0.0,-0.2,0.0,-0.0079,-0.0307,0.6211,-0.0,-0.0,0.0006,-0.67,-2.31,2.41,100.0,0,0,0
13.16,0.0,-0.2,0.0,-0.0079,-0.0307,0.6211,-0.0,-0.0,0.0006,-0.67,-2.31,2.4,100.0,0,0,0
13.18,0.0,-0.2,0.0,-0.0079,-0.0307,0.6211,-0.0,-0.0,0.0006,-0.67,-2.31,2.4,100.0,0,0,0
13.2,0.0,-0.2,0.0,-0.0079,-0.0307,0.6211,-0.0,-0.0,0.0006,-0.67,-2.31,2.4,100.0,0,0,0
13.22,0.0,-0.2,0.0,-0.0079,-0.0307,0.6211,-0.0,-0.0,0.0006,-0.67,-2.31,2.4,100.0,0,0,0
13.24,0.0,-0.2,0.0,-0.0079,-0.0307,0.6211,-0.0,-0.0,0.0006,-0.67,-2.31,2.4,100.0,0,0,0
13.26,0.0,-0.2,0.0,-0.0079,-0.0307,0.6211,-0.0,-0.0,0.0006,-0.67,-2.31,2.4,100.0,0,0,0
13.28,0.0,-0.2,0.0,-0.0079,-0.0307,0.6211,-0.0,-0.0,0.0006,-0.67,-2.31,2.4,100.0,0,0,0
13.3,0.0,-0.2,0.0,-0.0079,-0.0307,0.6211,-0.0,-0.0,0.0006,-0.67,-2.31,2.4,100.0,0,0,0
13.32,0.0,-0.2,0.0,-0.0079,-0.0307,0.6211,-0.0,-0.0,0.0006,-0.67,-2.31,2.4,100.0,0,0,0
13.34,0.0,-0.2,0.0,-0.0079,-0.0307,0.6211,-0.0,-0.0,0.0006,-0.67,-2.31,2.4,100.0,0,0,0
13.36,0.0,-0.2,0.0,-0.0079,-0.0307,0.6211,-0.0,-0.0,0.0006,-0.67,-2.31,2.4,100.0,0,0,0
13.38,0.0,-0.2,0.0,-0.0079,-0.0307,0.6211,-0.0,-0.0,0.0006,-0.67,-2.31,2.4,100.0,0,0,0
13.4,0.0,-0.2,0.0,-0.0079,-0.0307,0.6211,-0.0,-0.0,0.0006,-0.67,-2.31,2.4,100.0,0,0,0
13.42,0.0,-0.2,0.0,-0.0079,-0.0307,0.6211,-0.0,-0.0,0.0006,-0.67,-2.31,2.4,100.0,0,0,0
13.44,0.0,-0.2,0.0,-0.0079,-0.0307,0.6211,-0.0,-0.0,0.0006,-0.67,-2.31,2.4,100.0,0,0,0
13.46,0.0,-0.2,0.0,-0.0079,-0.0307,0.6211,-0.0,-0.0,0.0006,-0.67,-2.31,2.4,100.0,0,0,0
13.48,0.0,-0.2,0.0,-0.0079,-0.0307,0.6211,-0.0,-0.0,0.0006,-0.67,-2.31,2.4,100.0,0,0,0
13.5,0.0,-0.2,0.0,-0.0079,-0.0307,0.6211,-0.0,-0.0,0.0006,-0.67,-2.31,2.4,100.0,0,0,0
13.52,0.0,-0.2,0.0,-0.0079,-0.0307,0.6211,-0.0,-0.0,0.0006,-0.67,-2.31,2.4,100.0,0,0,0
13.54,0.0,-0.2,0.0,-0.0079,-0.0307,0.6211,-0.0,-0.0,0.0006,-0.67,-2.31,2.4,100.0,0,0,0
13.56,0.0,-0.2,0.0,-0.0079,-0.0307,0.6211,-0.0,-0.0,0.0006,-0.67,-2.31,2.4,100.0,0,0,0
13.58,0.0,-0.2,0.0,-0.0079,-0.0307,0.6211,-0.0,-0.0,0.0006,-0.67,-2.31,2.4,100.0,0,0,0
13.6,0.0,-0.2,0.0,-0.0079,-0.0307,0.6211,-0.0,-0.0,0.0006,-0.67,-2.31,2.4,100.0,0,0,0
13.62,0.0,-0.2,0.0,-0.0079,-0.0307,0.6211,-0.0,-0.0,0.0006,-0.67,-2.31,2.4,100.0,0,0,0
13.64,0.0,-0.2,0.0,-0.0079,-0.0307,0.6211,-0.0,-0.0,0.0006,-0.67,-2.31,2.4,100.0,0,0,0
13.66,0.0,-0.2,0.0,-0.0079,-0.0307,0.6211,-0.0,-0.0,0.0006,-0.67,-2.31,2.4,100.0,0,0,0
13.68,0.0,-0.2,0.0,-0.0079,-0.0307,0.6211,-0.0,-0.0,0.0006,-0.67,-2.31,2.4,100.0,0,0,0
13.7,0.0,-0.2,0.0,-0.0079,-0.0307,0.6211,-0.0,-0.0,0.0006,-0.67,-2.31,2.4,100.0,0,0,0
13.72,0.0,-0.2,0.0,-0.0079,-0.0307,0.6211,-0.0,-0.0,0.0006,-0.67,-2.31,2.4,100.0,0,0,0
13.74,0.0,-0.2,0.0,-0.0079,-0.0307,0.6211,-0.0,-0.0,0.0006,-0.67,-2.31,2.4,100.0,0,0,0
13.76,0.0,-0.2,0.0,-0.0079,-0.0307,0.6211,-0.0,-0.0,0.0006,-0.67,-2.31,2.4,100.0,0,0,0
13.78,0.0,-0.2,0.0,-0.0079,-0.0307,0.6211,-0.0,-0.0,0.0006,-0.67,-2.31,2.4,100.0,0,0,0
13.8,0.0,-0.2,0.0,-0.0079,-0.0307,0.6211,-0.0,-0.0,0.0006,-0.67,-2.3,2.4,100.0,0,0,0
13.82,0.0,-0.2,0.0,-0.0079,-0.0307,0.6211,-0.0,-0.0,0.0006,-0.67,-2.3,2.4,100.0,0,0,0
13.84,0.0,-0.2,0.0,-0.0079,-0.0307,0.6211,-0.0,-0.0,0.0006,-0.67,-2.3,2.4,100.0,0,0,0
13.86,0.0,-0.2,0.0,-0.0079,-0.0307,0.6211,-0.0,-0.0,0.0006,-0.67,-2.3,2.4,100.0,0,0,0
13.88,0.0,-0.2,0.0,-0.0079,-0.0307,0.6211,-0.0,-0.0,0.0006,-0.67,-2.3,2.4,100.0,0,0,0
13.9,0.0,-0.2,0.0,-0.0079,-0.0307,0.6211,-0.0,-0.0,0.0006,-0.67,-2.3,2.4,100.0,0,0,0
13.92,0.0,-0.2,0.0,-0.0079,-0.0307,0.6211,-0.0,-0.0,0.0006,-0.67,-2.3,2.4,100.0,0,0,0
13.94,0.0,-0.2,0.0,-0.0079,-0.0307,0.6211,-0.0,-0.0,0.0006,-0.67,-2.3,2.4,100.0,0,0,0
13.96,0.0,-0.2,0.0,-0.0079,-0.0307,0.6211,-0.0,-0.0,0.0006,-0.67,-2.3,2.4,100.0,0,0,0
13.98,0.0,-0.2,0.0,-0.0079,-0.0307,0.6211,-0.0,-0.0,0.0006,-0.67,-2.3,2.4,100.0,0,0,0
14.0,0.0,-0.2,0.0,-0.0079,-0.0307,0.6211,-0.0,-0.0,0.0006,-0.67,-2.3,2.4,100.0,0,0,0
14.02,0.0,-0.2,0.0,-0.0079,-0.0307,0.6211,-0.0,-0.0,0.0006,-0.67,-2.3,2.4,100.0,0,0,0
14.04,0.0,-0.2,0.0,-0.0079,-0.0307,0.6211,-0.0,-0.0,0.0006,-0.67,-2.3,2.4,100.0,0,0,0
14.06,0.0,-0.2,0.0,-0.0079,-0.0307,0.6211,-0.0,-0.0,0.0006,-0.67,-2.3,2.4,100.0,0,0,0
14.08,0.0,-0.2,0.0,-0.0079,-0.0307,0.6211,-0.0,-0.0,0.0006,-0.67,-2.3,2.4,100.0,0,0,0
14.1,0.0,-0.2,0.0,-0.0079,-0.0307,0.6211,-0.0,-0.0,0.0006,-0.67,-2.3,2.4,100.0,0,0,0
14.12,0.0,-0.2,0.0,-0.0079,-0.0307,0.6211,-0.0,-0.0,0.0006,-0.67,-2.3,2.4,100.0,0,0,0
14.14,0.0,-0.2,0.0,-0.0079,-0.0307,0.6211,-0.0,-0.0,0.0006,-0.67,-2.3,2.4,100.0,0,0,0
14.16,0.0,-0.2,0.0,-0.0079,-0.0307,0.6211,-0.0,-0.0,0.0006,-0.67,-2.3,2.4,100.0,0,0,0
14.18,0.0,-0.2,0.0,-0.0079,-0.0307,0.6211,-0.0,-0.0,0.0006,-0.67,-2.3,2.4,100.0,0,0,0
14.2,0.0,-0.2,0.0,-0.0079,-0.0307,0.6211,-0.0,-0.0,0.0006,-0.67,-2.3,2.4,100.0,0,0,0
14.22,0.0,-0.2,0.0,-0.0079,-0.0307,0.6211,-0.0,-0.0,0.0006,-0.67,-2.3,2.4,100.0,0,0,0
14.24,0.0,-0.2,0.0,-0.0079,-0.0307,0.6211,-0.0,-0.0,0.0006,-0.67,-2.3,2.4,100.0,0,0,0
14.26,0.0,-0.2,0.0,-0.0079,-0.0307,0.6211,-0.0,-0.0,0.0006,-0.67,-2.3,2.4,100.0,0,0,0
14.28,0.0,-0.2,0.0,-0.0079,-0.0307,0.6211,-0.0,-0.0,0.0006,-0.67,-2.3,2.4,100.0,0,0,0
14.3,0.0,-0.2,0.0,-0.0079,-0.0307,0.6211,-0.0,-0.0,0.0006,-0.67,-2.3,2.4,100.0,0,0,0
14.32,0.0,-0.2,0.0,-0.0079,-0.0307,0.6211,-0.0,-0.0,0.0006,-0.67,-2.3,2.4,100.0,0,0,0
14.34,0.0,-0.2,0.0,-0.0079,-0.0307,0.6211,-0.0,-0.0,0.0006,-0.67,-2.3,2.4,100.0,0,0,0
14.36,0.0,-0.2,0.0,-0.0079,-0.0307,0.6211,-0.0,-0.0,0.0006,-0.67,-2.3,2.4,100.0,0,0,0
14.38,0.0,-0.2,0.0,-0.0079,-0.0307,0.6211,-0.0,-0.0,0.0006,-0.67,-2.3,2.4,100.0,0,0,0
14.4,0.0,-0.2,0.0,-0.0079,-0.0307,0.6211,-0.0,-0.0,0.0006,-0.67,-2.3,2.4,100.0,0,0,0
14.42,0.0,-0.2,0.0,-0.0079,-0.0307,0.6211,-0.0,-0.0,0.0006,-0.67,-2.3,2.4,100.0,0,0,0
14.44,0.0,-0.2,0.0,-0.0079,-0.0307,0.6211,-0.0,-0.0,0.0006,-0.67,-2.3,2.4,100.0,0,0,0
14.46,0.0,-0.2,0.0,-0.0079,-0.0307,0.6211,-0.0,-0.0,0.0006,-0.67,-2.3,2.4,100.0,0,0,0
14.48,0.0,-0.2,0.0,-0.0079,-0.0307,0.6211,-0.0,-0.0,0.0006,-0.67,-2.3,2.4,100.0,0,0,0
14.5,0.0,-0.2,0.0,-0.0079,-0.0307,0.6211,-0.0,-0.0,0.0006,-0.67,-2.3,2.4,100.0,0,0,0
14.52,0.0,-0.2,0.0,-0.0079,-0.0307,0.6211,-0.0,-0.0,0.0006,-0.67,-2.3,2.4,100.0,0,0,0
14.54,0.0,-0.2,0.0,-0.0079,-0.0307,0.6211,-0.0,-0.0,0.0006,-0.67,-2.3,2.4,100.0,0,0,0
14.56,0.0,-0.2,0.0,-0.0079,-0.0307,0.6211,-0.0,-0.0,0.0006,-0.67,-2.3,2.4,100.0,0,0,0
14.58,0.0,-0.2,0.0,-0.0079,-0.0307,0.6211,-0.0,-0.0,0.0006,-0.67,-2.3,2.4,100.0,0,0,0
14.6,0.0,-0.2,0.0,-0.0079,-0.0307,0.6211,-0.0,-0.0,0.0006,-0.67,-2.3,2.4,100.0,0,0,0
14.62,0.0,-0.2,0.0,-0.0079,-0.0307,0.6211,-0.0,-0.0,0.0006,-0.67,-2.3,2.4,100.0,0,0,0
14.64,0.0,-0.2,0.0,-0.0079,-0.0307,0.6211,-0.0,-0.0,0.0006,-0.67,-2.3,2.4,100.0,0,0,0
14.66,0.0,-0.2,0.0,-0.0079,-0.0307,0.6211,-0.0,-0.0,0.0006,-0.67,-2.3,2.4,100.0,0,0,0
14.68,0.0,-0.2,0.0,-0.0079,-0.0307,0.6211,-0.0,-0.0,0.0006,-0.67,-2.3,2.4,100.0,0,0,0
14.7,0.0,-0.2,0.0,-0.0079,-0.0307,0.6211,-0.0,-0.0,0.0006,-0.67,-2.3,2.4,100.0,0,0,0
14.72,0.0,-0.2,0.0,-0.0079,-0.0307,0.6211,-0.0,-0.0,0.0006,-0.67,-2.3,2.4,100.0,0,0,0
14.74,0.0,-0.2,0.0,-0.0079,-0.0307,0.6211,-0.0,-0.0,0.0006,-0.67,-2.3,2.4,100.0,0,0,0
14.76,0.0,-0.2,0.0,-0.0079,-0.0307,0.6211,-0.0,-0.0,0.0006,-0.67,-2.3,2.4,100.0,0,0,0
14.78,0.0,-0.2,0.0,-0.0079,-0.0307,0.6211,-0.0,-0.0,0.0006,-0.67,-2.3,2.4,100.0,0,0,0
14.8,0.0,-0.2,0.0,-0.0079,-0.0307,0.6211,-0.0,-0.0,0.0006,-0.67,-2.3,2.4,100.0,0,0,0
14.82,0.0,-0.2,0.0,-0.0079,-0.0307,0.6211,-0.0,-0.0,0.0006,-0.67,-2.3,2.4,100.0,0,0,0
14.84,0.0,-0.2,0.0,-0.0079,-0.0307,0.6211,-0.0,-0.0,0.0006,-0.67,-2.3,2.4,100.0,0,0,0
14.86,0.0,-0.2,0.0,-0.0079,-0.0307,0.6211,-0.0,-0.0,0.0006,-0.67,-2.3,2.4,100.0,0,0,0
14.88,0.0,-0.2,0.0,-0.0079,-0.0307,0.6211,-0.0,-0.0,0.0006,-0.67,-2.3,2.4,100.0,0,0,0
14.9,0.0,-0.2,0.0,-0.0079,-0.0307,0.6211,-0.0,-0.0,0.0006,-0.67,-2.3,2.4,100.0,0,0,0
14.92,0.0,-0.2,0.0,-0.0079,-0.0307,0.6211,-0.0,-0.0,0.0006,-0.67,-2.3,2.4,100.0,0,0,0
14.94,0.0,-0.2,0.0,-0.0079,-0.0307,0.6211,-0.0,-0.0,0.0006,-0.67,-2.3,2.4,100.0,0,0,0
14.96,0.0,-0.2,0.0,-0.0079,-0.0307,0.6211,-0.0,-0.0,0.0006,-0.67,-2.3,2.4,100.0,0,0,0
14.98,0.0,-0.2,0.0,-0.0079,-0.0307,0.6211,-0.0,-0.0,0.0006,-0.67,-2.3,2.4,100.0,0,0,0
15.0,0.0,-0.2,0.0,-0.0079,-0.0307,0.6211,-0.0,-0.0,0.0006,-0.67,-2.3,2.4,100.0,0,0,0
15.02,0.0,-0.2,0.0,-0.0079,-0.0307,0.6211,-0.0,-0.0,0.0006,-0.67,-2.3,2.4,100.0,0,0,0
15.04,0.0,-0.2,0.0,-0.0079,-0.0307,0.6211,-0.0,-0.0,0.0006,-0.67,-2.3,2.39,100.0,0,0,0
15.06,0.0,-0.2,0.0,-0.0079,-0.0307,0.6211,-0.0,-0.0,0.0006,-0.67,-2.3,2.39,100.0,0,0,0
15.08,0.0,-0.2,0.0,-0.0079,-0.0307,0.6211,-0.0,-0.0,0.0006,-0.67,-2.3,2.39,100.0,0,0,0
15.1,0.0,-0.2,0.0,-0.0079,-0.0307,0.6211,-0.0,-0.0,0.0006,-0.67,-2.3,2.39,100.0,0,0,0
15.12,0.0,-0.2,0.0,-0.0079,-0.0307,0.6211,-0.0,-0.0,0.0006,-0.67,-2.3,2.39,100.0,0,0,0
15.14,0.0,-0.2,0.0,-0.0079,-0.0307,0.6211,-0.0,-0.0,0.0005,-0.67,-2.3,2.39,100.0,0,0,0
15.16,0.0,-0.2,0.0,-0.0079,-0.0307,0.6211,-0.0,-0.0,0.0005,-0.67,-2.3,2.39,100.0,0,0,0
15.18,0.0,-0.2,0.0,-0.0079,-0.0307,0.6211,-0.0,-0.0,0.0005,-0.67,-2.3,2.39,100.0,0,0,0
15.2,0.0,-0.2,0.0,-0.0079,-0.0307,0.6211,-0.0,-0.0,0.0005,-0.67,-2.3,2.39,100.0,0,0,0
15.22,0.0,-0.2,0.0,-0.0079,-0.0307,0.6211,-0.0,-0.0,0.0005,-0.67,-2.3,2.39,100.0,0,0,0
15.24,0.0,-0.2,0.0,-0.0079,-0.0307,0.6211,-0.0,-0.0,0.0005,-0.67,-2.3,2.39,100.0,0,0,0
15.26,0.0,-0.2,0.0,-0.0079,-0.0307,0.6211,-0.0,-0.0,0.0005,-0.67,-2.3,2.39,100.0,0,0,0
15.28,0.0,-0.2,0.0,-0.0079,-0.0307,0.6211,-0.0,-0.0,0.0005,-0.67,-2.3,2.39,100.0,0,0,0
15.3,0.0,-0.2,0.0,-0.0079,-0.0307,0.6211,-0.0,-0.0,0.0005,-0.67,-2.3,2.39,100.0,0,0,0
15.32,0.0,-0.2,0.0,-0.0079,-0.0307,0.6211,-0.0,-0.0,0.0005,-0.67,-2.3,2.39,100.0,0,0,0
15.34,0.0,-0.2,0.0,-0.0079,-0.0307,0.6211,-0.0,-0.0,0.0005,-0.67,-2.3,2.39,100.0,0,0,0
15.36,0.0,-0.2,0.0,-0.0079,-0.0307,0.6211,-0.0,-0.0,0.0005,-0.67,-2.3,2.39,100.0,0,0,0
15.38,0.0,-0.2,0.0,-0.0079,-0.0307,0.6211,-0.0,-0.0,0.0005,-0.67,-2.3,2.39,100.0,0,0,0
15.4,0.0,-0.2,0.0,-0.0079,-0.0307,0.6211,-0.0,-0.0,0.0005,-0.67,-2.3,2.39,100.0,0,0,0
15.42,0.0,-0.2,0.0,-0.0079,-0.0307,0.6211,-0.0,-0.0,0.0005,-0.67,-2.3,2.39,100.0,0,0,0
15.44,0.0,-0.2,0.0,-0.0079,-0.0307,0.6211,-0.0,-0.0,0.0005,-0.67,-2.3,2.39,100.0,0,0,0
15.46,0.0,-0.2,0.0,-0.0079,-0.0307,0.6211,-0.0,-0.0,0.0005,-0.67,-2.3,2.39,100.0,0,0,0
15.48,0.0,-0.2,0.0,-0.0079,-0.0307,0.6211,-0.0,-0.0,0.0005,-0.67,-2.3,2.39,100.0,0,0,0
15.5,0.0,-0.2,0.0,-0.0079,-0.0307,0.6211,-0.0,-0.0,0.0005,-0.67,-2.3,2.39,100.0,0,0,0
15.52,0.0,-0.2,0.0,-0.0079,-0.0307,0.6211,-0.0,-0.0,0.0005,-0.67,-2.3,2.39,100.0,0,0,0
15.54,0.0,-0.2,0.0,-0.0079,-0.0307,0.6211,-0.0,-0.0,0.0005,-0.67,-2.3,2.39,100.0,0,0,0
15.56,0.0,-0.2,0.0,-0.0079,-0.0307,0.6211,-0.0,-0.0,0.0005,-0.67,-2.3,2.39,100.0,0,0,0
15.58,0.0,-0.2,0.0,-0.0079,-0.0307,0.6211,-0.0,-0.0,0.0005,-0.67,-2.3,2.39,100.0,0,0,0
15.6,0.0,-0.2,0.0,-0.0079,-0.0307,0.6211,-0.0,-0.0,0.0005,-0.67,-2.3,2.39,100.0,0,0,0
15.62,0.0,-0.2,0.0,-0.0079,-0.0307,0.6211,-0.0,-0.0,0.0005,-0.67,-2.3,2.39,100.0,0,0,0
15.64,0.0,-0.2,0.0,-0.0079,-0.0307,0.6211,-0.0,-0.0,0.0005,-0.67,-2.3,2.39,100.0,0,0,0
15.66,0.0,-0.2,0.0,-0.0079,-0.0307,0.6211,-0.0,-0.0,0.0005,-0.67,-2.3,2.39,100.0,0,0,0
15.68,0.0,-0.2,0.0,-0.0079,-0.0307,0.6211,-0.0,-0.0,0.0005,-0.67,-2.3,2.39,100.0,0,0,0
15.7,0.0,-0.2,0.0,-0.0079,-0.0307,0.6211,-0.0,-0.0,0.0005,-0.67,-2.3,2.39,100.0,0,0,0
15.72,0.0,-0.2,0.0,-0.0079,-0.0307,0.6211,-0.0,-0.0,0.0005,-0.67,-2.3,2.39,100.0,0,0,0
15.74,0.0,-0.2,0.0,-0.0079,-0.0307,0.6211,-0.0,-0.0,0.0005,-0.67,-2.3,2.39,100.0,0,0,0
15.76,0.0,-0.2,0.0,-0.0079,-0.0307,0.6211,-0.0,-0.0,0.0005,-0.67,-2.3,2.39,100.0,0,0,0
15.78,0.0,-0.2,0.0,-0.0079,-0.0307,0.6211,-0.0,-0.0,0.0005,-0.67,-2.3,2.39,100.0,0,0,0
15.8,0.0,-0.2,0.0,-0.0079,-0.0307,0.6211,-0.0,-0.0,0.0005,-0.67,-2.3,2.39,100.0,0,0,0
15.82,0.0,-0.2,0.0,-0.0079,-0.0307,0.6211,-0.0,-0.0,0.0005,-0.67,-2.3,2.39,100.0,0,0,0
15.84,0.0,-0.2,0.0,-0.0079,-0.0307,0.6211,-0.0,-0.0,0.0005,-0.67,-2.3,2.39,100.0,0,0,0
15.86,0.0,-0.2,0.0,-0.0079,-0.0307,0.6211,-0.0,-0.0,0.0005,-0.67,-2.3,2.39,100.0,0,0,0
15.88,0.0,-0.2,0.0,-0.0079,-0.0307,0.6211,-0.0,-0.0,0.0005,-0.67,-2.3,2.39,100.0,0,0,0
15.9,0.0,-0.2,0.0,-0.0079,-0.0307,0.6211,-0.0,-0.0,0.0005,-0.67,-2.3,2.39,100.0,0,0,0
15.92,0.0,-0.2,0.0,-0.0079,-0.0308,0.6211,-0.0,-0.0,0.0005,-0.67,-2.3,2.39,100.0,0,0,0
15.94,0.0,-0.2,0.0,-0.0079,-0.0308,0.6211,-0.0,-0.0,0.0005,-0.67,-2.3,2.39,100.0,0,0,0
15.96,0.0,-0.2,0.0,-0.0079,-0.0308,0.6211,-0.0,-0.0,0.0005,-0.67,-2.29,2.39,100.0,0,0,0
15.98,0.0,-0.2,0.0,-0.0079,-0.0308,0.6211,-0.0,-0.0,0.0005,-0.67,-2.29,2.39,100.0,0,0,0
16.0,0.0,-0.2,0.0,-0.0079,-0.0308,0.6211,-0.0,-0.0,0.0005,-0.67,-2.29,2.39,100.0,0,0,0
16.02,0.0,-0.2,0.0,-0.0079,-0.0308,0.6211,-0.0,-0.0,0.0005,-0.67,-2.29,2.39,100.0,0,0,0
16.04,0.0,-0.2,0.0,-0.0079,-0.0308,0.6211,-0.0,-0.0,0.0005,-0.67,-2.29,2.39,100.0,0,0,0
16.06,0.0,-0.2,0.0,-0.0079,-0.0308,0.6211,-0.0,-0.0,0.0005,-0.67,-2.29,2.39,100.0,0,0,0
16.08,0.0,-0.2,0.0,-0.0079,-0.0308,0.6211,-0.0,-0.0,0.0005,-0.67,-2.29,2.39,100.0,0,0,0
16.1,0.0,-0.2,0.0,-0.0079,-0.0308,0.6211,-0.0,-0.0,0.0005,-0.67,-2.29,2.39,100.0,0,0,0
16.12,0.0,-0.2,0.0,-0.0079,-0.0308,0.6211,-0.0,-0.0,0.0005,-0.67,-2.29,2.39,100.0,0,0,0
16.14,0.0,-0.2,0.0,-0.0079,-0.0308,0.6211,-0.0,-0.0,0.0005,-0.67,-2.29,2.39,100.0,0,0,0
16.16,0.0,-0.2,0.0,-0.0079,-0.0308,0.6211,-0.0,-0.0,0.0005,-0.67,-2.29,2.39,100.0,0,0,0
16.18,0.0,-0.2,0.0,-0.0079,-0.0308,0.6211,-0.0,-0.0,0.0005,-0.67,-2.29,2.39,100.0,0,0,0
16.2,0.0,-0.2,0.0,-0.0079,-0.0308,0.6211,-0.0,-0.0,0.0005,-0.67,-2.29,2.39,100.0,0,0,0
16.22,0.0,-0.2,0.0,-0.0079,-0.0308,0.6211,-0.0,-0.0,0.0005,-0.67,-2.29,2.39,100.0,0,0,0
16.24,0.0,-0.2,0.0,-0.0079,-0.0308,0.6211,-0.0,-0.0,0.0005,-0.67,-2.29,2.39,100.0,0,0,0
16.26,0.0,-0.2,0.0,-0.0079,-0.0308,0.6211,-0.0,-0.0,0.0005,-0.67,-2.29,2.39,100.0,0,0,0
16.28,0.0,-0.2,0.0,-0.0079,-0.0308,0.6211,-0.0,-0.0,0.0005,-0.67,-2.29,2.39,100.0,0,0,0
16.3,0.0,-0.2,0.0,-0.0079,-0.0308,0.6211,-0.0,-0.0,0.0005,-0.67,-2.29,2.39,100.0,0,0,0
16.32,0.0,-0.2,0.0,-0.0079,-0.0308,0.6211,-0.0,-0.0,0.0005,-0.67,-2.29,2.39,100.0,0,0,0
16.34,0.0,-0.2,0.0,-0.0079,-0.0308,0.6211,-0.0,-0.0,0.0005,-0.67,-2.29,2.39,100.0,0,0,0
16.36,0.0,-0.2,0.0,-0.0079,-0.0308,0.6211,-0.0,-0.0,0.0005,-0.67,-2.29,2.39,100.0,0,0,0
16.38,0.0,-0.2,0.0,-0.0079,-0.0308,0.6211,-0.0,-0.0,0.0005,-0.67,-2.29,2.39,100.0,0,0,0
16.4,0.0,-0.2,0.0,-0.0079,-0.0308,0.6211,-0.0,-0.0,0.0005,-0.67,-2.29,2.39,100.0,0,0,0
16.42,0.0,-0.2,0.0,-0.0079,-0.0308,0.6211,-0.0,-0.0,0.0005,-0.67,-2.29,2.39,100.0,0,0,0
16.44,0.0,-0.2,0.0,-0.0079,-0.0308,0.6211,-0.0,-0.0,0.0005,-0.67,-2.29,2.39,100.0,0,0,0
16.46,0.0,-0.2,0.0,-0.0079,-0.0308,0.6211,-0.0,-0.0,0.0005,-0.67,-2.29,2.39,100.0,0,0,0
16.48,0.0,-0.2,0.0,-0.0079,-0.0308,0.6211,-0.0,-0.0,0.0005,-0.67,-2.29,2.39,100.0,0,0,0
16.5,0.0,-0.2,0.0,-0.0079,-0.0308,0.6211,-0.0,-0.0,0.0005,-0.67,-2.29,2.39,100.0,0,0,0
16.52,0.0,-0.2,0.0,-0.0079,-0.0308,0.6211,-0.0,-0.0,0.0005,-0.67,-2.29,2.39,100.0,0,0,0
16.54,0.0,-0.2,0.0,-0.0079,-0.0308,0.6211,-0.0,-0.0,0.0005,-0.67,-2.29,2.39,100.0,0,0,0
16.56,0.0,-0.2,0.0,-0.0079,-0.0308,0.6211,-0.0,-0.0,0.0005,-0.67,-2.29,2.39,100.0,0,0,0
16.58,0.0,-0.2,0.0,-0.0079,-0.0308,0.6211,-0.0,-0.0,0.0005,-0.67,-2.29,2.39,100.0,0,0,0
16.6,0.0,-0.2,0.0,-0.0079,-0.0308,0.6211,-0.0,-0.0,0.0005,-0.67,-2.29,2.39,100.0,0,0,0
16.62,0.0,-0.2,0.0,-0.0079,-0.0308,0.6211,-0.0,-0.0,0.0005,-0.67,-2.29,2.39,100.0,0,0,0
16.64,0.0,-0.2,0.0,-0.0079,-0.0308,0.6211,-0.0,-0.0,0.0005,-0.67,-2.29,2.39,100.0,0,0,0
16.66,0.0,-0.2,0.0,-0.0079,-0.0308,0.6211,-0.0,-0.0,0.0005,-0.67,-2.29,2.39,100.0,0,0,0
16.68,0.0,-0.2,0.0,-0.0079,-0.0308,0.6211,-0.0,-0.0,0.0005,-0.67,-2.29,2.39,100.0,0,0,0
16.7,0.0,-0.2,0.0,-0.0079,-0.0308,0.6211,-0.0,-0.0,0.0005,-0.67,-2.29,2.39,100.0,0,0,0
16.72,0.0,-0.2,0.0,-0.0079,-0.0308,0.6211,-0.0,-0.0,0.0005,-0.67,-2.29,2.39,100.0,0,0,0
16.74,0.0,-0.2,0.0,-0.0079,-0.0308,0.6211,-0.0,-0.0,0.0005,-0.67,-2.29,2.39,100.0,0,0,0
16.76,0.0,-0.2,0.0,-0.0079,-0.0308,0.6211,-0.0,-0.0,0.0005,-0.67,-2.29,2.39,100.0,0,0,0
16.78,0.0,-0.2,0.0,-0.0079,-0.0308,0.6211,-0.0,-0.0,0.0005,-0.67,-2.29,2.39,100.0,0,0,0
16.8,0.0,-0.2,0.0,-0.0079,-0.0308,0.6211,-0.0,-0.0,0.0005,-0.67,-2.29,2.39,100.0,0,0,0
16.82,0.0,-0.2,0.0,-0.0079,-0.0308,0.6211,-0.0,-0.0,0.0005,-0.67,-2.29,2.39,100.0,0,0,0
16.84,0.0,-0.2,0.0,-0.0079,-0.0308,0.6211,-0.0,-0.0,0.0005,-0.67,-2.29,2.39,100.0,0,0,0
16.86,0.0,-0.2,0.0,-0.0079,-0.0308,0.6211,-0.0,-0.0,0.0005,-0.67,-2.29,2.39,100.0,0,0,0
16.88,0.0,-0.2,0.0,-0.0079,-0.0308,0.6211,-0.0,-0.0,0.0005,-0.67,-2.29,2.39,100.0,0,0,0
16.9,0.0,-0.2,0.0,-0.0079,-0.0308,0.6211,-0.0,-0.0,0.0005,-0.67,-2.29,2.39,100.0,0,0,0
16.92,0.0,-0.2,0.0,-0.0079,-0.0308,0.6211,-0.0,-0.0,0.0005,-0.67,-2.29,2.39,100.0,0,0,0
16.94,0.0,-0.2,0.0,-0.0079,-0.0308,0.6211,-0.0,-0.0,0.0005,-0.67,-2.29,2.39,100.0,0,0,0
16.96,0.0,-0.2,0.0,-0.0079,-0.0308,0.6211,-0.0,-0.0,0.0005,-0.67,-2.29,2.39,100.0,0,0,0
16.98,0.0,-0.2,0.0,-0.0079,-0.0308,0.6211,-0.0,-0.0,0.0005,-0.67,-2.29,2.39,100.0,0,0,0
17.0,0.0,-0.2,0.0,-0.0079,-0.0308,0.6211,-0.0,-0.0,0.0005,-0.67,-2.29,2.39,100.0,0,0,0
17.02,0.0,-0.2,0.0,-0.0079,-0.0308,0.6211,-0.0,-0.0,0.0005,-0.67,-2.29,2.39,100.0,0,0,0
17.04,0.0,-0.2,0.0,-0.0079,-0.0308,0.6211,-0.0,-0.0,0.0005,-0.67,-2.29,2.39,100.0,0,0,0
17.06,0.0,-0.2,0.0,-0.0079,-0.0308,0.6211,-0.0,-0.0,0.0005,-0.67,-2.29,2.39,100.0,0,0,0
17.08,0.0,-0.2,0.0,-0.0079,-0.0308,0.6211,-0.0,-0.0,0.0005,-0.67,-2.29,2.39,100.0,0,0,0
17.1,0.0,-0.2,0.0,-0.0079,-0.0308,0.6211,-0.0,-0.0,0.0005,-0.67,-2.29,2.39,100.0,0,0,0
17.12,0.0,-0.2,0.0,-0.0079,-0.0308,0.6211,-0.0,-0.0,0.0005,-0.67,-2.29,2.39,100.0,0,0,0
17.14,0.0,-0.2,0.0,-0.0079,-0.0308,0.6211,-0.0,-0.0,0.0005,-0.67,-2.29,2.39,100.0,0,0,0
17.16,0.0,-0.2,0.0,-0.0079,-0.0308,0.6211,-0.0,-0.0,0.0005,-0.67,-2.29,2.39,100.0,0,0,0
17.18,0.0,-0.2,0.0,-0.0079,-0.0308,0.6211,-0.0,-0.0,0.0005,-0.67,-2.29,2.39,100.0,0,0,0
17.2,0.0,-0.2,0.0,-0.0079,-0.0308,0.6211,-0.0,-0.0,0.0005,-0.67,-2.29,2.39,100.0,0,0,0
17.22,0.0,-0.2,0.0,-0.0079,-0.0308,0.6211,-0.0,-0.0,0.0005,-0.67,-2.29,2.39,100.0,0,0,0
17.24,0.0,-0.2,0.0,-0.0079,-0.0308,0.6211,-0.0,-0.0,0.0005,-0.67,-2.29,2.39,100.0,0,0,0
17.26,0.0,-0.2,0.0,-0.0079,-0.0308,0.6211,-0.0,-0.0,0.0005,-0.67,-2.29,2.39,100.0,0,0,0
17.28,0.0,-0.2,0.0,-0.0079,-0.0308,0.6211,-0.0,-0.0,0.0005,-0.67,-2.29,2.39,100.0,0,0,0
17.3,0.0,-0.2,0.0,-0.0079,-0.0308,0.6211,-0.0,-0.0,0.0005,-0.67,-2.29,2.39,100.0,0,0,0
17.32,0.0,-0.2,0.0,-0.0079,-0.0308,0.6211,-0.0,-0.0,0.0005,-0.67,-2.29,2.39,100.0,0,0,0
17.34,0.0,-0.2,0.0,-0.0079,-0.0308,0.6211,-0.0,-0.0,0.0005,-0.67,-2.29,2.39,100.0,0,0,0
17.36,0.0,-0.2,0.0,-0.0079,-0.0308,0.6211,-0.0,-0.0,0.0005,-0.67,-2.29,2.39,100.0,0,0,0
17.38,0.0,-0.2,0.0,-0.0079,-0.0308,0.6211,-0.0,-0.0,0.0005,-0.67,-2.29,2.39,100.0,0,0,0
17.4,0.0,-0.2,0.0,-0.0079,-0.0308,0.6211,-0.0,-0.0,0.0005,-0.67,-2.29,2.39,100.0,0,0,0
17.42,0.0,-0.2,0.0,-0.0079,-0.0308,0.6211,-0.0,-0.0,0.0005,-0.67,-2.29,2.39,100.0,0,0,0
17.44,0.0,-0.2,0.0,-0.0079,-0.0308,0.6211,-0.0,-0.0,0.0005,-0.67,-2.29,2.39,100.0,0,0,0
17.46,0.0,-0.2,0.0,-0.0079,-0.0308,0.6211,-0.0,-0.0,0.0005,-0.67,-2.29,2.39,100.0,0,0,0
17.48,0.0,-0.2,0.0,-0.0079,-0.0308,0.6211,-0.0,-0.0,0.0005,-0.67,-2.29,2.39,100.0,0,0,0
17.5,0.0,-0.2,0.0,-0.0079,-0.0308,0.6211,-0.0,-0.0,0.0005,-0.67,-2.29,2.39,100.0,0,0,0
17.52,0.0,-0.2,0.0,-0.0079,-0.0308,0.6211,-0.0,-0.0,0.0005,-0.67,-2.29,2.39,100.0,0,0,0
17.54,0.0,-0.2,0.0,-0.0079,-0.0308,0.6211,-0.0,-0.0,0.0005,-0.67,-2.29,2.39,100.0,0,0,0
17.56,0.0,-0.2,0.0,-0.0079,-0.0308,0.6211,-0.0,-0.0,0.0005,-0.67,-2.29,2.39,100.0,0,0,0
17.58,0.0,-0.2,0.0,-0.0079,-0.0308,0.6211,-0.0,-0.0,0.0005,-0.67,-2.29,2.39,100.0,0,0,0
17.6,0.0,-0.2,0.0,-0.0079,-0.0308,0.6211,-0.0,-0.0,0.0004,-0.67,-2.29,2.39,100.0,0,0,0
17.62,0.0,-0.2,0.0,-0.0079,-0.0308,0.6211,-0.0,-0.0,0.0004,-0.67,-2.29,2.39,100.0,0,0,0
17.64,0.0,-0.2,0.0,-0.0079,-0.0308,0.6211,-0.0,-0.0,0.0004,-0.67,-2.29,2.39,100.0,0,0,0
17.66,0.0,-0.2,0.0,-0.0079,-0.0308,0.6211,-0.0,-0.0,0.0004,-0.67,-2.29,2.39,100.0,0,0,0
17.68,0.0,-0.2,0.0,-0.0079,-0.0308,0.6211,-0.0,-0.0,0.0004,-0.67,-2.29,2.38,100.0,0,0,0
17.7,0.0,-0.2,0.0,-0.0079,-0.0308,0.6211,-0.0,-0.0,0.0004,-0.67,-2.29,2.38,100.0,0,0,0
17.72,0.0,-0.2,0.0,-0.0079,-0.0308,0.6211,-0.0,-0.0,0.0004,-0.67,-2.29,2.38,100.0,0,0,0
17.74,0.0,-0.2,0.0,-0.0079,-0.0308,0.6211,-0.0,-0.0,0.0004,-0.67,-2.29,2.38,100.0,0,0,0
17.76,0.0,-0.2,0.0,-0.0079,-0.0308,0.6211,-0.0,-0.0,0.0004,-0.67,-2.29,2.38,100.0,0,0,0
17.78,0.0,-0.2,0.0,-0.0079,-0.0308,0.6211,-0.0,-0.0,0.0004,-0.67,-2.29,2.38,100.0,0,0,0
17.8,0.0,-0.2,0.0,-0.0079,-0.0308,0.6211,-0.0,-0.0,0.0004,-0.67,-2.29,2.38,100.0,0,0,0
17.82,0.0,-0.2,0.0,-0.008,-0.0308,0.6211,-0.0,-0.0,0.0004,-0.67,-2.29,2.38,100.0,0,0,0
17.84,0.0,-0.2,0.0,-0.008,-0.0308,0.6211,-0.0,-0.0,0.0004,-0.67,-2.29,2.38,100.0,0,0,0
17.86,0.0,-0.2,0.0,-0.008,-0.0308,0.6211,-0.0,-0.0,0.0004,-0.67,-2.29,2.38,100.0,0,0,0
17.88,0.0,-0.2,0.0,-0.008,-0.0308,0.6211,-0.0,-0.0,0.0004,-0.67,-2.29,2.38,100.0,0,0,0
17.9,0.0,-0.2,0.0,-0.008,-0.0308,0.6211,-0.0,-0.0,0.0004,-0.67,-2.29,2.38,100.0,0,0,0
17.92,0.0,-0.2,0.0,-0.008,-0.0308,0.6211,-0.0,-0.0,0.0004,-0.67,-2.29,2.38,100.0,0,0,0
17.94,0.0,-0.2,0.0,-0.008,-0.0308,0.6211,-0.0,-0.0,0.0004,-0.67,-2.29,2.38,100.0,0,0,0
17.96,0.0,-0.2,0.0,-0.008,-0.0308,0.6211,-0.0,-0.0,0.0004,-0.67,-2.29,2.38,100.0,0,0,0
17.98,0.0,-0.2,0.0,-0.008,-0.0308,0.6211,-0.0,-0.0,0.0004,-0.67,-2.29,2.38,100.0,0,0,0
18.0,0.0,-0.2,0.0,-0.008,-0.0308,0.6211,-0.0,-0.0,0.0004,-0.67,-2.29,2.38,100.0,0,0,0
18.02,0.0,-0.2,0.0,-0.008,-0.0308,0.6211,-0.0,-0.0,0.0004,-0.67,-2.29,2.38,100.0,0,0,0
18.04,0.0,-0.2,0.0,-0.008,-0.0308,0.6211,-0.0,-0.0,0.0004,-0.67,-2.29,2.38,100.0,0,0,0
18.06,0.0,-0.2,0.0,-0.008,-0.0308,0.6211,-0.0,-0.0,0.0004,-0.67,-2.29,2.38,100.0,0,0,0
18.08,0.0,-0.2,0.0,-0.008,-0.0308,0.6211,-0.0,-0.0,0.0004,-0.67,-2.29,2.38,100.0,0,0,0
18.1,0.0,-0.2,0.0,-0.008,-0.0308,0.6211,-0.0,-0.0,0.0004,-0.67,-2.29,2.38,100.0,0,0,0
18.12,0.0,-0.2,0.0,-0.008,-0.0308,0.6211,-0.0,-0.0,0.0004,-0.67,-2.29,2.38,100.0,0,0,0
18.14,0.0,-0.2,0.0,-0.008,-0.0308,0.6211,-0.0,-0.0,0.0004,-0.67,-2.29,2.38,100.0,0,0,0
18.16,0.0,-0.2,0.0,-0.008,-0.0308,0.6211,-0.0,-0.0,0.0004,-0.67,-2.29,2.38,100.0,0,0,0
18.18,0.0,-0.2,0.0,-0.008,-0.0308,0.6211,-0.0,-0.0,0.0004,-0.67,-2.29,2.38,100.0,0,0,0
18.2,0.0,-0.2,0.0,-0.008,-0.0308,0.6211,-0.0,-0.0,0.0004,-0.67,-2.29,2.38,100.0,0,0,0
18.22,0.0,-0.2,0.0,-0.008,-0.0308,0.6211,-0.0,-0.0,0.0004,-0.67,-2.29,2.38,100.0,0,0,0
18.24,0.0,-0.2,0.0,-0.008,-0.0308,0.6211,-0.0,-0.0,0.0004,-0.67,-2.29,2.38,100.0,0,0,0
18.26,0.0,-0.2,0.0,-0.008,-0.0308,0.6211,-0.0,-0.0,0.0004,-0.67,-2.29,2.38,100.0,0,0,0
18.28,0.0,-0.2,0.0,-0.008,-0.0308,0.6211,-0.0,-0.0,0.0004,-0.67,-2.29,2.38,100.0,0,0,0
18.3,0.0,-0.2,0.0,-0.008,-0.0308,0.6211,-0.0,-0.0,0.0004,-0.67,-2.29,2.38,100.0,0,0,0
18.32,0.0,-0.2,0.0,-0.008,-0.0308,0.6211,-0.0,-0.0,0.0004,-0.67,-2.29,2.38,100.0,0,0,0
18.34,0.0,-0.2,0.0,-0.008,-0.0308,0.6211,-0.0,-0.0,0.0004,-0.67,-2.29,2.38,100.0,0,0,0
18.36,0.0,-0.2,0.0,-0.008,-0.0308,0.6211,-0.0,-0.0,0.0004,-0.67,-2.29,2.38,100.0,0,0,0
18.38,0.0,-0.2,0.0,-0.008,-0.0308,0.6211,-0.0,-0.0,0.0004,-0.67,-2.29,2.38,100.0,0,0,0
18.4,0.0,-0.2,0.0,-0.008,-0.0308,0.6211,-0.0,-0.0,0.0004,-0.67,-2.29,2.38,100.0,0,0,0
18.42,0.0,-0.2,0.0,-0.008,-0.0308,0.6211,-0.0,-0.0,0.0004,-0.67,-2.29,2.38,100.0,0,0,0
18.44,0.0,-0.2,0.0,-0.008,-0.0308,0.6211,-0.0,-0.0,0.0004,-0.67,-2.29,2.38,100.0,0,0,0
18.46,0.0,-0.2,0.0,-0.008,-0.0308,0.6211,-0.0,-0.0,0.0004,-0.67,-2.29,2.38,100.0,0,0,0
18.48,0.0,-0.2,0.0,-0.008,-0.0308,0.6211,-0.0,-0.0,0.0004,-0.67,-2.29,2.38,100.0,0,0,0
18.5,0.0,-0.2,0.0,-0.008,-0.0308,0.6211,-0.0,-0.0,0.0004,-0.67,-2.29,2.38,100.0,0,0,0
18.52,0.0,-0.2,0.0,-0.008,-0.0308,0.6211,-0.0,-0.0,0.0004,-0.67,-2.29,2.38,100.0,0,0,0
18.54,0.0,-0.2,0.0,-0.008,-0.0308,0.6211,-0.0,-0.0,0.0004,-0.67,-2.29,2.38,100.0,0,0,0
18.56,0.0,-0.2,0.0,-0.008,-0.0308,0.6211,-0.0,-0.0,0.0004,-0.67,-2.29,2.38,100.0,0,0,0
18.58,0.0,-0.2,0.0,-0.008,-0.0308,0.6211,-0.0,-0.0,0.0004,-0.67,-2.29,2.38,100.0,0,0,0
18.6,0.0,-0.2,0.0,-0.008,-0.0308,0.6211,-0.0,-0.0,0.0004,-0.67,-2.29,2.38,100.0,0,0,0
18.62,0.0,-0.2,0.0,-0.008,-0.0308,0.6211,-0.0,-0.0,0.0004,-0.67,-2.29,2.38,100.0,0,0,0
18.64,0.0,-0.2,0.0,-0.008,-0.0308,0.6211,-0.0,-0.0,0.0004,-0.67,-2.29,2.38,100.0,0,0,0
18.66,0.0,-0.2,0.0,-0.008,-0.0308,0.6211,-0.0,-0.0,0.0004,-0.67,-2.29,2.38,100.0,0,0,0
18.68,0.0,-0.2,0.0,-0.008,-0.0308,0.6211,-0.0,-0.0,0.0004,-0.67,-2.29,2.38,100.0,0,0,0
18.7,0.0,-0.2,0.0,-0.008,-0.0308,0.6211,-0.0,-0.0,0.0004,-0.67,-2.29,2.38,100.0,0,0,0
18.72,0.0,-0.2,0.0,-0.008,-0.0308,0.6211,-0.0,-0.0,0.0004,-0.67,-2.29,2.38,100.0,0,0,0
18.74,0.0,-0.2,0.0,-0.008,-0.0308,0.6211,-0.0,-0.0,0.0004,-0.67,-2.29,2.38,100.0,0,0,0
18.76,0.0,-0.2,0.0,-0.008,-0.0308,0.6211,-0.0,-0.0,0.0004,-0.67,-2.29,2.38,100.0,0,0,0
18.78,0.0,-0.2,0.0,-0.008,-0.0308,0.6211,-0.0,-0.0,0.0004,-0.67,-2.29,2.38,100.0,0,0,0
18.8,0.0,-0.2,0.0,-0.008,-0.0308,0.6211,-0.0,-0.0,0.0004,-0.67,-2.29,2.38,100.0,0,0,0
18.82,0.0,-0.2,0.0,-0.008,-0.0308,0.6211,-0.0,-0.0,0.0004,-0.67,-2.29,2.38,100.0,0,0,0
18.84,0.0,-0.2,0.0,-0.008,-0.0308,0.6211,-0.0,-0.0,0.0004,-0.67,-2.29,2.38,100.0,0,0,0
18.86,0.0,-0.2,0.0,-0.008,-0.0308,0.6211,-0.0,-0.0,0.0004,-0.67,-2.29,2.38,100.0,0,0,0
18.88,0.0,-0.2,0.0,-0.008,-0.0308,0.6211,-0.0,-0.0,0.0004,-0.67,-2.29,2.38,100.0,0,0,0
18.9,0.0,-0.2,0.0,-0.008,-0.0308,0.6211,-0.0,-0.0,0.0004,-0.67,-2.29,2.38,100.0,0,0,0
18.92,0.0,-0.2,0.0,-0.008,-0.0308,0.6211,-0.0,-0.0,0.0004,-0.67,-2.29,2.38,100.0,0,0,0
18.94,0.0,-0.2,0.0,-0.008,-0.0308,0.6211,-0.0,-0.0,0.0004,-0.67,-2.29,2.38,100.0,0,0,0
18.96,0.0,-0.2,0.0,-0.008,-0.0308,0.6211,-0.0,-0.0,0.0004,-0.67,-2.29,2.38,100.0,0,0,0
18.98,0.0,-0.2,0.0,-0.008,-0.0308,0.6211,-0.0,-0.0,0.0004,-0.67,-2.29,2.38,100.0,0,0,0
19.0,0.0,-0.2,0.0,-0.008,-0.0308,0.6211,-0.0,-0.0,0.0004,-0.67,-2.29,2.38,100.0,0,0,0
19.02,0.0,-0.2,0.0,-0.008,-0.0308,0.6211,-0.0,-0.0,0.0004,-0.67,-2.29,2.38,100.0,0,0,0
19.04,0.0,-0.2,0.0,-0.008,-0.0308,0.6211,-0.0,-0.0,0.0004,-0.67,-2.29,2.38,100.0,0,0,0
19.06,0.0,-0.2,0.0,-0.008,-0.0308,0.6211,-0.0,-0.0,0.0004,-0.67,-2.29,2.38,100.0,0,0,0
19.08,0.0,-0.2,0.0,-0.008,-0.0308,0.6211,-0.0,-0.0,0.0004,-0.67,-2.29,2.38,100.0,0,0,0
19.1,0.0,-0.2,0.0,-0.008,-0.0308,0.6211,-0.0,-0.0,0.0004,-0.67,-2.29,2.38,100.0,0,0,0
19.12,0.0,-0.2,0.0,-0.008,-0.0308,0.6211,-0.0,-0.0,0.0004,-0.67,-2.29,2.38,100.0,0,0,0
19.14,0.0,-0.2,0.0,-0.008,-0.0308,0.6211,-0.0,-0.0,0.0004,-0.67,-2.29,2.38,100.0,0,0,0
19.16,0.0,-0.2,0.0,-0.008,-0.0308,0.6211,-0.0,-0.0,0.0004,-0.67,-2.29,2.38,100.0,0,0,0
19.18,0.0,-0.2,0.0,-0.008,-0.0308,0.6211,-0.0,-0.0,0.0004,-0.67,-2.29,2.38,100.0,0,0,0
19.2,0.0,-0.2,0.0,-0.008,-0.0308,0.6211,-0.0,-0.0,0.0004,-0.67,-2.29,2.38,100.0,0,0,0
19.22,0.0,-0.2,0.0,-0.008,-0.0308,0.6211,-0.0,-0.0,0.0004,-0.67,-2.29,2.38,100.0,0,0,0
19.24,0.0,-0.2,0.0,-0.008,-0.0308,0.6211,-0.0,-0.0,0.0004,-0.67,-2.29,2.38,100.0,0,0,0
19.26,0.0,-0.2,0.0,-0.008,-0.0308,0.6211,-0.0,-0.0,0.0004,-0.67,-2.29,2.38,100.0,0,0,0
19.28,0.0,-0.2,0.0,-0.008,-0.0308,0.6211,-0.0,-0.0,0.0004,-0.67,-2.29,2.38,100.0,0,0,0
19.3,0.0,-0.2,0.0,-0.008,-0.0308,0.6211,-0.0,-0.0,0.0004,-0.67,-2.29,2.38,100.0,0,0,0
19.32,0.0,-0.2,0.0,-0.008,-0.0308,0.6211,-0.0,-0.0,0.0004,-0.67,-2.29,2.38,100.0,0,0,0
19.34,0.0,-0.2,0.0,-0.008,-0.0308,0.6211,-0.0,-0.0,0.0004,-0.67,-2.29,2.38,100.0,0,0,0
19.36,0.0,-0.2,0.0,-0.008,-0.0308,0.6211,-0.0,-0.0,0.0004,-0.67,-2.29,2.38,100.0,0,0,0
19.38,0.0,-0.2,0.0,-0.008,-0.0308,0.6211,-0.0,-0.0,0.0004,-0.67,-2.29,2.38,100.0,0,0,0
19.4,0.0,-0.2,0.0,-0.008,-0.0308,0.6211,-0.0,-0.0,0.0004,-0.67,-2.28,2.38,100.0,0,0,0
19.42,0.0,-0.2,0.0,-0.008,-0.0308,0.6211,-0.0,-0.0,0.0004,-0.67,-2.28,2.38,100.0,0,0,0
19.44,0.0,-0.2,0.0,-0.008,-0.0308,0.6211,-0.0,-0.0,0.0004,-0.67,-2.28,2.38,100.0,0,0,0
19.46,0.0,-0.2,0.0,-0.008,-0.0308,0.6211,-0.0,-0.0,0.0004,-0.67,-2.28,2.38,100.0,0,0,0
19.48,0.0,-0.2,0.0,-0.008,-0.0308,0.6211,-0.0,-0.0,0.0004,-0.67,-2.28,2.38,100.0,0,0,0
19.5,0.0,-0.2,0.0,-0.008,-0.0308,0.6211,-0.0,-0.0,0.0004,-0.67,-2.28,2.38,100.0,0,0,0
19.52,0.0,-0.2,0.0,-0.008,-0.0308,0.6211,-0.0,-0.0,0.0004,-0.67,-2.28,2.38,100.0,0,0,0
19.54,0.0,-0.2,0.0,-0.008,-0.0308,0.6211,-0.0,-0.0,0.0004,-0.67,-2.28,2.38,100.0,0,0,0
19.56,0.0,-0.2,0.0,-0.008,-0.0308,0.6211,-0.0,-0.0,0.0004,-0.67,-2.28,2.38,100.0,0,0,0
19.58,0.0,-0.2,0.0,-0.008,-0.0308,0.6211,-0.0,-0.0,0.0004,-0.67,-2.28,2.38,100.0,0,0,0
19.6,0.0,-0.2,0.0,-0.008,-0.0308,0.6211,-0.0,-0.0,0.0004,-0.67,-2.28,2.38,100.0,0,0,0
19.62,0.0,-0.2,0.0,-0.008,-0.0308,0.6211,-0.0,-0.0,0.0004,-0.67,-2.28,2.38,100.0,0,0,0
19.64,0.0,-0.2,0.0,-0.008,-0.0308,0.6211,-0.0,-0.0,0.0004,-0.67,-2.28,2.38,100.0,0,0,0
19.66,0.0,-0.2,0.0,-0.008,-0.0308,0.6211,-0.0,-0.0,0.0004,-0.67,-2.28,2.38,100.0,0,0,0
19.68,0.0,-0.2,0.0,-0.008,-0.0308,0.6211,-0.0,-0.0,0.0004,-0.67,-2.28,2.38,100.0,0,0,0
19.7,0.0,-0.2,0.0,-0.008,-0.0308,0.6211,-0.0,-0.0,0.0004,-0.67,-2.28,2.38,100.0,0,0,0
19.72,0.0,-0.2,0.0,-0.008,-0.0308,0.6211,-0.0,-0.0,0.0004,-0.67,-2.28,2.38,100.0,0,0,0
19.74,0.0,-0.2,0.0,-0.008,-0.0308,0.6211,-0.0,-0.0,0.0004,-0.67,-2.28,2.38,100.0,0,0,0
19.76,0.0,-0.2,0.0,-0.008,-0.0308,0.6211,-0.0,-0.0,0.0004,-0.67,-2.28,2.38,100.0,0,0,0
19.78,0.0,-0.2,0.0,-0.008,-0.0309,0.6211,-0.0,-0.0,0.0004,-0.67,-2.28,2.38,100.0,0,0,0
19.8,0.0,-0.2,0.0,-0.008,-0.0309,0.6211,-0.0,-0.0,0.0004,-0.67,-2.28,2.38,100.0,0,0,0
19.82,0.0,-0.2,0.0,-0.008,-0.0309,0.6211,-0.0,-0.0,0.0004,-0.67,-2.28,2.38,100.0,0,0,0
19.84,0.0,-0.2,0.0,-0.008,-0.0309,0.6211,-0.0,-0.0,0.0004,-0.67,-2.28,2.38,100.0,0,0,0
19.86,0.0,-0.2,0.0,-0.008,-0.0309,0.6211,-0.0,-0.0,0.0004,-0.67,-2.28,2.38,100.0,0,0,0
19.88,0.0,-0.2,0.0,-0.008,-0.0309,0.6211,-0.0,-0.0,0.0004,-0.67,-2.28,2.38,100.0,0,0,0
19.9,0.0,-0.2,0.0,-0.008,-0.0309,0.6211,-0.0,-0.0,0.0004,-0.67,-2.28,2.38,100.0,0,0,0
19.92,0.0,-0.2,0.0,-0.008,-0.0309,0.6211,-0.0,-0.0,0.0004,-0.67,-2.28,2.38,100.0,0,0,0
19.94,0.0,-0.2,0.0,-0.008,-0.0309,0.6211,-0.0,-0.0,0.0004,-0.67,-2.28,2.38,100.0,0,0,0
19.96,0.0,-0.2,0.0,-0.008,-0.0309,0.6211,-0.0,-0.0,0.0004,-0.67,-2.28,2.38,100.0,0,0,0
19.98,0.0,-0.2,0.0,-0.008,-0.0309,0.6211,-0.0,-0.0,0.0004,-0.67,-2.28,2.38,100.0,0,0,0
20.0,0.0,-0.2,0.0,-0.008,-0.0309,0.6211,-0.0,-0.0,0.0004,-0.67,-2.28,2.38,100.0,0,0,0
20.02,0.0,-0.2,0.0,-0.008,-0.0309,0.6211,-0.0,-0.0,0.0004,-0.67,-2.28,2.38,100.0,0,0,0
20.04,0.0,-0.2,0.0,-0.008,-0.0309,0.6211,-0.0,-0.0,0.0004,-0.67,-2.28,2.38,100.0,0,0,0
20.06,0.0,-0.2,0.0,-0.008,-0.0309,0.6211,-0.0,-0.0,0.0004,-0.67,-2.28,2.38,100.0,0,0,0
20.08,0.0,-0.2,0.0,-0.008,-0.0309,0.6211,-0.0,-0.0,0.0004,-0.67,-2.28,2.38,100.0,0,0,0
20.1,0.0,-0.2,0.0,-0.008,-0.0309,0.6211,-0.0,-0.0,0.0004,-0.67,-2.28,2.38,100.0,0,0,0
20.12,0.0,-0.2,0.0,-0.008,-0.0309,0.6211,-0.0,-0.0,0.0004,-0.67,-2.28,2.38,100.0,0,0,0
20.14,0.0,-0.2,0.0,-0.008,-0.0309,0.6211,-0.0,-0.0,0.0004,-0.67,-2.28,2.38,100.0,0,0,0
20.16,0.0,-0.2,0.0,-0.008,-0.0309,0.6211,-0.0,-0.0,0.0004,-0.67,-2.28,2.38,100.0,0,0,0
20.18,0.0,-0.2,0.0,-0.008,-0.0309,0.6211,-0.0,-0.0,0.0004,-0.67,-2.28,2.38,100.0,0,0,0
20.2,0.0,-0.2,0.0,-0.008,-0.0309,0.6211,-0.0,-0.0,0.0004,-0.67,-2.28,2.38,100.0,0,0,0
20.22,0.0,-0.2,0.0,-0.008,-0.0309,0.6211,-0.0,-0.0,0.0004,-0.67,-2.28,2.38,100.0,0,0,0
20.24,0.0,-0.2,0.0,-0.008,-0.0309,0.6211,-0.0,-0.0,0.0004,-0.67,-2.28,2.38,100.0,0,0,0
20.26,0.0,-0.2,0.0,-0.008,-0.0309,0.6211,-0.0,-0.0,0.0004,-0.67,-2.28,2.38,100.0,0,0,0
20.28,0.0,-0.2,0.0,-0.008,-0.0309,0.6211,-0.0,-0.0,0.0004,-0.67,-2.28,2.38,100.0,0,0,0
20.3,0.0,-0.2,0.0,-0.008,-0.0309,0.6211,-0.0,-0.0,0.0004,-0.67,-2.28,2.38,100.0,0,0,0
20.32,0.0,-0.2,0.0,-0.008,-0.0309,0.6211,-0.0,-0.0,0.0004,-0.67,-2.28,2.38,100.0,0,0,0
20.34,0.0,-0.2,0.0,-0.008,-0.0309,0.6211,-0.0,-0.0,0.0004,-0.67,-2.28,2.38,100.0,0,0,0
20.36,0.0,-0.2,0.0,-0.008,-0.0309,0.6211,-0.0,-0.0,0.0004,-0.67,-2.28,2.38,100.0,0,0,0
20.38,0.0,-0.2,0.0,-0.008,-0.0309,0.6211,-0.0,-0.0,0.0004,-0.67,-2.28,2.38,100.0,0,0,0
20.4,0.0,-0.2,0.0,-0.008,-0.0309,0.6211,-0.0,-0.0,0.0004,-0.67,-2.28,2.38,100.0,0,0,0
20.42,0.0,-0.2,0.0,-0.008,-0.0309,0.6211,-0.0,-0.0,0.0004,-0.67,-2.28,2.38,100.0,0,0,0
20.44,0.0,-0.2,0.0,-0.008,-0.0309,0.6211,-0.0,-0.0,0.0004,-0.67,-2.28,2.38,100.0,0,0,0
20.46,0.0,-0.2,0.0,-0.008,-0.0309,0.6211,-0.0,-0.0,0.0004,-0.67,-2.28,2.38,100.0,0,0,0
20.48,0.0,-0.2,0.0,-0.008,-0.0309,0.6211,-0.0,-0.0,0.0004,-0.67,-2.28,2.38,100.0,0,0,0
20.5,0.0,-0.2,0.0,-0.008,-0.0309,0.6211,-0.0,-0.0,0.0004,-0.67,-2.28,2.38,100.0,0,0,0
20.52,0.0,-0.2,0.0,-0.008,-0.0309,0.6211,-0.0,-0.0,0.0004,-0.67,-2.28,2.38,100.0,0,0,0
20.54,0.0,-0.2,0.0,-0.008,-0.0309,0.6211,-0.0,-0.0,0.0004,-0.67,-2.28,2.38,100.0,0,0,0
20.56,0.0,-0.2,0.0,-0.008,-0.0309,0.6211,-0.0,-0.0,0.0004,-0.67,-2.28,2.38,100.0,0,0,0
20.58,0.0,-0.2,0.0,-0.008,-0.0309,0.6211,-0.0,-0.0,0.0004,-0.67,-2.28,2.38,100.0,0,0,0
20.6,0.0,-0.2,0.0,-0.008,-0.0309,0.6211,-0.0,-0.0,0.0004,-0.67,-2.28,2.38,100.0,0,0,0
20.62,0.0,-0.2,0.0,-0.008,-0.0309,0.6211,-0.0,-0.0,0.0004,-0.67,-2.28,2.38,100.0,0,0,0
20.64,0.0,-0.2,0.0,-0.008,-0.0309,0.6211,-0.0,-0.0,0.0004,-0.67,-2.28,2.38,100.0,0,0,0
20.66,0.0,-0.2,0.0,-0.008,-0.0309,0.6211,-0.0,-0.0,0.0004,-0.67,-2.28,2.38,100.0,0,0,0
20.68,0.0,-0.2,0.0,-0.008,-0.0309,0.6211,-0.0,-0.0,0.0004,-0.67,-2.28,2.38,100.0,0,0,0
20.7,0.0,-0.2,0.0,-0.008,-0.0309,0.6211,-0.0,-0.0,0.0004,-0.67,-2.28,2.38,100.0,0,0,0
20.72,0.0,-0.2,0.0,-0.008,-0.0309,0.6211,-0.0,-0.0,0.0004,-0.67,-2.28,2.38,100.0,0,0,0
20.74,0.0,-0.2,0.0,-0.008,-0.0309,0.6211,-0.0,-0.0,0.0004,-0.67,-2.28,2.38,100.0,0,0,0
20.76,0.0,-0.2,0.0,-0.008,-0.0309,0.6211,-0.0,-0.0,0.0004,-0.67,-2.28,2.38,100.0,0,0,0
20.78,0.0,-0.2,0.0,-0.008,-0.0309,0.6211,-0.0,-0.0,0.0004,-0.67,-2.28,2.38,100.0,0,0,0
20.8,0.0,-0.2,0.0,-0.008,-0.0309,0.6211,-0.0,-0.0,0.0003,-0.67,-2.28,2.38,100.0,0,0,0
20.82,0.0,-0.2,0.0,-0.008,-0.0309,0.6211,-0.0,-0.0,0.0003,-0.67,-2.28,2.38,100.0,0,0,0
20.84,0.0,-0.2,0.0,-0.008,-0.0309,0.6211,-0.0,-0.0,0.0003,-0.67,-2.28,2.38,100.0,0,0,0
20.86,0.0,-0.2,0.0,-0.008,-0.0309,0.6211,-0.0,-0.0,0.0003,-0.67,-2.28,2.38,100.0,0,0,0
20.88,0.0,-0.2,0.0,-0.008,-0.0309,0.6211,-0.0,-0.0,0.0003,-0.67,-2.28,2.38,100.0,0,0,0
20.9,0.0,-0.2,0.0,-0.008,-0.0309,0.6211,-0.0,-0.0,0.0003,-0.67,-2.28,2.38,100.0,0,0,0
20.92,0.0,-0.2,0.0,-0.008,-0.0309,0.6211,-0.0,-0.0,0.0003,-0.67,-2.28,2.38,100.0,0,0,0
20.94,0.0,-0.2,0.0,-0.008,-0.0309,0.6211,-0.0,-0.0,0.0003,-0.67,-2.28,2.38,100.0,0,0,0
20.96,0.0,-0.2,0.0,-0.008,-0.0309,0.6211,-0.0,-0.0,0.0003,-0.67,-2.28,2.38,100.0,0,0,0
20.98,0.0,-0.2,0.0,-0.008,-0.0309,0.6211,-0.0,-0.0,0.0003,-0.67,-2.28,2.38,100.0,0,0,0
21.0,0.0,-0.2,0.0,-0.008,-0.0309,0.6211,-0.0,-0.0,0.0003,-0.67,-2.28,2.38,100.0,0,0,0
21.02,0.0,-0.2,0.0,-0.008,-0.0309,0.6211,-0.0,-0.0,0.0003,-0.67,-2.28,2.38,100.0,0,0,0
21.04,0.0,-0.2,0.0,-0.008,-0.0309,0.6211,-0.0,-0.0,0.0003,-0.67,-2.28,2.38,100.0,0,0,0
21.06,0.0,-0.2,0.0,-0.008,-0.0309,0.6211,-0.0,-0.0,0.0003,-0.67,-2.28,2.38,100.0,0,0,0
21.08,0.0,-0.2,0.0,-0.008,-0.0309,0.6211,-0.0,-0.0,0.0003,-0.67,-2.28,2.38,100.0,0,0,0
21.1,0.0,-0.2,0.0,-0.008,-0.0309,0.6211,-0.0,-0.0,0.0003,-0.67,-2.28,2.38,100.0,0,0,0
21.12,0.0,-0.2,0.0,-0.008,-0.0309,0.6211,-0.0,-0.0,0.0003,-0.67,-2.28,2.38,100.0,0,0,0
21.14,0.0,-0.2,0.0,-0.008,-0.0309,0.6211,-0.0,-0.0,0.0003,-0.67,-2.28,2.38,100.0,0,0,0
21.16,0.0,-0.2,0.0,-0.008,-0.0309,0.6211,-0.0,-0.0,0.0003,-0.67,-2.28,2.38,100.0,0,0,0
21.18,0.0,-0.2,0.0,-0.008,-0.0309,0.6211,-0.0,-0.0,0.0003,-0.67,-2.28,2.38,100.0,0,0,0
21.2,0.0,-0.2,0.0,-0.008,-0.0309,0.6211,-0.0,-0.0,0.0003,-0.67,-2.28,2.38,100.0,0,0,0
21.22,0.0,-0.2,0.0,-0.008,-0.0309,0.6211,-0.0,-0.0,0.0003,-0.67,-2.28,2.38,100.0,0,0,0
21.24,0.0,-0.2,0.0,-0.008,-0.0309,0.6211,-0.0,-0.0,0.0003,-0.67,-2.28,2.38,100.0,0,0,0
21.26,0.0,-0.2,0.0,-0.008,-0.0309,0.6211,-0.0,-0.0,0.0003,-0.67,-2.28,2.38,100.0,0,0,0
21.28,0.0,-0.2,0.0,-0.008,-0.0309,0.6211,-0.0,-0.0,0.0003,-0.67,-2.28,2.38,100.0,0,0,0
21.3,0.0,-0.2,0.0,-0.008,-0.0309,0.621,-0.0,-0.0,0.0003,-0.67,-2.28,2.38,100.0,0,0,0
21.32,0.0,-0.2,0.0,-0.008,-0.0309,0.621,-0.0,-0.0,0.0003,-0.67,-2.28,2.38,100.0,0,0,0
21.34,0.0,-0.2,0.0,-0.008,-0.0309,0.621,-0.0,-0.0,0.0003,-0.67,-2.28,2.38,100.0,0,0,0
21.36,0.0,-0.2,0.0,-0.008,-0.0309,0.621,-0.0,-0.0,0.0003,-0.67,-2.28,2.38,100.0,0,0,0
21.38,0.0,-0.2,0.0,-0.008,-0.0309,0.621,-0.0,-0.0,0.0003,-0.67,-2.28,2.38,100.0,0,0,0
21.4,0.0,-0.2,0.0,-0.008,-0.0309,0.621,-0.0,-0.0,0.0003,-0.67,-2.28,2.38,100.0,0,0,0
21.42,0.0,-0.2,0.0,-0.008,-0.0309,0.621,-0.0,-0.0,0.0003,-0.67,-2.28,2.38,100.0,0,0,0
21.44,0.0,-0.2,0.0,-0.008,-0.0309,0.621,-0.0,-0.0,0.0003,-0.67,-2.28,2.38,100.0,0,0,0
21.46,0.0,-0.2,0.0,-0.008,-0.0309,0.621,-0.0,-0.0,0.0003,-0.67,-2.28,2.38,100.0,0,0,0
21.48,0.0,-0.2,0.0,-0.008,-0.0309,0.621,-0.0,-0.0,0.0003,-0.67,-2.28,2.38,100.0,0,0,0
21.5,0.0,-0.2,0.0,-0.008,-0.0309,0.621,-0.0,-0.0,0.0003,-0.67,-2.28,2.38,100.0,0,0,0
21.52,0.0,-0.2,0.0,-0.008,-0.0309,0.621,-0.0,-0.0,0.0003,-0.67,-2.28,2.38,100.0,0,0,0
21.54,0.0,-0.2,0.0,-0.008,-0.0309,0.621,-0.0,-0.0,0.0003,-0.67,-2.28,2.38,100.0,0,0,0
21.56,0.0,-0.2,0.0,-0.008,-0.0309,0.621,-0.0,-0.0,0.0003,-0.67,-2.28,2.38,100.0,0,0,0
21.58,0.0,-0.2,0.0,-0.008,-0.0309,0.621,-0.0,-0.0,0.0003,-0.67,-2.28,2.38,100.0,0,0,0
21.6,0.0,-0.2,0.0,-0.008,-0.0309,0.621,-0.0,-0.0,0.0003,-0.67,-2.28,2.38,100.0,0,0,0
21.62,0.0,-0.2,0.0,-0.008,-0.0309,0.621,-0.0,-0.0,0.0003,-0.67,-2.28,2.38,100.0,0,0,0
21.64,0.0,-0.2,0.0,-0.008,-0.0309,0.621,-0.0,-0.0,0.0003,-0.67,-2.28,2.38,100.0,0,0,0
21.66,0.0,-0.2,0.0,-0.008,-0.0309,0.621,-0.0,-0.0,0.0003,-0.67,-2.28,2.38,100.0,0,0,0
21.68,0.0,-0.2,0.0,-0.008,-0.0309,0.621,-0.0,-0.0,0.0003,-0.67,-2.28,2.38,100.0,0,0,0
21.7,0.0,-0.2,0.0,-0.008,-0.0309,0.621,-0.0,-0.0,0.0003,-0.67,-2.28,2.38,100.0,0,0,0
21.72,0.0,-0.2,0.0,-0.008,-0.0309,0.621,-0.0,-0.0,0.0003,-0.67,-2.28,2.38,100.0,0,0,0
21.74,0.0,-0.2,0.0,-0.008,-0.0309,0.621,-0.0,-0.0,0.0003,-0.67,-2.28,2.38,100.0,0,0,0
21.76,0.0,-0.2,0.0,-0.008,-0.0309,0.621,-0.0,-0.0,0.0003,-0.67,-2.28,2.38,100.0,0,0,0
21.78,0.0,-0.2,0.0,-0.008,-0.0309,0.621,-0.0,-0.0,0.0003,-0.67,-2.28,2.38,100.0,0,0,0
21.8,0.0,-0.2,0.0,-0.008,-0.0309,0.621,-0.0,-0.0,0.0003,-0.67,-2.28,2.38,100.0,0,0,0
21.82,0.0,-0.2,0.0,-0.008,-0.0309,0.621,-0.0,-0.0,0.0003,-0.67,-2.28,2.38,100.0,0,0,0
21.84,0.0,-0.2,0.0,-0.008,-0.0309,0.621,-0.0,-0.0,0.0003,-0.67,-2.28,2.38,100.0,0,0,0
21.86,0.0,-0.2,0.0,-0.008,-0.0309,0.621,-0.0,-0.0,0.0003,-0.67,-2.28,2.38,100.0,0,0,0
21.88,0.0,-0.2,0.0,-0.008,-0.0309,0.621,-0.0,-0.0,0.0003,-0.67,-2.28,2.38,100.0,0,0,0
21.9,0.0,-0.2,0.0,-0.008,-0.0309,0.621,-0.0,-0.0,0.0003,-0.67,-2.28,2.38,100.0,0,0,0
21.92,0.0,-0.2,0.0,-0.008,-0.0309,0.621,-0.0,-0.0,0.0003,-0.67,-2.28,2.38,100.0,0,0,0
21.94,0.0,-0.2,0.0,-0.008,-0.0309,0.621,-0.0,-0.0,0.0003,-0.67,-2.28,2.38,100.0,0,0,0
21.96,0.0,-0.2,0.0,-0.008,-0.0309,0.621,-0.0,-0.0,0.0003,-0.67,-2.28,2.38,100.0,0,0,0
21.98,0.0,-0.2,0.0,-0.008,-0.0309,0.621,-0.0,-0.0,0.0003,-0.67,-2.28,2.38,100.0,0,0,0
22.0,0.0,-0.2,0.0,-0.008,-0.0309,0.621,-0.0,-0.0,0.0003,-0.67,-2.28,2.38,100.0,0,0,0
22.02,0.0,-0.2,0.0,-0.008,-0.0309,0.621,-0.0,-0.0,0.0003,-0.67,-2.28,2.38,100.0,0,0,0
22.04,0.0,-0.2,0.0,-0.008,-0.0309,0.621,-0.0,-0.0,0.0003,-0.67,-2.28,2.38,100.0,0,0,0
22.06,0.0,-0.2,0.0,-0.008,-0.0309,0.621,-0.0,-0.0,0.0003,-0.67,-2.28,2.38,100.0,0,0,0
22.08,0.0,-0.2,0.0,-0.008,-0.0309,0.621,-0.0,-0.0,0.0003,-0.67,-2.28,2.38,100.0,0,0,0
22.1,0.0,-0.2,0.0,-0.008,-0.0309,0.621,-0.0,-0.0,0.0003,-0.67,-2.28,2.38,100.0,0,0,0
22.12,0.0,-0.2,0.0,-0.008,-0.0309,0.621,-0.0,-0.0,0.0003,-0.67,-2.28,2.38,100.0,0,0,0
22.14,0.0,-0.2,0.0,-0.008,-0.0309,0.621,-0.0,-0.0,0.0003,-0.67,-2.28,2.38,100.0,0,0,0
22.16,0.0,-0.2,0.0,-0.008,-0.0309,0.621,-0.0,-0.0,0.0003,-0.67,-2.28,2.38,100.0,0,0,0
22.18,0.0,-0.2,0.0,-0.008,-0.0309,0.621,-0.0,-0.0,0.0003,-0.67,-2.28,2.38,100.0,0,0,0
22.2,0.0,-0.2,0.0,-0.008,-0.0309,0.621,-0.0,-0.0,0.0003,-0.67,-2.28,2.38,100.0,0,0,0
22.22,0.0,-0.2,0.0,-0.008,-0.0309,0.621,-0.0,-0.0,0.0003,-0.67,-2.28,2.38,100.0,0,0,0
22.24,0.0,-0.2,0.0,-0.008,-0.0309,0.621,-0.0,-0.0,0.0003,-0.67,-2.28,2.38,100.0,0,0,0
22.26,0.0,-0.2,0.0,-0.008,-0.0309,0.621,-0.0,-0.0,0.0003,-0.67,-2.28,2.38,100.0,0,0,0
22.28,0.0,-0.2,0.0,-0.008,-0.0309,0.621,-0.0,-0.0,0.0003,-0.67,-2.28,2.38,100.0,0,0,0
22.3,0.0,-0.2,0.0,-0.008,-0.0309,0.621,-0.0,-0.0,0.0003,-0.67,-2.28,2.38,100.0,0,0,0
22.32,0.0,-0.2,0.0,-0.008,-0.0309,0.621,-0.0,-0.0,0.0003,-0.67,-2.28,2.38,100.0,0,0,0
22.34,0.0,-0.2,0.0,-0.008,-0.0309,0.621,-0.0,-0.0,0.0003,-0.67,-2.28,2.38,100.0,0,0,0
22.36,0.0,-0.2,0.0,-0.008,-0.0309,0.621,-0.0,-0.0,0.0003,-0.67,-2.28,2.38,100.0,0,0,0
22.38,0.0,-0.2,0.0,-0.008,-0.0309,0.621,-0.0,-0.0,0.0003,-0.67,-2.28,2.38,100.0,0,0,0
22.4,0.0,-0.2,0.0,-0.008,-0.0309,0.621,-0.0,-0.0,0.0003,-0.67,-2.28,2.38,100.0,0,0,0
22.42,0.0,-0.2,0.0,-0.008,-0.0309,0.621,-0.0,-0.0,0.0003,-0.67,-2.28,2.38,100.0,0,0,0
22.44,0.0,-0.2,0.0,-0.008,-0.0309,0.621,-0.0,-0.0,0.0003,-0.67,-2.28,2.38,100.0,0,0,0
22.46,0.0,-0.2,0.0,-0.008,-0.0309,0.621,-0.0,-0.0,0.0003,-0.67,-2.28,2.38,100.0,0,0,0
22.48,0.0,-0.2,0.0,-0.008,-0.0309,0.621,-0.0,-0.0,0.0003,-0.67,-2.28,2.38,100.0,0,0,0
22.5,0.0,-0.2,0.0,-0.008,-0.0309,0.621,-0.0,-0.0,0.0003,-0.67,-2.28,2.38,100.0,0,0,0
22.52,0.0,-0.2,0.0,-0.008,-0.0309,0.621,-0.0,-0.0,0.0003,-0.67,-2.28,2.38,100.0,0,0,0
22.54,0.0,-0.2,0.0,-0.008,-0.0309,0.621,-0.0,-0.0,0.0003,-0.67,-2.28,2.38,100.0,0,0,0
22.56,0.0,-0.2,0.0,-0.008,-0.0309,0.621,-0.0,-0.0,0.0003,-0.67,-2.28,2.38,100.0,0,0,0
22.58,0.0,-0.2,0.0,-0.008,-0.0309,0.621,-0.0,-0.0,0.0003,-0.67,-2.28,2.38,100.0,0,0,0
22.6,0.0,-0.2,0.0,-0.008,-0.0309,0.621,-0.0,-0.0,0.0003,-0.67,-2.28,2.38,100.0,0,0,0
22.62,0.0,-0.2,0.0,-0.008,-0.0309,0.621,-0.0,-0.0,0.0003,-0.67,-2.28,2.38,100.0,0,0,0
22.64,0.0,-0.2,0.0,-0.008,-0.0309,0.621,-0.0,-0.0,0.0003,-0.67,-2.28,2.38,100.0,0,0,0
22.66,0.0,-0.2,0.0,-0.008,-0.0309,0.621,-0.0,-0.0,0.0003,-0.67,-2.28,2.38,100.0,0,0,0
22.68,0.0,-0.2,0.0,-0.008,-0.0309,0.621,-0.0,-0.0,0.0003,-0.67,-2.28,2.38,100.0,0,0,0
22.7,0.0,-0.2,0.0,-0.008,-0.0309,0.621,-0.0,-0.0,0.0003,-0.67,-2.28,2.38,100.0,0,0,0
22.72,0.0,-0.2,0.0,-0.008,-0.0309,0.621,-0.0,-0.0,0.0003,-0.67,-2.28,2.38,100.0,0,0,0
22.74,0.0,-0.2,0.0,-0.008,-0.0309,0.621,-0.0,-0.0,0.0003,-0.67,-2.28,2.38,100.0,0,0,0
22.76,0.0,-0.2,0.0,-0.008,-0.0309,0.621,-0.0,-0.0,0.0003,-0.67,-2.28,2.38,100.0,0,0,0
22.78,0.0,-0.2,0.0,-0.008,-0.0309,0.621,-0.0,-0.0,0.0003,-0.67,-2.28,2.38,100.0,0,0,0
22.8,0.0,-0.2,0.0,-0.008,-0.0309,0.621,-0.0,-0.0,0.0003,-0.67,-2.28,2.38,100.0,0,0,0
22.82,0.0,-0.2,0.0,-0.008,-0.0309,0.621,-0.0,-0.0,0.0003,-0.67,-2.28,2.38,100.0,0,0,0
22.84,0.0,-0.2,0.0,-0.008,-0.0309,0.621,-0.0,-0.0,0.0003,-0.67,-2.28,2.38,100.0,0,0,0
22.86,0.0,-0.2,0.0,-0.008,-0.0309,0.621,-0.0,-0.0,0.0003,-0.67,-2.28,2.38,100.0,0,0,0
22.88,0.0,-0.2,0.0,-0.008,-0.0309,0.621,-0.0,-0.0,0.0003,-0.67,-2.28,2.38,100.0,0,0,0
22.9,0.0,-0.2,0.0,-0.008,-0.0309,0.621,-0.0,-0.0,0.0003,-0.67,-2.28,2.38,100.0,0,0,0
22.92,0.0,-0.2,0.0,-0.008,-0.0309,0.621,-0.0,-0.0,0.0003,-0.67,-2.28,2.38,100.0,0,0,0
22.94,0.0,-0.2,0.0,-0.008,-0.0309,0.621,-0.0,-0.0,0.0003,-0.67,-2.28,2.38,100.0,0,0,0
22.96,0.0,-0.2,0.0,-0.008,-0.0309,0.621,-0.0,-0.0,0.0003,-0.67,-2.28,2.38,100.0,0,0,0
22.98,0.0,-0.2,0.0,-0.008,-0.0309,0.621,-0.0,-0.0,0.0003,-0.67,-2.28,2.38,100.0,0,0,0
23.0,0.0,-0.2,0.0,-0.008,-0.0309,0.621,-0.0,-0.0,0.0003,-0.67,-2.28,2.38,100.0,0,0,0
23.02,0.0,-0.2,0.0,-0.008,-0.0309,0.621,-0.0,-0.0,0.0003,-0.67,-2.28,2.38,100.0,0,0,0
23.04,0.0,-0.2,0.0,-0.008,-0.0309,0.621,-0.0,-0.0,0.0003,-0.67,-2.28,2.38,100.0,0,0,0
23.06,0.0,-0.2,0.0,-0.008,-0.0309,0.621,-0.0,-0.0,0.0003,-0.67,-2.28,2.38,100.0,0,0,0
23.08,0.0,-0.2,0.0,-0.008,-0.0309,0.621,-0.0,-0.0,0.0003,-0.67,-2.28,2.38,100.0,0,0,0
23.1,0.0,-0.2,0.0,-0.008,-0.0309,0.621,-0.0,-0.0,0.0003,-0.67,-2.28,2.38,100.0,0,0,0
23.12,0.0,-0.2,0.0,-0.008,-0.0309,0.621,-0.0,-0.0,0.0003,-0.67,-2.28,2.38,100.0,0,0,0
23.14,0.0,-0.2,0.0,-0.008,-0.0309,0.621,-0.0,-0.0,0.0003,-0.67,-2.28,2.38,100.0,0,0,0
23.16,0.0,-0.2,0.0,-0.008,-0.0309,0.621,-0.0,-0.0,0.0003,-0.67,-2.28,2.38,100.0,0,0,0
23.18,0.0,-0.2,0.0,-0.008,-0.0309,0.621,-0.0,-0.0,0.0003,-0.67,-2.28,2.38,100.0,0,0,0
23.2,0.0,-0.2,0.0,-0.008,-0.0309,0.621,-0.0,-0.0,0.0003,-0.67,-2.28,2.38,100.0,0,0,0
23.22,0.0,-0.2,0.0,-0.008,-0.0309,0.621,-0.0,-0.0,0.0003,-0.67,-2.28,2.38,100.0,0,0,0
23.24,0.0,-0.2,0.0,-0.008,-0.0309,0.621,-0.0,-0.0,0.0003,-0.67,-2.28,2.38,100.0,0,0,0
23.26,0.0,-0.2,0.0,-0.008,-0.0309,0.621,-0.0,-0.0,0.0003,-0.67,-2.28,2.38,100.0,0,0,0
23.28,0.0,-0.2,0.0,-0.008,-0.0309,0.621,-0.0,-0.0,0.0003,-0.67,-2.28,2.38,100.0,0,0,0
23.3,0.0,-0.2,0.0,-0.008,-0.0309,0.621,-0.0,-0.0,0.0003,-0.67,-2.28,2.38,100.0,0,0,0
23.32,0.0,-0.2,0.0,-0.008,-0.0309,0.621,-0.0,-0.0,0.0003,-0.67,-2.28,2.38,100.0,0,0,0
23.34,0.0,-0.2,0.0,-0.008,-0.0309,0.621,-0.0,-0.0,0.0003,-0.67,-2.28,2.38,100.0,0,0,0
23.36,0.0,-0.2,0.0,-0.008,-0.0309,0.621,-0.0,-0.0,0.0003,-0.67,-2.28,2.38,100.0,0,0,0
23.38,0.0,-0.2,0.0,-0.008,-0.0309,0.621,-0.0,-0.0,0.0003,-0.67,-2.28,2.38,100.0,0,0,0
23.4,0.0,-0.2,0.0,-0.008,-0.0309,0.621,-0.0,-0.0,0.0003,-0.67,-2.28,2.38,100.0,0,0,0
23.42,0.0,-0.2,0.0,-0.008,-0.0309,0.621,-0.0,-0.0,0.0003,-0.67,-2.28,2.38,100.0,0,0,0
23.44,0.0,-0.2,0.0,-0.008,-0.0309,0.621,-0.0,-0.0,0.0003,-0.67,-2.28,2.38,100.0,0,0,0
23.46,0.0,-0.2,0.0,-0.008,-0.0309,0.621,-0.0,-0.0,0.0003,-0.67,-2.28,2.38,100.0,0,0,0
23.48,0.0,-0.2,0.0,-0.008,-0.0309,0.621,-0.0,-0.0,0.0003,-0.67,-2.28,2.38,100.0,0,0,0
23.5,0.0,-0.2,0.0,-0.008,-0.0309,0.621,-0.0,-0.0,0.0003,-0.67,-2.28,2.38,100.0,0,0,0
23.52,0.0,-0.2,0.0,-0.008,-0.0309,0.621,-0.0,-0.0,0.0003,-0.67,-2.28,2.38,100.0,0,0,0
23.54,0.0,-0.2,0.0,-0.008,-0.0309,0.621,-0.0,-0.0,0.0003,-0.67,-2.28,2.38,100.0,0,0,0
23.56,0.0,-0.2,0.0,-0.008,-0.0309,0.621,-0.0,-0.0,0.0003,-0.67,-2.28,2.38,100.0,0,0,0
23.58,0.0,-0.2,0.0,-0.008,-0.0309,0.621,-0.0,-0.0,0.0003,-0.67,-2.28,2.38,100.0,0,0,0
23.6,0.0,-0.2,0.0,-0.008,-0.0309,0.621,-0.0,-0.0,0.0003,-0.67,-2.28,2.38,100.0,0,0,0
23.62,0.0,-0.2,0.0,-0.008,-0.0309,0.621,-0.0,-0.0,0.0003,-0.67,-2.28,2.38,100.0,0,0,0
23.64,0.0,-0.2,0.0,-0.008,-0.0309,0.621,-0.0,-0.0,0.0003,-0.67,-2.28,2.38,100.0,0,0,0
23.66,0.0,-0.2,0.0,-0.008,-0.0309,0.621,-0.0,-0.0,0.0003,-0.67,-2.28,2.38,100.0,0,0,0
23.68,0.0,-0.2,0.0,-0.008,-0.0309,0.621,-0.0,-0.0,0.0003,-0.67,-2.28,2.38,100.0,0,0,0
23.7,0.0,-0.2,0.0,-0.008,-0.0309,0.621,-0.0,-0.0,0.0003,-0.67,-2.28,2.38,100.0,0,0,0
23.72,0.0,-0.2,0.0,-0.008,-0.0309,0.621,-0.0,-0.0,0.0003,-0.67,-2.28,2.38,100.0,0,0,0
23.74,0.0,-0.2,0.0,-0.008,-0.0309,0.621,-0.0,-0.0,0.0003,-0.67,-2.28,2.38,100.0,0,0,0
23.76,0.0,-0.2,0.0,-0.008,-0.0309,0.621,-0.0,-0.0,0.0003,-0.67,-2.28,2.38,100.0,0,0,0
23.78,0.0,-0.2,0.0,-0.008,-0.0309,0.621,-0.0,-0.0,0.0003,-0.67,-2.28,2.38,100.0,0,0,0
23.8,0.0,-0.2,0.0,-0.008,-0.0309,0.621,-0.0,-0.0,0.0003,-0.67,-2.28,2.38,100.0,0,0,0
23.82,0.0,-0.2,0.0,-0.008,-0.0309,0.621,-0.0,-0.0,0.0003,-0.67,-2.28,2.38,100.0,0,0,0
23.84,0.0,-0.2,0.0,-0.008,-0.0309,0.621,-0.0,-0.0,0.0003,-0.67,-2.28,2.38,100.0,0,0,0
23.86,0.0,-0.2,0.0,-0.008,-0.0309,0.621,-0.0,-0.0,0.0003,-0.67,-2.28,2.38,100.0,0,0,0
23.88,0.0,-0.2,0.0,-0.008,-0.0309,0.621,-0.0,-0.0,0.0003,-0.67,-2.28,2.38,100.0,0,0,0
23.9,0.0,-0.2,0.0,-0.008,-0.0309,0.621,-0.0,-0.0,0.0003,-0.67,-2.28,2.38,100.0,0,0,0
23.92,0.0,-0.2,0.0,-0.008,-0.0309,0.621,-0.0,-0.0,0.0003,-0.67,-2.28,2.38,100.0,0,0,0
23.94,0.0,-0.2,0.0,-0.008,-0.0309,0.621,-0.0,-0.0,0.0003,-0.67,-2.28,2.38,100.0,0,0,0
23.96,0.0,-0.2,0.0,-0.008,-0.0309,0.621,-0.0,-0.0,0.0003,-0.67,-2.28,2.38,100.0,0,0,0
23.98,0.0,-0.2,0.0,-0.008,-0.0309,0.621,-0.0,-0.0,0.0003,-0.67,-2.28,2.38,100.0,0,0,0
24.0,0.0,-0.2,0.0,-0.008,-0.0309,0.621,-0.0,-0.0,0.0003,-0.67,-2.28,2.38,100.0,0,0,0
24.02,0.0,-0.2,0.0,-0.008,-0.0309,0.621,-0.0,-0.0,0.0003,-0.67,-2.28,2.38,100.0,0,0,0
24.04,0.0,-0.2,0.0,-0.008,-0.0309,0.621,-0.0,-0.0,0.0003,-0.67,-2.28,2.38,100.0,0,0,0
24.06,0.0,-0.2,0.0,-0.008,-0.0309,0.621,-0.0,-0.0,0.0003,-0.67,-2.28,2.38,100.0,0,0,0
24.08,0.0,-0.2,0.0,-0.008,-0.0309,0.621,-0.0,-0.0,0.0003,-0.67,-2.28,2.38,100.0,0,0,0
24.1,0.0,-0.2,0.0,-0.008,-0.0309,0.621,-0.0,-0.0,0.0003,-0.67,-2.28,2.38,100.0,0,0,0
24.12,0.0,-0.2,0.0,-0.008,-0.0309,0.621,-0.0,-0.0,0.0003,-0.67,-2.28,2.38,100.0,0,0,0
24.14,0.0,-0.2,0.0,-0.008,-0.0309,0.621,-0.0,-0.0,0.0003,-0.67,-2.28,2.38,100.0,0,0,0
24.16,0.0,-0.2,0.0,-0.008,-0.0309,0.621,-0.0,-0.0,0.0003,-0.67,-2.28,2.38,100.0,0,0,0
24.18,0.0,-0.2,0.0,-0.008,-0.0309,0.621,-0.0,-0.0,0.0003,-0.67,-2.28,2.38,100.0,0,0,0
24.2,0.0,-0.2,0.0,-0.008,-0.0309,0.621,-0.0,-0.0,0.0003,-0.67,-2.28,2.38,100.0,0,0,0
24.22,0.0,-0.2,0.0,-0.008,-0.0309,0.621,-0.0,-0.0,0.0003,-0.67,-2.28,2.38,100.0,0,0,0
24.24,0.0,-0.2,0.0,-0.008,-0.0309,0.621,-0.0,-0.0,0.0003,-0.67,-2.28,2.38,100.0,0,0,0
24.26,0.0,-0.2,0.0,-0.008,-0.0309,0.621,-0.0,-0.0,0.0003,-0.67,-2.28,2.38,100.0,0,0,0
24.28,0.0,-0.2,0.0,-0.008,-0.0309,0.621,-0.0,-0.0,0.0003,-0.67,-2.28,2.38,100.0,0,0,0
24.3,0.0,-0.2,0.0,-0.008,-0.0309,0.621,-0.0,-0.0,0.0003,-0.67,-2.28,2.38,100.0,0,0,0
24.32,0.0,-0.2,0.0,-0.008,-0.0309,0.621,-0.0,-0.0,0.0003,-0.67,-2.28,2.38,100.0,0,0,0
24.34,0.0,-0.2,0.0,-0.008,-0.0309,0.621,-0.0,-0.0,0.0003,-0.67,-2.28,2.38,100.0,0,0,0
24.36,0.0,-0.2,0.0,-0.008,-0.0309,0.621,-0.0,-0.0,0.0003,-0.67,-2.28,2.38,100.0,0,0,0
24.38,0.0,-0.2,0.0,-0.008,-0.0309,0.621,-0.0,-0.0,0.0003,-0.67,-2.28,2.38,100.0,0,0,0
24.4,0.0,-0.2,0.0,-0.008,-0.0309,0.621,-0.0,-0.0,0.0003,-0.67,-2.28,2.38,100.0,0,0,0
24.42,0.0,-0.2,0.0,-0.008,-0.0309,0.621,-0.0,-0.0,0.0003,-0.67,-2.28,2.38,100.0,0,0,0
24.44,0.0,-0.2,0.0,-0.008,-0.0309,0.621,-0.0,-0.0,0.0003,-0.67,-2.28,2.38,100.0,0,0,0
24.46,0.0,-0.2,0.0,-0.008,-0.0309,0.621,-0.0,-0.0,0.0003,-0.67,-2.28,2.38,100.0,0,0,0
24.48,0.0,-0.2,0.0,-0.008,-0.0309,0.621,-0.0,-0.0,0.0003,-0.67,-2.28,2.38,100.0,0,0,0
24.5,0.0,-0.2,0.0,-0.008,-0.0309,0.621,-0.0,-0.0,0.0003,-0.67,-2.28,2.38,100.0,0,0,0
24.52,0.0,-0.2,0.0,-0.008,-0.0309,0.621,-0.0,-0.0,0.0003,-0.67,-2.28,2.38,100.0,0,0,0
24.54,0.0,-0.2,0.0,-0.008,-0.0309,0.621,-0.0,-0.0,0.0003,-0.67,-2.28,2.38,100.0,0,0,0
24.56,0.0,-0.2,0.0,-0.008,-0.0309,0.621,-0.0,-0.0,0.0003,-0.67,-2.28,2.38,100.0,0,0,0
24.58,0.0,-0.2,0.0,-0.008,-0.0309,0.621,-0.0,-0.0,0.0003,-0.67,-2.28,2.38,100.0,0,0,0
24.6,0.0,-0.2,0.0,-0.008,-0.0309,0.621,-0.0,-0.0,0.0003,-0.67,-2.28,2.38,100.0,0,0,0
24.62,0.0,-0.2,0.0,-0.008,-0.0309,0.621,-0.0,-0.0,0.0003,-0.67,-2.28,2.38,100.0,0,0,0
24.64,0.0,-0.2,0.0,-0.008,-0.0309,0.621,-0.0,-0.0,0.0003,-0.67,-2.28,2.38,100.0,0,0,0
24.66,0.0,-0.2,0.0,-0.008,-0.0309,0.621,-0.0,-0.0,0.0003,-0.67,-2.28,2.38,100.0,0,0,0
24.68,0.0,-0.2,0.0,-0.008,-0.0309,0.621,-0.0,-0.0,0.0003,-0.67,-2.28,2.38,100.0,0,0,0
24.7,0.0,-0.2,0.0,-0.008,-0.0309,0.621,-0.0,-0.0,0.0003,-0.67,-2.28,2.38,100.0,0,0,0
24.72,0.0,-0.2,0.0,-0.008,-0.0309,0.621,-0.0,-0.0,0.0003,-0.67,-2.28,2.38,100.0,0,0,0
24.74,0.0,-0.2,0.0,-0.008,-0.0309,0.621,-0.0,-0.0,0.0003,-0.67,-2.28,2.38,100.0,0,0,0
24.76,0.0,-0.2,0.0,-0.008,-0.0309,0.621,-0.0,-0.0,0.0003,-0.67,-2.28,2.38,100.0,0,0,0
24.78,0.0,-0.2,0.0,-0.008,-0.0309,0.621,-0.0,-0.0,0.0003,-0.66,-2.28,2.38,100.0,0,0,0
24.8,0.0,-0.2,0.0,-0.008,-0.0309,0.621,-0.0,-0.0,0.0003,-0.66,-2.28,2.38,100.0,0,0,0
24.82,0.0,-0.2,0.0,-0.008,-0.0309,0.621,-0.0,-0.0,0.0003,-0.66,-2.28,2.38,100.0,0,0,0
24.84,0.0,-0.2,0.0,-0.008,-0.0309,0.621,-0.0,-0.0,0.0003,-0.66,-2.28,2.38,100.0,0,0,0
24.86,0.0,-0.2,0.0,-0.008,-0.0309,0.621,-0.0,-0.0,0.0003,-0.66,-2.28,2.38,100.0,0,0,0
24.88,0.0,-0.2,0.0,-0.008,-0.0309,0.621,-0.0,-0.0,0.0003,-0.66,-2.28,2.38,100.0,0,0,0
24.9,0.0,-0.2,0.0,-0.008,-0.0309,0.621,-0.0,-0.0,0.0003,-0.66,-2.28,2.38,100.0,0,0,0
24.92,0.0,-0.2,0.0,-0.008,-0.0309,0.621,-0.0,-0.0,0.0003,-0.66,-2.28,2.38,100.0,0,0,0
24.94,0.0,-0.2,0.0,-0.008,-0.0309,0.621,-0.0,-0.0,0.0003,-0.66,-2.28,2.38,100.0,0,0,0
24.96,0.0,-0.2,0.0,-0.008,-0.0309,0.621,-0.0,-0.0,0.0003,-0.66,-2.28,2.38,100.0,0,0,0
24.98,0.0,-0.2,0.0,-0.008,-0.0309,0.621,-0.0,-0.0,0.0003,-0.66,-2.28,2.38,100.0,0,0,0
25.0,0.0,-0.2,0.0,-0.008,-0.0309,0.621,-0.0,-0.0,0.0003,-0.66,-2.28,2.38,100.0,0,0,0
25.02,0.0,-0.2,0.0,-0.008,-0.0309,0.621,-0.0,-0.0,0.0003,-0.66,-2.28,2.38,100.0,0,0,0
25.04,0.0,-0.2,0.0,-0.008,-0.0309,0.621,-0.0,-0.0,0.0003,-0.66,-2.28,2.38,100.0,0,0,0
25.06,0.0,-0.2,0.0,-0.008,-0.0309,0.621,-0.0,-0.0,0.0003,-0.66,-2.28,2.38,100.0,0,0,0
25.08,0.0,-0.2,0.0,-0.008,-0.0309,0.621,-0.0,-0.0,0.0003,-0.66,-2.28,2.38,100.0,0,0,0
25.1,0.0,-0.2,0.0,-0.008,-0.0309,0.621,-0.0,-0.0,0.0003,-0.66,-2.28,2.38,100.0,0,0,0
25.12,0.0,-0.2,0.0,-0.008,-0.0309,0.621,-0.0,-0.0,0.0003,-0.66,-2.28,2.38,100.0,0,0,0
25.14,0.0,-0.2,0.0,-0.008,-0.0309,0.621,-0.0,-0.0,0.0003,-0.66,-2.28,2.38,100.0,0,0,0
25.16,0.0,-0.2,0.0,-0.008,-0.0309,0.621,-0.0,-0.0,0.0003,-0.66,-2.28,2.38,100.0,0,0,0
25.18,0.0,-0.2,0.0,-0.008,-0.0309,0.621,-0.0,-0.0,0.0003,-0.66,-2.28,2.38,100.0,0,0,0
25.2,0.0,-0.2,0.0,-0.008,-0.0309,0.621,-0.0,-0.0,0.0002,-0.66,-2.28,2.38,100.0,0,0,0
25.22,0.0,-0.2,0.0,-0.008,-0.0309,0.621,-0.0,-0.0,0.0002,-0.66,-2.28,2.38,100.0,0,0,0
25.24,0.0,-0.2,0.0,-0.008,-0.0309,0.621,-0.0,-0.0,0.0002,-0.66,-2.28,2.38,100.0,0,0,0
25.26,0.0,-0.2,0.0,-0.008,-0.0309,0.621,-0.0,-0.0,0.0002,-0.66,-2.28,2.38,100.0,0,0,0
25.28,0.0,-0.2,0.0,-0.008,-0.0309,0.621,-0.0,-0.0,0.0002,-0.66,-2.28,2.38,100.0,0,0,0
25.3,0.0,-0.2,0.0,-0.008,-0.0309,0.621,-0.0,-0.0,0.0002,-0.66,-2.28,2.38,100.0,0,0,0
25.32,0.0,-0.2,0.0,-0.008,-0.0309,0.621,-0.0,-0.0,0.0002,-0.66,-2.28,2.38,100.0,0,0,0
25.34,0.0,-0.2,0.0,-0.008,-0.0309,0.621,-0.0,-0.0,0.0002,-0.66,-2.28,2.38,100.0,0,0,0
25.36,0.0,-0.2,0.0,-0.008,-0.0309,0.621,-0.0,-0.0,0.0002,-0.66,-2.28,2.38,100.0,0,0,0
25.38,0.0,-0.2,0.0,-0.008,-0.0309,0.621,-0.0,-0.0,0.0002,-0.66,-2.28,2.38,100.0,0,0,0
25.4,0.0,-0.2,0.0,-0.008,-0.0309,0.621,-0.0,-0.0,0.0002,-0.66,-2.28,2.38,100.0,0,0,0
25.42,0.0,-0.2,0.0,-0.008,-0.0309,0.621,-0.0,-0.0,0.0002,-0.66,-2.28,2.38,100.0,0,0,0
25.44,0.0,-0.2,0.0,-0.008,-0.0309,0.621,-0.0,-0.0,0.0002,-0.66,-2.28,2.38,100.0,0,0,0
25.46,0.0,-0.2,0.0,-0.008,-0.0309,0.621,-0.0,-0.0,0.0002,-0.66,-2.28,2.38,100.0,0,0,0
25.48,0.0,-0.2,0.0,-0.008,-0.0309,0.621,-0.0,-0.0,0.0002,-0.66,-2.28,2.38,100.0,0,0,0
25.5,0.0,-0.2,0.0,-0.008,-0.0309,0.621,-0.0,-0.0,0.0002,-0.66,-2.28,2.38,100.0,0,0,0
25.52,0.0,-0.2,0.0,-0.008,-0.0309,0.621,-0.0,-0.0,0.0002,-0.66,-2.28,2.38,100.0,0,0,0
25.54,0.0,-0.2,0.0,-0.008,-0.0309,0.621,-0.0,-0.0,0.0002,-0.66,-2.28,2.38,100.0,0,0,0
25.56,0.0,-0.2,0.0,-0.008,-0.0309,0.621,-0.0,-0.0,0.0002,-0.66,-2.28,2.38,100.0,0,0,0
25.58,0.0,-0.2,0.0,-0.008,-0.0309,0.621,-0.0,-0.0,0.0002,-0.66,-2.28,2.38,100.0,0,0,0
25.6,0.0,-0.2,0.0,-0.008,-0.0309,0.621,-0.0,-0.0,0.0002,-0.66,-2.28,2.38,100.0,0,0,0
25.62,0.0,-0.2,0.0,-0.008,-0.0309,0.621,-0.0,-0.0,0.0002,-0.66,-2.28,2.38,100.0,0,0,0
25.64,0.0,-0.2,0.0,-0.008,-0.0309,0.621,-0.0,-0.0,0.0002,-0.66,-2.28,2.38,100.0,0,0,0
25.66,0.0,-0.2,0.0,-0.008,-0.0309,0.621,-0.0,-0.0,0.0002,-0.66,-2.28,2.38,100.0,0,0,0
25.68,0.0,-0.2,0.0,-0.008,-0.0309,0.621,-0.0,-0.0,0.0002,-0.66,-2.28,2.38,100.0,0,0,0
25.7,0.0,-0.2,0.0,-0.008,-0.0309,0.621,-0.0,-0.0,0.0002,-0.66,-2.28,2.38,100.0,0,0,0
25.72,0.0,-0.2,0.0,-0.008,-0.0309,0.621,-0.0,-0.0,0.0002,-0.66,-2.28,2.38,100.0,0,0,0
25.74,0.0,-0.2,0.0,-0.008,-0.0309,0.621,-0.0,-0.0,0.0002,-0.66,-2.28,2.38,100.0,0,0,0
25.76,0.0,-0.2,0.0,-0.008,-0.0309,0.621,-0.0,-0.0,0.0002,-0.66,-2.28,2.38,100.0,0,0,0
25.78,0.0,-0.2,0.0,-0.008,-0.0309,0.621,-0.0,-0.0,0.0002,-0.66,-2.28,2.38,100.0,0,0,0
25.8,0.0,-0.2,0.0,-0.008,-0.0309,0.621,-0.0,-0.0,0.0002,-0.66,-2.28,2.38,100.0,0,0,0
25.82,0.0,-0.2,0.0,-0.008,-0.0309,0.621,-0.0,-0.0,0.0002,-0.66,-2.28,2.38,100.0,0,0,0
25.84,0.0,-0.2,0.0,-0.008,-0.0309,0.621,-0.0,-0.0,0.0002,-0.66,-2.28,2.38,100.0,0,0,0
25.86,0.0,-0.2,0.0,-0.008,-0.0309,0.621,-0.0,-0.0,0.0002,-0.66,-2.28,2.38,100.0,0,0,0
25.88,0.0,-0.2,0.0,-0.008,-0.0309,0.621,-0.0,-0.0,0.0002,-0.66,-2.28,2.38,100.0,0,0,0
25.9,0.0,-0.2,0.0,-0.008,-0.0309,0.621,-0.0,-0.0,0.0002,-0.66,-2.28,2.38,100.0,0,0,0
25.92,0.0,-0.2,0.0,-0.008,-0.0309,0.621,-0.0,-0.0,0.0002,-0.66,-2.28,2.38,100.0,0,0,0
25.94,0.0,-0.2,0.0,-0.008,-0.0309,0.621,-0.0,-0.0,0.0002,-0.66,-2.28,2.38,100.0,0,0,0
25.96,0.0,-0.2,0.0,-0.008,-0.0309,0.621,-0.0,-0.0,0.0002,-0.66,-2.28,2.38,100.0,0,0,0
25.98,0.0,-0.2,0.0,-0.008,-0.0309,0.621,-0.0,-0.0,0.0002,-0.66,-2.28,2.38,100.0,0,0,0
26.0,0.0,-0.2,0.0,-0.008,-0.0309,0.621,-0.0,-0.0,0.0002,-0.66,-2.28,2.38,100.0,0,0,0
26.02,0.0,-0.2,0.0,-0.008,-0.0309,0.621,-0.0,-0.0,0.0002,-0.66,-2.28,2.38,100.0,0,0,0
26.04,0.0,-0.2,0.0,-0.008,-0.0309,0.621,-0.0,-0.0,0.0002,-0.66,-2.28,2.38,100.0,0,0,0
26.06,0.0,-0.2,0.0,-0.008,-0.0309,0.621,-0.0,-0.0,0.0002,-0.66,-2.28,2.38,100.0,0,0,0
26.08,0.0,-0.2,0.0,-0.008,-0.0309,0.621,-0.0,-0.0,0.0002,-0.66,-2.28,2.38,100.0,0,0,0
26.1,0.0,-0.2,0.0,-0.008,-0.0309,0.621,-0.0,-0.0,0.0002,-0.66,-2.28,2.38,100.0,0,0,0
26.12,0.0,-0.2,0.0,-0.008,-0.0309,0.621,-0.0,-0.0,0.0002,-0.66,-2.28,2.38,100.0,0,0,0
26.14,0.0,-0.2,0.0,-0.008,-0.0309,0.621,-0.0,-0.0,0.0002,-0.66,-2.28,2.38,100.0,0,0,0
26.16,0.0,-0.2,0.0,-0.008,-0.0309,0.621,-0.0,-0.0,0.0002,-0.66,-2.28,2.38,100.0,0,0,0
26.18,0.0,-0.2,0.0,-0.008,-0.0309,0.621,-0.0,-0.0,0.0002,-0.66,-2.28,2.38,100.0,0,0,0
26.2,0.0,-0.2,0.0,-0.008,-0.0309,0.621,-0.0,-0.0,0.0002,-0.66,-2.28,2.38,100.0,0,0,0
26.22,0.0,-0.2,0.0,-0.008,-0.0309,0.621,-0.0,-0.0,0.0002,-0.66,-2.28,2.38,100.0,0,0,0
26.24,0.0,-0.2,0.0,-0.008,-0.0309,0.621,-0.0,-0.0,0.0002,-0.66,-2.28,2.38,100.0,0,0,0
26.26,0.0,-0.2,0.0,-0.008,-0.0309,0.621,-0.0,-0.0,0.0002,-0.66,-2.28,2.38,100.0,0,0,0
26.28,0.0,-0.2,0.0,-0.008,-0.0309,0.621,-0.0,-0.0,0.0002,-0.66,-2.28,2.38,100.0,0,0,0
26.3,0.0,-0.2,0.0,-0.008,-0.0309,0.621,-0.0,-0.0,0.0002,-0.66,-2.28,2.38,100.0,0,0,0
26.32,0.0,-0.2,0.0,-0.008,-0.0309,0.621,-0.0,-0.0,0.0002,-0.66,-2.28,2.38,100.0,0,0,0
26.34,0.0,-0.2,0.0,-0.008,-0.0309,0.621,-0.0,-0.0,0.0002,-0.66,-2.28,2.38,100.0,0,0,0
26.36,0.0,-0.2,0.0,-0.008,-0.0309,0.621,-0.0,-0.0,0.0002,-0.66,-2.28,2.38,100.0,0,0,0
26.38,0.0,-0.2,0.0,-0.008,-0.0309,0.621,-0.0,-0.0,0.0002,-0.66,-2.28,2.38,100.0,0,0,0
26.4,0.0,-0.2,0.0,-0.008,-0.0309,0.621,-0.0,-0.0,0.0002,-0.66,-2.28,2.38,100.0,0,0,0
26.42,0.0,-0.2,0.0,-0.008,-0.0309,0.621,-0.0,-0.0,0.0002,-0.66,-2.28,2.38,100.0,0,0,0
26.44,0.0,-0.2,0.0,-0.008,-0.0309,0.621,-0.0,-0.0,0.0002,-0.66,-2.28,2.38,100.0,0,0,0
26.46,0.0,-0.2,0.0,-0.008,-0.0309,0.621,-0.0,-0.0,0.0002,-0.66,-2.28,2.38,100.0,0,0,0
26.48,0.0,-0.2,0.0,-0.008,-0.0309,0.621,-0.0,-0.0,0.0002,-0.66,-2.28,2.38,100.0,0,0,0
26.5,0.0,-0.2,0.0,-0.008,-0.0309,0.621,-0.0,-0.0,0.0002,-0.66,-2.28,2.38,100.0,0,0,0
26.52,0.0,-0.2,0.0,-0.008,-0.0309,0.621,-0.0,-0.0,0.0002,-0.66,-2.28,2.38,100.0,0,0,0
26.54,0.0,-0.2,0.0,-0.008,-0.0309,0.621,-0.0,-0.0,0.0002,-0.66,-2.28,2.38,100.0,0,0,0
26.56,0.0,-0.2,0.0,-0.008,-0.0309,0.621,-0.0,-0.0,0.0002,-0.66,-2.28,2.38,100.0,0,0,0
26.58,0.0,-0.2,0.0,-0.008,-0.0309,0.621,-0.0,-0.0,0.0002,-0.66,-2.28,2.38,100.0,0,0,0
26.6,0.0,-0.2,0.0,-0.008,-0.0309,0.621,-0.0,-0.0,0.0002,-0.66,-2.28,2.38,100.0,0,0,0
26.62,0.0,-0.2,0.0,-0.008,-0.0309,0.621,-0.0,-0.0,0.0002,-0.66,-2.28,2.38,100.0,0,0,0
26.64,0.0,-0.2,0.0,-0.008,-0.0309,0.621,-0.0,-0.0,0.0002,-0.66,-2.28,2.38,100.0,0,0,0
26.66,0.0,-0.2,0.0,-0.008,-0.0309,0.621,-0.0,-0.0,0.0002,-0.66,-2.28,2.38,100.0,0,0,0
26.68,0.0,-0.2,0.0,-0.008,-0.0309,0.621,-0.0,-0.0,0.0002,-0.66,-2.28,2.38,100.0,0,0,0
26.7,0.0,-0.2,0.0,-0.008,-0.0309,0.621,-0.0,-0.0,0.0002,-0.66,-2.28,2.38,100.0,0,0,0
26.72,0.0,-0.2,0.0,-0.008,-0.0309,0.621,-0.0,-0.0,0.0002,-0.66,-2.28,2.38,100.0,0,0,0
26.74,0.0,-0.2,0.0,-0.008,-0.0309,0.621,-0.0,-0.0,0.0002,-0.66,-2.28,2.38,100.0,0,0,0
26.76,0.0,-0.2,0.0,-0.008,-0.0309,0.621,-0.0,-0.0,0.0002,-0.66,-2.28,2.38,100.0,0,0,0
26.78,0.0,-0.2,0.0,-0.008,-0.0309,0.621,-0.0,-0.0,0.0002,-0.66,-2.28,2.38,100.0,0,0,0
26.8,0.0,-0.2,0.0,-0.008,-0.0309,0.621,-0.0,-0.0,0.0002,-0.66,-2.28,2.38,100.0,0,0,0
26.82,0.0,-0.2,0.0,-0.008,-0.0309,0.621,-0.0,-0.0,0.0002,-0.66,-2.28,2.38,100.0,0,0,0
26.84,0.0,-0.2,0.0,-0.008,-0.0309,0.621,-0.0,-0.0,0.0002,-0.66,-2.28,2.38,100.0,0,0,0
26.86,0.0,-0.2,0.0,-0.008,-0.0309,0.621,-0.0,-0.0,0.0002,-0.66,-2.28,2.38,100.0,0,0,0
26.88,0.0,-0.2,0.0,-0.008,-0.0309,0.621,-0.0,-0.0,0.0002,-0.66,-2.28,2.38,100.0,0,0,0
26.9,0.0,-0.2,0.0,-0.008,-0.0309,0.621,-0.0,-0.0,0.0002,-0.66,-2.28,2.38,100.0,0,0,0
26.92,0.0,-0.2,0.0,-0.008,-0.0309,0.621,-0.0,-0.0,0.0002,-0.66,-2.28,2.38,100.0,0,0,0
26.94,0.0,-0.2,0.0,-0.008,-0.0309,0.621,-0.0,-0.0,0.0002,-0.66,-2.28,2.38,100.0,0,0,0
26.96,0.0,-0.2,0.0,-0.008,-0.0309,0.621,-0.0,-0.0,0.0002,-0.66,-2.28,2.38,100.0,0,0,0
26.98,0.0,-0.2,0.0,-0.008,-0.0309,0.621,-0.0,-0.0,0.0002,-0.66,-2.28,2.38,100.0,0,0,0
27.0,0.0,-0.2,0.0,-0.008,-0.0309,0.621,-0.0,-0.0,0.0002,-0.66,-2.28,2.38,100.0,0,0,0
27.02,0.0,-0.2,0.0,-0.008,-0.0309,0.621,-0.0,-0.0,0.0002,-0.66,-2.28,2.38,100.0,0,0,0
27.04,0.0,-0.2,0.0,-0.008,-0.0309,0.621,-0.0,-0.0,0.0002,-0.66,-2.28,2.38,100.0,0,0,0
27.06,0.0,-0.2,0.0,-0.008,-0.0309,0.621,-0.0,-0.0,0.0002,-0.66,-2.28,2.38,100.0,0,0,0
27.08,0.0,-0.2,0.0,-0.008,-0.0309,0.621,-0.0,-0.0,0.0002,-0.66,-2.28,2.38,100.0,0,0,0
27.1,0.0,-0.2,0.0,-0.008,-0.0309,0.621,-0.0,-0.0,0.0002,-0.66,-2.28,2.38,100.0,0,0,0
27.12,0.0,-0.2,0.0,-0.008,-0.0309,0.621,-0.0,-0.0,0.0002,-0.66,-2.28,2.38,100.0,0,0,0
27.14,0.0,-0.2,0.0,-0.008,-0.0309,0.621,-0.0,-0.0,0.0002,-0.66,-2.28,2.38,100.0,0,0,0
27.16,0.0,-0.2,0.0,-0.008,-0.0309,0.621,-0.0,-0.0,0.0002,-0.66,-2.28,2.38,100.0,0,0,0
27.18,0.0,-0.2,0.0,-0.008,-0.0309,0.621,-0.0,-0.0,0.0002,-0.66,-2.28,2.38,100.0,0,0,0
27.2,0.0,-0.2,0.0,-0.008,-0.0309,0.621,-0.0,-0.0,0.0002,-0.66,-2.28,2.38,100.0,0,0,0
27.22,0.0,-0.2,0.0,-0.008,-0.0309,0.621,-0.0,-0.0,0.0002,-0.66,-2.28,2.38,100.0,0,0,0
27.24,0.0,-0.2,0.0,-0.008,-0.0309,0.621,-0.0,-0.0,0.0002,-0.66,-2.28,2.38,100.0,0,0,0
27.26,0.0,-0.2,0.0,-0.008,-0.0309,0.621,-0.0,-0.0,0.0002,-0.66,-2.28,2.38,100.0,0,0,0
27.28,0.0,-0.2,0.0,-0.008,-0.031,0.621,-0.0,-0.0,0.0002,-0.66,-2.28,2.38,100.0,0,0,0
27.3,0.0,-0.2,0.0,-0.008,-0.031,0.621,-0.0,-0.0,0.0002,-0.66,-2.28,2.38,100.0,0,0,0
27.32,0.0,-0.2,0.0,-0.008,-0.031,0.621,-0.0,-0.0,0.0002,-0.66,-2.28,2.38,100.0,0,0,0
27.34,0.0,-0.2,0.0,-0.008,-0.031,0.621,-0.0,-0.0,0.0002,-0.66,-2.28,2.38,100.0,0,0,0
27.36,0.0,-0.2,0.0,-0.008,-0.031,0.621,-0.0,-0.0,0.0002,-0.66,-2.28,2.38,100.0,0,0,0
27.38,0.0,-0.2,0.0,-0.008,-0.031,0.621,-0.0,-0.0,0.0002,-0.66,-2.28,2.38,100.0,0,0,0
27.4,0.0,-0.2,0.0,-0.008,-0.031,0.621,-0.0,-0.0,0.0002,-0.66,-2.28,2.38,100.0,0,0,0
27.42,0.0,-0.2,0.0,-0.008,-0.031,0.621,-0.0,-0.0,0.0002,-0.66,-2.28,2.38,100.0,0,0,0
27.44,0.0,-0.2,0.0,-0.008,-0.031,0.621,-0.0,-0.0,0.0002,-0.66,-2.28,2.38,100.0,0,0,0
27.46,0.0,-0.2,0.0,-0.008,-0.031,0.621,-0.0,-0.0,0.0002,-0.66,-2.28,2.38,100.0,0,0,0
27.48,0.0,-0.2,0.0,-0.008,-0.031,0.621,-0.0,-0.0,0.0002,-0.66,-2.28,2.38,100.0,0,0,0
27.5,0.0,-0.2,0.0,-0.008,-0.031,0.621,-0.0,-0.0,0.0002,-0.66,-2.28,2.38,100.0,0,0,0
27.52,0.0,-0.2,0.0,-0.008,-0.031,0.621,-0.0,-0.0,0.0002,-0.66,-2.28,2.38,100.0,0,0,0
27.54,0.0,-0.2,0.0,-0.008,-0.031,0.621,-0.0,-0.0,0.0002,-0.66,-2.28,2.38,100.0,0,0,0
27.56,0.0,-0.2,0.0,-0.008,-0.031,0.621,-0.0,-0.0,0.0002,-0.66,-2.28,2.38,100.0,0,0,0
27.58,0.0,-0.2,0.0,-0.008,-0.031,0.621,-0.0,-0.0,0.0002,-0.66,-2.28,2.38,100.0,0,0,0
27.6,0.0,-0.2,0.0,-0.008,-0.031,0.621,-0.0,-0.0,0.0002,-0.66,-2.28,2.38,100.0,0,0,0
27.62,0.0,-0.2,0.0,-0.008,-0.031,0.621,-0.0,-0.0,0.0002,-0.66,-2.28,2.38,100.0,0,0,0
27.64,0.0,-0.2,0.0,-0.008,-0.031,0.621,-0.0,-0.0,0.0002,-0.66,-2.28,2.38,100.0,0,0,0
27.66,0.0,-0.2,0.0,-0.008,-0.031,0.621,-0.0,-0.0,0.0002,-0.66,-2.28,2.38,100.0,0,0,0
27.68,0.0,-0.2,0.0,-0.008,-0.031,0.621,-0.0,-0.0,0.0002,-0.66,-2.28,2.38,100.0,0,0,0
27.7,0.0,-0.2,0.0,-0.008,-0.031,0.621,-0.0,-0.0,0.0002,-0.66,-2.28,2.38,100.0,0,0,0
27.72,0.0,-0.2,0.0,-0.008,-0.031,0.621,-0.0,-0.0,0.0002,-0.66,-2.28,2.38,100.0,0,0,0
27.74,0.0,-0.2,0.0,-0.008,-0.031,0.621,-0.0,-0.0,0.0002,-0.66,-2.28,2.38,100.0,0,0,0
27.76,0.0,-0.2,0.0,-0.008,-0.031,0.621,-0.0,-0.0,0.0002,-0.66,-2.28,2.38,100.0,0,0,0
27.78,0.0,-0.2,0.0,-0.008,-0.031,0.621,-0.0,-0.0,0.0002,-0.66,-2.28,2.38,100.0,0,0,0
27.8,0.0,-0.2,0.0,-0.008,-0.031,0.621,-0.0,-0.0,0.0002,-0.66,-2.28,2.38,100.0,0,0,0
27.82,0.0,-0.2,0.0,-0.008,-0.031,0.621,-0.0,-0.0,0.0002,-0.66,-2.28,2.38,100.0,0,0,0
27.84,0.0,-0.2,0.0,-0.008,-0.031,0.621,-0.0,-0.0,0.0002,-0.66,-2.28,2.38,100.0,0,0,0
27.86,0.0,-0.2,0.0,-0.008,-0.031,0.621,-0.0,-0.0,0.0002,-0.66,-2.28,2.38,100.0,0,0,0
27.88,0.0,-0.2,0.0,-0.008,-0.031,0.621,-0.0,-0.0,0.0002,-0.66,-2.28,2.38,100.0,0,0,0
27.9,0.0,-0.2,0.0,-0.008,-0.031,0.621,-0.0,-0.0,0.0002,-0.66,-2.28,2.38,100.0,0,0,0
27.92,0.0,-0.2,0.0,-0.008,-0.031,0.621,-0.0,-0.0,0.0002,-0.66,-2.28,2.38,100.0,0,0,0
27.94,0.0,-0.2,0.0,-0.008,-0.031,0.621,-0.0,-0.0,0.0002,-0.66,-2.28,2.38,100.0,0,0,0
27.96,0.0,-0.2,0.0,-0.008,-0.031,0.621,-0.0,-0.0,0.0002,-0.66,-2.28,2.38,100.0,0,0,0
27.98,0.0,-0.2,0.0,-0.008,-0.031,0.621,-0.0,-0.0,0.0002,-0.66,-2.28,2.38,100.0,0,0,0
28.0,0.0,-0.2,0.0,-0.008,-0.031,0.621,-0.0,-0.0,0.0002,-0.66,-2.28,2.38,100.0,0,0,0
28.02,0.0,-0.2,0.0,-0.008,-0.031,0.621,-0.0,-0.0,0.0002,-0.66,-2.28,2.38,100.0,0,0,0
28.04,0.0,-0.2,0.0,-0.008,-0.031,0.621,-0.0,-0.0,0.0002,-0.66,-2.28,2.38,100.0,0,0,0
28.06,0.0,-0.2,0.0,-0.008,-0.031,0.621,-0.0,-0.0,0.0002,-0.66,-2.28,2.38,100.0,0,0,0
28.08,0.0,-0.2,0.0,-0.008,-0.031,0.621,-0.0,-0.0,0.0002,-0.66,-2.28,2.38,100.0,0,0,0
28.1,0.0,-0.2,0.0,-0.008,-0.031,0.621,-0.0,-0.0,0.0002,-0.66,-2.28,2.38,100.0,0,0,0
28.12,0.0,-0.2,0.0,-0.008,-0.031,0.621,-0.0,-0.0,0.0002,-0.66,-2.28,2.38,100.0,0,0,0
28.14,0.0,-0.2,0.0,-0.008,-0.031,0.621,-0.0,-0.0,0.0002,-0.66,-2.28,2.38,100.0,0,0,0
28.16,0.0,-0.2,0.0,-0.008,-0.031,0.621,-0.0,-0.0,0.0002,-0.66,-2.28,2.38,100.0,0,0,0
28.18,0.0,-0.2,0.0,-0.008,-0.031,0.621,-0.0,-0.0,0.0002,-0.66,-2.28,2.38,100.0,0,0,0
28.2,0.0,-0.2,0.0,-0.008,-0.031,0.621,-0.0,-0.0,0.0002,-0.66,-2.28,2.38,100.0,0,0,0
28.22,0.0,-0.2,0.0,-0.008,-0.031,0.621,-0.0,-0.0,0.0002,-0.66,-2.28,2.38,100.0,0,0,0
28.24,0.0,-0.2,0.0,-0.008,-0.031,0.621,-0.0,-0.0,0.0002,-0.66,-2.28,2.38,100.0,0,0,0
28.26,0.0,-0.2,0.0,-0.008,-0.031,0.621,-0.0,-0.0,0.0002,-0.66,-2.28,2.38,100.0,0,0,0
28.28,0.0,-0.2,0.0,-0.008,-0.031,0.621,-0.0,-0.0,0.0002,-0.66,-2.28,2.38,100.0,0,0,0
28.3,0.0,-0.2,0.0,-0.008,-0.031,0.621,-0.0,-0.0,0.0002,-0.66,-2.28,2.38,100.0,0,0,0
28.32,0.0,-0.2,0.0,-0.008,-0.031,0.621,-0.0,-0.0,0.0002,-0.66,-2.28,2.38,100.0,0,0,0
28.34,0.0,-0.2,0.0,-0.008,-0.031,0.621,-0.0,-0.0,0.0002,-0.66,-2.28,2.38,100.0,0,0,0
28.36,0.0,-0.2,0.0,-0.008,-0.031,0.621,-0.0,-0.0,0.0002,-0.66,-2.28,2.38,100.0,0,0,0
28.38,0.0,-0.2,0.0,-0.008,-0.031,0.621,-0.0,-0.0,0.0002,-0.66,-2.28,2.38,100.0,0,0,0
28.4,0.0,-0.2,0.0,-0.008,-0.031,0.621,-0.0,-0.0,0.0002,-0.66,-2.28,2.38,100.0,0,0,0
28.42,0.0,-0.2,0.0,-0.008,-0.031,0.621,-0.0,-0.0,0.0002,-0.66,-2.28,2.38,100.0,0,0,0
28.44,0.0,-0.2,0.0,-0.008,-0.031,0.621,-0.0,-0.0,0.0002,-0.66,-2.28,2.38,100.0,0,0,0
28.46,0.0,-0.2,0.0,-0.008,-0.031,0.621,-0.0,-0.0,0.0002,-0.66,-2.29,2.38,100.0,0,0,0
28.48,0.0,-0.2,0.0,-0.008,-0.031,0.621,-0.0,-0.0,0.0002,-0.66,-2.29,2.38,100.0,0,0,0
28.5,0.0,-0.2,0.0,-0.008,-0.031,0.621,-0.0,-0.0,0.0002,-0.66,-2.29,2.38,100.0,0,0,0
28.52,0.0,-0.2,0.0,-0.0081,-0.031,0.621,-0.0,-0.0,0.0002,-0.66,-2.29,2.38,100.0,0,0,0
28.54,0.0,-0.2,0.0,-0.0081,-0.031,0.621,-0.0,-0.0,0.0002,-0.66,-2.29,2.38,100.0,0,0,0
28.56,0.0,-0.2,0.0,-0.0081,-0.031,0.621,-0.0,-0.0,0.0002,-0.66,-2.29,2.38,100.0,0,0,0
28.58,0.0,-0.2,0.0,-0.0081,-0.031,0.621,-0.0,-0.0,0.0002,-0.66,-2.29,2.38,100.0,0,0,0
28.6,0.0,-0.2,0.0,-0.0081,-0.031,0.621,-0.0,-0.0,0.0002,-0.66,-2.29,2.38,100.0,0,0,0
28.62,0.0,-0.2,0.0,-0.0081,-0.031,0.621,-0.0,-0.0,0.0002,-0.66,-2.29,2.38,100.0,0,0,0
28.64,0.0,-0.2,0.0,-0.0081,-0.031,0.621,-0.0,-0.0,0.0002,-0.66,-2.29,2.38,100.0,0,0,0
28.66,0.0,-0.2,0.0,-0.0081,-0.031,0.621,-0.0,-0.0,0.0002,-0.66,-2.29,2.38,100.0,0,0,0
28.68,0.0,-0.2,0.0,-0.0081,-0.031,0.621,-0.0,-0.0,0.0002,-0.66,-2.29,2.38,100.0,0,0,0
28.7,0.0,-0.2,0.0,-0.0081,-0.031,0.621,-0.0,-0.0,0.0002,-0.66,-2.29,2.38,100.0,0,0,0
28.72,0.0,-0.2,0.0,-0.0081,-0.031,0.621,-0.0,-0.0,0.0002,-0.66,-2.29,2.38,100.0,0,0,0
28.74,0.0,-0.2,0.0,-0.0081,-0.031,0.621,-0.0,-0.0,0.0002,-0.66,-2.29,2.38,100.0,0,0,0
28.76,0.0,-0.2,0.0,-0.0081,-0.031,0.621,-0.0,-0.0,0.0002,-0.66,-2.29,2.38,100.0,0,0,0
28.78,0.0,-0.2,0.0,-0.0081,-0.031,0.621,-0.0,-0.0,0.0002,-0.66,-2.29,2.38,100.0,0,0,0
28.8,0.0,-0.2,0.0,-0.0081,-0.031,0.621,-0.0,-0.0,0.0002,-0.66,-2.29,2.38,100.0,0,0,0
28.82,0.0,-0.2,0.0,-0.0081,-0.031,0.621,-0.0,-0.0,0.0002,-0.66,-2.29,2.38,100.0,0,0,0
28.84,0.0,-0.2,0.0,-0.0081,-0.031,0.621,-0.0,-0.0,0.0002,-0.66,-2.29,2.38,100.0,0,0,0
28.86,0.0,-0.2,0.0,-0.0081,-0.031,0.621,-0.0,-0.0,0.0002,-0.66,-2.29,2.38,100.0,0,0,0
28.88,0.0,-0.2,0.0,-0.0081,-0.031,0.621,-0.0,-0.0,0.0002,-0.66,-2.29,2.38,100.0,0,0,0
28.9,0.0,-0.2,0.0,-0.0081,-0.031,0.621,-0.0,-0.0,0.0002,-0.66,-2.29,2.38,100.0,0,0,0
28.92,0.0,-0.2,0.0,-0.0081,-0.031,0.621,-0.0,-0.0,0.0002,-0.66,-2.29,2.38,100.0,0,0,0
28.94,0.0,-0.2,0.0,-0.0081,-0.031,0.621,-0.0,-0.0,0.0002,-0.66,-2.29,2.38,100.0,0,0,0
28.96,0.0,-0.2,0.0,-0.0081,-0.031,0.621,-0.0,-0.0,0.0002,-0.66,-2.29,2.38,100.0,0,0,0
28.98,0.0,-0.2,0.0,-0.0081,-0.031,0.621,-0.0,-0.0,0.0002,-0.66,-2.29,2.38,100.0,0,0,0
29.0,0.0,-0.2,0.0,-0.0081,-0.031,0.621,-0.0,-0.0,0.0002,-0.66,-2.29,2.38,100.0,0,0,0
29.02,0.0,-0.2,0.0,-0.0081,-0.031,0.621,-0.0,-0.0,0.0002,-0.66,-2.29,2.38,100.0,0,0,0
29.04,0.0,-0.2,0.0,-0.0081,-0.031,0.621,-0.0,-0.0,0.0002,-0.66,-2.29,2.38,100.0,0,0,0
29.06,0.0,-0.2,0.0,-0.0081,-0.031,0.621,-0.0,-0.0,0.0002,-0.66,-2.29,2.38,100.0,0,0,0
29.08,0.0,-0.2,0.0,-0.0081,-0.031,0.621,-0.0,-0.0,0.0002,-0.66,-2.29,2.38,100.0,0,0,0
29.1,0.0,-0.2,0.0,-0.0081,-0.031,0.621,-0.0,-0.0,0.0002,-0.66,-2.29,2.38,100.0,0,0,0
29.12,0.0,-0.2,0.0,-0.0081,-0.031,0.621,-0.0,-0.0,0.0002,-0.66,-2.29,2.38,100.0,0,0,0
29.14,0.0,-0.2,0.0,-0.0081,-0.031,0.621,-0.0,-0.0,0.0002,-0.66,-2.29,2.38,100.0,0,0,0
29.16,0.0,-0.2,0.0,-0.0081,-0.031,0.621,-0.0,-0.0,0.0002,-0.66,-2.29,2.38,100.0,0,0,0
29.18,0.0,-0.2,0.0,-0.0081,-0.031,0.621,-0.0,-0.0,0.0002,-0.66,-2.29,2.38,100.0,0,0,0
29.2,0.0,-0.2,0.0,-0.0081,-0.031,0.621,-0.0,-0.0,0.0002,-0.66,-2.29,2.38,100.0,0,0,0
29.22,0.0,-0.2,0.0,-0.0081,-0.031,0.621,-0.0,-0.0,0.0002,-0.66,-2.29,2.38,100.0,0,0,0
29.24,0.0,-0.2,0.0,-0.0081,-0.031,0.621,-0.0,-0.0,0.0002,-0.66,-2.29,2.38,100.0,0,0,0
29.26,0.0,-0.2,0.0,-0.0081,-0.031,0.621,-0.0,-0.0,0.0002,-0.66,-2.29,2.38,100.0,0,0,0
29.28,0.0,-0.2,0.0,-0.0081,-0.031,0.621,-0.0,-0.0,0.0002,-0.66,-2.29,2.38,100.0,0,0,0
29.3,0.0,-0.2,0.0,-0.0081,-0.031,0.621,-0.0,-0.0,0.0002,-0.66,-2.29,2.38,100.0,0,0,0
29.32,0.0,-0.2,0.0,-0.0081,-0.031,0.621,-0.0,-0.0,0.0002,-0.66,-2.29,2.38,100.0,0,0,0
29.34,0.0,-0.2,0.0,-0.0081,-0.031,0.621,-0.0,-0.0,0.0002,-0.66,-2.29,2.38,100.0,0,0,0
29.36,0.0,-0.2,0.0,-0.0081,-0.031,0.621,-0.0,-0.0,0.0002,-0.66,-2.29,2.38,100.0,0,0,0
29.38,0.0,-0.2,0.0,-0.0081,-0.031,0.621,-0.0,-0.0,0.0002,-0.66,-2.29,2.38,100.0,0,0,0
29.4,0.0,-0.2,0.0,-0.0081,-0.031,0.621,-0.0,-0.0,0.0002,-0.66,-2.29,2.38,100.0,0,0,0
29.42,0.0,-0.2,0.0,-0.0081,-0.031,0.621,-0.0,-0.0,0.0002,-0.66,-2.29,2.38,100.0,0,0,0
29.44,0.0,-0.2,0.0,-0.0081,-0.031,0.621,-0.0,-0.0,0.0002,-0.66,-2.29,2.38,100.0,0,0,0
29.46,0.0,-0.2,0.0,-0.0081,-0.031,0.621,-0.0,-0.0,0.0002,-0.66,-2.29,2.38,100.0,0,0,0
29.48,0.0,-0.2,0.0,-0.0081,-0.031,0.621,-0.0,-0.0,0.0002,-0.66,-2.29,2.38,100.0,0,0,0
29.5,0.0,-0.2,0.0,-0.0081,-0.031,0.621,-0.0,-0.0,0.0002,-0.66,-2.29,2.38,100.0,0,0,0
29.52,0.0,-0.2,0.0,-0.0081,-0.031,0.621,-0.0,-0.0,0.0002,-0.66,-2.29,2.38,100.0,0,0,0
29.54,0.0,-0.2,0.0,-0.0081,-0.031,0.621,-0.0,-0.0,0.0002,-0.66,-2.29,2.38,100.0,0,0,0
29.56,0.0,-0.2,0.0,-0.0081,-0.031,0.621,-0.0,-0.0,0.0002,-0.66,-2.29,2.38,100.0,0,0,0
29.58,0.0,-0.2,0.0,-0.0081,-0.031,0.621,-0.0,-0.0,0.0002,-0.66,-2.29,2.38,100.0,0,0,0
29.6,0.0,-0.2,0.0,-0.0081,-0.031,0.621,-0.0,-0.0,0.0002,-0.66,-2.29,2.38,100.0,0,0,0
29.62,0.0,-0.2,0.0,-0.0081,-0.031,0.621,-0.0,-0.0,0.0002,-0.66,-2.29,2.38,100.0,0,0,0
29.64,0.0,-0.2,0.0,-0.0081,-0.031,0.621,-0.0,-0.0,0.0002,-0.66,-2.29,2.38,100.0,0,0,0
29.66,0.0,-0.2,0.0,-0.0081,-0.031,0.621,-0.0,-0.0,0.0002,-0.66,-2.29,2.38,100.0,0,0,0
29.68,0.0,-0.2,0.0,-0.0081,-0.031,0.621,-0.0,-0.0,0.0002,-0.66,-2.29,2.38,100.0,0,0,0
29.7,0.0,-0.2,0.0,-0.0081,-0.031,0.621,-0.0,-0.0,0.0002,-0.66,-2.29,2.38,100.0,0,0,0
29.72,0.0,-0.2,0.0,-0.0081,-0.031,0.621,-0.0,-0.0,0.0002,-0.66,-2.29,2.38,100.0,0,0,0
29.74,0.0,-0.2,0.0,-0.0081,-0.031,0.621,-0.0,-0.0,0.0002,-0.66,-2.29,2.38,100.0,0,0,0
29.76,0.0,-0.2,0.0,-0.0081,-0.031,0.621,-0.0,-0.0,0.0002,-0.66,-2.29,2.38,100.0,0,0,0
29.78,0.0,-0.2,0.0,-0.0081,-0.031,0.621,-0.0,-0.0,0.0002,-0.66,-2.29,2.38,100.0,0,0,0
29.8,0.0,-0.2,0.0,-0.0081,-0.031,0.621,-0.0,-0.0,0.0002,-0.66,-2.29,2.38,100.0,0,0,0
29.82,0.0,-0.2,0.0,-0.0081,-0.031,0.621,-0.0,-0.0,0.0002,-0.66,-2.29,2.38,100.0,0,0,0
29.84,0.0,-0.2,0.0,-0.0081,-0.031,0.621,-0.0,-0.0,0.0002,-0.66,-2.29,2.38,100.0,0,0,0
29.86,0.0,-0.2,0.0,-0.0081,-0.031,0.621,-0.0,-0.0,0.0002,-0.66,-2.29,2.38,100.0,0,0,0
29.88,0.0,-0.2,0.0,-0.0081,-0.031,0.621,-0.0,-0.0,0.0002,-0.66,-2.29,2.38,100.0,0,0,0
29.9,0.0,-0.2,0.0,-0.0081,-0.031,0.621,-0.0,-0.0,0.0002,-0.66,-2.29,2.38,100.0,0,0,0
29.92,0.0,-0.2,0.0,-0.0081,-0.031,0.621,-0.0,-0.0,0.0002,-0.66,-2.29,2.38,100.0,0,0,0
29.94,0.0,-0.2,0.0,-0.0081,-0.031,0.621,-0.0,-0.0,0.0002,-0.66,-2.29,2.38,100.0,0,0,0
29.96,0.0,-0.2,0.0,-0.0081,-0.031,0.621,-0.0,-0.0,0.0002,-0.66,-2.29,2.38,100.0,0,0,0
29.98,0.0,-0.2,0.0,-0.0081,-0.031,0.621,-0.0,-0.0,0.0002,-0.66,-2.29,2.38,100.0,0,0,0
