time,pelvis_x,pelvis_y,pelvis_z,roll_deg,pitch_deg,tilt_deg,max_torque_nm,is_pushing
0.0,-0.0,0.0,0.63875,0.0,0.0,0.0,0.0,0
0.005,-0.0,0.0,0.63826,0.0,0.0,0.0,0.0,0
0.01,-0.0,0.0,0.63753,0.0,0.0,0.0,0.0,0
0.015,-0.0,0.0,0.63655,0.0,0.0,0.0,0.0,0
0.02,-0.0,0.0,0.63532,0.0,0.0,0.0,0.0,0
0.025,-0.0,0.0,0.63385,0.0,0.0,0.0,0.0,0
0.03,-0.0,0.0,0.63213,0.0,0.0,0.0,0.0,0
0.035,-0.0,0.0,0.63017,0.0,0.0,0.0,0.0,0
0.04,-0.0,0.0,0.62796,0.0,0.0,0.0,0.0,0
0.045,-0.0,0.0,0.62551,0.0,0.0,0.0,0.0,0
0.05,-0.0,0.0,0.62281,0.0,0.0,0.0,0.0,0
0.055,-0.0,0.0,0.61987,0.0,0.0,0.0,0.0,0
0.06,-0.0,0.0,0.61668,0.0,0.0,0.0,0.0,0
0.065,-0.0,0.0,0.61325,0.0,0.0,0.0,0.0,0
0.07,0.00019,-0.0,0.61094,0.0,-0.055,0.055,0.0,0
0.075,0.0006,-0.0,0.60953,0.0,-0.16,0.16,9.46,0
0.08,0.00117,-0.0,0.60879,0.0,-0.295,0.295,14.15,0
0.085,0.00182,-0.0,0.60854,0.0,-0.442,0.442,15.95,0
0.09,0.0025,-0.0,0.60861,0.0,-0.586,0.586,16.0,0
0.095,0.00315,-0.0,0.60885,0.0,-0.716,0.716,15.14,0
0.1,0.00373,-0.0,0.6092,0.0,-0.825,0.825,14.04,0
0.105,0.00424,-0.0,0.60958,0.0,-0.91,0.91,12.9,0
0.11,0.00465,-0.0,0.60995,0.0,-0.97,0.97,11.84,0
0.115,0.00497,-0.0,0.61029,0.0,-1.006,1.006,10.94,0
0.12,0.00522,-0.0,0.6106,0.0,-1.02,1.02,10.18,0
0.125,0.00539,-0.0,0.61087,0.0,-1.015,1.015,9.55,0
0.13,0.0055,-0.0,0.61109,0.0,-0.993,0.993,9.05,0
0.135,0.00558,-0.0,0.61129,0.0,-0.962,0.962,8.64,0
0.14,0.00563,-0.0,0.61146,0.0,-0.925,0.925,8.23,0
0.145,0.00567,-0.0,0.6116,0.0,-0.882,0.882,7.87,0
0.15,0.00569,-0.0,0.61172,0.0,-0.837,0.837,7.58,0
0.155,0.00571,-0.0,0.61182,0.0,-0.789,0.789,7.34,0
0.16,0.00573,-1e-05,0.61189,0.001,-0.739,0.739,7.14,0
0.165,0.00575,-1e-05,0.61195,0.001,-0.69,0.69,6.98,0
0.17,0.00577,-1e-05,0.61199,0.001,-0.642,0.642,6.85,0
0.175,0.00581,-1e-05,0.61201,0.001,-0.595,0.595,6.74,0
0.18,0.00585,-1e-05,0.61203,0.001,-0.549,0.549,6.65,0
0.185,0.0059,-1e-05,0.61204,0.001,-0.506,0.506,6.58,0
0.19,0.00597,-1e-05,0.61204,0.001,-0.465,0.465,6.53,0
0.195,0.00604,-1e-05,0.61203,0.001,-0.426,0.426,6.48,0
0.2,0.00613,-1e-05,0.61202,0.001,-0.39,0.39,6.44,0
0.205,0.00623,-1e-05,0.61201,0.001,-0.356,0.356,6.39,0
0.21,0.00633,-1e-05,0.612,0.001,-0.323,0.323,6.39,0
0.215,0.00645,-1e-05,0.61199,0.001,-0.292,0.292,6.4,0
0.22,0.00657,-1e-05,0.61197,0.001,-0.263,0.263,6.41,0
0.225,0.0067,-1e-05,0.61196,0.001,-0.234,0.234,6.42,0
0.23,0.00683,-1e-05,0.61194,0.001,-0.207,0.207,6.45,0
0.235,0.00697,-1e-05,0.61193,0.001,-0.18,0.18,6.49,0
0.24,0.00712,-1e-05,0.61191,0.001,-0.154,0.154,6.53,0
0.245,0.00726,-1e-05,0.61189,0.001,-0.129,0.129,6.58,0
0.25,0.00742,-1e-05,0.61187,0.001,-0.105,0.105,6.63,0
0.255,0.00757,-1e-05,0.61185,0.001,-0.081,0.081,6.68,0
0.26,0.00773,-1e-05,0.61183,0.001,-0.057,0.057,6.74,0
0.265,0.00789,-1e-05,0.6118,0.001,-0.034,0.034,6.79,0
0.27,0.00806,-1e-05,0.61178,0.001,-0.011,0.011,6.85,0
0.275,0.00822,-1e-05,0.61176,0.001,0.012,0.012,6.9,0
0.28,0.00839,-1e-05,0.61173,0.001,0.034,0.034,6.96,0
0.285,0.00856,-1e-05,0.61171,0.001,0.056,0.056,7.02,0
0.29,0.00873,-1e-05,0.61168,0.001,0.079,0.079,7.07,0
0.295,0.0089,-1e-05,0.61166,0.001,0.101,0.101,7.13,0
0.3,0.00907,-1e-05,0.61163,0.001,0.124,0.124,7.19,0
0.305,0.00925,-1e-05,0.61161,0.001,0.146,0.146,7.24,0
0.31,0.00942,-1e-05,0.61158,0.001,0.169,0.169,7.3,0
0.315,0.0096,-1e-05,0.61156,0.001,0.191,0.191,7.36,0
0.32,0.00977,-1e-05,0.61153,0.001,0.214,0.214,7.41,0
0.325,0.00995,-1e-05,0.6115,0.001,0.237,0.237,7.47,0
0.33,0.01012,-1e-05,0.61148,0.001,0.26,0.26,7.52,0
0.335,0.0103,-1e-05,0.61145,0.001,0.284,0.284,7.57,0
0.34,0.01047,-1e-05,0.61142,0.001,0.307,0.307,7.63,0
0.345,0.01065,-1e-05,0.6114,0.001,0.331,0.331,7.68,0
0.35,0.01082,-1e-05,0.61137,0.001,0.355,0.355,7.73,0
0.355,0.011,-1e-05,0.61134,0.001,0.379,0.379,7.79,0
0.36,0.01117,-1e-05,0.61131,0.001,0.403,0.403,7.84,0
0.365,0.01135,-1e-05,0.61129,0.001,0.427,0.427,7.89,0
0.37,0.01152,-1e-05,0.61126,0.001,0.451,0.451,7.94,0
0.375,0.01169,-1e-05,0.61123,0.001,0.476,0.476,7.99,0
0.38,0.01187,-1e-05,0.6112,0.001,0.5,0.5,8.05,0
0.385,0.01204,-1e-05,0.61117,0.001,0.525,0.525,8.1,0
0.39,0.01221,-1e-05,0.61115,0.001,0.549,0.549,8.15,0
0.395,0.01239,-1e-05,0.61112,0.001,0.574,0.574,8.2,0
0.4,0.01256,-1e-05,0.61109,0.001,0.599,0.599,8.25,0
0.405,0.01273,-1e-05,0.61106,0.001,0.624,0.624,8.3,0
0.41,0.0129,-1e-05,0.61104,0.001,0.648,0.648,8.35,0
0.415,0.01308,-1e-05,0.61101,0.001,0.673,0.673,8.4,0
0.42,0.01325,-1e-05,0.61098,0.001,0.698,0.698,8.45,0
0.425,0.01342,-1e-05,0.61095,0.001,0.723,0.723,8.5,0
0.43,0.01359,-1e-05,0.61092,0.001,0.747,0.747,8.55,0
0.435,0.01376,-1e-05,0.6109,0.001,0.772,0.772,8.6,0
0.44,0.01393,-1e-05,0.61087,0.001,0.797,0.797,8.65,0
0.445,0.0141,-1e-05,0.61084,0.001,0.821,0.821,8.7,0
0.45,0.01427,-1e-05,0.61081,0.001,0.846,0.846,8.75,0
0.455,0.01444,-1e-05,0.61078,0.001,0.87,0.87,8.8,0
0.46,0.0146,-1e-05,0.61076,0.001,0.894,0.894,8.85,0
0.465,0.01477,-1e-05,0.61073,0.001,0.919,0.919,8.89,0
0.47,0.01494,-1e-05,0.6107,0.001,0.943,0.943,8.94,0
0.475,0.0151,-1e-05,0.61067,0.001,0.967,0.967,8.99,0
0.48,0.01527,-1e-05,0.61065,0.001,0.991,0.991,9.04,0
0.485,0.01544,-1e-05,0.61062,0.001,1.014,1.014,9.09,0
0.49,0.0156,-1e-05,0.61059,0.001,1.038,1.038,9.14,0
0.495,0.01576,-1e-05,0.61056,0.001,1.062,1.062,9.18,0
0.5,0.01592,-1e-05,0.61054,0.001,1.085,1.085,9.23,0
0.505,0.01609,-0.0,0.61051,0.001,1.108,1.108,9.28,0
0.51,0.01625,-0.0,0.61048,0.001,1.132,1.132,9.32,0
0.515,0.01641,-0.0,0.61046,0.0,1.155,1.155,9.37,0
0.52,0.01657,-0.0,0.61043,0.0,1.177,1.177,9.42,0
0.525,0.01672,-0.0,0.6104,0.0,1.2,1.2,9.46,0
0.53,0.01688,-0.0,0.61038,0.0,1.223,1.223,9.51,0
0.535,0.01704,-0.0,0.61035,0.0,1.245,1.245,9.55,0
0.54,0.01719,-0.0,0.61032,0.0,1.268,1.268,9.6,0
0.545,0.01735,-0.0,0.6103,0.0,1.29,1.29,9.64,0
0.55,0.0175,-0.0,0.61027,0.0,1.312,1.312,9.69,0
0.555,0.01765,-0.0,0.61024,0.0,1.333,1.333,9.73,0
0.56,0.0178,-0.0,0.61022,0.0,1.355,1.355,9.77,0
0.565,0.01795,-0.0,0.61019,0.0,1.376,1.376,9.82,0
0.57,0.0181,-0.0,0.61017,0.0,1.398,1.398,9.86,0
0.575,0.01824,-0.0,0.61014,0.0,1.419,1.419,9.9,0
0.58,0.01839,-0.0,0.61012,0.0,1.44,1.44,9.94,0
0.585,0.01853,-0.0,0.61009,0.0,1.46,1.46,9.98,0
0.59,0.01868,-0.0,0.61007,0.0,1.481,1.481,10.03,0
0.595,0.01882,-0.0,0.61004,0.0,1.501,1.501,10.07,0
0.6,0.01896,-0.0,0.61002,0.0,1.521,1.521,10.11,0
0.605,0.0191,-0.0,0.61,0.0,1.541,1.541,10.15,0
0.61,0.01923,-0.0,0.60997,0.0,1.561,1.561,10.18,0
0.615,0.01937,-0.0,0.60995,0.0,1.58,1.58,10.22,0
0.62,0.0195,-0.0,0.60993,0.0,1.599,1.599,10.26,0
0.625,0.01963,-0.0,0.6099,0.0,1.618,1.618,10.3,0
0.63,0.01976,-0.0,0.60988,0.0,1.637,1.637,10.34,0
0.635,0.01989,-0.0,0.60986,0.0,1.656,1.656,10.37,0
0.64,0.02002,-0.0,0.60984,0.0,1.674,1.674,10.41,0
0.645,0.02015,-0.0,0.60981,0.0,1.692,1.692,10.45,0
0.65,0.02027,-0.0,0.60979,0.0,1.71,1.71,10.48,0
0.655,0.02039,-0.0,0.60977,0.0,1.728,1.728,10.52,0
0.66,0.02052,-0.0,0.60975,0.0,1.745,1.745,10.55,0
0.665,0.02063,-0.0,0.60973,0.0,1.762,1.762,10.58,0
0.67,0.02075,-0.0,0.60971,0.0,1.779,1.779,10.62,0
0.675,0.02087,-0.0,0.60969,0.0,1.796,1.796,10.65,0
0.68,0.02098,-0.0,0.60967,0.0,1.812,1.812,10.68,0
0.685,0.02109,-0.0,0.60965,0.0,1.828,1.828,10.71,0
0.69,0.02121,-0.0,0.60963,0.0,1.844,1.844,10.74,0
0.695,0.02131,-0.0,0.60961,0.001,1.86,1.86,10.77,0
0.7,0.02142,-0.0,0.60959,0.001,1.875,1.875,10.8,0
0.705,0.02153,-0.0,0.60957,0.001,1.891,1.891,10.83,0
0.71,0.02163,-0.0,0.60955,0.001,1.905,1.905,10.86,0
0.715,0.02173,-1e-05,0.60954,0.001,1.92,1.92,10.89,0
0.72,0.02183,-1e-05,0.60952,0.001,1.934,1.934,10.92,0
0.725,0.02193,-1e-05,0.6095,0.001,1.948,1.948,10.95,0
0.73,0.02202,-1e-05,0.60948,0.001,1.962,1.962,10.97,0
0.735,0.02212,-1e-05,0.60947,0.001,1.976,1.976,11.0,0
0.74,0.02221,-1e-05,0.60945,0.001,1.989,1.989,11.02,0
0.745,0.0223,-1e-05,0.60943,0.001,2.002,2.002,11.05,0
0.75,0.02239,-1e-05,0.60942,0.001,2.014,2.014,11.07,0
0.755,0.02247,-1e-05,0.6094,0.001,2.027,2.027,11.1,0
0.76,0.02256,-1e-05,0.60939,0.001,2.039,2.039,11.12,0
0.765,0.02264,-1e-05,0.60937,0.001,2.051,2.051,11.14,0
0.77,0.02272,-1e-05,0.60936,0.001,2.062,2.062,11.16,0
0.775,0.0228,-1e-05,0.60935,0.001,2.073,2.073,11.18,0
0.78,0.02287,-1e-05,0.60933,0.001,2.084,2.084,11.2,0
0.785,0.02295,-1e-05,0.60932,0.001,2.095,2.095,11.22,0
0.79,0.02302,-1e-05,0.60931,0.001,2.105,2.105,11.24,0
0.795,0.02309,-1e-05,0.60929,0.001,2.115,2.115,11.26,0
0.8,0.02316,-1e-05,0.60928,0.001,2.125,2.125,11.28,0
0.805,0.02322,-1e-05,0.60927,0.001,2.134,2.134,11.3,0
0.81,0.02328,-1e-05,0.60926,0.001,2.143,2.143,11.31,0
0.815,0.02335,-1e-05,0.60925,0.001,2.152,2.152,11.33,0
0.82,0.02341,-1e-05,0.60924,0.001,2.161,2.161,11.34,0
0.825,0.02346,-1e-05,0.60923,0.001,2.169,2.169,11.36,0
0.83,0.02352,-1e-05,0.60922,0.001,2.177,2.177,11.37,0
0.835,0.02357,-1e-05,0.60921,0.001,2.185,2.185,11.39,0
0.84,0.02362,-1e-05,0.6092,0.001,2.192,2.192,11.4,0
0.845,0.02367,-1e-05,0.60919,0.001,2.199,2.199,11.41,0
0.85,0.02372,-1e-05,0.60918,0.001,2.206,2.206,11.42,0
0.855,0.02377,-1e-05,0.60918,0.001,2.212,2.212,11.43,0
0.86,0.02381,-1e-05,0.60917,0.001,2.218,2.218,11.44,0
0.865,0.02385,-1e-05,0.60916,0.001,2.224,2.224,11.44,0
0.87,0.02389,-1e-05,0.60915,0.001,2.229,2.229,11.45,0
0.875,0.02393,-1e-05,0.60915,0.001,2.235,2.235,11.45,0
0.88,0.02396,-1e-05,0.60914,0.001,2.239,2.239,11.46,0
0.885,0.024,-1e-05,0.60914,0.001,2.244,2.244,11.46,0
0.89,0.02403,-1e-05,0.60913,0.001,2.248,2.248,11.47,0
0.895,0.02406,-1e-05,0.60913,0.001,2.252,2.252,11.48,0
0.9,0.02409,-1e-05,0.60912,0.001,2.255,2.255,11.48,0
0.905,0.02411,-1e-05,0.60912,0.001,2.259,2.259,11.48,0
0.91,0.02414,-1e-05,0.60911,0.001,2.261,2.261,11.49,0
0.915,0.02416,-1e-05,0.60911,0.001,2.264,2.264,11.49,0
0.92,0.02418,-1e-05,0.60911,0.001,2.267,2.267,11.49,0
0.925,0.0242,-1e-05,0.60911,0.001,2.269,2.269,11.49,0
0.93,0.02421,-1e-05,0.6091,0.001,2.271,2.271,11.49,0
0.935,0.02423,-1e-05,0.6091,0.001,2.272,2.272,11.49,0
0.94,0.02424,-1e-05,0.6091,0.001,2.274,2.274,11.49,0
0.945,0.02425,-1e-05,0.6091,0.001,2.275,2.275,11.49,0
0.95,0.02426,-1e-05,0.6091,0.001,2.276,2.276,11.49,0
0.955,0.02426,-1e-05,0.6091,0.001,2.277,2.277,11.49,0
0.96,0.02427,-1e-05,0.6091,0.001,2.277,2.277,11.49,0
0.965,0.02427,-1e-05,0.60909,0.001,2.278,2.278,11.49,0
0.97,0.02427,-1e-05,0.60909,0.001,2.278,2.278,11.49,0
0.975,0.02427,-1e-05,0.6091,0.001,2.278,2.278,11.49,0
0.98,0.02426,-1e-05,0.6091,0.001,2.278,2.278,11.49,0
0.985,0.02425,-1e-05,0.6091,0.001,2.278,2.278,11.49,0
0.99,0.02425,-1e-05,0.6091,0.001,2.277,2.277,11.49,0
0.995,0.02424,-1e-05,0.6091,0.001,2.276,2.276,11.49,0
1.0,0.02423,-1e-05,0.6091,0.001,2.276,2.276,11.49,0
1.005,0.02421,-1e-05,0.6091,0.001,2.275,2.275,11.49,0
1.01,0.0242,-1e-05,0.6091,0.001,2.274,2.274,11.49,0
1.015,0.02418,-1e-05,0.6091,0.001,2.272,2.272,11.49,0
1.02,0.02417,-1e-05,0.60911,0.001,2.271,2.271,11.49,0
1.025,0.02415,-0.0,0.60911,0.001,2.269,2.269,11.49,0
1.03,0.02413,-0.0,0.60911,0.001,2.268,2.268,11.49,0
1.035,0.02411,-0.0,0.60911,0.001,2.266,2.266,11.49,0
1.04,0.02409,-0.0,0.60912,0.001,2.264,2.264,11.49,0
1.045,0.02407,-0.0,0.60912,0.001,2.262,2.262,11.49,0
1.05,0.02404,-0.0,0.60912,0.001,2.26,2.26,11.49,0
1.055,0.02402,-0.0,0.60912,0.001,2.258,2.258,11.49,0
1.06,0.024,-0.0,0.60913,0.001,2.256,2.256,11.49,0
1.065,0.02397,-0.0,0.60913,0.001,2.254,2.254,11.49,0
1.07,0.02395,-0.0,0.60913,0.001,2.251,2.251,11.48,0
1.075,0.02392,-0.0,0.60914,0.001,2.249,2.249,11.47,0
1.08,0.0239,-0.0,0.60914,0.001,2.246,2.246,11.45,0
1.085,0.02387,-0.0,0.60914,0.001,2.244,2.244,11.44,0
1.09,0.02385,-0.0,0.60915,0.001,2.241,2.241,11.42,0
1.095,0.02382,-0.0,0.60915,0.001,2.239,2.239,11.41,0
1.1,0.02379,-0.0,0.60916,0.001,2.236,2.236,11.4,0
1.105,0.02376,-0.0,0.60916,0.001,2.233,2.233,11.39,0
1.11,0.02374,-0.0,0.60917,0.001,2.23,2.23,11.37,0
1.115,0.02371,-0.0,0.60917,0.001,2.228,2.228,11.36,0
1.12,0.02368,-0.0,0.60918,0.001,2.225,2.225,11.35,0
1.125,0.02365,-0.0,0.60918,0.0,2.222,2.222,11.34,0
1.13,0.02363,-0.0,0.60919,0.0,2.219,2.219,11.33,0
1.135,0.0236,-0.0,0.60919,0.0,2.216,2.216,11.31,0
1.14,0.02357,-0.0,0.6092,0.0,2.214,2.214,11.3,0
1.145,0.02354,-0.0,0.6092,0.0,2.211,2.211,11.29,0
1.15,0.02351,-0.0,0.60921,0.0,2.208,2.208,11.28,0
1.155,0.02348,-0.0,0.60921,0.0,2.205,2.205,11.27,0
1.16,0.02345,-0.0,0.60922,0.0,2.202,2.202,11.25,0
1.165,0.02342,-0.0,0.60923,0.0,2.199,2.199,11.24,0
1.17,0.02339,-0.0,0.60923,0.0,2.196,2.196,11.23,0
1.175,0.02336,-0.0,0.60924,0.0,2.193,2.193,11.22,0
1.18,0.02333,-0.0,0.60924,0.0,2.19,2.19,11.21,0
1.185,0.0233,-0.0,0.60925,0.0,2.187,2.187,11.19,0
1.19,0.02327,-0.0,0.60925,0.0,2.184,2.184,11.18,0
1.195,0.02324,-0.0,0.60926,0.0,2.181,2.181,11.17,0
1.2,0.02321,-0.0,0.60927,0.0,2.178,2.178,11.16,0
1.205,0.02318,-0.0,0.60927,0.0,2.175,2.175,11.15,0
1.21,0.02315,-0.0,0.60928,0.0,2.172,2.172,11.13,0
1.215,0.02312,-0.0,0.60928,0.0,2.169,2.169,11.12,0
1.22,0.02309,-0.0,0.60929,0.0,2.166,2.166,11.11,0
1.225,0.02306,-0.0,0.60929,0.0,2.163,2.163,11.1,0
1.23,0.02303,-0.0,0.6093,0.0,2.16,2.16,11.09,0
1.235,0.023,-0.0,0.6093,0.0,2.157,2.157,11.07,0
1.24,0.02297,-0.0,0.60931,0.0,2.154,2.154,11.06,0
1.245,0.02294,-0.0,0.60932,0.0,2.151,2.151,11.05,0
1.25,0.02291,-0.0,0.60932,0.0,2.147,2.147,11.04,0
1.255,0.02288,-0.0,0.60933,0.0,2.144,2.144,11.03,0
1.26,0.02285,-0.0,0.60933,0.0,2.142,2.142,11.01,0
1.265,0.02282,-0.0,0.60934,0.001,2.139,2.139,11.0,0
1.27,0.02279,-0.0,0.60934,0.001,2.136,2.136,10.99,0
1.275,0.02276,-0.0,0.60935,0.001,2.133,2.133,10.98,0
1.28,0.02274,-0.0,0.60935,0.001,2.13,2.13,10.97,0
1.285,0.02271,-0.0,0.60936,0.001,2.127,2.127,10.96,0
1.29,0.02268,-0.0,0.60937,0.001,2.124,2.124,10.95,0
1.295,0.02265,-0.0,0.60937,0.001,2.121,2.121,10.94,0
1.3,0.02262,-0.0,0.60938,0.001,2.118,2.118,10.93,0
1.305,0.0226,-0.0,0.60938,0.001,2.115,2.115,10.92,0
1.31,0.02257,-0.0,0.60939,0.001,2.113,2.113,10.91,0
1.315,0.02254,-0.0,0.60939,0.001,2.11,2.11,10.9,0
1.32,0.02251,-0.0,0.6094,0.001,2.107,2.107,10.89,0
1.325,0.02249,-0.0,0.6094,0.001,2.104,2.104,10.88,0
1.33,0.02246,-0.0,0.60941,0.001,2.102,2.102,10.87,0
1.335,0.02244,-0.0,0.60941,0.001,2.099,2.099,10.86,0
1.34,0.02241,-0.0,0.60942,0.001,2.097,2.097,10.85,0
1.345,0.02238,-0.0,0.60942,0.001,2.094,2.094,10.84,0
1.35,0.02236,-0.0,0.60943,0.001,2.091,2.091,10.83,0
1.355,0.02233,-0.0,0.60943,0.001,2.089,2.089,10.82,0
1.36,0.02231,-0.0,0.60943,0.001,2.086,2.086,10.81,0
1.365,0.02229,-0.0,0.60944,0.001,2.084,2.084,10.81,0
1.37,0.02226,-0.0,0.60944,0.001,2.081,2.081,10.8,0
1.375,0.02224,-0.0,0.60945,0.001,2.079,2.079,10.79,0
1.38,0.02222,-0.0,0.60945,0.001,2.077,2.077,10.78,0
1.385,0.02219,-0.0,0.60946,0.001,2.074,2.074,10.77,0
1.39,0.02217,-0.0,0.60946,0.001,2.072,2.072,10.77,0
1.395,0.02215,-0.0,0.60946,0.001,2.07,2.07,10.76,0
1.4,0.02213,-0.0,0.60947,0.001,2.068,2.068,10.75,0
1.405,0.02211,-0.0,0.60947,0.001,2.066,2.066,10.74,0
1.41,0.02209,-0.0,0.60948,0.001,2.063,2.063,10.74,0
1.415,0.02207,-0.0,0.60948,0.001,2.061,2.061,10.73,0
1.42,0.02205,-0.0,0.60948,0.001,2.059,2.059,10.72,0
1.425,0.02203,-0.0,0.60949,0.001,2.057,2.057,10.72,0
1.43,0.02201,-0.0,0.60949,0.001,2.055,2.055,10.71,0
1.435,0.02199,-0.0,0.60949,0.001,2.053,2.053,10.71,0
1.44,0.02197,-0.0,0.6095,0.001,2.051,2.051,10.7,0
1.445,0.02196,-0.0,0.6095,0.001,2.05,2.05,10.7,0
1.45,0.02194,-0.0,0.6095,0.001,2.048,2.048,10.69,0
1.455,0.02192,-0.0,0.60951,0.001,2.046,2.046,10.68,0
1.46,0.02191,-0.0,0.60951,0.001,2.044,2.044,10.68,0
1.465,0.02189,-0.0,0.60951,0.001,2.043,2.043,10.67,0
1.47,0.02188,-0.0,0.60952,0.001,2.041,2.041,10.67,0
1.475,0.02186,-0.0,0.60952,0.001,2.04,2.04,10.67,0
1.48,0.02185,-0.0,0.60952,0.001,2.038,2.038,10.66,0
1.485,0.02183,-0.0,0.60952,0.001,2.037,2.037,10.66,0
1.49,0.02182,-0.0,0.60953,0.001,2.035,2.035,10.65,0
1.495,0.02181,-0.0,0.60953,0.001,2.034,2.034,10.65,0
1.5,0.02179,-0.0,0.60953,0.001,2.032,2.032,10.65,0
1.505,0.02178,-0.0,0.60953,0.001,2.031,2.031,10.64,0
1.51,0.02177,-0.0,0.60954,0.001,2.03,2.03,10.64,0
1.515,0.02176,-0.0,0.60954,0.001,2.029,2.029,10.64,0
1.52,0.02175,-0.0,0.60954,0.001,2.028,2.028,10.63,0
1.525,0.02174,-0.0,0.60954,0.001,2.026,2.026,10.63,0
1.53,0.02173,-0.0,0.60954,0.001,2.025,2.025,10.63,0
1.535,0.02172,-0.0,0.60955,0.001,2.024,2.024,10.63,0
1.54,0.02171,-0.0,0.60955,0.001,2.023,2.023,10.62,0
1.545,0.0217,-0.0,0.60955,0.001,2.022,2.022,10.62,0
1.55,0.0217,-0.0,0.60955,0.001,2.022,2.022,10.62,0
1.555,0.02169,-0.0,0.60955,0.001,2.021,2.021,10.62,0
1.56,0.02168,-0.0,0.60955,0.001,2.02,2.02,10.62,0
1.565,0.02168,-0.0,0.60955,0.001,2.019,2.019,10.62,0
1.57,0.02167,-0.0,0.60956,0.001,2.019,2.019,10.62,0
1.575,0.02166,-0.0,0.60956,0.001,2.018,2.018,10.62,0
1.58,0.02166,-0.0,0.60956,0.001,2.017,2.017,10.62,0
1.585,0.02165,-0.0,0.60956,0.001,2.017,2.017,10.62,0
1.59,0.02165,-0.0,0.60956,0.001,2.016,2.016,10.62,0
1.595,0.02165,-0.0,0.60956,0.001,2.016,2.016,10.62,0
1.6,0.02164,-0.0,0.60956,0.001,2.015,2.015,10.62,0
1.605,0.02164,-0.0,0.60956,0.001,2.015,2.015,10.62,0
1.61,0.02164,-1e-05,0.60956,0.001,2.015,2.015,10.62,0
1.615,0.02164,-1e-05,0.60956,0.001,2.014,2.014,10.62,0
1.62,0.02164,-1e-05,0.60956,0.001,2.014,2.014,10.62,0
1.625,0.02164,-1e-05,0.60956,0.001,2.014,2.014,10.62,0
1.63,0.02163,-1e-05,0.60956,0.001,2.014,2.014,10.62,0
1.635,0.02163,-1e-05,0.60956,0.001,2.014,2.014,10.62,0
1.64,0.02164,-1e-05,0.60956,0.001,2.014,2.014,10.61,0
1.645,0.02164,-1e-05,0.60956,0.001,2.014,2.014,10.61,0
1.65,0.02164,-1e-05,0.60956,0.001,2.013,2.013,10.61,0
1.655,0.02164,-1e-05,0.60956,0.001,2.014,2.014,10.61,0
1.66,0.02164,-1e-05,0.60956,0.001,2.014,2.014,10.61,0
1.665,0.02164,-1e-05,0.60956,0.001,2.014,2.014,10.61,0
1.67,0.02164,-1e-05,0.60956,0.001,2.014,2.014,10.61,0
1.675,0.02165,-1e-05,0.60956,0.001,2.014,2.014,10.61,0
1.68,0.02165,-1e-05,0.60956,0.001,2.014,2.014,10.61,0
1.685,0.02165,-1e-05,0.60956,0.001,2.014,2.014,10.61,0
1.69,0.02166,-1e-05,0.60956,0.001,2.014,2.014,10.61,0
1.695,0.02166,-1e-05,0.60956,0.001,2.015,2.015,10.61,0
1.7,0.02166,-1e-05,0.60956,0.001,2.015,2.015,10.61,0
1.705,0.02167,-1e-05,0.60956,0.001,2.015,2.015,10.61,0
1.71,0.02167,-1e-05,0.60956,0.001,2.016,2.016,10.61,0
1.715,0.02168,-1e-05,0.60956,0.001,2.016,2.016,10.61,0
1.72,0.02168,-1e-05,0.60956,0.001,2.016,2.016,10.61,0
1.725,0.02169,-1e-05,0.60956,0.001,2.017,2.017,10.61,0
1.73,0.02169,-1e-05,0.60956,0.001,2.017,2.017,10.61,0
1.735,0.0217,-1e-05,0.60956,0.001,2.017,2.017,10.61,0
1.74,0.0217,-1e-05,0.60955,0.001,2.018,2.018,10.61,0
1.745,0.02171,-1e-05,0.60955,0.001,2.018,2.018,10.61,0
1.75,0.02171,-1e-05,0.60955,0.001,2.018,2.018,10.61,0
1.755,0.02171,-1e-05,0.60955,0.001,2.019,2.019,10.61,0
1.76,0.02172,-1e-05,0.60955,0.001,2.019,2.019,10.61,0
1.765,0.02172,-1e-05,0.60955,0.001,2.02,2.02,10.61,0
1.77,0.02173,-1e-05,0.60955,0.001,2.02,2.02,10.61,0
1.775,0.02173,-1e-05,0.60955,0.001,2.02,2.02,10.61,0
1.78,0.02174,-1e-05,0.60955,0.001,2.021,2.021,10.61,0
1.785,0.02174,-1e-05,0.60955,0.001,2.021,2.021,10.61,0
1.79,0.02174,-1e-05,0.60955,0.001,2.021,2.021,10.61,0
1.795,0.02175,-1e-05,0.60955,0.001,2.022,2.022,10.61,0
1.8,0.02175,-1e-05,0.60955,0.001,2.022,2.022,10.61,0
1.805,0.02176,-1e-05,0.60955,0.001,2.022,2.022,10.61,0
1.81,0.02176,-1e-05,0.60955,0.001,2.023,2.023,10.61,0
1.815,0.02176,-1e-05,0.60955,0.001,2.023,2.023,10.61,0
1.82,0.02177,-1e-05,0.60955,0.001,2.023,2.023,10.61,0
1.825,0.02177,-1e-05,0.60955,0.001,2.023,2.023,10.61,0
1.83,0.02177,-1e-05,0.60955,0.001,2.024,2.024,10.61,0
1.835,0.02177,-1e-05,0.60955,0.001,2.024,2.024,10.61,0
1.84,0.02178,-1e-05,0.60955,0.001,2.024,2.024,10.61,0
1.845,0.02178,-1e-05,0.60955,0.001,2.024,2.024,10.61,0
1.85,0.02178,-1e-05,0.60955,0.001,2.024,2.024,10.61,0
1.855,0.02178,-1e-05,0.60955,0.001,2.024,2.024,10.61,0
1.86,0.02178,-1e-05,0.60955,0.001,2.024,2.024,10.61,0
1.865,0.02178,-1e-05,0.60955,0.001,2.024,2.024,10.61,0
1.87,0.02178,-1e-05,0.60955,0.001,2.024,2.024,10.61,0
1.875,0.02178,-1e-05,0.60955,0.001,2.024,2.024,10.61,0
1.88,0.02178,-1e-05,0.60955,0.001,2.024,2.024,10.61,0
1.885,0.02179,-1e-05,0.60955,0.001,2.024,2.024,10.61,0
1.89,0.02179,-1e-05,0.60955,0.001,2.024,2.024,10.61,0
1.895,0.02178,-1e-05,0.60955,0.001,2.024,2.024,10.61,0
1.9,0.02178,-1e-05,0.60955,0.001,2.024,2.024,10.61,0
1.905,0.02178,-1e-05,0.60955,0.001,2.024,2.024,10.61,0
1.91,0.02178,-1e-05,0.60955,0.001,2.024,2.024,10.61,0
1.915,0.02178,-1e-05,0.60955,0.001,2.024,2.024,10.61,0
1.92,0.02178,-1e-05,0.60955,0.001,2.024,2.024,10.61,0
1.925,0.02178,-1e-05,0.60955,0.001,2.024,2.024,10.61,0
1.93,0.02178,-1e-05,0.60955,0.001,2.023,2.023,10.61,0
1.935,0.02178,-1e-05,0.60955,0.001,2.023,2.023,10.61,0
1.94,0.02177,-1e-05,0.60955,0.001,2.023,2.023,10.61,0
1.945,0.02177,-1e-05,0.60955,0.001,2.023,2.023,10.61,0
1.95,0.02177,-1e-05,0.60955,0.001,2.022,2.022,10.61,0
1.955,0.02177,-1e-05,0.60955,0.001,2.022,2.022,10.61,0
1.96,0.02176,-1e-05,0.60955,0.001,2.022,2.022,10.61,0
1.965,0.02176,-1e-05,0.60955,0.001,2.022,2.022,10.61,0
1.97,0.02176,-1e-05,0.60955,0.001,2.021,2.021,10.61,0
1.975,0.02176,-1e-05,0.60955,0.001,2.021,2.021,10.61,0
1.98,0.02175,-1e-05,0.60955,0.001,2.021,2.021,10.61,0
1.985,0.02175,-1e-05,0.60955,0.001,2.02,2.02,10.61,0
1.99,0.02175,-1e-05,0.60955,0.001,2.02,2.02,10.61,0
1.995,0.02174,-1e-05,0.60955,0.001,2.02,2.02,10.61,0
2.0,0.02174,-1e-05,0.60955,0.001,2.019,2.019,10.61,0
2.005,0.02174,-1e-05,0.60955,0.001,2.019,2.019,10.61,0
2.01,0.02173,-1e-05,0.60955,0.001,2.019,2.019,10.61,0
2.015,0.02173,-1e-05,0.60955,0.001,2.018,2.018,10.61,0
2.02,0.02173,-1e-05,0.60955,0.001,2.018,2.018,10.61,0
2.025,0.02172,-1e-05,0.60955,0.001,2.018,2.018,10.61,0
2.03,0.02172,-1e-05,0.60955,0.001,2.017,2.017,10.61,0
2.035,0.02172,-1e-05,0.60955,0.001,2.017,2.017,10.61,0
2.04,0.02172,-1e-05,0.60955,0.001,2.017,2.017,10.61,0
2.045,0.02171,-1e-05,0.60956,0.001,2.016,2.016,10.61,0
2.05,0.02171,-1e-05,0.60956,0.001,2.016,2.016,10.61,0
2.055,0.02171,-1e-05,0.60956,0.001,2.016,2.016,10.61,0
2.06,0.0217,-1e-05,0.60956,0.001,2.015,2.015,10.61,0
2.065,0.0217,-1e-05,0.60956,0.001,2.015,2.015,10.61,0
2.07,0.0217,-1e-05,0.60956,0.001,2.015,2.015,10.61,0
2.075,0.0217,-1e-05,0.60956,0.001,2.014,2.014,10.61,0
2.08,0.02169,-1e-05,0.60956,0.001,2.014,2.014,10.61,0
2.085,0.02169,-1e-05,0.60956,0.001,2.014,2.014,10.61,0
2.09,0.02169,-1e-05,0.60956,0.001,2.014,2.014,10.61,0
2.095,0.02169,-1e-05,0.60956,0.001,2.013,2.013,10.61,0
2.1,0.02169,-1e-05,0.60956,0.001,2.013,2.013,10.61,0
2.105,0.02168,-1e-05,0.60956,0.001,2.013,2.013,10.61,0
2.11,0.02168,-1e-05,0.60956,0.001,2.012,2.012,10.61,0
2.115,0.02168,-1e-05,0.60956,0.001,2.012,2.012,10.61,0
2.12,0.02168,-1e-05,0.60956,0.001,2.012,2.012,10.61,0
2.125,0.02168,-1e-05,0.60956,0.001,2.012,2.012,10.61,0
2.13,0.02168,-1e-05,0.60956,0.001,2.012,2.012,10.61,0
2.135,0.02167,-1e-05,0.60956,0.001,2.011,2.011,10.61,0
2.14,0.02167,-1e-05,0.60956,0.001,2.011,2.011,10.61,0
2.145,0.02167,-1e-05,0.60956,0.001,2.011,2.011,10.61,0
2.15,0.02167,-1e-05,0.60956,0.001,2.011,2.011,10.61,0
2.155,0.02167,-1e-05,0.60956,0.001,2.011,2.011,10.61,0
2.16,0.02167,-1e-05,0.60956,0.001,2.011,2.011,10.61,0
2.165,0.02167,-1e-05,0.60956,0.001,2.011,2.011,10.61,0
2.17,0.02167,-1e-05,0.60956,0.001,2.01,2.01,10.61,0
2.175,0.02167,-1e-05,0.60956,0.001,2.01,2.01,10.61,0
2.18,0.02167,-1e-05,0.60956,0.001,2.01,2.01,10.61,0
2.185,0.02167,-1e-05,0.60956,0.001,2.01,2.01,10.61,0
2.19,0.02167,-1e-05,0.60956,0.001,2.01,2.01,10.61,0
2.195,0.02167,-1e-05,0.60956,0.001,2.01,2.01,10.61,0
2.2,0.02167,-1e-05,0.60956,0.001,2.01,2.01,10.61,0
2.205,0.02167,-1e-05,0.60956,0.001,2.01,2.01,10.61,0
2.21,0.02167,-1e-05,0.60956,0.001,2.01,2.01,10.61,0
2.215,0.02167,-1e-05,0.60956,0.001,2.01,2.01,10.61,0
2.22,0.02167,-1e-05,0.60956,0.001,2.01,2.01,10.61,0
2.225,0.02167,-1e-05,0.60956,0.001,2.01,2.01,10.61,0
2.23,0.02167,-1e-05,0.60956,0.001,2.01,2.01,10.61,0
2.235,0.02167,-1e-05,0.60956,0.001,2.01,2.01,10.61,0
2.24,0.02167,-1e-05,0.60956,0.001,2.01,2.01,10.61,0
2.245,0.02168,-1e-05,0.60956,0.001,2.01,2.01,10.61,0
2.25,0.02168,-1e-05,0.60956,0.001,2.01,2.01,10.61,0
2.255,0.02168,-1e-05,0.60956,0.001,2.01,2.01,10.61,0
2.26,0.02168,-1e-05,0.60956,0.001,2.01,2.01,10.61,0
2.265,0.02168,-1e-05,0.60956,0.001,2.01,2.01,10.61,0
2.27,0.02168,-1e-05,0.60956,0.001,2.01,2.01,10.61,0
2.275,0.02168,-1e-05,0.60956,0.001,2.01,2.01,10.61,0
2.28,0.02168,-1e-05,0.60956,0.001,2.01,2.01,10.61,0
2.285,0.02168,-1e-05,0.60956,0.001,2.01,2.01,10.61,0
2.29,0.02168,-1e-05,0.60956,0.001,2.01,2.01,10.61,0
2.295,0.02168,-1e-05,0.60956,0.001,2.01,2.01,10.61,0
2.3,0.02169,-1e-05,0.60956,0.001,2.01,2.01,10.61,0
2.305,0.02169,-1e-05,0.60956,0.001,2.01,2.01,10.61,0
2.31,0.02169,-1e-05,0.60956,0.001,2.01,2.01,10.61,0
2.315,0.02169,-1e-05,0.60956,0.001,2.01,2.01,10.61,0
2.32,0.02169,-1e-05,0.60956,0.001,2.01,2.01,10.61,0
2.325,0.02169,-1e-05,0.60956,0.001,2.01,2.01,10.61,0
2.33,0.02169,-1e-05,0.60956,0.001,2.01,2.01,10.61,0
2.335,0.02169,-1e-05,0.60956,0.001,2.011,2.011,10.61,0
2.34,0.02169,-1e-05,0.60956,0.001,2.011,2.011,10.61,0
2.345,0.02169,-1e-05,0.60956,0.001,2.011,2.011,10.61,0
2.35,0.02169,-1e-05,0.60956,0.001,2.011,2.011,10.61,0
2.355,0.02169,-1e-05,0.60956,0.001,2.011,2.011,10.61,0
2.36,0.02169,-1e-05,0.60956,0.001,2.011,2.011,10.61,0
2.365,0.02169,-1e-05,0.60956,0.001,2.011,2.011,10.61,0
2.37,0.02169,-1e-05,0.60956,0.001,2.011,2.011,10.61,0
2.375,0.0217,-1e-05,0.60956,0.001,2.011,2.011,10.61,0
2.38,0.0217,-1e-05,0.60956,0.001,2.011,2.011,10.61,0
2.385,0.0217,-1e-05,0.60956,0.001,2.01,2.01,10.61,0
2.39,0.0217,-1e-05,0.60956,0.001,2.01,2.01,10.61,0
2.395,0.0217,-1e-05,0.60956,0.001,2.01,2.01,10.61,0
2.4,0.0217,-1e-05,0.60956,0.001,2.01,2.01,10.61,0
2.405,0.0217,-1e-05,0.60956,0.001,2.01,2.01,10.61,0
2.41,0.0217,-1e-05,0.60956,0.001,2.01,2.01,10.61,0
2.415,0.0217,-1e-05,0.60956,0.001,2.01,2.01,10.61,0
2.42,0.0217,-1e-05,0.60956,0.001,2.01,2.01,10.61,0
2.425,0.0217,-1e-05,0.60956,0.001,2.01,2.01,10.61,0
2.43,0.02169,-1e-05,0.60956,0.001,2.01,2.01,10.61,0
2.435,0.02169,-1e-05,0.60956,0.001,2.01,2.01,10.61,0
2.44,0.02169,-1e-05,0.60956,0.001,2.01,2.01,10.61,0
2.445,0.02169,-1e-05,0.60956,0.001,2.01,2.01,10.61,0
2.45,0.02169,-1e-05,0.60956,0.001,2.01,2.01,10.61,0
2.455,0.02169,-1e-05,0.60956,0.001,2.01,2.01,10.61,0
2.46,0.02169,-1e-05,0.60956,0.001,2.009,2.009,10.61,0
2.465,0.02169,-1e-05,0.60956,0.001,2.009,2.009,10.61,0
2.47,0.02169,-1e-05,0.60956,0.001,2.009,2.009,10.61,0
2.475,0.02169,-1e-05,0.60956,0.001,2.009,2.009,10.61,0
2.48,0.02169,-1e-05,0.60956,0.001,2.009,2.009,10.61,0
2.485,0.02169,-1e-05,0.60956,0.001,2.009,2.009,10.61,0
2.49,0.02169,-1e-05,0.60956,0.001,2.009,2.009,10.61,0
2.495,0.02169,-1e-05,0.60956,0.001,2.009,2.009,10.61,0
2.5,0.02169,-1e-05,0.60956,0.001,2.008,2.008,10.61,0
2.505,0.02168,-1e-05,0.60956,0.001,2.008,2.008,10.61,0
2.51,0.02168,-1e-05,0.60956,0.001,2.008,2.008,10.6,0
2.515,0.02168,-1e-05,0.60956,0.001,2.008,2.008,10.6,0
2.52,0.02168,-1e-05,0.60956,0.001,2.008,2.008,10.6,0
2.525,0.02168,-1e-05,0.60956,0.001,2.008,2.008,10.6,0
2.53,0.02168,-1e-05,0.60956,0.001,2.008,2.008,10.6,0
2.535,0.02168,-1e-05,0.60956,0.001,2.007,2.007,10.6,0
2.54,0.02168,-1e-05,0.60956,0.001,2.007,2.007,10.6,0
2.545,0.02168,-1e-05,0.60956,0.001,2.007,2.007,10.6,0
2.55,0.02167,-1e-05,0.60956,0.001,2.007,2.007,10.6,0
2.555,0.02167,-1e-05,0.60956,0.001,2.007,2.007,10.6,0
2.56,0.02167,-1e-05,0.60956,0.001,2.007,2.007,10.6,0
2.565,0.02167,-1e-05,0.60956,0.001,2.006,2.006,10.6,0
2.57,0.02167,-1e-05,0.60956,0.001,2.006,2.006,10.6,0
2.575,0.02167,-1e-05,0.60956,0.001,2.006,2.006,10.6,0
2.58,0.02167,-1e-05,0.60956,0.001,2.006,2.006,10.6,0
2.585,0.02167,-1e-05,0.60956,0.001,2.006,2.006,10.6,0
2.59,0.02167,-1e-05,0.60956,0.001,2.006,2.006,10.6,0
2.595,0.02166,-1e-05,0.60956,0.001,2.006,2.006,10.6,0
2.6,0.02166,-1e-05,0.60956,0.001,2.005,2.005,10.6,0
2.605,0.02166,-1e-05,0.60956,0.001,2.005,2.005,10.6,0
2.61,0.02166,-1e-05,0.60956,0.001,2.005,2.005,10.6,0
2.615,0.02166,-1e-05,0.60956,0.001,2.005,2.005,10.6,0
2.62,0.02166,-1e-05,0.60956,0.001,2.005,2.005,10.6,0
2.625,0.02166,-1e-05,0.60956,0.001,2.005,2.005,10.6,0
2.63,0.02166,-1e-05,0.60956,0.001,2.005,2.005,10.6,0
2.635,0.02166,-1e-05,0.60957,0.001,2.004,2.004,10.6,0
2.64,0.02166,-1e-05,0.60957,0.001,2.004,2.004,10.6,0
2.645,0.02166,-1e-05,0.60957,0.001,2.004,2.004,10.6,0
2.65,0.02166,-1e-05,0.60957,0.001,2.004,2.004,10.6,0
2.655,0.02165,-1e-05,0.60957,0.001,2.004,2.004,10.6,0
2.66,0.02165,-1e-05,0.60957,0.001,2.004,2.004,10.6,0
2.665,0.02165,-1e-05,0.60957,0.001,2.004,2.004,10.6,0
2.67,0.02165,-1e-05,0.60957,0.001,2.004,2.004,10.6,0
2.675,0.02165,-1e-05,0.60957,0.001,2.004,2.004,10.6,0
2.68,0.02165,-1e-05,0.60957,0.001,2.003,2.003,10.6,0
2.685,0.02165,-1e-05,0.60957,0.001,2.003,2.003,10.6,0
2.69,0.02165,-1e-05,0.60957,0.001,2.003,2.003,10.6,0
2.695,0.02165,-1e-05,0.60957,0.001,2.003,2.003,10.6,0
2.7,0.02165,-1e-05,0.60957,0.001,2.003,2.003,10.6,0
2.705,0.02165,-1e-05,0.60957,0.001,2.003,2.003,10.6,0
2.71,0.02165,-1e-05,0.60957,0.001,2.003,2.003,10.6,0
2.715,0.02165,-1e-05,0.60957,0.001,2.003,2.003,10.6,0
2.72,0.02165,-1e-05,0.60957,0.001,2.003,2.003,10.6,0
2.725,0.02165,-1e-05,0.60957,0.001,2.003,2.003,10.6,0
2.73,0.02165,-1e-05,0.60957,0.001,2.003,2.003,10.6,0
2.735,0.02165,-1e-05,0.60957,0.001,2.002,2.002,10.6,0
2.74,0.02165,-1e-05,0.60957,0.001,2.002,2.002,10.6,0
2.745,0.02165,-1e-05,0.60957,0.001,2.002,2.002,10.6,0
2.75,0.02165,-1e-05,0.60957,0.001,2.002,2.002,10.6,0
2.755,0.02165,-1e-05,0.60957,0.001,2.002,2.002,10.6,0
2.76,0.02165,-1e-05,0.60957,0.001,2.002,2.002,10.6,0
2.765,0.02165,-1e-05,0.60957,0.001,2.002,2.002,10.6,0
2.77,0.02165,-1e-05,0.60957,0.001,2.002,2.002,10.6,0
2.775,0.02165,-1e-05,0.60957,0.001,2.002,2.002,10.6,0
2.78,0.02165,-1e-05,0.60957,0.001,2.002,2.002,10.6,0
2.785,0.02165,-1e-05,0.60957,0.001,2.002,2.002,10.6,0
2.79,0.02165,-1e-05,0.60957,0.001,2.002,2.002,10.6,0
2.795,0.02165,-1e-05,0.60957,0.001,2.002,2.002,10.6,0
2.8,0.02165,-1e-05,0.60957,0.001,2.002,2.002,10.6,0
2.805,0.02165,-1e-05,0.60957,0.001,2.002,2.002,10.6,0
2.81,0.02165,-1e-05,0.60957,0.001,2.002,2.002,10.6,0
2.815,0.02165,-1e-05,0.60957,0.001,2.001,2.001,10.6,0
2.82,0.02165,-1e-05,0.60957,0.001,2.001,2.001,10.6,0
2.825,0.02165,-1e-05,0.60957,0.001,2.001,2.001,10.6,0
2.83,0.02165,-1e-05,0.60957,0.001,2.001,2.001,10.6,0
2.835,0.02165,-1e-05,0.60957,0.001,2.001,2.001,10.6,0
2.84,0.02165,-1e-05,0.60957,0.001,2.001,2.001,10.6,0
2.845,0.02165,-1e-05,0.60957,0.001,2.001,2.001,10.6,0
2.85,0.02165,-1e-05,0.60957,0.001,2.001,2.001,10.6,0
2.855,0.02165,-1e-05,0.60957,0.001,2.001,2.001,10.6,0
2.86,0.02165,-1e-05,0.60957,0.001,2.001,2.001,10.6,0
2.865,0.02165,-1e-05,0.60957,0.001,2.001,2.001,10.6,0
2.87,0.02165,-1e-05,0.60957,0.001,2.001,2.001,10.6,0
2.875,0.02165,-1e-05,0.60957,0.001,2.001,2.001,10.6,0
2.88,0.02165,-1e-05,0.60957,0.001,2.001,2.001,10.6,0
2.885,0.02165,-1e-05,0.60957,0.001,2.001,2.001,10.6,0
2.89,0.02165,-1e-05,0.60957,0.001,2.001,2.001,10.6,0
2.895,0.02165,-1e-05,0.60957,0.001,2.001,2.001,10.6,0
2.9,0.02165,-1e-05,0.60957,0.001,2.001,2.001,10.6,0
2.905,0.02165,-1e-05,0.60957,0.001,2.0,2.0,10.6,0
2.91,0.02165,-1e-05,0.60957,0.001,2.0,2.0,10.6,0
2.915,0.02164,-1e-05,0.60957,0.001,2.0,2.0,10.6,0
2.92,0.02164,-1e-05,0.60957,0.001,2.0,2.0,10.6,0
2.925,0.02164,-1e-05,0.60957,0.001,2.0,2.0,10.6,0
2.93,0.02164,-1e-05,0.60957,0.001,2.0,2.0,10.6,0
2.935,0.02164,-1e-05,0.60957,0.001,2.0,2.0,10.6,0
2.94,0.02164,-1e-05,0.60957,0.001,2.0,2.0,10.6,0
2.945,0.02164,-1e-05,0.60957,0.001,2.0,2.0,10.6,0
2.95,0.02164,-1e-05,0.60957,0.001,2.0,2.0,10.6,0
2.955,0.02164,-1e-05,0.60957,0.001,2.0,2.0,10.6,0
2.96,0.02164,-1e-05,0.60957,0.001,2.0,2.0,10.6,0
2.965,0.02164,-1e-05,0.60957,0.001,2.0,2.0,10.6,0
2.97,0.02164,-1e-05,0.60957,0.001,2.0,2.0,10.6,0
2.975,0.02164,-1e-05,0.60957,0.001,1.999,1.999,10.6,0
2.98,0.02164,-1e-05,0.60957,0.001,1.999,1.999,10.6,0
2.985,0.02164,-1e-05,0.60957,0.001,1.999,1.999,10.6,0
2.99,0.02164,-1e-05,0.60957,0.001,1.999,1.999,10.6,0
2.995,0.02164,-1e-05,0.60957,0.001,1.999,1.999,10.6,0
3.0,0.02164,-1e-05,0.60957,0.001,1.999,1.999,10.6,0
3.005,0.02163,0.00019,0.60957,0.014,2.0,2.0,10.6,1
3.01,0.02163,0.00056,0.60956,0.035,2.002,2.002,10.75,1
3.015,0.02161,0.00108,0.60956,0.061,2.004,2.005,10.9,1
3.02,0.0216,0.00175,0.60956,0.089,2.006,2.008,11.05,1
3.025,0.02159,0.00255,0.60955,0.114,2.009,2.012,11.16,1
3.03,0.02158,0.00347,0.60955,0.136,2.011,2.015,11.24,1
3.035,0.02157,0.00451,0.60955,0.154,2.013,2.019,11.29,1
3.04,0.02156,0.00565,0.60955,0.165,2.014,2.021,11.3,1
3.045,0.02156,0.00689,0.60955,0.172,2.014,2.022,11.28,1
3.05,0.02155,0.00823,0.60955,0.174,2.015,2.022,11.25,1
3.055,0.02155,0.00966,0.60955,0.17,2.015,2.022,11.23,1
3.06,0.02154,0.01119,0.60955,0.162,2.015,2.021,11.21,1
3.065,0.02154,0.01282,0.60956,0.147,2.015,2.02,11.18,1
3.07,0.02153,0.01453,0.60956,0.127,2.016,2.02,11.13,1
3.075,0.02152,0.01633,0.60957,0.101,2.017,2.019,11.06,1
3.08,0.02151,0.01821,0.60958,0.069,2.018,2.02,10.94,1
3.085,0.02149,0.02018,0.60959,0.03,2.02,2.021,11.12,1
3.09,0.02148,0.02223,0.6096,-0.014,2.023,2.023,11.85,1
3.095,0.02146,0.02436,0.60961,-0.065,2.025,2.026,12.57,1
3.1,0.02144,0.02656,0.60961,-0.123,2.027,2.031,13.29,1
3.105,0.02142,0.02864,0.60963,-0.204,2.029,2.039,14.01,0
3.11,0.02141,0.03061,0.60964,-0.305,2.029,2.052,13.93,0
3.115,0.02141,0.03248,0.60967,-0.421,2.028,2.071,13.8,0
3.12,0.02141,0.03427,0.60971,-0.549,2.024,2.097,13.65,0
3.125,0.02143,0.03599,0.60977,-0.686,2.017,2.13,13.48,0
3.13,0.02146,0.03765,0.60984,-0.83,2.007,2.172,13.32,0
3.135,0.0215,0.03927,0.60992,-0.977,1.995,2.221,13.45,0
3.14,0.02155,0.04084,0.61003,-1.125,1.983,2.28,13.71,0
3.145,0.02159,0.04238,0.61016,-1.273,1.971,2.346,13.65,0
3.15,0.02163,0.0439,0.6103,-1.42,1.961,2.421,13.55,0
3.155,0.02167,0.04539,0.61045,-1.563,1.952,2.5,13.46,0
3.16,0.02171,0.04687,0.6106,-1.7,1.943,2.582,13.38,0
3.165,0.02174,0.04833,0.61074,-1.832,1.935,2.665,13.34,0
3.17,0.02178,0.04978,0.61088,-1.957,1.929,2.748,13.3,0
3.175,0.02181,0.05121,0.61101,-2.076,1.924,2.83,13.28,0
3.18,0.02183,0.05264,0.61113,-2.187,1.92,2.91,13.36,0
3.185,0.02186,0.05406,0.61124,-2.29,1.917,2.986,13.58,0
3.19,0.02189,0.05548,0.61133,-2.386,1.915,3.059,13.85,0
3.195,0.02191,0.05689,0.61141,-2.474,1.913,3.127,14.16,0
3.2,0.02193,0.0583,0.61148,-2.554,1.912,3.19,14.5,0
3.205,0.02195,0.05971,0.61153,-2.626,1.911,3.248,14.89,0
3.21,0.02197,0.06113,0.61156,-2.691,1.91,3.299,15.32,0
3.215,0.022,0.06253,0.61157,-2.748,1.909,3.345,15.78,0
3.22,0.02202,0.06394,0.61157,-2.797,1.909,3.386,16.27,0
3.225,0.02204,0.06535,0.61155,-2.839,1.908,3.42,16.8,0
3.23,0.02205,0.06675,0.61152,-2.874,1.907,3.449,17.36,0
3.235,0.02207,0.06816,0.61147,-2.902,1.907,3.472,17.94,0
3.24,0.02209,0.06955,0.61141,-2.924,1.906,3.49,18.54,0
3.245,0.02211,0.07095,0.61133,-2.941,1.905,3.504,19.16,0
3.25,0.02212,0.07234,0.61124,-2.952,1.905,3.513,19.8,0
3.255,0.02214,0.07372,0.61113,-2.958,1.904,3.517,20.45,0
3.26,0.02215,0.0751,0.61102,-2.96,1.903,3.519,21.11,0
3.265,0.02216,0.07647,0.61089,-2.958,1.902,3.516,21.78,0
3.27,0.02217,0.07782,0.61076,-2.952,1.901,3.511,22.45,0
3.275,0.02218,0.07917,0.61062,-2.944,1.9,3.503,23.13,0
3.28,0.02219,0.0805,0.61047,-2.932,1.899,3.493,23.8,0
3.285,0.0222,0.08182,0.61031,-2.919,1.898,3.481,24.47,0
3.29,0.02221,0.08313,0.61016,-2.904,1.896,3.468,25.13,0
3.295,0.02221,0.08442,0.60999,-2.887,1.895,3.453,25.79,0
3.3,0.02221,0.08566,0.60986,-2.881,1.895,3.448,26.43,0
3.305,0.02219,0.08685,0.60975,-2.886,1.896,3.453,26.74,0
3.31,0.02218,0.08803,0.60964,-2.892,1.897,3.458,26.97,0
3.315,0.02217,0.08918,0.60952,-2.899,1.897,3.464,27.39,0
3.32,0.02215,0.09029,0.60943,-2.915,1.897,3.477,27.8,0
3.325,0.02213,0.09136,0.60936,-2.939,1.896,3.497,28.0,0
3.33,0.0221,0.09239,0.6093,-2.97,1.896,3.523,28.14,0
3.335,0.02208,0.09339,0.60925,-3.004,1.895,3.551,28.24,0
3.34,0.02206,0.09437,0.6092,-3.04,1.893,3.581,28.43,0
3.345,0.02203,0.09532,0.60916,-3.081,1.891,3.614,28.61,0
3.35,0.02201,0.09623,0.60913,-3.126,1.888,3.652,28.69,0
3.355,0.02198,0.09713,0.60911,-3.173,1.885,3.69,28.75,0
3.36,0.02196,0.098,0.60909,-3.221,1.882,3.731,28.85,0
3.365,0.02193,0.09884,0.60908,-3.271,1.879,3.772,28.94,0
3.37,0.0219,0.09967,0.60907,-3.321,1.876,3.814,29.03,0
3.375,0.02188,0.10048,0.60906,-3.372,1.873,3.856,29.11,0
3.38,0.02185,0.10128,0.60906,-3.423,1.87,3.9,29.18,0
3.385,0.02182,0.10205,0.60906,-3.475,1.867,3.944,29.25,0
3.39,0.02179,0.10281,0.60906,-3.528,1.863,3.989,29.3,0
3.395,0.02176,0.10355,0.60906,-3.58,1.86,4.034,29.35,0
3.4,0.02173,0.10427,0.60907,-3.634,1.856,4.08,29.4,0
3.405,0.02169,0.10498,0.60908,-3.687,1.853,4.126,29.43,0
3.41,0.02166,0.10568,0.60909,-3.741,1.849,4.172,29.47,0
3.415,0.02163,0.10636,0.60911,-3.794,1.846,4.219,29.49,0
3.42,0.02159,0.10703,0.60912,-3.848,1.842,4.266,29.52,0
3.425,0.02156,0.10769,0.60914,-3.902,1.838,4.313,29.54,0
3.43,0.02152,0.10833,0.60915,-3.956,1.835,4.36,29.55,0
3.435,0.02149,0.10896,0.60917,-4.009,1.831,4.407,29.56,0
3.44,0.02145,0.10958,0.60919,-4.062,1.827,4.454,29.57,0
3.445,0.02141,0.1102,0.60921,-4.116,1.823,4.501,29.58,0
3.45,0.02137,0.1108,0.60923,-4.169,1.819,4.548,29.58,0
3.455,0.02133,0.11139,0.60925,-4.222,1.815,4.594,29.58,0
3.46,0.02129,0.11197,0.60927,-4.274,1.811,4.641,29.58,0
3.465,0.02125,0.11254,0.6093,-4.326,1.807,4.688,29.58,0
3.47,0.02121,0.1131,0.60932,-4.378,1.802,4.734,29.58,0
3.475,0.02117,0.11365,0.60934,-4.43,1.798,4.78,29.57,0
3.48,0.02112,0.1142,0.60936,-4.481,1.794,4.826,29.56,0
3.485,0.02108,0.11473,0.60938,-4.532,1.789,4.871,29.56,0
3.49,0.02104,0.11527,0.60941,-4.581,1.785,4.916,29.56,0
3.495,0.02099,0.11579,0.60943,-4.631,1.781,4.961,29.56,0
3.5,0.02095,0.11631,0.60945,-4.68,1.776,5.005,29.55,0
3.505,0.02091,0.11682,0.60947,-4.729,1.771,5.049,29.54,0
3.51,0.02086,0.11732,0.60949,-4.777,1.767,5.093,29.53,0
3.515,0.02081,0.11781,0.60951,-4.825,1.762,5.136,29.52,0
3.52,0.02077,0.1183,0.60953,-4.873,1.757,5.18,29.5,0
3.525,0.02072,0.11878,0.60955,-4.921,1.752,5.223,29.48,0
3.53,0.02068,0.11925,0.60958,-4.968,1.747,5.266,29.46,0
3.535,0.02063,0.11972,0.6096,-5.015,1.743,5.309,29.44,0
3.54,0.02058,0.12018,0.60962,-5.062,1.738,5.351,29.42,0
3.545,0.02054,0.12063,0.60964,-5.108,1.733,5.393,29.4,0
3.55,0.02049,0.12108,0.60966,-5.154,1.728,5.435,29.38,0
3.555,0.02044,0.12153,0.60969,-5.2,1.723,5.477,29.36,0
3.56,0.0204,0.12197,0.60971,-5.245,1.717,5.518,29.34,0
3.565,0.02035,0.1224,0.60973,-5.29,1.712,5.559,29.32,0
3.57,0.0203,0.12283,0.60975,-5.334,1.707,5.6,29.3,0
3.575,0.02026,0.12325,0.60977,-5.378,1.702,5.64,29.27,0
3.58,0.02021,0.12367,0.60979,-5.422,1.697,5.68,29.25,0
3.585,0.02016,0.12409,0.60981,-5.465,1.691,5.72,29.23,0
3.59,0.02012,0.1245,0.60983,-5.508,1.686,5.759,29.21,0
3.595,0.02007,0.12491,0.60985,-5.55,1.681,5.798,29.2,0
3.6,0.02002,0.12531,0.60987,-5.592,1.675,5.837,29.18,0
3.605,0.01998,0.12571,0.60989,-5.633,1.67,5.875,29.16,0
3.61,0.01993,0.12611,0.60991,-5.674,1.664,5.913,29.14,0
3.615,0.01989,0.1265,0.60992,-5.715,1.659,5.95,29.13,0
3.62,0.01984,0.1269,0.60994,-5.755,1.653,5.987,29.11,0
3.625,0.0198,0.12728,0.60996,-5.795,1.647,6.024,29.1,0
3.63,0.01975,0.12767,0.60997,-5.834,1.641,6.06,29.09,0
3.635,0.01971,0.12805,0.60998,-5.873,1.636,6.096,29.07,0
3.64,0.01966,0.12844,0.61,-5.912,1.63,6.132,29.06,0
3.645,0.01962,0.12882,0.61001,-5.95,1.624,6.167,29.06,0
3.65,0.01957,0.12919,0.61002,-5.987,1.618,6.202,29.05,0
3.655,0.01953,0.12957,0.61003,-6.025,1.612,6.236,29.04,0
3.66,0.01948,0.12994,0.61004,-6.062,1.607,6.27,29.04,0
3.665,0.01944,0.13031,0.61005,-6.098,1.601,6.304,29.03,0
3.67,0.0194,0.13068,0.61006,-6.134,1.595,6.337,29.03,0
3.675,0.01935,0.13105,0.61007,-6.169,1.589,6.37,29.03,0
3.68,0.01931,0.13142,0.61007,-6.205,1.584,6.403,29.03,0
3.685,0.01926,0.13179,0.61008,-6.239,1.578,6.435,29.03,0
3.69,0.01922,0.13215,0.61009,-6.274,1.572,6.467,29.03,0
3.695,0.01918,0.13252,0.61009,-6.308,1.566,6.499,29.04,0
3.7,0.01913,0.13288,0.61009,-6.342,1.561,6.531,29.04,0
3.705,0.01909,0.13324,0.6101,-6.376,1.555,6.562,29.04,0
3.71,0.01905,0.1336,0.6101,-6.41,1.549,6.594,29.04,0
3.715,0.019,0.13396,0.6101,-6.444,1.544,6.625,29.04,0
3.72,0.01896,0.13432,0.61011,-6.477,1.538,6.656,29.04,0
3.725,0.01892,0.13468,0.61011,-6.51,1.532,6.687,29.05,0
3.73,0.01888,0.13504,0.61011,-6.543,1.526,6.718,29.05,0
3.735,0.01883,0.1354,0.61011,-6.577,1.521,6.749,29.05,0
3.74,0.01879,0.13575,0.61011,-6.609,1.515,6.78,29.06,0
3.745,0.01875,0.13611,0.61011,-6.642,1.51,6.811,29.06,0
3.75,0.01871,0.13647,0.61012,-6.675,1.504,6.842,29.06,0
3.755,0.01867,0.13683,0.61012,-6.708,1.499,6.872,29.07,0
3.76,0.01862,0.13718,0.61012,-6.74,1.493,6.903,29.08,0
3.765,0.01858,0.13754,0.61011,-6.773,1.488,6.933,29.08,0
3.77,0.01854,0.1379,0.61011,-6.805,1.482,6.964,29.09,0
3.775,0.0185,0.13826,0.61011,-6.837,1.477,6.994,29.1,0
3.78,0.01846,0.13861,0.61011,-6.869,1.472,7.024,29.11,0
3.785,0.01841,0.13897,0.61011,-6.901,1.466,7.055,29.12,0
3.79,0.01837,0.13934,0.6101,-6.934,1.461,7.085,29.13,0
3.795,0.01833,0.1397,0.6101,-6.966,1.456,7.115,29.14,0
3.8,0.01829,0.14006,0.6101,-6.998,1.451,7.146,29.15,0
3.805,0.01825,0.14042,0.61009,-7.03,1.445,7.176,29.16,0
3.81,0.01821,0.14079,0.61009,-7.062,1.44,7.206,29.17,0
3.815,0.01817,0.14116,0.61008,-7.094,1.435,7.237,29.18,0
3.82,0.01813,0.14152,0.61008,-7.126,1.43,7.267,29.2,0
3.825,0.01809,0.14189,0.61007,-7.158,1.425,7.298,29.21,0
3.83,0.01805,0.14227,0.61006,-7.19,1.42,7.328,29.22,0
3.835,0.01801,0.14264,0.61006,-7.222,1.415,7.359,29.24,0
3.84,0.01797,0.14301,0.61005,-7.255,1.41,7.39,29.25,0
3.845,0.01793,0.14339,0.61004,-7.287,1.405,7.421,29.27,0
3.85,0.01789,0.14377,0.61003,-7.32,1.4,7.452,29.29,0
3.855,0.01785,0.14415,0.61002,-7.352,1.395,7.483,29.3,0
3.86,0.01781,0.14454,0.61001,-7.385,1.39,7.514,29.32,0
3.865,0.01777,0.14493,0.61,-7.418,1.385,7.545,29.34,0
3.87,0.01773,0.14532,0.60999,-7.451,1.381,7.577,29.36,0
3.875,0.01769,0.14571,0.60998,-7.484,1.376,7.609,29.38,0
3.88,0.01765,0.1461,0.60997,-7.517,1.371,7.641,29.39,0
3.885,0.01761,0.1465,0.60996,-7.551,1.366,7.673,29.41,0
3.89,0.01757,0.1469,0.60995,-7.585,1.361,7.705,29.43,0
3.895,0.01754,0.14731,0.60993,-7.619,1.357,7.738,29.45,0
3.9,0.0175,0.14772,0.60992,-7.653,1.352,7.771,29.47,0
3.905,0.01746,0.14813,0.6099,-7.688,1.347,7.804,29.49,0
3.91,0.01742,0.14854,0.60989,-7.723,1.343,7.838,29.51,0
3.915,0.01738,0.14896,0.60987,-7.758,1.338,7.872,29.53,0
3.92,0.01735,0.14938,0.60986,-7.793,1.333,7.906,29.55,0
3.925,0.01731,0.14981,0.60984,-7.829,1.329,7.94,29.57,0
3.93,0.01727,0.15024,0.60983,-7.865,1.324,7.975,29.59,0
3.935,0.01723,0.15067,0.60981,-7.902,1.32,8.011,29.61,0
3.94,0.0172,0.15111,0.60979,-7.939,1.315,8.046,29.63,0
3.945,0.01716,0.15155,0.60978,-7.976,1.311,8.083,29.65,0
3.95,0.01712,0.152,0.60976,-8.014,1.306,8.119,29.67,0
3.955,0.01709,0.15245,0.60974,-8.052,1.302,8.156,29.69,0
3.96,0.01705,0.1529,0.60972,-8.091,1.298,8.194,29.71,0
3.965,0.01701,0.15336,0.6097,-8.13,1.293,8.232,29.73,0
3.97,0.01698,0.15383,0.60968,-8.17,1.289,8.27,29.75,0
3.975,0.01694,0.1543,0.60966,-8.21,1.285,8.309,29.77,0
3.98,0.0169,0.15478,0.60964,-8.25,1.281,8.348,29.79,0
3.985,0.01687,0.15526,0.60962,-8.291,1.276,8.388,29.81,0
3.99,0.01683,0.15575,0.6096,-8.333,1.272,8.429,29.83,0
3.995,0.0168,0.15624,0.60957,-8.375,1.268,8.47,29.85,0
4.0,0.01676,0.15674,0.60955,-8.418,1.264,8.511,29.87,0
4.005,0.01673,0.15724,0.60953,-8.461,1.259,8.553,29.89,0
4.01,0.01669,0.15775,0.6095,-8.505,1.255,8.596,29.91,0
4.015,0.01665,0.15827,0.60948,-8.549,1.251,8.639,29.93,0
4.02,0.01662,0.1588,0.60945,-8.594,1.247,8.683,29.95,0
4.025,0.01658,0.15933,0.60942,-8.64,1.243,8.728,29.97,0
4.03,0.01655,0.15986,0.6094,-8.686,1.239,8.773,29.99,0
4.035,0.01651,0.16041,0.60937,-8.733,1.235,8.819,30.01,0
4.04,0.01648,0.16096,0.60934,-8.78,1.23,8.866,30.03,0
4.045,0.01644,0.16152,0.60931,-8.829,1.226,8.913,30.05,0
4.05,0.01641,0.16209,0.60928,-8.878,1.222,8.961,30.07,0
4.055,0.01637,0.16266,0.60924,-8.927,1.218,9.009,30.09,0
4.06,0.01634,0.16324,0.60921,-8.978,1.214,9.059,30.11,0
4.065,0.0163,0.16383,0.60918,-9.029,1.21,9.109,30.13,0
4.07,0.01627,0.16443,0.60914,-9.081,1.206,9.16,30.15,0
4.075,0.01623,0.16504,0.60911,-9.134,1.201,9.212,30.17,0
4.08,0.0162,0.16566,0.60907,-9.187,1.197,9.264,30.19,0
4.085,0.01616,0.16628,0.60903,-9.241,1.193,9.317,30.21,0
4.09,0.01613,0.16691,0.60899,-9.297,1.189,9.372,30.24,0
4.095,0.01609,0.16756,0.60895,-9.353,1.185,9.427,30.26,0
4.1,0.01606,0.16821,0.60891,-9.41,1.181,9.483,30.28,0
4.105,0.01602,0.16887,0.60887,-9.467,1.177,9.54,30.3,0
4.11,0.01599,0.16954,0.60883,-9.526,1.172,9.597,30.32,0
4.115,0.01595,0.17023,0.60878,-9.586,1.168,9.656,30.34,0
4.12,0.01592,0.17092,0.60873,-9.647,1.164,9.716,30.36,0
4.125,0.01588,0.17162,0.60869,-9.708,1.16,9.777,30.38,0
4.13,0.01584,0.17233,0.60864,-9.771,1.156,9.838,30.4,0
4.135,0.01581,0.17306,0.60859,-9.834,1.152,9.901,30.43,0
4.14,0.01577,0.17379,0.60853,-9.899,1.147,9.965,30.45,0
4.145,0.01573,0.17454,0.60848,-9.965,1.143,10.03,30.47,0
4.15,0.0157,0.1753,0.60842,-10.032,1.139,10.095,30.49,0
4.155,0.01566,0.17607,0.60836,-10.1,1.135,10.162,30.51,0
4.16,0.01562,0.17685,0.60831,-10.169,1.13,10.231,30.53,0
4.165,0.01558,0.17764,0.60824,-10.239,1.126,10.3,30.56,0
4.17,0.01555,0.17845,0.60818,-10.31,1.122,10.37,30.58,0
4.175,0.01551,0.17927,0.60811,-10.383,1.117,10.442,30.6,0
4.18,0.01547,0.1801,0.60805,-10.456,1.113,10.515,30.62,0
4.185,0.01543,0.18095,0.60798,-10.531,1.109,10.589,30.64,0
4.19,0.01539,0.18181,0.60791,-10.608,1.104,10.664,30.67,0
4.195,0.01535,0.18268,0.60783,-10.685,1.1,10.741,30.69,0
4.2,0.01531,0.18357,0.60775,-10.764,1.095,10.819,30.71,0
4.205,0.01527,0.18447,0.60768,-10.844,1.091,10.898,30.73,0
4.21,0.01523,0.18538,0.60759,-10.926,1.086,10.979,30.76,0
4.215,0.01518,0.18631,0.60751,-11.009,1.081,11.061,30.78,0
4.22,0.01514,0.18726,0.60742,-11.093,1.077,11.145,30.8,0
4.225,0.0151,0.18822,0.60733,-11.179,1.072,11.229,30.83,0
4.23,0.01505,0.1892,0.60724,-11.266,1.067,11.316,30.85,0
4.235,0.01501,0.19019,0.60714,-11.355,1.062,11.404,30.88,0
4.24,0.01496,0.1912,0.60704,-11.445,1.058,11.493,30.9,0
4.245,0.01492,0.19223,0.60694,-11.537,1.053,11.584,30.92,0
4.25,0.01487,0.19327,0.60684,-11.63,1.048,11.677,30.95,0
4.255,0.01482,0.19433,0.60673,-11.725,1.043,11.771,30.97,0
4.26,0.01478,0.19541,0.60661,-11.822,1.038,11.866,31.0,0
4.265,0.01473,0.19651,0.6065,-11.92,1.032,11.964,31.02,0
4.27,0.01468,0.19762,0.60638,-12.02,1.027,12.063,31.05,0
4.275,0.01463,0.19875,0.60625,-12.122,1.022,12.164,31.08,0
4.28,0.01458,0.19991,0.60612,-12.225,1.017,12.267,31.1,0
4.285,0.01452,0.20108,0.60599,-12.33,1.011,12.371,31.13,0
4.29,0.01447,0.20227,0.60585,-12.437,1.006,12.477,31.15,0
4.295,0.01442,0.20348,0.60571,-12.546,1.0,12.585,31.18,0
4.3,0.01436,0.20471,0.60556,-12.657,0.994,12.695,31.21,0
4.305,0.01431,0.20596,0.60541,-12.77,0.988,12.807,31.24,0
4.31,0.01425,0.20723,0.60525,-12.885,0.983,12.921,31.26,0
4.315,0.01419,0.20853,0.60509,-13.001,0.977,13.037,31.29,0
4.32,0.01413,0.20984,0.60492,-13.12,0.971,13.155,31.32,0
4.325,0.01407,0.21118,0.60475,-13.241,0.964,13.275,31.35,0
4.33,0.01401,0.21254,0.60457,-13.364,0.958,13.397,31.38,0
4.335,0.01395,0.21393,0.60438,-13.489,0.952,13.522,31.41,0
4.34,0.01389,0.21533,0.60419,-13.616,0.945,13.648,31.44,0
4.345,0.01382,0.21677,0.60399,-13.746,0.939,13.777,31.47,0
4.35,0.01376,0.21822,0.60379,-13.878,0.932,13.908,31.5,0
4.355,0.01369,0.2197,0.60358,-14.012,0.925,14.042,31.53,0
4.36,0.01362,0.22121,0.60336,-14.148,0.918,14.177,31.56,0
4.365,0.01355,0.22274,0.60313,-14.287,0.911,14.316,31.59,0
4.37,0.01348,0.22429,0.6029,-14.429,0.904,14.456,31.62,0
4.375,0.01341,0.22587,0.60265,-14.572,0.897,14.599,31.65,0
4.38,0.01334,0.22748,0.6024,-14.719,0.89,14.745,31.68,0
4.385,0.01326,0.22912,0.60214,-14.868,0.882,14.894,31.71,0
4.39,0.01318,0.23079,0.60188,-15.02,0.874,15.045,31.74,0
4.395,0.01311,0.23248,0.6016,-15.174,0.867,15.198,31.78,0
4.4,0.01303,0.2342,0.60131,-15.331,0.859,15.355,31.81,0
4.405,0.01294,0.23595,0.60101,-15.491,0.851,15.514,31.84,0
4.41,0.01286,0.23773,0.60071,-15.654,0.842,15.676,31.87,0
4.415,0.01278,0.23954,0.60039,-15.82,0.834,15.841,31.91,0
4.42,0.01269,0.24138,0.60006,-15.989,0.825,16.009,31.94,0
4.425,0.0126,0.24325,0.59972,-16.16,0.817,16.18,31.97,0
4.43,0.01251,0.24515,0.59937,-16.335,0.808,16.355,32.0,0
4.435,0.01242,0.24709,0.59901,-16.513,0.799,16.532,32.03,0
4.44,0.01233,0.24905,0.59864,-16.694,0.79,16.712,32.07,0
4.445,0.01223,0.25106,0.59825,-16.879,0.78,16.896,32.1,0
4.45,0.01213,0.25309,0.59785,-17.067,0.771,17.083,32.13,0
4.455,0.01204,0.25516,0.59743,-17.258,0.761,17.274,32.16,0
4.46,0.01193,0.25726,0.597,-17.452,0.751,17.468,32.2,0
4.465,0.01183,0.2594,0.59656,-17.65,0.741,17.665,32.23,0
4.47,0.01173,0.26157,0.5961,-17.852,0.73,17.866,32.26,0
4.475,0.01162,0.26378,0.59563,-18.057,0.72,18.071,32.29,0
4.48,0.01151,0.26603,0.59514,-18.266,0.709,18.279,32.32,0
4.485,0.0114,0.26831,0.59463,-18.479,0.698,18.492,32.36,0
4.49,0.01128,0.27063,0.5941,-18.696,0.687,18.708,32.39,0
4.495,0.01117,0.27299,0.59356,-18.916,0.675,18.928,32.42,0
4.5,0.01105,0.27539,0.593,-19.141,0.663,19.152,32.45,0
4.505,0.01092,0.27783,0.59242,-19.37,0.652,19.38,32.48,0
4.51,0.0108,0.28031,0.59182,-19.602,0.639,19.612,32.51,0
4.515,0.01067,0.28283,0.5912,-19.839,0.627,19.849,32.54,0
4.52,0.01055,0.28539,0.59056,-20.081,0.614,20.09,32.56,0
4.525,0.01041,0.28799,0.5899,-20.327,0.601,20.335,32.59,0
4.53,0.01028,0.29064,0.58921,-20.577,0.588,20.585,32.62,0
4.535,0.01014,0.29333,0.58851,-20.832,0.575,20.84,32.64,0
4.54,0.01,0.29606,0.58777,-21.092,0.561,21.099,32.67,0
4.545,0.00986,0.29883,0.58701,-21.356,0.547,21.363,32.69,0
4.55,0.00972,0.30165,0.58623,-21.625,0.533,21.631,32.72,0
4.555,0.00957,0.30452,0.58542,-21.899,0.519,21.905,32.74,0
4.56,0.00941,0.30743,0.58458,-22.178,0.504,22.184,32.76,0
4.565,0.00926,0.31039,0.58372,-22.462,0.489,22.467,32.78,0
4.57,0.0091,0.3134,0.58282,-22.752,0.474,22.756,32.8,0
4.575,0.00894,0.31645,0.5819,-23.046,0.459,23.051,32.82,0
4.58,0.00877,0.31955,0.58094,-23.347,0.444,23.35,32.83,0
4.585,0.00861,0.3227,0.57995,-23.652,0.428,23.656,32.85,0
4.59,0.00844,0.3259,0.57893,-23.963,0.412,23.967,32.86,0
4.595,0.00826,0.32915,0.57787,-24.28,0.396,24.283,32.87,0
4.6,0.00808,0.33245,0.57678,-24.603,0.379,24.605,32.88,0
4.605,0.0079,0.3358,0.57565,-24.931,0.362,24.934,32.89,0
4.61,0.00772,0.3392,0.57448,-25.266,0.345,25.268,32.9,0
4.615,0.00753,0.34265,0.57327,-25.607,0.327,25.609,32.9,0
4.62,0.00734,0.34616,0.57203,-25.954,0.309,25.956,32.91,0
4.625,0.00715,0.34972,0.57074,-26.308,0.291,26.309,32.9,0
4.63,0.00695,0.35333,0.5694,-26.668,0.272,26.669,32.9,0
4.635,0.00675,0.357,0.56803,-27.034,0.253,27.035,32.9,0
4.64,0.00655,0.36072,0.5666,-27.407,0.234,27.408,32.89,0
4.645,0.00634,0.3645,0.56513,-27.787,0.214,27.788,32.89,0
4.65,0.00613,0.36833,0.5636,-28.173,0.194,28.174,32.89,0
4.655,0.00592,0.37222,0.56203,-28.567,0.174,28.567,32.88,0
4.66,0.0057,0.37616,0.5604,-28.967,0.153,28.968,32.88,0
4.665,0.00548,0.38017,0.55871,-29.375,0.132,29.375,32.87,0
4.67,0.00526,0.38422,0.55697,-29.79,0.111,29.79,32.85,0
4.675,0.00503,0.38834,0.55517,-30.213,0.089,30.213,32.84,0
4.68,0.0048,0.39251,0.55331,-30.643,0.067,30.643,32.81,0
4.685,0.00457,0.39674,0.55139,-31.081,0.044,31.081,32.79,0
4.69,0.00433,0.40103,0.54941,-31.528,0.021,31.528,32.76,0
4.695,0.00409,0.40538,0.54736,-31.982,-0.003,31.982,32.73,0
4.7,0.00385,0.40978,0.54524,-32.445,-0.027,32.445,32.69,0
4.705,0.00361,0.41425,0.54305,-32.917,-0.051,32.917,32.64,0
4.71,0.00336,0.41877,0.54079,-33.397,-0.076,33.397,32.6,0
4.715,0.00311,0.42334,0.53846,-33.886,-0.102,33.886,32.54,0
4.72,0.00285,0.42798,0.53605,-34.384,-0.128,34.384,32.48,0
4.725,0.00259,0.43267,0.53356,-34.891,-0.155,34.892,32.41,0
4.73,0.00233,0.43742,0.531,-35.408,-0.182,35.409,32.34,0
4.735,0.00207,0.44223,0.52834,-35.934,-0.21,35.935,32.26,0
4.74,0.0018,0.4471,0.52561,-36.47,-0.238,36.471,32.17,0
4.745,0.00153,0.45202,0.52278,-37.016,-0.266,37.017,32.08,0
4.75,0.00125,0.45701,0.51987,-37.572,-0.294,37.573,31.98,0
4.755,0.00097,0.46205,0.51686,-38.138,-0.322,38.139,31.88,0
4.76,0.00068,0.46714,0.51376,-38.714,-0.35,38.715,31.76,0
4.765,0.00039,0.4723,0.51056,-39.301,-0.378,39.302,31.64,0
4.77,0.0001,0.47751,0.50726,-39.898,-0.406,39.9,31.51,0
4.775,-0.0002,0.48277,0.50385,-40.506,-0.434,40.508,31.37,0
4.78,-0.00051,0.48809,0.50034,-41.125,-0.462,41.127,31.22,0
4.785,-0.00082,0.49347,0.49672,-41.756,-0.49,41.758,31.07,0
4.79,-0.00114,0.49889,0.49298,-42.397,-0.519,42.4,30.9,0
4.795,-0.00146,0.50437,0.48914,-43.051,-0.547,43.054,30.72,0
4.8,-0.00179,0.50989,0.48517,-43.716,-0.575,43.719,30.54,0
4.805,-0.00213,0.51547,0.48108,-44.393,-0.604,44.397,30.34,0
4.81,-0.00247,0.52109,0.47687,-45.083,-0.633,45.086,30.13,0
4.815,-0.00282,0.52676,0.47252,-45.785,-0.662,45.789,29.91,0
4.82,-0.00318,0.53247,0.46805,-46.5,-0.691,46.504,29.68,0
4.825,-0.00354,0.53822,0.46344,-47.227,-0.72,47.231,29.43,0
4.83,-0.00391,0.54401,0.4587,-47.968,-0.75,47.972,29.18,0
4.835,-0.00429,0.54984,0.45381,-48.722,-0.781,48.726,28.91,0
4.84,-0.00467,0.55571,0.44878,-49.489,-0.811,49.494,28.62,0
4.845,-0.00506,0.56161,0.4436,-50.27,-0.841,50.275,28.33,0
4.85,-0.00545,0.56751,0.43827,-51.066,-0.887,51.071,28.02,0
4.855,-0.00586,0.57346,0.43278,-51.875,-0.928,51.881,27.58,0
4.86,-0.00626,0.57943,0.42714,-52.698,-0.966,52.705,27.29,0
4.865,-0.00668,0.58544,0.42133,-53.536,-1.002,53.542,26.97,0
4.87,-0.0071,0.59147,0.41535,-54.388,-1.036,54.395,26.61,0
4.875,-0.00752,0.59751,0.40921,-55.255,-1.069,55.262,26.24,0
4.88,-0.00795,0.60357,0.4029,-56.136,-1.119,56.144,25.83,0
4.885,-0.00839,0.60964,0.39642,-57.032,-1.163,57.04,25.35,0
4.89,-0.00883,0.61572,0.38975,-57.944,-1.204,57.952,24.96,0
4.895,-0.00927,0.62182,0.38291,-58.87,-1.243,58.878,24.55,0
4.9,-0.0097,0.62791,0.37589,-59.81,-1.303,59.818,24.12,0
4.905,-0.01014,0.63401,0.3687,-60.763,-1.382,60.772,23.6,0
4.91,-0.01057,0.64011,0.36131,-61.731,-1.452,61.741,23.09,0
4.915,-0.011,0.64622,0.35373,-62.716,-1.516,62.727,22.67,0
4.92,-0.01143,0.65232,0.34595,-63.717,-1.574,63.728,22.21,0
4.925,-0.01185,0.65841,0.33797,-64.73,-1.633,64.741,21.71,0
4.93,-0.01227,0.66449,0.32978,-65.759,-1.689,65.77,19.99,0
4.935,-0.01269,0.67056,0.32139,-66.805,-1.744,66.816,19.91,0
4.94,-0.0131,0.67661,0.31279,-67.867,-1.799,67.878,19.69,0
4.945,-0.01351,0.68264,0.30401,-68.942,-1.879,68.954,19.36,0
4.95,-0.01391,0.68866,0.29503,-70.029,-1.98,70.042,18.88,0
4.955,-0.01431,0.69466,0.28587,-71.129,-2.1,71.142,18.39,0
4.96,-0.01471,0.70067,0.27648,-72.237,-2.211,72.251,17.91,0
4.965,-0.01511,0.70667,0.26687,-73.36,-2.308,73.374,16.37,0
4.97,-0.01552,0.71266,0.25701,-74.498,-2.362,74.512,16.41,0
4.975,-0.01592,0.71866,0.2469,-75.65,-2.379,75.663,15.86,0
4.98,-0.01633,0.72466,0.2366,-76.809,-2.407,76.821,15.35,0
4.985,-0.01672,0.73064,0.2261,-77.979,-2.475,77.99,14.03,0
4.99,-0.01714,0.73653,0.21537,-79.184,-2.482,79.194,14.23,0
4.995,-0.01756,0.74234,0.20443,-80.422,-2.45,80.43,15.56,0
5.0,-0.01815,0.74845,0.19332,-81.643,-2.323,81.65,16.52,0
5.005,-0.01884,0.75482,0.18218,-82.846,-2.196,82.851,18.66,0
5.01,-0.01954,0.76155,0.17119,-83.975,-2.085,83.979,18.11,0
5.015,-0.02011,0.76541,0.16615,-84.641,-1.862,84.644,17.92,0
5.02,-0.02062,0.76754,0.16454,-85.044,-1.575,85.045,14.09,0
5.025,-0.02109,0.76867,0.1649,-85.29,-1.316,85.291,19.34,0
5.03,-0.02149,0.7692,0.1663,-85.437,-1.126,85.438,21.07,0
5.035,-0.02188,0.76939,0.16823,-85.526,-1.017,85.527,20.72,0
5.04,-0.02224,0.76937,0.17038,-85.574,-0.984,85.574,21.55,0
5.045,-0.02259,0.7692,0.17255,-85.592,-1.018,85.592,23.36,0
5.05,-0.02293,0.76894,0.17461,-85.584,-1.11,85.585,25.83,0
5.055,-0.02325,0.76863,0.1765,-85.556,-1.248,85.557,28.82,0
5.06,-0.02357,0.76827,0.17817,-85.507,-1.421,85.509,31.62,0
5.065,-0.02387,0.76788,0.17964,-85.44,-1.619,85.442,31.1,0
5.07,-0.02418,0.76747,0.18089,-85.357,-1.837,85.36,30.34,0
5.075,-0.02448,0.76703,0.18194,-85.261,-2.068,85.265,29.4,0
5.08,-0.02478,0.7666,0.18282,-85.156,-2.306,85.16,28.34,0
5.085,-0.02508,0.76615,0.18353,-85.043,-2.549,85.048,27.19,0
5.09,-0.02539,0.76571,0.18409,-84.925,-2.793,84.931,25.97,0
5.095,-0.02571,0.76528,0.18452,-84.803,-3.035,84.811,24.73,0
5.1,-0.02604,0.76486,0.18483,-84.681,-3.274,84.69,23.46,0
5.105,-0.02638,0.76446,0.18506,-84.561,-3.507,84.571,22.24,0
5.11,-0.02674,0.76407,0.1852,-84.444,-3.733,84.456,21.07,0
5.115,-0.02714,0.76367,0.18528,-84.325,-3.968,84.339,19.96,0
5.12,-0.02754,0.76331,0.1853,-84.214,-4.191,84.23,18.78,0
5.125,-0.02796,0.76297,0.18529,-84.111,-4.406,84.129,17.82,0
5.13,-0.02841,0.76266,0.18525,-84.017,-4.615,84.036,16.96,0
5.135,-0.02887,0.76238,0.1852,-83.931,-4.819,83.953,16.19,0
5.14,-0.02937,0.76213,0.18513,-83.855,-5.02,83.879,15.51,0
5.145,-0.02989,0.7619,0.18506,-83.789,-5.22,83.814,14.92,0
5.15,-0.03044,0.7617,0.18499,-83.731,-5.421,83.759,14.64,0
5.155,-0.03102,0.76153,0.18492,-83.683,-5.623,83.713,14.92,0
5.16,-0.03163,0.76138,0.18486,-83.644,-5.828,83.677,15.14,0
5.165,-0.03228,0.76124,0.1848,-83.606,-6.047,83.642,15.29,0
5.17,-0.03296,0.76113,0.18475,-83.579,-6.269,83.618,14.37,0
5.175,-0.03366,0.76105,0.18472,-83.562,-6.496,83.604,14.71,0
5.18,-0.03439,0.761,0.1847,-83.554,-6.729,83.599,14.97,0
5.185,-0.03515,0.76097,0.1847,-83.555,-6.967,83.603,15.13,0
5.19,-0.03595,0.76097,0.18471,-83.565,-7.212,83.616,15.2,0
5.195,-0.03678,0.76099,0.18474,-83.582,-7.464,83.636,15.21,0
5.2,-0.03765,0.76103,0.18477,-83.605,-7.724,83.664,15.15,0
5.205,-0.03855,0.76109,0.18482,-83.635,-7.993,83.697,15.05,0
5.21,-0.03949,0.76116,0.18487,-83.67,-8.271,83.736,14.91,0
5.215,-0.04046,0.76122,0.18497,-83.699,-8.561,83.769,14.77,0
5.22,-0.04146,0.76126,0.1851,-83.722,-8.864,83.798,14.77,0
5.225,-0.04248,0.76128,0.18525,-83.741,-9.177,83.822,14.78,0
5.23,-0.04353,0.76129,0.1854,-83.757,-9.498,83.843,14.83,0
5.235,-0.0446,0.76128,0.18556,-83.768,-9.825,83.859,14.92,0
5.24,-0.0457,0.76125,0.1857,-83.774,-10.157,83.872,15.05,0
5.245,-0.04682,0.76121,0.18584,-83.777,-10.495,83.882,15.22,0
5.25,-0.04797,0.76115,0.18596,-83.775,-10.838,83.887,15.42,0
5.255,-0.04913,0.76108,0.18604,-83.768,-11.174,83.887,15.65,0
5.26,-0.05031,0.76098,0.18608,-83.755,-11.503,83.881,15.91,0
5.265,-0.0515,0.76086,0.18608,-83.737,-11.823,83.87,16.22,0
5.27,-0.05271,0.76073,0.18605,-83.713,-12.136,83.854,16.57,0
5.275,-0.05393,0.76058,0.18598,-83.685,-12.443,83.834,16.96,0
5.28,-0.05516,0.76041,0.18587,-83.653,-12.746,83.81,17.39,0
5.285,-0.05641,0.76024,0.18574,-83.617,-13.048,83.782,17.85,0
5.29,-0.05767,0.76005,0.18559,-83.577,-13.349,83.751,18.33,0
5.295,-0.05894,0.75985,0.18541,-83.534,-13.651,83.718,18.82,0
5.3,-0.06022,0.75964,0.1852,-83.489,-13.955,83.682,19.34,0
5.305,-0.06152,0.75942,0.18498,-83.441,-14.262,83.644,19.87,0
5.31,-0.06282,0.7592,0.18473,-83.391,-14.573,83.604,20.4,0
5.315,-0.06415,0.75897,0.18448,-83.339,-14.889,83.564,20.93,0
5.32,-0.06548,0.75874,0.18421,-83.286,-15.211,83.522,21.47,0
5.325,-0.06684,0.75851,0.18393,-83.232,-15.539,83.481,22.02,0
5.33,-0.06821,0.75828,0.18363,-83.178,-15.875,83.44,22.56,0
5.335,-0.06959,0.75805,0.18333,-83.124,-16.218,83.399,23.09,0
5.34,-0.071,0.75781,0.18303,-83.07,-16.569,83.359,23.63,0
5.345,-0.07243,0.75758,0.18272,-83.016,-16.93,83.32,24.16,0
5.35,-0.07387,0.75736,0.1824,-82.962,-17.3,83.282,24.69,0
5.355,-0.07534,0.75714,0.18208,-82.91,-17.679,83.246,25.22,0
5.36,-0.07683,0.75692,0.18176,-82.859,-18.069,83.213,25.73,0
5.365,-0.07834,0.75671,0.18143,-82.81,-18.47,83.182,26.24,0
5.37,-0.07988,0.75651,0.18111,-82.762,-18.882,83.154,26.73,0
5.375,-0.08145,0.75631,0.18078,-82.717,-19.306,83.129,27.22,0
5.38,-0.08304,0.75612,0.18046,-82.674,-19.741,83.107,27.69,0
5.385,-0.08466,0.75594,0.18013,-82.635,-20.19,83.089,28.14,0
5.39,-0.08632,0.75577,0.17981,-82.598,-20.651,83.076,28.58,0
5.395,-0.088,0.75562,0.17949,-82.564,-21.126,83.066,29.01,0
5.4,-0.08972,0.75547,0.17917,-82.534,-21.614,83.061,29.42,0
5.405,-0.09147,0.75529,0.17886,-82.492,-22.119,83.047,29.81,0
5.41,-0.09324,0.75508,0.17855,-82.44,-22.639,83.026,30.41,0
5.415,-0.09503,0.75486,0.17823,-82.382,-23.171,83.0,31.06,0
5.42,-0.09684,0.75462,0.17791,-82.318,-23.716,82.971,31.71,0
5.425,-0.09867,0.75437,0.17758,-82.251,-24.272,82.94,32.35,0
5.43,-0.10053,0.75411,0.17724,-82.182,-24.84,82.909,32.97,0
5.435,-0.10241,0.75385,0.1769,-82.111,-25.419,82.879,33.57,0
5.44,-0.10432,0.75359,0.17655,-82.039,-26.009,82.85,34.15,0
5.445,-0.10625,0.75332,0.17619,-81.968,-26.611,82.824,34.71,0
5.45,-0.10821,0.75306,0.17582,-81.898,-27.224,82.8,35.24,0
5.455,-0.11021,0.75279,0.17545,-81.828,-27.849,82.78,35.76,0
5.46,-0.11224,0.75254,0.17507,-81.759,-28.487,82.762,36.25,0
5.465,-0.1143,0.75228,0.17469,-81.692,-29.137,82.749,36.71,0
5.47,-0.1164,0.75204,0.1743,-81.626,-29.801,82.74,37.15,0
5.475,-0.11854,0.7518,0.1739,-81.563,-30.478,82.736,37.56,0
5.48,-0.12072,0.75157,0.1735,-81.502,-31.17,82.736,37.94,0
5.485,-0.12295,0.75134,0.1731,-81.444,-31.877,82.742,38.3,0
5.49,-0.12522,0.75113,0.17269,-81.388,-32.6,82.753,38.61,0
5.495,-0.12754,0.75093,0.17228,-81.336,-33.339,82.77,38.9,0
5.5,-0.12992,0.75074,0.17186,-81.287,-34.094,82.794,39.15,0
5.505,-0.13235,0.75056,0.17143,-81.242,-34.867,82.823,39.37,0
5.51,-0.13484,0.75039,0.171,-81.2,-35.658,82.86,39.55,0
5.515,-0.13739,0.75024,0.17055,-81.162,-36.467,82.903,39.69,0
5.52,-0.14,0.7501,0.1701,-81.129,-37.296,82.953,39.79,0
5.525,-0.14268,0.74998,0.16963,-81.1,-38.146,83.011,39.86,0
5.53,-0.14542,0.74987,0.16915,-81.075,-39.016,83.077,39.88,0
5.535,-0.14823,0.74977,0.16865,-81.055,-39.908,83.15,39.86,0
5.54,-0.15112,0.74969,0.16813,-81.04,-40.823,83.231,39.79,0
5.545,-0.15408,0.74962,0.16758,-81.029,-41.762,83.321,39.68,0
5.55,-0.15712,0.74957,0.16702,-81.024,-42.726,83.419,39.52,0
5.555,-0.16023,0.74954,0.16642,-81.024,-43.714,83.525,39.32,0
5.56,-0.16343,0.74952,0.16578,-81.03,-44.73,83.64,39.07,0
5.565,-0.16671,0.74952,0.16511,-81.041,-45.772,83.764,38.78,0
5.57,-0.17008,0.74953,0.1644,-81.058,-46.843,83.897,38.44,0
5.575,-0.17353,0.74956,0.16365,-81.081,-47.943,84.039,38.05,0
5.58,-0.17707,0.74961,0.16284,-81.111,-49.073,84.19,37.63,0
5.585,-0.18071,0.74968,0.16197,-81.147,-50.234,84.351,37.18,0
5.59,-0.18443,0.74976,0.16104,-81.191,-51.427,84.521,36.69,0
5.595,-0.18825,0.74986,0.16005,-81.242,-52.653,84.7,36.15,0
5.6,-0.19216,0.74998,0.15898,-81.303,-53.913,84.89,35.58,0
5.605,-0.19616,0.75011,0.15784,-81.373,-55.208,85.09,34.97,0
5.61,-0.20022,0.75029,0.15653,-81.501,-56.509,85.322,34.31,0
5.615,-0.20444,0.75046,0.15519,-81.6,-57.918,85.55,33.38,0
5.62,-0.20874,0.75063,0.15373,-81.698,-59.338,85.777,31.1,0
5.625,-0.21314,0.75081,0.15216,-81.802,-60.787,86.01,30.76,0
5.63,-0.21763,0.75102,0.15049,-81.916,-62.276,86.249,30.26,0
5.635,-0.22227,0.75127,0.14872,-82.058,-63.82,86.505,29.58,0
5.64,-0.22702,0.75155,0.14686,-82.238,-65.419,86.779,28.48,0
5.645,-0.23186,0.75188,0.1449,-82.468,-67.07,87.073,27.43,0
5.65,-0.23674,0.75224,0.14277,-82.836,-68.732,87.407,26.37,0
5.655,-0.24171,0.75262,0.14055,-83.252,-70.497,87.752,25.09,0
5.66,-0.24672,0.75302,0.1382,-83.76,-72.298,88.106,22.95,0
5.665,-0.25176,0.75344,0.13569,-84.404,-74.127,88.472,22.01,0
5.67,-0.25685,0.75389,0.13303,-85.243,-76.021,88.852,20.98,0
5.675,-0.26193,0.75437,0.13015,-86.475,-77.876,89.26,18.92,0
5.68,-0.26704,0.75485,0.12708,-88.115,-79.776,89.665,17.76,0
5.685,-0.27219,0.75535,0.12383,-90.514,-81.752,90.074,16.53,0
5.69,-0.27737,0.75585,0.12038,-94.472,-83.777,90.484,14.51,0
5.695,-0.28262,0.75635,0.11669,-102.46,-85.842,90.896,12.48,0
5.7,-0.28773,0.75578,0.11336,-114.165,-87.914,90.854,10.45,0
5.705,-0.29109,0.75494,0.1114,-163.962,-89.34,90.635,16.23,0
5.71,-0.29353,0.75396,0.11026,104.521,-88.677,90.332,14.46,0
5.715,-0.29535,0.75294,0.10961,90.101,-87.528,90.004,16.5,0
5.72,-0.29681,0.75195,0.10929,84.88,-86.551,89.692,18.6,0
5.725,-0.29804,0.75103,0.10919,82.109,-85.758,89.418,20.12,0
5.73,-0.2991,0.75017,0.10929,80.385,-85.178,89.196,20.95,0
5.735,-0.30007,0.7494,0.1095,79.325,-84.711,89.022,19.45,0
5.74,-0.301,0.74869,0.10979,78.705,-84.336,88.892,19.34,0
5.745,-0.30182,0.74804,0.11012,78.294,-84.115,88.808,19.26,0
5.75,-0.30258,0.74746,0.11042,78.107,-83.964,88.758,17.57,0
5.755,-0.30329,0.74693,0.11069,78.108,-83.875,88.74,17.36,0
5.76,-0.3039,0.74646,0.11091,78.226,-83.869,88.751,17.19,0
5.765,-0.30441,0.74605,0.11109,78.459,-83.939,88.79,16.71,0
5.77,-0.30482,0.74571,0.11121,78.805,-84.08,88.853,16.08,0
5.775,-0.30511,0.74543,0.11127,79.267,-84.288,88.938,15.36,0
5.78,-0.3053,0.74519,0.11127,79.846,-84.574,89.045,14.59,0
5.785,-0.30539,0.745,0.11116,80.56,-84.902,89.165,13.1,0
5.79,-0.30535,0.74486,0.11095,81.433,-85.275,89.297,12.43,0
5.795,-0.30521,0.74476,0.11063,82.512,-85.689,89.439,11.76,0
5.8,-0.30487,0.7449,0.11061,84.005,-86.086,89.591,11.39,0
5.805,-0.30442,0.74517,0.11079,86.083,-86.478,89.76,11.22,0
5.81,-0.3039,0.74552,0.11111,88.931,-86.89,89.942,11.01,0
5.815,-0.3033,0.74574,0.11137,90.967,-87.283,90.046,9.54,0
5.82,-0.30267,0.74588,0.11155,92.432,-87.667,90.099,9.13,0
5.825,-0.30201,0.74597,0.11168,93.573,-88.049,90.122,8.98,0
5.83,-0.30135,0.74602,0.11176,94.622,-88.428,90.127,9.09,0
5.835,-0.30068,0.74606,0.11182,95.851,-88.805,90.122,9.11,0
5.84,-0.30001,0.74608,0.11185,97.818,-89.179,90.112,9.62,0
5.845,-0.29951,0.74605,0.11191,100.902,-89.48,90.098,10.02,0
5.85,-0.29914,0.74601,0.11197,107.576,-89.718,90.085,9.96,0
5.855,-0.29887,0.74596,0.11201,133.304,-89.893,90.073,9.95,0
5.86,-0.29869,0.74593,0.11204,-132.835,-89.906,90.064,9.96,0
5.865,-0.29858,0.74592,0.11205,-107.921,-89.818,90.056,9.98,0
5.87,-0.29853,0.7459,0.11204,-101.576,-89.751,90.05,9.97,0
5.875,-0.29852,0.74589,0.11203,-98.899,-89.709,90.045,9.94,0
5.88,-0.29853,0.74588,0.11201,-97.546,-89.689,90.041,9.92,0
5.885,-0.29856,0.74587,0.11199,-96.78,-89.683,90.037,9.88,0
5.89,-0.2986,0.74586,0.11197,-96.299,-89.69,90.034,9.85,0
5.895,-0.29864,0.74585,0.11195,-95.986,-89.704,90.031,9.84,0
5.9,-0.29869,0.74584,0.11193,-95.798,-89.723,90.028,9.82,0
5.905,-0.29874,0.74583,0.11191,-95.716,-89.746,90.025,9.81,0
5.91,-0.29879,0.74582,0.1119,-95.737,-89.771,90.023,9.79,0
5.915,-0.29884,0.74582,0.11188,-95.878,-89.798,90.021,9.77,0
5.92,-0.2989,0.74581,0.11187,-96.179,-89.825,90.019,9.75,0
5.925,-0.29895,0.7458,0.11186,-96.714,-89.852,90.017,9.73,0
5.93,-0.299,0.7458,0.11185,-97.606,-89.879,90.016,9.7,0
5.935,-0.29905,0.74579,0.11184,-99.087,-89.905,90.015,9.68,0
5.94,-0.2991,0.74579,0.11184,-101.681,-89.93,90.014,9.65,0
5.945,-0.29915,0.74578,0.11183,-106.831,-89.953,90.014,9.63,0
5.95,-0.2992,0.74578,0.11183,-120.208,-89.974,90.013,9.61,0
5.955,-0.29924,0.74577,0.11182,-173.612,-89.987,90.013,9.6,0
5.96,-0.29928,0.74577,0.11182,123.906,-89.978,90.012,9.58,0
5.965,-0.29932,0.74577,0.11182,108.079,-89.962,90.012,9.57,0
5.97,-0.29936,0.74576,0.11182,102.272,-89.946,90.011,9.56,0
5.975,-0.29939,0.74576,0.11182,99.35,-89.931,90.011,9.55,0
5.98,-0.29942,0.74576,0.11181,97.619,-89.918,90.011,9.54,0
5.985,-0.29945,0.74575,0.11181,96.488,-89.905,90.011,9.53,0
5.99,-0.29947,0.74575,0.11181,95.702,-89.894,90.01,9.53,0
5.995,-0.2995,0.74575,0.11181,95.133,-89.885,90.01,9.52,0
6.0,-0.29952,0.74575,0.11181,94.709,-89.876,90.01,9.52,0
6.005,-0.29953,0.74575,0.11181,94.386,-89.869,90.01,9.51,0
6.01,-0.29955,0.74575,0.11181,94.139,-89.863,90.01,9.51,0
6.015,-0.29956,0.74574,0.11181,93.948,-89.858,90.01,9.51,0
6.02,-0.29957,0.74574,0.11181,93.8,-89.854,90.01,9.51,0
6.025,-0.29958,0.74574,0.1118,93.67,-89.851,90.01,9.51,0
6.03,-0.29959,0.74574,0.1118,93.573,-89.849,90.009,9.51,0
6.035,-0.29959,0.74574,0.1118,93.519,-89.848,90.009,9.51,0
6.04,-0.2996,0.74574,0.1118,93.494,-89.847,90.009,9.51,0
6.045,-0.2996,0.74574,0.1118,93.486,-89.847,90.009,9.52,0
6.05,-0.2996,0.74574,0.1118,93.488,-89.847,90.009,9.52,0
6.055,-0.2996,0.74574,0.1118,93.498,-89.847,90.009,9.52,0
6.06,-0.2996,0.74574,0.1118,93.516,-89.848,90.009,9.52,0
6.065,-0.2996,0.74574,0.1118,93.541,-89.848,90.009,9.52,0
6.07,-0.2996,0.74574,0.1118,93.572,-89.849,90.009,9.52,0
6.075,-0.29959,0.74574,0.1118,93.607,-89.851,90.009,9.52,0
6.08,-0.29959,0.74574,0.1118,93.646,-89.852,90.009,9.52,0
6.085,-0.29959,0.74574,0.1118,93.688,-89.853,90.009,9.52,0
6.09,-0.29959,0.74574,0.1118,93.731,-89.854,90.009,9.52,0
6.095,-0.29958,0.74574,0.1118,93.774,-89.856,90.009,9.52,0
6.1,-0.29958,0.74574,0.1118,93.816,-89.857,90.01,9.52,0
6.105,-0.29958,0.74574,0.1118,93.857,-89.858,90.01,9.52,0
6.11,-0.29958,0.74574,0.1118,93.896,-89.86,90.01,9.52,0
6.115,-0.29957,0.74574,0.1118,93.933,-89.861,90.01,9.52,0
6.12,-0.29957,0.74574,0.1118,93.966,-89.862,90.01,9.52,0
6.125,-0.29957,0.74574,0.1118,93.996,-89.863,90.01,9.52,0
6.13,-0.29957,0.74574,0.1118,94.022,-89.864,90.01,9.52,0
6.135,-0.29957,0.74574,0.1118,94.044,-89.864,90.01,9.52,0
6.14,-0.29957,0.74574,0.1118,94.064,-89.865,90.01,9.52,0
6.145,-0.29956,0.74574,0.1118,94.079,-89.865,90.01,9.52,0
6.15,-0.29956,0.74574,0.1118,94.092,-89.866,90.01,9.52,0
6.155,-0.29956,0.74574,0.1118,94.102,-89.866,90.01,9.52,0
6.16,-0.29956,0.74574,0.1118,94.109,-89.866,90.01,9.52,0
6.165,-0.29956,0.74574,0.1118,94.114,-89.866,90.01,9.52,0
6.17,-0.29956,0.74574,0.1118,94.117,-89.866,90.01,9.52,0
6.175,-0.29956,0.74574,0.1118,94.118,-89.866,90.01,9.52,0
6.18,-0.29956,0.74574,0.1118,94.119,-89.866,90.01,9.52,0
6.185,-0.29956,0.74574,0.1118,94.119,-89.866,90.01,9.52,0
6.19,-0.29956,0.74574,0.1118,94.119,-89.866,90.01,9.52,0
6.195,-0.29956,0.74574,0.1118,94.119,-89.866,90.01,9.52,0
6.2,-0.29956,0.74574,0.1118,94.118,-89.866,90.01,9.52,0
6.205,-0.29956,0.74574,0.1118,94.118,-89.866,90.01,9.52,0
6.21,-0.29956,0.74574,0.1118,94.118,-89.866,90.01,9.52,0
6.215,-0.29956,0.74574,0.1118,94.117,-89.866,90.01,9.52,0
6.22,-0.29956,0.74574,0.1118,94.117,-89.866,90.01,9.52,0
6.225,-0.29956,0.74574,0.1118,94.116,-89.866,90.01,9.52,0
6.23,-0.29956,0.74574,0.1118,94.116,-89.866,90.01,9.52,0
6.235,-0.29956,0.74574,0.1118,94.116,-89.866,90.01,9.52,0
6.24,-0.29956,0.74574,0.1118,94.115,-89.866,90.01,9.52,0
6.245,-0.29956,0.74574,0.1118,94.115,-89.866,90.01,9.52,0
6.25,-0.29956,0.74574,0.1118,94.115,-89.866,90.01,9.52,0
6.255,-0.29956,0.74574,0.1118,94.114,-89.866,90.01,9.52,0
6.26,-0.29956,0.74574,0.1118,94.114,-89.866,90.01,9.52,0
6.265,-0.29956,0.74574,0.1118,94.114,-89.866,90.01,9.52,0
6.27,-0.29956,0.74574,0.1118,94.113,-89.866,90.01,9.52,0
6.275,-0.29956,0.74574,0.1118,94.113,-89.866,90.01,9.52,0
6.28,-0.29956,0.74574,0.1118,94.113,-89.866,90.01,9.52,0
6.285,-0.29956,0.74574,0.1118,94.113,-89.866,90.01,9.52,0
6.29,-0.29956,0.74574,0.1118,94.112,-89.866,90.01,9.52,0
6.295,-0.29956,0.74574,0.1118,94.112,-89.866,90.01,9.52,0
6.3,-0.29956,0.74574,0.1118,94.112,-89.866,90.01,9.52,0
6.305,-0.29956,0.74574,0.1118,94.111,-89.866,90.01,9.52,0
6.31,-0.29956,0.74574,0.1118,94.111,-89.866,90.01,9.52,0
6.315,-0.29956,0.74574,0.1118,94.111,-89.866,90.01,9.52,0
6.32,-0.29956,0.74574,0.1118,94.111,-89.866,90.01,9.52,0
6.325,-0.29956,0.74574,0.1118,94.111,-89.866,90.01,9.52,0
6.33,-0.29956,0.74574,0.1118,94.11,-89.866,90.01,9.52,0
6.335,-0.29956,0.74574,0.1118,94.109,-89.866,90.01,9.52,0
6.34,-0.29956,0.74574,0.1118,94.109,-89.866,90.01,9.52,0
6.345,-0.29956,0.74574,0.1118,94.108,-89.866,90.01,9.52,0
6.35,-0.29956,0.74574,0.1118,94.108,-89.866,90.01,9.52,0
6.355,-0.29956,0.74574,0.1118,94.107,-89.866,90.01,9.52,0
6.36,-0.29956,0.74574,0.1118,94.106,-89.866,90.01,9.52,0
6.365,-0.29956,0.74574,0.1118,94.105,-89.866,90.01,9.52,0
6.37,-0.29956,0.74574,0.1118,94.104,-89.866,90.01,9.52,0
6.375,-0.29956,0.74574,0.1118,94.103,-89.866,90.01,9.52,0
6.38,-0.29956,0.74574,0.1118,94.103,-89.866,90.01,9.52,0
6.385,-0.29956,0.74574,0.1118,94.102,-89.866,90.01,9.52,0
6.39,-0.29956,0.74574,0.1118,94.102,-89.866,90.01,9.52,0
6.395,-0.29956,0.74574,0.1118,94.101,-89.866,90.01,9.52,0
6.4,-0.29956,0.74574,0.1118,94.101,-89.866,90.01,9.52,0
6.405,-0.29956,0.74574,0.1118,94.1,-89.866,90.01,9.52,0
6.41,-0.29956,0.74574,0.1118,94.1,-89.866,90.01,9.52,0
6.415,-0.29956,0.74574,0.1118,94.1,-89.866,90.01,9.52,0
6.42,-0.29956,0.74574,0.1118,94.1,-89.866,90.01,9.52,0
6.425,-0.29956,0.74574,0.1118,94.1,-89.866,90.01,9.52,0
6.43,-0.29956,0.74574,0.1118,94.1,-89.866,90.01,9.52,0
6.435,-0.29956,0.74574,0.1118,94.1,-89.866,90.01,9.52,0
6.44,-0.29956,0.74574,0.1118,94.1,-89.866,90.01,9.52,0
6.445,-0.29956,0.74574,0.1118,94.1,-89.866,90.01,9.52,0
6.45,-0.29956,0.74574,0.1118,94.1,-89.866,90.01,9.52,0
6.455,-0.29956,0.74574,0.1118,94.1,-89.866,90.01,9.52,0
6.46,-0.29956,0.74574,0.1118,94.1,-89.866,90.01,9.52,0
6.465,-0.29956,0.74574,0.1118,94.101,-89.866,90.01,9.52,0
6.47,-0.29956,0.74574,0.1118,94.101,-89.866,90.01,9.52,0
6.475,-0.29956,0.74574,0.1118,94.101,-89.866,90.01,9.52,0
6.48,-0.29956,0.74574,0.1118,94.101,-89.866,90.01,9.52,0
6.485,-0.29956,0.74574,0.1118,94.101,-89.866,90.01,9.52,0
6.49,-0.29956,0.74574,0.1118,94.102,-89.866,90.01,9.52,0
6.495,-0.29956,0.74574,0.1118,94.102,-89.866,90.01,9.52,0
6.5,-0.29956,0.74574,0.1118,94.102,-89.866,90.01,9.52,0
6.505,-0.29956,0.74574,0.1118,94.102,-89.866,90.01,9.52,0
6.51,-0.29956,0.74574,0.1118,94.103,-89.866,90.01,9.52,0
6.515,-0.29956,0.74574,0.1118,94.103,-89.866,90.01,9.52,0
6.52,-0.29956,0.74574,0.1118,94.103,-89.866,90.01,9.52,0
6.525,-0.29956,0.74574,0.1118,94.104,-89.866,90.01,9.52,0
6.53,-0.29956,0.74574,0.1118,94.104,-89.866,90.01,9.52,0
6.535,-0.29956,0.74574,0.1118,94.104,-89.866,90.01,9.52,0
6.54,-0.29956,0.74574,0.1118,94.105,-89.866,90.01,9.52,0
6.545,-0.29956,0.74574,0.1118,94.105,-89.867,90.01,9.52,0
6.55,-0.29956,0.74574,0.1118,94.105,-89.867,90.01,9.52,0
6.555,-0.29956,0.74574,0.1118,94.106,-89.867,90.01,9.52,0
6.56,-0.29956,0.74574,0.1118,94.106,-89.867,90.01,9.52,0
6.565,-0.29956,0.74574,0.1118,94.106,-89.867,90.01,9.52,0
6.57,-0.29956,0.74574,0.1118,94.107,-89.867,90.01,9.52,0
6.575,-0.29956,0.74574,0.1118,94.107,-89.867,90.01,9.52,0
6.58,-0.29956,0.74574,0.1118,94.107,-89.867,90.01,9.52,0
6.585,-0.29956,0.74574,0.1118,94.108,-89.867,90.01,9.52,0
6.59,-0.29956,0.74574,0.1118,94.108,-89.867,90.01,9.52,0
6.595,-0.29956,0.74574,0.1118,94.108,-89.867,90.01,9.52,0
6.6,-0.29956,0.74574,0.1118,94.109,-89.867,90.01,9.52,0
6.605,-0.29956,0.74574,0.1118,94.109,-89.867,90.01,9.52,0
6.61,-0.29956,0.74574,0.1118,94.109,-89.867,90.01,9.52,0
6.615,-0.29956,0.74574,0.1118,94.11,-89.867,90.01,9.52,0
6.62,-0.29956,0.74574,0.1118,94.11,-89.867,90.01,9.52,0
6.625,-0.29956,0.74574,0.1118,94.11,-89.867,90.01,9.52,0
6.63,-0.29956,0.74574,0.1118,94.111,-89.867,90.01,9.52,0
6.635,-0.29956,0.74574,0.1118,94.111,-89.867,90.01,9.52,0
6.64,-0.29956,0.74574,0.1118,94.112,-89.867,90.01,9.52,0
6.645,-0.29956,0.74574,0.1118,94.112,-89.867,90.01,9.52,0
6.65,-0.29956,0.74574,0.1118,94.112,-89.867,90.01,9.52,0
6.655,-0.29956,0.74574,0.1118,94.113,-89.867,90.01,9.52,0
6.66,-0.29956,0.74574,0.1118,94.113,-89.867,90.01,9.52,0
6.665,-0.29956,0.74574,0.1118,94.113,-89.867,90.01,9.52,0
6.67,-0.29956,0.74574,0.1118,94.114,-89.867,90.01,9.52,0
6.675,-0.29956,0.74574,0.1118,94.114,-89.867,90.01,9.52,0
6.68,-0.29956,0.74574,0.1118,94.114,-89.867,90.01,9.52,0
6.685,-0.29956,0.74574,0.1118,94.115,-89.867,90.01,9.52,0
6.69,-0.29956,0.74574,0.1118,94.115,-89.867,90.01,9.52,0
6.695,-0.29956,0.74574,0.1118,94.115,-89.867,90.01,9.52,0
6.7,-0.29956,0.74574,0.1118,94.116,-89.867,90.01,9.52,0
6.705,-0.29956,0.74574,0.1118,94.116,-89.867,90.01,9.52,0
6.71,-0.29956,0.74574,0.1118,94.116,-89.867,90.01,9.52,0
6.715,-0.29956,0.74574,0.1118,94.117,-89.867,90.01,9.52,0
6.72,-0.29956,0.74574,0.1118,94.117,-89.867,90.01,9.52,0
6.725,-0.29956,0.74574,0.1118,94.117,-89.867,90.01,9.52,0
6.73,-0.29956,0.74574,0.1118,94.118,-89.867,90.01,9.52,0
6.735,-0.29956,0.74574,0.1118,94.118,-89.867,90.01,9.52,0
6.74,-0.29956,0.74574,0.1118,94.118,-89.867,90.01,9.52,0
6.745,-0.29956,0.74574,0.1118,94.119,-89.867,90.01,9.52,0
6.75,-0.29956,0.74574,0.1118,94.119,-89.867,90.01,9.52,0
6.755,-0.29956,0.74574,0.1118,94.119,-89.867,90.01,9.52,0
6.76,-0.29956,0.74574,0.1118,94.12,-89.867,90.01,9.52,0
6.765,-0.29956,0.74574,0.1118,94.12,-89.867,90.01,9.52,0
6.77,-0.29956,0.74574,0.1118,94.12,-89.867,90.01,9.52,0
6.775,-0.29956,0.74574,0.1118,94.121,-89.867,90.01,9.52,0
6.78,-0.29956,0.74574,0.1118,94.121,-89.867,90.01,9.52,0
6.785,-0.29956,0.74574,0.1118,94.121,-89.867,90.01,9.52,0
6.79,-0.29956,0.74574,0.1118,94.122,-89.867,90.01,9.52,0
6.795,-0.29956,0.74574,0.1118,94.122,-89.867,90.01,9.52,0
6.8,-0.29956,0.74574,0.1118,94.122,-89.867,90.01,9.52,0
6.805,-0.29956,0.74574,0.1118,94.123,-89.867,90.01,9.52,0
6.81,-0.29956,0.74574,0.1118,94.123,-89.867,90.01,9.52,0
6.815,-0.29956,0.74574,0.1118,94.123,-89.867,90.01,9.52,0
6.82,-0.29956,0.74574,0.1118,94.124,-89.867,90.01,9.52,0
6.825,-0.29956,0.74574,0.1118,94.124,-89.867,90.01,9.52,0
6.83,-0.29956,0.74574,0.1118,94.124,-89.867,90.01,9.52,0
6.835,-0.29956,0.74574,0.1118,94.124,-89.867,90.01,9.52,0
6.84,-0.29956,0.74574,0.1118,94.125,-89.867,90.01,9.52,0
6.845,-0.29956,0.74574,0.1118,94.125,-89.867,90.01,9.52,0
6.85,-0.29956,0.74574,0.1118,94.125,-89.867,90.01,9.52,0
6.855,-0.29956,0.74574,0.1118,94.126,-89.867,90.01,9.52,0
6.86,-0.29956,0.74574,0.1118,94.126,-89.867,90.01,9.52,0
6.865,-0.29956,0.74574,0.1118,94.126,-89.867,90.01,9.52,0
6.87,-0.29956,0.74574,0.1118,94.127,-89.867,90.01,9.52,0
6.875,-0.29956,0.74574,0.1118,94.127,-89.867,90.01,9.52,0
6.88,-0.29956,0.74574,0.1118,94.127,-89.867,90.01,9.52,0
6.885,-0.29956,0.74574,0.1118,94.128,-89.867,90.01,9.52,0
6.89,-0.29956,0.74574,0.1118,94.128,-89.867,90.01,9.52,0
6.895,-0.29956,0.74574,0.1118,94.128,-89.868,90.01,9.52,0
6.9,-0.29956,0.74574,0.1118,94.128,-89.868,90.01,9.52,0
6.905,-0.29956,0.74574,0.1118,94.129,-89.868,90.01,9.52,0
6.91,-0.29956,0.74574,0.1118,94.129,-89.868,90.01,9.52,0
6.915,-0.29956,0.74574,0.1118,94.129,-89.868,90.01,9.52,0
6.92,-0.29956,0.74574,0.1118,94.13,-89.868,90.01,9.52,0
6.925,-0.29956,0.74574,0.1118,94.13,-89.868,90.01,9.52,0
6.93,-0.29956,0.74574,0.1118,94.13,-89.868,90.01,9.52,0
6.935,-0.29956,0.74574,0.1118,94.131,-89.868,90.01,9.52,0
6.94,-0.29956,0.74574,0.1118,94.131,-89.868,90.01,9.52,0
6.945,-0.29956,0.74574,0.1118,94.131,-89.868,90.01,9.52,0
6.95,-0.29956,0.74574,0.1118,94.132,-89.868,90.01,9.52,0
6.955,-0.29956,0.74574,0.1118,94.132,-89.868,90.01,9.52,0
6.96,-0.29956,0.74574,0.1118,94.132,-89.868,90.01,9.52,0
6.965,-0.29956,0.74574,0.1118,94.132,-89.868,90.01,9.52,0
6.97,-0.29956,0.74574,0.1118,94.133,-89.868,90.01,9.52,0
6.975,-0.29956,0.74574,0.1118,94.133,-89.868,90.01,9.52,0
6.98,-0.29956,0.74574,0.1118,94.133,-89.868,90.01,9.52,0
6.985,-0.29956,0.74574,0.1118,94.134,-89.868,90.01,9.52,0
6.99,-0.29956,0.74574,0.1118,94.134,-89.868,90.01,9.52,0
6.995,-0.29956,0.74574,0.1118,94.134,-89.868,90.01,9.52,0
7.0,-0.29956,0.74574,0.1118,94.134,-89.868,90.01,9.52,0
7.005,-0.29956,0.74574,0.1118,94.135,-89.868,90.01,9.52,0
7.01,-0.29956,0.74574,0.1118,94.135,-89.868,90.01,9.52,0
7.015,-0.29956,0.74574,0.1118,94.135,-89.868,90.01,9.52,0
7.02,-0.29956,0.74574,0.1118,94.136,-89.868,90.01,9.52,0
7.025,-0.29956,0.74574,0.1118,94.136,-89.868,90.01,9.52,0
7.03,-0.29956,0.74574,0.1118,94.136,-89.868,90.01,9.52,0
7.035,-0.29956,0.74574,0.1118,94.138,-89.868,90.01,9.52,0
7.04,-0.29956,0.74574,0.1118,94.138,-89.868,90.01,9.52,0
7.045,-0.29956,0.74574,0.1118,94.139,-89.868,90.01,9.52,0
7.05,-0.29956,0.74574,0.1118,94.139,-89.868,90.01,9.52,0
7.055,-0.29956,0.74574,0.1118,94.14,-89.868,90.01,9.52,0
7.06,-0.29956,0.74574,0.1118,94.14,-89.868,90.01,9.52,0
7.065,-0.29956,0.74574,0.1118,94.14,-89.868,90.01,9.52,0
7.07,-0.29956,0.74574,0.1118,94.14,-89.868,90.01,9.52,0
7.075,-0.29956,0.74574,0.1118,94.14,-89.868,90.01,9.52,0
7.08,-0.29956,0.74574,0.1118,94.141,-89.868,90.01,9.52,0
7.085,-0.29956,0.74574,0.1118,94.141,-89.868,90.01,9.52,0
7.09,-0.29956,0.74574,0.1118,94.141,-89.868,90.01,9.52,0
7.095,-0.29956,0.74574,0.1118,94.143,-89.868,90.01,9.52,0
7.1,-0.29956,0.74574,0.1118,94.144,-89.868,90.01,9.52,0
7.105,-0.29956,0.74574,0.1118,94.144,-89.868,90.01,9.52,0
7.11,-0.29956,0.74574,0.1118,94.144,-89.868,90.01,9.52,0
7.115,-0.29956,0.74574,0.1118,94.145,-89.868,90.01,9.52,0
7.12,-0.29956,0.74574,0.1118,94.145,-89.868,90.01,9.52,0
7.125,-0.29956,0.74574,0.1118,94.145,-89.868,90.01,9.52,0
7.13,-0.29956,0.74574,0.1118,94.145,-89.868,90.01,9.52,0
7.135,-0.29956,0.74574,0.1118,94.146,-89.868,90.01,9.52,0
7.14,-0.29956,0.74574,0.1118,94.146,-89.868,90.01,9.52,0
7.145,-0.29956,0.74574,0.1118,94.147,-89.868,90.01,9.52,0
7.15,-0.29956,0.74574,0.1118,94.148,-89.868,90.01,9.52,0
7.155,-0.29956,0.74574,0.1118,94.148,-89.868,90.01,9.52,0
7.16,-0.29956,0.74574,0.1118,94.149,-89.868,90.01,9.52,0
7.165,-0.29956,0.74574,0.1118,94.149,-89.868,90.01,9.52,0
7.17,-0.29956,0.74574,0.1118,94.149,-89.868,90.01,9.52,0
7.175,-0.29956,0.74574,0.1118,94.15,-89.868,90.01,9.52,0
7.18,-0.29956,0.74574,0.1118,94.15,-89.868,90.01,9.52,0
7.185,-0.29956,0.74574,0.1118,94.151,-89.868,90.01,9.52,0
7.19,-0.29956,0.74574,0.1118,94.152,-89.868,90.01,9.52,0
7.195,-0.29956,0.74574,0.1118,94.152,-89.868,90.01,9.52,0
7.2,-0.29956,0.74574,0.1118,94.153,-89.868,90.01,9.52,0
7.205,-0.29956,0.74574,0.1118,94.153,-89.868,90.01,9.52,0
7.21,-0.29956,0.74574,0.1118,94.153,-89.868,90.01,9.52,0
7.215,-0.29956,0.74574,0.1118,94.153,-89.868,90.01,9.52,0
7.22,-0.29956,0.74574,0.1118,94.155,-89.868,90.01,9.52,0
7.225,-0.29956,0.74574,0.1118,94.156,-89.868,90.01,9.52,0
7.23,-0.29956,0.74574,0.1118,94.156,-89.868,90.01,9.52,0
7.235,-0.29956,0.74574,0.1118,94.156,-89.868,90.01,9.52,0
7.24,-0.29956,0.74574,0.1118,94.156,-89.868,90.01,9.52,0
7.245,-0.29956,0.74574,0.1118,94.157,-89.868,90.01,9.52,0
7.25,-0.29956,0.74574,0.1118,94.157,-89.868,90.01,9.52,0
7.255,-0.29956,0.74574,0.1118,94.158,-89.869,90.01,9.52,0
7.26,-0.29956,0.74574,0.1118,94.159,-89.869,90.01,9.52,0
7.265,-0.29956,0.74574,0.1118,94.159,-89.869,90.01,9.52,0
7.27,-0.29956,0.74574,0.1118,94.16,-89.869,90.01,9.52,0
7.275,-0.29956,0.74574,0.1118,94.16,-89.869,90.01,9.52,0
7.28,-0.29956,0.74574,0.1118,94.16,-89.869,90.01,9.52,0
7.285,-0.29956,0.74574,0.1118,94.162,-89.869,90.01,9.52,0
7.29,-0.29956,0.74574,0.1118,94.162,-89.869,90.01,9.52,0
7.295,-0.29956,0.74574,0.1118,94.163,-89.869,90.01,9.52,0
7.3,-0.29956,0.74574,0.1118,94.163,-89.869,90.01,9.52,0
7.305,-0.29956,0.74574,0.1118,94.163,-89.869,90.01,9.52,0
7.31,-0.29956,0.74574,0.1118,94.163,-89.869,90.01,9.52,0
7.315,-0.29956,0.74574,0.1118,94.165,-89.869,90.01,9.52,0
7.32,-0.29956,0.74574,0.1118,94.166,-89.869,90.01,9.52,0
7.325,-0.29956,0.74574,0.1118,94.166,-89.869,90.01,9.52,0
7.33,-0.29956,0.74574,0.1118,94.166,-89.869,90.01,9.52,0
7.335,-0.29956,0.74574,0.1118,94.166,-89.869,90.01,9.52,0
7.34,-0.29956,0.74574,0.1118,94.167,-89.869,90.01,9.52,0
7.345,-0.29956,0.74574,0.1118,94.168,-89.869,90.01,9.52,0
7.35,-0.29956,0.74574,0.1118,94.169,-89.869,90.01,9.52,0
7.355,-0.29956,0.74574,0.1118,94.169,-89.869,90.01,9.52,0
7.36,-0.29956,0.74574,0.1118,94.169,-89.869,90.01,9.52,0
7.365,-0.29956,0.74574,0.1118,94.17,-89.869,90.01,9.52,0
7.37,-0.29956,0.74574,0.1118,94.171,-89.869,90.01,9.52,0
7.375,-0.29956,0.74574,0.1118,94.172,-89.869,90.01,9.52,0
7.38,-0.29956,0.74574,0.1118,94.172,-89.869,90.01,9.52,0
7.385,-0.29956,0.74574,0.1118,94.172,-89.869,90.01,9.52,0
7.39,-0.29956,0.74574,0.1118,94.173,-89.869,90.01,9.52,0
7.395,-0.29956,0.74574,0.1118,94.174,-89.869,90.01,9.52,0
7.4,-0.29956,0.74574,0.1118,94.175,-89.869,90.01,9.52,0
7.405,-0.29956,0.74574,0.1118,94.175,-89.869,90.01,9.52,0
7.41,-0.29956,0.74574,0.1118,94.175,-89.869,90.01,9.52,0
7.415,-0.29956,0.74574,0.1118,94.175,-89.869,90.01,9.52,0
7.42,-0.29956,0.74574,0.1118,94.177,-89.869,90.01,9.52,0
7.425,-0.29956,0.74574,0.1118,94.177,-89.869,90.01,9.52,0
7.43,-0.29956,0.74574,0.1118,94.178,-89.869,90.01,9.52,0
7.435,-0.29956,0.74574,0.1118,94.178,-89.869,90.01,9.52,0
7.44,-0.29956,0.74574,0.1118,94.178,-89.869,90.01,9.52,0
7.445,-0.29956,0.74574,0.1118,94.18,-89.869,90.01,9.52,0
7.45,-0.29956,0.74574,0.1118,94.18,-89.869,90.01,9.52,0
7.455,-0.29956,0.74574,0.1118,94.181,-89.869,90.01,9.52,0
7.46,-0.29956,0.74574,0.1118,94.181,-89.869,90.01,9.52,0
7.465,-0.29955,0.74574,0.1118,94.182,-89.869,90.01,9.52,0
7.47,-0.29955,0.74574,0.1118,94.183,-89.869,90.01,9.52,0
7.475,-0.29955,0.74574,0.1118,94.183,-89.869,90.01,9.52,0
7.48,-0.29955,0.74574,0.1118,94.184,-89.869,90.01,9.52,0
7.485,-0.29955,0.74574,0.1118,94.185,-89.869,90.01,9.52,0
7.49,-0.29955,0.74574,0.1118,94.186,-89.869,90.01,9.52,0
7.495,-0.29955,0.74574,0.1118,94.186,-89.869,90.01,9.52,0
7.5,-0.29955,0.74574,0.1118,94.186,-89.869,90.01,9.52,0
7.505,-0.29955,0.74574,0.1118,94.187,-89.869,90.01,9.52,0
7.51,-0.29955,0.74574,0.1118,94.188,-89.869,90.01,9.52,0
7.515,-0.29955,0.74574,0.1118,94.188,-89.869,90.01,9.52,0
7.52,-0.29955,0.74574,0.1118,94.189,-89.869,90.01,9.52,0
7.525,-0.29955,0.74574,0.1118,94.19,-89.869,90.01,9.52,0
7.53,-0.29955,0.74574,0.1118,94.191,-89.869,90.01,9.52,0
7.535,-0.29955,0.74574,0.1118,94.191,-89.869,90.01,9.52,0
7.54,-0.29955,0.74574,0.1118,94.191,-89.869,90.01,9.52,0
7.545,-0.29955,0.74574,0.1118,94.193,-89.869,90.01,9.52,0
7.55,-0.29955,0.74574,0.1118,94.193,-89.869,90.01,9.52,0
7.555,-0.29955,0.74574,0.1118,94.194,-89.869,90.01,9.52,0
7.56,-0.29955,0.74574,0.1118,94.194,-89.87,90.01,9.52,0
7.565,-0.29955,0.74574,0.1118,94.195,-89.87,90.01,9.52,0
7.57,-0.29955,0.74574,0.1118,94.196,-89.87,90.01,9.52,0
7.575,-0.29955,0.74574,0.1118,94.196,-89.87,90.01,9.52,0
7.58,-0.29955,0.74574,0.1118,94.196,-89.87,90.01,9.52,0
7.585,-0.29955,0.74574,0.1118,94.198,-89.87,90.01,9.52,0
7.59,-0.29955,0.74574,0.1118,94.198,-89.87,90.01,9.52,0
7.595,-0.29955,0.74574,0.1118,94.199,-89.87,90.01,9.52,0
7.6,-0.29955,0.74574,0.1118,94.2,-89.87,90.01,9.52,0
7.605,-0.29955,0.74574,0.1118,94.201,-89.87,90.01,9.52,0
7.61,-0.29955,0.74574,0.1118,94.201,-89.87,90.01,9.52,0
7.615,-0.29955,0.74574,0.1118,94.201,-89.87,90.01,9.52,0
7.62,-0.29955,0.74574,0.1118,94.202,-89.87,90.01,9.52,0
7.625,-0.29955,0.74574,0.1118,94.203,-89.87,90.01,9.52,0
7.63,-0.29955,0.74574,0.1118,94.203,-89.87,90.01,9.52,0
7.635,-0.29955,0.74574,0.1118,94.205,-89.87,90.01,9.52,0
7.64,-0.29955,0.74574,0.1118,94.205,-89.87,90.01,9.52,0
7.645,-0.29955,0.74574,0.1118,94.206,-89.87,90.01,9.52,0
7.65,-0.29955,0.74574,0.1118,94.206,-89.87,90.01,9.52,0
7.655,-0.29955,0.74574,0.1118,94.207,-89.87,90.01,9.52,0
7.66,-0.29955,0.74574,0.1118,94.208,-89.87,90.01,9.52,0
7.665,-0.29955,0.74574,0.1118,94.208,-89.87,90.01,9.52,0
7.67,-0.29955,0.74574,0.1118,94.209,-89.87,90.01,9.52,0
7.675,-0.29955,0.74574,0.1118,94.21,-89.87,90.01,9.52,0
7.68,-0.29955,0.74574,0.1118,94.21,-89.87,90.01,9.52,0
7.685,-0.29955,0.74574,0.1118,94.212,-89.87,90.01,9.52,0
7.69,-0.29955,0.74574,0.1118,94.212,-89.87,90.01,9.52,0
7.695,-0.29955,0.74574,0.1118,94.212,-89.87,90.01,9.52,0
7.7,-0.29955,0.74574,0.1118,94.214,-89.87,90.01,9.52,0
7.705,-0.29955,0.74574,0.1118,94.214,-89.87,90.01,9.52,0
7.71,-0.29955,0.74574,0.1118,94.215,-89.87,90.01,9.52,0
7.715,-0.29955,0.74574,0.1118,94.216,-89.87,90.01,9.52,0
7.72,-0.29955,0.74574,0.1118,94.217,-89.87,90.01,9.52,0
7.725,-0.29955,0.74574,0.1118,94.217,-89.87,90.01,9.52,0
7.73,-0.29955,0.74574,0.1118,94.218,-89.87,90.01,9.52,0
7.735,-0.29955,0.74574,0.1118,94.219,-89.87,90.01,9.52,0
7.74,-0.29955,0.74574,0.1118,94.219,-89.87,90.01,9.52,0
7.745,-0.29955,0.74574,0.1118,94.22,-89.87,90.01,9.52,0
7.75,-0.29955,0.74574,0.1118,94.221,-89.87,90.01,9.52,0
7.755,-0.29955,0.74574,0.1118,94.221,-89.87,90.01,9.52,0
7.76,-0.29955,0.74574,0.1118,94.222,-89.87,90.01,9.52,0
7.765,-0.29955,0.74574,0.1118,94.223,-89.87,90.01,9.52,0
7.77,-0.29955,0.74574,0.1118,94.223,-89.87,90.01,9.52,0
7.775,-0.29955,0.74574,0.1118,94.225,-89.87,90.01,9.52,0
7.78,-0.29955,0.74574,0.1118,94.225,-89.87,90.01,9.52,0
7.785,-0.29955,0.74574,0.1118,94.225,-89.87,90.01,9.52,0
7.79,-0.29955,0.74574,0.1118,94.227,-89.87,90.01,9.52,0
7.795,-0.29955,0.74574,0.1118,94.227,-89.87,90.01,9.52,0
7.8,-0.29955,0.74574,0.1118,94.228,-89.87,90.01,9.52,0
7.805,-0.29955,0.74574,0.1118,94.229,-89.87,90.01,9.52,0
7.81,-0.29955,0.74574,0.1118,94.229,-89.87,90.01,9.52,0
7.815,-0.29955,0.74574,0.1118,94.23,-89.87,90.01,9.52,0
7.82,-0.29955,0.74574,0.1118,94.231,-89.87,90.01,9.52,0
7.825,-0.29955,0.74574,0.1118,94.232,-89.87,90.01,9.52,0
7.83,-0.29955,0.74574,0.1118,94.232,-89.87,90.01,9.52,0
7.835,-0.29955,0.74574,0.1118,94.233,-89.87,90.01,9.52,0
7.84,-0.29955,0.74574,0.1118,94.234,-89.87,90.01,9.52,0
7.845,-0.29955,0.74574,0.1118,94.235,-89.87,90.01,9.52,0
7.85,-0.29955,0.74574,0.1118,94.236,-89.871,90.01,9.52,0
7.855,-0.29955,0.74574,0.1118,94.236,-89.871,90.01,9.52,0
7.86,-0.29955,0.74574,0.1118,94.237,-89.871,90.01,9.52,0
7.865,-0.29955,0.74574,0.1118,94.238,-89.871,90.01,9.52,0
7.87,-0.29955,0.74574,0.1118,94.238,-89.871,90.01,9.52,0
7.875,-0.29955,0.74574,0.1118,94.239,-89.871,90.01,9.52,0
7.88,-0.29955,0.74574,0.1118,94.24,-89.871,90.01,9.52,0
7.885,-0.29955,0.74574,0.1118,94.241,-89.871,90.01,9.52,0
7.89,-0.29955,0.74574,0.1118,94.242,-89.871,90.01,9.52,0
7.895,-0.29955,0.74574,0.1118,94.242,-89.871,90.01,9.52,0
7.9,-0.29955,0.74574,0.1118,94.243,-89.871,90.01,9.52,0
7.905,-0.29955,0.74574,0.1118,94.244,-89.871,90.01,9.52,0
7.91,-0.29955,0.74574,0.1118,94.245,-89.871,90.01,9.52,0
7.915,-0.29955,0.74574,0.1118,94.246,-89.871,90.01,9.52,0
7.92,-0.29955,0.74574,0.1118,94.246,-89.871,90.01,9.52,0
7.925,-0.29955,0.74574,0.1118,94.247,-89.871,90.01,9.52,0
7.93,-0.29955,0.74574,0.1118,94.248,-89.871,90.01,9.52,0
7.935,-0.29955,0.74574,0.1118,94.249,-89.871,90.01,9.52,0
7.94,-0.29955,0.74574,0.1118,94.25,-89.871,90.01,9.52,0
7.945,-0.29955,0.74574,0.1118,94.25,-89.871,90.01,9.52,0
7.95,-0.29955,0.74574,0.1118,94.251,-89.871,90.01,9.52,0
7.955,-0.29955,0.74574,0.1118,94.252,-89.871,90.01,9.52,0
7.96,-0.29955,0.74574,0.1118,94.253,-89.871,90.01,9.52,0
7.965,-0.29955,0.74574,0.1118,94.254,-89.871,90.01,9.52,0
7.97,-0.29955,0.74574,0.1118,94.254,-89.871,90.01,9.52,0
7.975,-0.29955,0.74574,0.1118,94.255,-89.871,90.01,9.52,0
7.98,-0.29955,0.74574,0.1118,94.255,-89.871,90.01,9.52,0
7.985,-0.29955,0.74574,0.1118,94.257,-89.871,90.01,9.52,0
7.99,-0.29955,0.74574,0.1118,94.257,-89.871,90.01,9.52,0
7.995,-0.29955,0.74574,0.1118,94.258,-89.871,90.01,9.52,0
8.0,-0.29955,0.74574,0.1118,94.259,-89.871,90.01,9.52,0
8.005,-0.29955,0.74574,0.1118,94.259,-89.871,90.01,9.52,0
8.01,-0.29955,0.74574,0.1118,94.26,-89.871,90.01,9.52,0
8.015,-0.29955,0.74574,0.1118,94.261,-89.871,90.01,9.52,0
8.02,-0.29955,0.74574,0.1118,94.262,-89.871,90.01,9.52,0
8.025,-0.29955,0.74574,0.1118,94.263,-89.871,90.01,9.52,0
8.03,-0.29955,0.74574,0.1118,94.264,-89.871,90.01,9.52,0
8.035,-0.29955,0.74574,0.1118,94.265,-89.871,90.01,9.52,0
8.04,-0.29955,0.74574,0.1118,94.266,-89.871,90.01,9.52,0
8.045,-0.29955,0.74574,0.1118,94.266,-89.871,90.01,9.52,0
8.05,-0.29955,0.74574,0.1118,94.266,-89.871,90.01,9.52,0
8.055,-0.29955,0.74574,0.1118,94.268,-89.871,90.01,9.52,0
8.06,-0.29955,0.74574,0.1118,94.268,-89.871,90.01,9.52,0
8.065,-0.29955,0.74574,0.1118,94.269,-89.871,90.01,9.52,0
8.07,-0.29955,0.74574,0.1118,94.27,-89.871,90.01,9.53,0
8.075,-0.29955,0.74574,0.1118,94.271,-89.871,90.01,9.53,0
8.08,-0.29955,0.74574,0.1118,94.272,-89.871,90.01,9.53,0
8.085,-0.29955,0.74574,0.1118,94.273,-89.871,90.01,9.53,0
8.09,-0.29955,0.74574,0.1118,94.273,-89.871,90.01,9.53,0
8.095,-0.29955,0.74574,0.1118,94.275,-89.871,90.01,9.53,0
8.1,-0.29955,0.74574,0.1118,94.275,-89.871,90.01,9.53,0
8.105,-0.29955,0.74574,0.1118,94.276,-89.871,90.01,9.53,0
8.11,-0.29955,0.74574,0.1118,94.277,-89.871,90.01,9.53,0
8.115,-0.29955,0.74574,0.1118,94.278,-89.871,90.01,9.53,0
8.12,-0.29955,0.74574,0.1118,94.279,-89.871,90.01,9.53,0
8.125,-0.29955,0.74574,0.1118,94.28,-89.872,90.01,9.53,0
8.13,-0.29955,0.74574,0.1118,94.28,-89.872,90.01,9.53,0
8.135,-0.29955,0.74574,0.1118,94.282,-89.872,90.01,9.53,0
8.14,-0.29955,0.74574,0.1118,94.282,-89.872,90.01,9.53,0
8.145,-0.29955,0.74574,0.1118,94.283,-89.872,90.01,9.53,0
8.15,-0.29955,0.74574,0.1118,94.284,-89.872,90.01,9.53,0
8.155,-0.29955,0.74574,0.1118,94.285,-89.872,90.01,9.53,0
8.16,-0.29955,0.74574,0.1118,94.286,-89.872,90.01,9.53,0
8.165,-0.29955,0.74574,0.1118,94.287,-89.872,90.01,9.53,0
8.17,-0.29955,0.74574,0.1118,94.287,-89.872,90.01,9.53,0
8.175,-0.29955,0.74574,0.1118,94.289,-89.872,90.01,9.53,0
8.18,-0.29955,0.74574,0.1118,94.289,-89.872,90.01,9.53,0
8.185,-0.29955,0.74574,0.1118,94.29,-89.872,90.01,9.53,0
8.19,-0.29955,0.74574,0.1118,94.291,-89.872,90.01,9.53,0
8.195,-0.29955,0.74574,0.1118,94.292,-89.872,90.01,9.53,0
8.2,-0.29955,0.74574,0.1118,94.293,-89.872,90.01,9.53,0
8.205,-0.29955,0.74574,0.1118,94.294,-89.872,90.01,9.53,0
8.21,-0.29955,0.74574,0.1118,94.294,-89.872,90.01,9.53,0
8.215,-0.29955,0.74574,0.1118,94.296,-89.872,90.01,9.53,0
8.22,-0.29955,0.74574,0.1118,94.295,-89.872,90.01,9.53,0
8.225,-0.29955,0.74574,0.1118,94.295,-89.872,90.01,9.53,0
8.23,-0.29955,0.74574,0.1118,94.294,-89.872,90.01,9.53,0
8.235,-0.29955,0.74574,0.1118,94.294,-89.872,90.01,9.53,0
8.24,-0.29955,0.74574,0.1118,94.292,-89.872,90.01,9.53,0
8.245,-0.29955,0.74574,0.1118,94.291,-89.872,90.01,9.53,0
8.25,-0.29955,0.74574,0.1118,94.292,-89.872,90.01,9.53,0
8.255,-0.29955,0.74574,0.1118,94.29,-89.872,90.01,9.53,0
8.26,-0.29955,0.74574,0.1118,94.29,-89.872,90.01,9.53,0
8.265,-0.29955,0.74574,0.1118,94.289,-89.872,90.01,9.53,0
8.27,-0.29955,0.74574,0.1118,94.289,-89.872,90.01,9.53,0
8.275,-0.29955,0.74574,0.1118,94.287,-89.872,90.01,9.53,0
8.28,-0.29955,0.74574,0.1118,94.286,-89.872,90.01,9.53,0
8.285,-0.29955,0.74574,0.1118,94.286,-89.872,90.01,9.53,0
8.29,-0.29955,0.74574,0.1118,94.285,-89.872,90.01,9.53,0
8.295,-0.29955,0.74574,0.1118,94.285,-89.872,90.01,9.53,0
8.3,-0.29955,0.74574,0.1118,94.283,-89.872,90.01,9.53,0
8.305,-0.29955,0.74574,0.1118,94.282,-89.872,90.01,9.53,0
8.31,-0.29955,0.74574,0.1118,94.283,-89.872,90.01,9.53,0
8.315,-0.29955,0.74574,0.1118,94.281,-89.872,90.01,9.53,0
8.32,-0.29955,0.74574,0.1118,94.281,-89.872,90.01,9.53,0
8.325,-0.29955,0.74574,0.1118,94.28,-89.872,90.01,9.53,0
8.33,-0.29955,0.74574,0.1118,94.279,-89.872,90.01,9.53,0
8.335,-0.29955,0.74574,0.1118,94.279,-89.872,90.01,9.53,0
8.34,-0.29955,0.74574,0.1118,94.278,-89.872,90.01,9.53,0
8.345,-0.29955,0.74574,0.1118,94.278,-89.872,90.01,9.53,0
8.35,-0.29955,0.74574,0.1118,94.276,-89.872,90.01,9.53,0
8.355,-0.29955,0.74574,0.1118,94.274,-89.872,90.01,9.53,0
8.36,-0.29955,0.74574,0.1118,94.274,-89.872,90.01,9.53,0
8.365,-0.29955,0.74574,0.1118,94.272,-89.872,90.01,9.53,0
8.37,-0.29955,0.74574,0.1118,94.27,-89.872,90.009,9.53,0
8.375,-0.29955,0.74574,0.1118,94.27,-89.872,90.009,9.53,0
8.38,-0.29955,0.74574,0.1118,94.268,-89.872,90.009,9.53,0
8.385,-0.29955,0.74574,0.1118,94.266,-89.873,90.009,9.53,0
8.39,-0.29955,0.74574,0.1118,94.266,-89.873,90.009,9.53,0
8.395,-0.29955,0.74574,0.1118,94.265,-89.873,90.009,9.53,0
8.4,-0.29955,0.74574,0.1118,94.262,-89.873,90.009,9.53,0
8.405,-0.29955,0.74574,0.1118,94.262,-89.873,90.009,9.53,0
8.41,-0.29955,0.74574,0.1118,94.261,-89.873,90.009,9.53,0
8.415,-0.29955,0.74574,0.1118,94.258,-89.873,90.009,9.53,0
8.42,-0.29955,0.74574,0.1118,94.258,-89.873,90.009,9.53,0
8.425,-0.29955,0.74574,0.1118,94.256,-89.873,90.009,9.53,0
8.43,-0.29955,0.74574,0.1118,94.253,-89.873,90.009,9.53,0
8.435,-0.29955,0.74574,0.1118,94.253,-89.873,90.009,9.53,0
8.44,-0.29955,0.74574,0.1118,94.251,-89.873,90.009,9.53,0
8.445,-0.29955,0.74574,0.1118,94.248,-89.873,90.009,9.53,0
8.45,-0.29955,0.74574,0.1118,94.248,-89.873,90.009,9.53,0
8.455,-0.29955,0.74574,0.1118,94.246,-89.873,90.009,9.53,0
8.46,-0.29955,0.74574,0.1118,94.244,-89.873,90.009,9.53,0
8.465,-0.29955,0.74574,0.1118,94.243,-89.873,90.009,9.53,0
8.47,-0.29955,0.74574,0.1118,94.241,-89.873,90.009,9.53,0
8.475,-0.29955,0.74574,0.1118,94.239,-89.873,90.009,9.53,0
8.48,-0.29955,0.74574,0.1118,94.238,-89.873,90.009,9.53,0
8.485,-0.29955,0.74574,0.1118,94.236,-89.873,90.009,9.53,0
8.49,-0.29955,0.74574,0.1118,94.234,-89.873,90.009,9.53,0
8.495,-0.29955,0.74574,0.1118,94.234,-89.873,90.009,9.53,0
8.5,-0.29955,0.74574,0.1118,94.232,-89.873,90.009,9.53,0
8.505,-0.29955,0.74574,0.1118,94.229,-89.873,90.009,9.53,0
8.51,-0.29955,0.74574,0.1118,94.229,-89.873,90.009,9.53,0
8.515,-0.29954,0.74574,0.1118,94.227,-89.873,90.009,9.53,0
8.52,-0.29954,0.74574,0.1118,94.224,-89.873,90.009,9.53,0
8.525,-0.29954,0.74574,0.1118,94.224,-89.873,90.009,9.53,0
8.53,-0.29954,0.74574,0.1118,94.222,-89.873,90.009,9.53,0
8.535,-0.29954,0.74574,0.1118,94.22,-89.873,90.009,9.53,0
8.54,-0.29954,0.74574,0.1118,94.219,-89.873,90.009,9.53,0
8.545,-0.29954,0.74574,0.1118,94.217,-89.873,90.009,9.53,0
8.55,-0.29954,0.74574,0.1118,94.215,-89.873,90.009,9.53,0
8.555,-0.29954,0.74574,0.1118,94.215,-89.873,90.009,9.53,0
8.56,-0.29954,0.74574,0.1118,94.213,-89.873,90.009,9.53,0
8.565,-0.29954,0.74574,0.1118,94.21,-89.873,90.009,9.53,0
8.57,-0.29954,0.74574,0.1118,94.21,-89.873,90.009,9.53,0
8.575,-0.29954,0.74574,0.1118,94.208,-89.873,90.009,9.53,0
8.58,-0.29954,0.74574,0.1118,94.205,-89.873,90.009,9.53,0
8.585,-0.29954,0.74574,0.1118,94.205,-89.873,90.009,9.53,0
8.59,-0.29954,0.74574,0.1118,94.203,-89.873,90.009,9.53,0
8.595,-0.29954,0.74574,0.1118,94.201,-89.873,90.009,9.53,0
8.6,-0.29954,0.74574,0.1118,94.2,-89.873,90.009,9.53,0
8.605,-0.29954,0.74574,0.1118,94.198,-89.873,90.009,9.53,0
8.61,-0.29954,0.74574,0.1118,94.196,-89.873,90.009,9.53,0
8.615,-0.29954,0.74574,0.1118,94.196,-89.873,90.009,9.53,0
8.62,-0.29954,0.74574,0.1118,94.194,-89.874,90.009,9.53,0
8.625,-0.29954,0.74574,0.1118,94.191,-89.874,90.009,9.53,0
8.63,-0.29954,0.74574,0.1118,94.191,-89.874,90.009,9.53,0
8.635,-0.29954,0.74574,0.1118,94.189,-89.874,90.009,9.53,0
8.64,-0.29954,0.74574,0.1118,94.186,-89.874,90.009,9.53,0
8.645,-0.29954,0.74574,0.1118,94.186,-89.874,90.009,9.53,0
8.65,-0.29954,0.74574,0.1118,94.184,-89.874,90.009,9.53,0
8.655,-0.29954,0.74574,0.1118,94.182,-89.874,90.009,9.53,0
8.66,-0.29954,0.74574,0.1118,94.181,-89.874,90.009,9.53,0
8.665,-0.29954,0.74574,0.1118,94.179,-89.874,90.009,9.53,0
8.67,-0.29954,0.74574,0.1118,94.177,-89.874,90.009,9.53,0
8.675,-0.29954,0.74574,0.1118,94.177,-89.874,90.009,9.53,0
8.68,-0.29954,0.74574,0.1118,94.175,-89.874,90.009,9.53,0
8.685,-0.29954,0.74574,0.1118,94.172,-89.874,90.009,9.53,0
8.69,-0.29954,0.74574,0.1118,94.172,-89.874,90.009,9.53,0
8.695,-0.29954,0.74574,0.1118,94.17,-89.874,90.009,9.53,0
8.7,-0.29954,0.74574,0.1118,94.168,-89.874,90.009,9.53,0
8.705,-0.29954,0.74574,0.1118,94.167,-89.874,90.009,9.53,0
8.71,-0.29954,0.74574,0.1118,94.165,-89.874,90.009,9.53,0
8.715,-0.29954,0.74574,0.1118,94.163,-89.874,90.009,9.53,0
8.72,-0.29954,0.74574,0.1118,94.162,-89.874,90.009,9.53,0
8.725,-0.29954,0.74574,0.1118,94.161,-89.874,90.009,9.53,0
8.73,-0.29954,0.74574,0.1118,94.158,-89.874,90.009,9.53,0
8.735,-0.29954,0.74574,0.1118,94.158,-89.874,90.009,9.53,0
8.74,-0.29954,0.74574,0.1118,94.156,-89.874,90.009,9.53,0
8.745,-0.29954,0.74574,0.1118,94.153,-89.874,90.009,9.53,0
8.75,-0.29954,0.74574,0.1118,94.153,-89.874,90.009,9.53,0
8.755,-0.29954,0.74574,0.1118,94.151,-89.874,90.009,9.53,0
8.76,-0.29954,0.74574,0.1118,94.149,-89.874,90.009,9.53,0
8.765,-0.29954,0.74574,0.1118,94.148,-89.874,90.009,9.53,0
8.77,-0.29954,0.74574,0.1118,94.146,-89.874,90.009,9.53,0
8.775,-0.29954,0.74574,0.1118,94.144,-89.874,90.009,9.53,0
8.78,-0.29954,0.74574,0.1118,94.144,-89.874,90.009,9.53,0
8.785,-0.29954,0.74574,0.1118,94.142,-89.874,90.009,9.53,0
8.79,-0.29954,0.74574,0.1118,94.14,-89.874,90.009,9.53,0
8.795,-0.29954,0.74574,0.1118,94.139,-89.874,90.009,9.53,0
8.8,-0.29954,0.74574,0.1118,94.138,-89.874,90.009,9.53,0
8.805,-0.29954,0.74574,0.1118,94.136,-89.874,90.009,9.53,0
8.81,-0.29954,0.74574,0.1118,94.135,-89.874,90.009,9.53,0
8.815,-0.29954,0.74574,0.1118,94.134,-89.874,90.009,9.53,0
8.82,-0.29954,0.74574,0.1118,94.132,-89.874,90.009,9.53,0
8.825,-0.29954,0.74574,0.1118,94.131,-89.874,90.009,9.53,0
8.83,-0.29954,0.74574,0.1118,94.13,-89.874,90.009,9.53,0
8.835,-0.29954,0.74574,0.1118,94.128,-89.874,90.009,9.53,0
8.84,-0.29954,0.74574,0.1118,94.127,-89.874,90.009,9.53,0
8.845,-0.29954,0.74574,0.1118,94.126,-89.874,90.009,9.53,0
8.85,-0.29954,0.74574,0.1118,94.124,-89.874,90.009,9.53,0
8.855,-0.29954,0.74574,0.1118,94.123,-89.874,90.009,9.53,0
8.86,-0.29954,0.74574,0.1118,94.122,-89.875,90.009,9.53,0
8.865,-0.29954,0.74574,0.1118,94.12,-89.875,90.009,9.53,0
8.87,-0.29954,0.74574,0.1118,94.119,-89.875,90.009,9.53,0
8.875,-0.29954,0.74574,0.1118,94.118,-89.875,90.009,9.53,0
8.88,-0.29954,0.74574,0.1118,94.116,-89.875,90.009,9.53,0
8.885,-0.29954,0.74574,0.1118,94.115,-89.875,90.009,9.53,0
8.89,-0.29954,0.74574,0.1118,94.114,-89.875,90.009,9.53,0
8.895,-0.29954,0.74574,0.1118,94.111,-89.875,90.009,9.53,0
8.9,-0.29954,0.74574,0.1118,94.111,-89.875,90.009,9.53,0
8.905,-0.29954,0.74574,0.1118,94.11,-89.875,90.009,9.53,0
8.91,-0.29954,0.74574,0.1118,94.107,-89.875,90.009,9.53,0
8.915,-0.29954,0.74574,0.1118,94.107,-89.875,90.009,9.53,0
8.92,-0.29954,0.74574,0.1118,94.106,-89.875,90.009,9.53,0
8.925,-0.29954,0.74574,0.1118,94.103,-89.875,90.009,9.53,0
8.93,-0.29954,0.74574,0.1118,94.103,-89.875,90.009,9.53,0
8.935,-0.29954,0.74574,0.1118,94.101,-89.875,90.009,9.53,0
8.94,-0.29954,0.74574,0.1118,94.099,-89.875,90.009,9.53,0
8.945,-0.29954,0.74574,0.1118,94.099,-89.875,90.009,9.53,0
8.95,-0.29954,0.74574,0.1118,94.097,-89.875,90.009,9.53,0
8.955,-0.29954,0.74574,0.1118,94.095,-89.875,90.009,9.53,0
8.96,-0.29954,0.74574,0.1118,94.095,-89.875,90.009,9.53,0
8.965,-0.29954,0.74574,0.1118,94.093,-89.875,90.009,9.53,0
8.97,-0.29954,0.74574,0.1118,94.091,-89.875,90.009,9.53,0
8.975,-0.29954,0.74574,0.1118,94.091,-89.875,90.009,9.53,0
8.98,-0.29954,0.74574,0.1118,94.089,-89.875,90.009,9.53,0
8.985,-0.29954,0.74574,0.1118,94.087,-89.875,90.009,9.53,0
8.99,-0.29954,0.74574,0.1118,94.087,-89.875,90.009,9.53,0
8.995,-0.29954,0.74574,0.1118,94.085,-89.875,90.009,9.53,0
9.0,-0.29954,0.74574,0.1118,94.083,-89.875,90.009,9.53,0
9.005,-0.29954,0.74574,0.1118,94.083,-89.875,90.009,9.53,0
9.01,-0.29954,0.74574,0.1118,94.081,-89.875,90.009,9.53,0
9.015,-0.29954,0.74574,0.1118,94.079,-89.875,90.009,9.53,0
9.02,-0.29954,0.74574,0.1118,94.079,-89.875,90.009,9.53,0
9.025,-0.29954,0.74574,0.1118,94.077,-89.875,90.009,9.53,0
9.03,-0.29954,0.74574,0.1118,94.075,-89.875,90.009,9.53,0
9.035,-0.29954,0.74574,0.1118,94.075,-89.875,90.009,9.53,0
9.04,-0.29954,0.74574,0.1118,94.073,-89.875,90.009,9.53,0
9.045,-0.29954,0.74574,0.1118,94.071,-89.875,90.009,9.53,0
9.05,-0.29954,0.74574,0.1118,94.071,-89.875,90.009,9.53,0
9.055,-0.29954,0.74574,0.1118,94.069,-89.875,90.009,9.53,0
9.06,-0.29954,0.74574,0.1118,94.067,-89.875,90.009,9.53,0
9.065,-0.29954,0.74574,0.1118,94.067,-89.875,90.009,9.53,0
9.07,-0.29954,0.74574,0.1118,94.065,-89.875,90.009,9.53,0
9.075,-0.29954,0.74574,0.1118,94.063,-89.875,90.009,9.53,0
9.08,-0.29954,0.74574,0.1118,94.063,-89.875,90.009,9.54,0
9.085,-0.29954,0.74574,0.1118,94.061,-89.875,90.009,9.53,0
9.09,-0.29954,0.74574,0.1118,94.059,-89.875,90.009,9.54,0
9.095,-0.29954,0.74574,0.1118,94.059,-89.875,90.009,9.54,0
9.1,-0.29954,0.74574,0.1118,94.057,-89.875,90.009,9.54,0
9.105,-0.29954,0.74574,0.1118,94.055,-89.876,90.009,9.54,0
9.11,-0.29954,0.74574,0.1118,94.055,-89.876,90.009,9.54,0
9.115,-0.29954,0.74574,0.1118,94.053,-89.876,90.009,9.54,0
9.12,-0.29954,0.74574,0.1118,94.051,-89.876,90.009,9.54,0
9.125,-0.29954,0.74574,0.1118,94.051,-89.876,90.009,9.54,0
9.13,-0.29954,0.74574,0.1118,94.049,-89.876,90.009,9.54,0
9.135,-0.29954,0.74574,0.1118,94.047,-89.876,90.009,9.54,0
9.14,-0.29954,0.74574,0.1118,94.047,-89.876,90.009,9.54,0
9.145,-0.29954,0.74574,0.1118,94.045,-89.876,90.009,9.54,0
9.15,-0.29954,0.74574,0.1118,94.043,-89.876,90.009,9.54,0
9.155,-0.29954,0.74574,0.1118,94.043,-89.876,90.009,9.54,0
9.16,-0.29954,0.74574,0.1118,94.041,-89.876,90.009,9.54,0
9.165,-0.29954,0.74574,0.1118,94.039,-89.876,90.009,9.54,0
9.17,-0.29954,0.74574,0.1118,94.039,-89.876,90.009,9.54,0
9.175,-0.29954,0.74574,0.1118,94.037,-89.876,90.009,9.54,0
9.18,-0.29954,0.74574,0.1118,94.035,-89.876,90.009,9.54,0
9.185,-0.29954,0.74574,0.1118,94.035,-89.876,90.009,9.54,0
9.19,-0.29954,0.74574,0.1118,94.033,-89.876,90.009,9.54,0
9.195,-0.29954,0.74574,0.1118,94.031,-89.876,90.009,9.54,0
9.2,-0.29954,0.74574,0.1118,94.031,-89.876,90.009,9.54,0
9.205,-0.29954,0.74574,0.1118,94.029,-89.876,90.009,9.54,0
9.21,-0.29954,0.74574,0.1118,94.027,-89.876,90.009,9.54,0
9.215,-0.29954,0.74574,0.1118,94.027,-89.876,90.009,9.54,0
9.22,-0.29954,0.74574,0.1118,94.025,-89.876,90.009,9.54,0
9.225,-0.29954,0.74574,0.1118,94.023,-89.876,90.009,9.54,0
9.23,-0.29954,0.74574,0.1118,94.023,-89.876,90.009,9.54,0
9.235,-0.29954,0.74574,0.1118,94.021,-89.876,90.009,9.54,0
9.24,-0.29954,0.74574,0.1118,94.019,-89.876,90.009,9.54,0
9.245,-0.29954,0.74574,0.1118,94.019,-89.876,90.009,9.54,0
9.25,-0.29954,0.74574,0.1118,94.017,-89.876,90.009,9.54,0
9.255,-0.29954,0.74574,0.1118,94.015,-89.876,90.009,9.54,0
9.26,-0.29954,0.74574,0.1118,94.015,-89.876,90.009,9.54,0
9.265,-0.29954,0.74574,0.1118,94.013,-89.876,90.009,9.54,0
9.27,-0.29954,0.74574,0.1118,94.011,-89.876,90.009,9.54,0
9.275,-0.29954,0.74574,0.1118,94.011,-89.876,90.009,9.54,0
9.28,-0.29954,0.74574,0.1118,94.009,-89.876,90.009,9.54,0
9.285,-0.29954,0.74574,0.1118,94.007,-89.876,90.009,9.54,0
9.29,-0.29954,0.74574,0.1118,94.007,-89.876,90.009,9.54,0
9.295,-0.29954,0.74574,0.1118,94.005,-89.876,90.009,9.54,0
9.3,-0.29954,0.74574,0.1118,94.003,-89.876,90.009,9.54,0
9.305,-0.29954,0.74574,0.1118,94.003,-89.876,90.009,9.54,0
9.31,-0.29954,0.74574,0.1118,94.001,-89.876,90.009,9.54,0
9.315,-0.29954,0.74574,0.1118,93.999,-89.876,90.009,9.54,0
9.32,-0.29954,0.74574,0.1118,93.999,-89.876,90.009,9.54,0
9.325,-0.29954,0.74574,0.1118,93.997,-89.876,90.009,9.54,0
9.33,-0.29954,0.74574,0.1118,93.995,-89.876,90.009,9.54,0
9.335,-0.29954,0.74574,0.1118,93.995,-89.876,90.009,9.54,0
9.34,-0.29954,0.74574,0.1118,93.993,-89.876,90.009,9.54,0
9.345,-0.29954,0.74574,0.1118,93.991,-89.876,90.009,9.54,0
9.35,-0.29954,0.74574,0.1118,93.991,-89.876,90.009,9.54,0
9.355,-0.29954,0.74574,0.1118,93.989,-89.877,90.009,9.54,0
9.36,-0.29954,0.74574,0.1118,93.987,-89.877,90.009,9.54,0
9.365,-0.29954,0.74574,0.1118,93.987,-89.877,90.009,9.54,0
9.37,-0.29954,0.74574,0.1118,93.985,-89.877,90.009,9.54,0
9.375,-0.29954,0.74574,0.1118,93.985,-89.877,90.009,9.54,0
9.38,-0.29954,0.74574,0.1118,93.983,-89.877,90.009,9.54,0
9.385,-0.29954,0.74574,0.1118,93.981,-89.877,90.009,9.54,0
9.39,-0.29954,0.74574,0.1118,93.981,-89.877,90.009,9.54,0
9.395,-0.29954,0.74574,0.1118,93.979,-89.877,90.009,9.54,0
9.4,-0.29954,0.74574,0.1118,93.977,-89.877,90.009,9.54,0
9.405,-0.29954,0.74574,0.1118,93.977,-89.877,90.009,9.54,0
9.41,-0.29954,0.74574,0.1118,93.975,-89.877,90.009,9.54,0
9.415,-0.29954,0.74574,0.1118,93.975,-89.877,90.009,9.54,0
9.42,-0.29954,0.74574,0.1118,93.973,-89.877,90.009,9.54,0
9.425,-0.29954,0.74574,0.1118,93.971,-89.877,90.009,9.54,0
9.43,-0.29954,0.74574,0.1118,93.971,-89.877,90.009,9.54,0
9.435,-0.29954,0.74574,0.1118,93.969,-89.877,90.009,9.54,0
9.44,-0.29954,0.74574,0.1118,93.969,-89.877,90.009,9.54,0
9.445,-0.29954,0.74574,0.1118,93.968,-89.877,90.009,9.54,0
9.45,-0.29954,0.74574,0.1118,93.965,-89.877,90.009,9.54,0
9.455,-0.29954,0.74574,0.1118,93.965,-89.877,90.009,9.54,0
9.46,-0.29954,0.74574,0.1118,93.964,-89.877,90.009,9.54,0
9.465,-0.29954,0.74574,0.1118,93.964,-89.877,90.009,9.54,0
9.47,-0.29954,0.74574,0.1118,93.962,-89.877,90.008,9.54,0
9.475,-0.29954,0.74574,0.1118,93.96,-89.877,90.008,9.54,0
9.48,-0.29954,0.74574,0.1118,93.959,-89.877,90.008,9.54,0
9.485,-0.29954,0.74574,0.1118,93.958,-89.877,90.008,9.54,0
9.49,-0.29954,0.74574,0.1118,93.958,-89.877,90.008,9.54,0
9.495,-0.29954,0.74574,0.1118,93.956,-89.877,90.008,9.54,0
9.5,-0.29954,0.74574,0.1118,93.954,-89.877,90.008,9.54,0
9.505,-0.29954,0.74574,0.1118,93.954,-89.877,90.008,9.54,0
9.51,-0.29954,0.74574,0.1118,93.952,-89.877,90.008,9.54,0
9.515,-0.29954,0.74574,0.1118,93.953,-89.877,90.008,9.54,0
9.52,-0.29954,0.74574,0.1118,93.951,-89.877,90.008,9.54,0
9.525,-0.29954,0.74574,0.1118,93.949,-89.877,90.008,9.54,0
9.53,-0.29954,0.74574,0.1118,93.949,-89.877,90.008,9.54,0
9.535,-0.29954,0.74574,0.1118,93.947,-89.877,90.008,9.54,0
9.54,-0.29954,0.74574,0.1118,93.948,-89.877,90.008,9.54,0
9.545,-0.29954,0.74574,0.1118,93.946,-89.877,90.008,9.54,0
9.55,-0.29954,0.74574,0.1118,93.944,-89.877,90.008,9.54,0
9.555,-0.29954,0.74574,0.1118,93.944,-89.877,90.008,9.54,0
9.56,-0.29954,0.74574,0.1118,93.942,-89.877,90.008,9.54,0
9.565,-0.29954,0.74574,0.1118,93.943,-89.877,90.008,9.54,0
9.57,-0.29954,0.74574,0.1118,93.941,-89.877,90.008,9.54,0
9.575,-0.29954,0.74574,0.1118,93.941,-89.877,90.008,9.54,0
9.58,-0.29954,0.74574,0.1118,93.939,-89.877,90.008,9.54,0
9.585,-0.29954,0.74574,0.1118,93.937,-89.877,90.008,9.54,0
9.59,-0.29954,0.74574,0.1118,93.937,-89.877,90.008,9.54,0
9.595,-0.29954,0.74574,0.1118,93.936,-89.877,90.008,9.54,0
9.6,-0.29954,0.74574,0.1118,93.936,-89.878,90.008,9.54,0
9.605,-0.29954,0.74574,0.1118,93.934,-89.878,90.008,9.54,0
9.61,-0.29954,0.74574,0.1118,93.934,-89.878,90.008,9.54,0
9.615,-0.29954,0.74574,0.1118,93.932,-89.878,90.008,9.54,0
9.62,-0.29954,0.74574,0.1118,93.93,-89.878,90.008,9.54,0
9.625,-0.29954,0.74574,0.1118,93.93,-89.878,90.008,9.54,0
9.63,-0.29954,0.74574,0.1118,93.929,-89.878,90.008,9.54,0
9.635,-0.29954,0.74574,0.1118,93.929,-89.878,90.008,9.54,0
9.64,-0.29954,0.74574,0.1118,93.928,-89.878,90.008,9.54,0
9.645,-0.29954,0.74574,0.1118,93.928,-89.878,90.008,9.54,0
9.65,-0.29954,0.74574,0.1118,93.926,-89.878,90.008,9.54,0
9.655,-0.29954,0.74574,0.1118,93.926,-89.878,90.008,9.54,0
9.66,-0.29954,0.74574,0.1118,93.924,-89.878,90.008,9.54,0
9.665,-0.29954,0.74574,0.1118,93.922,-89.878,90.008,9.54,0
9.67,-0.29954,0.74574,0.1118,93.922,-89.878,90.008,9.54,0
9.675,-0.29954,0.74574,0.1118,93.921,-89.878,90.008,9.54,0
9.68,-0.29953,0.74574,0.1118,93.921,-89.878,90.008,9.54,0
9.685,-0.29953,0.74574,0.1118,93.92,-89.878,90.008,9.54,0
9.69,-0.29953,0.74574,0.1118,93.92,-89.878,90.008,9.54,0
9.695,-0.29953,0.74574,0.1118,93.918,-89.878,90.008,9.54,0
9.7,-0.29953,0.74574,0.1118,93.918,-89.878,90.008,9.54,0
9.705,-0.29953,0.74574,0.1118,93.917,-89.878,90.008,9.54,0
9.71,-0.29953,0.74574,0.1118,93.917,-89.878,90.008,9.54,0
9.715,-0.29953,0.74574,0.1118,93.915,-89.878,90.008,9.54,0
9.72,-0.29953,0.74574,0.1118,93.915,-89.878,90.008,9.54,0
9.725,-0.29953,0.74574,0.1118,93.913,-89.878,90.008,9.54,0
9.73,-0.29953,0.74574,0.1118,93.913,-89.878,90.008,9.54,0
9.735,-0.29953,0.74574,0.1118,93.911,-89.878,90.008,9.54,0
9.74,-0.29953,0.74574,0.1118,93.911,-89.878,90.008,9.54,0
9.745,-0.29953,0.74574,0.1118,93.909,-89.878,90.008,9.54,0
9.75,-0.29953,0.74574,0.1118,93.909,-89.878,90.008,9.54,0
9.755,-0.29953,0.74574,0.1118,93.907,-89.878,90.008,9.54,0
9.76,-0.29953,0.74574,0.1118,93.907,-89.878,90.008,9.54,0
9.765,-0.29953,0.74574,0.1118,93.906,-89.878,90.008,9.54,0
9.77,-0.29953,0.74574,0.1118,93.906,-89.878,90.008,9.54,0
9.775,-0.29953,0.74574,0.1118,93.905,-89.878,90.008,9.54,0
9.78,-0.29953,0.74574,0.1118,93.905,-89.878,90.008,9.54,0
9.785,-0.29953,0.74574,0.1118,93.904,-89.878,90.008,9.54,0
9.79,-0.29953,0.74574,0.1118,93.904,-89.878,90.008,9.54,0
9.795,-0.29953,0.74574,0.1118,93.903,-89.878,90.008,9.54,0
9.8,-0.29953,0.74574,0.1118,93.903,-89.878,90.008,9.54,0
9.805,-0.29953,0.74574,0.1118,93.902,-89.878,90.008,9.54,0
9.81,-0.29953,0.74574,0.1118,93.902,-89.878,90.008,9.54,0
9.815,-0.29953,0.74574,0.1118,93.901,-89.878,90.008,9.54,0
9.82,-0.29953,0.74574,0.1118,93.901,-89.878,90.008,9.54,0
9.825,-0.29953,0.74574,0.1118,93.9,-89.878,90.008,9.54,0
9.83,-0.29953,0.74574,0.1118,93.9,-89.878,90.008,9.54,0
9.835,-0.29953,0.74574,0.1118,93.899,-89.879,90.008,9.54,0
9.84,-0.29953,0.74574,0.1118,93.9,-89.879,90.008,9.54,0
9.845,-0.29953,0.74574,0.1118,93.898,-89.879,90.008,9.54,0
9.85,-0.29953,0.74574,0.1118,93.899,-89.879,90.008,9.54,0
9.855,-0.29953,0.74574,0.1118,93.897,-89.879,90.008,9.54,0
9.86,-0.29953,0.74574,0.1118,93.898,-89.879,90.008,9.54,0
9.865,-0.29953,0.74574,0.1118,93.896,-89.879,90.008,9.54,0
9.87,-0.29953,0.74574,0.1118,93.897,-89.879,90.008,9.54,0
9.875,-0.29953,0.74574,0.1118,93.895,-89.879,90.008,9.54,0
9.88,-0.29953,0.74574,0.1118,93.896,-89.879,90.008,9.54,0
9.885,-0.29953,0.74574,0.1118,93.894,-89.879,90.008,9.54,0
9.89,-0.29953,0.74574,0.1118,93.895,-89.879,90.008,9.54,0
9.895,-0.29953,0.74574,0.1118,93.893,-89.879,90.008,9.54,0
9.9,-0.29953,0.74574,0.1118,93.894,-89.879,90.008,9.54,0
9.905,-0.29953,0.74574,0.1118,93.892,-89.879,90.008,9.54,0
9.91,-0.29953,0.74574,0.1118,93.893,-89.879,90.008,9.54,0
9.915,-0.29953,0.74574,0.1118,93.891,-89.879,90.008,9.54,0
9.92,-0.29953,0.74574,0.1118,93.892,-89.879,90.008,9.54,0
9.925,-0.29953,0.74574,0.1118,93.89,-89.879,90.008,9.54,0
9.93,-0.29953,0.74574,0.1118,93.891,-89.879,90.008,9.54,0
9.935,-0.29953,0.74574,0.1118,93.889,-89.879,90.008,9.54,0
9.94,-0.29953,0.74574,0.1118,93.89,-89.879,90.008,9.54,0
9.945,-0.29953,0.74574,0.1118,93.888,-89.879,90.008,9.54,0
9.95,-0.29953,0.74574,0.1118,93.889,-89.879,90.008,9.54,0
9.955,-0.29953,0.74574,0.1118,93.887,-89.879,90.008,9.54,0
9.96,-0.29953,0.74574,0.1118,93.888,-89.879,90.008,9.54,0
9.965,-0.29953,0.74574,0.1118,93.886,-89.879,90.008,9.54,0
9.97,-0.29953,0.74574,0.1118,93.887,-89.879,90.008,9.54,0
9.975,-0.29953,0.74574,0.1118,93.885,-89.879,90.008,9.54,0
9.98,-0.29953,0.74574,0.1118,93.886,-89.879,90.008,9.54,0
9.985,-0.29953,0.74574,0.1118,93.884,-89.879,90.008,9.54,0
9.99,-0.29953,0.74574,0.1118,93.885,-89.879,90.008,9.54,0
9.995,-0.29953,0.74574,0.1118,93.884,-89.879,90.008,9.54,0
