time,pelvis_x,pelvis_y,pelvis_z,roll_deg,pitch_deg,tilt_deg,max_torque_nm,is_pushing
0.0,-0.0,0.0,0.63875,0.0,0.0,0.0,0.0,0
0.005,-0.0,0.0,0.63826,0.0,0.0,0.0,0.0,0
0.01,-0.0,0.0,0.63753,0.0,0.0,0.0,0.0,0
0.015,-0.0,0.0,0.63655,0.0,0.0,0.0,0.0,0
0.02,-0.0,0.0,0.63532,0.0,0.0,0.0,0.0,0
0.025,-0.0,0.0,0.63385,0.0,0.0,0.0,0.0,0
0.03,-0.0,0.0,0.63213,0.0,0.0,0.0,0.0,0
0.035,-0.0,0.0,0.63017,0.0,0.0,0.0,0.0,0
0.04,-0.0,0.0,0.62796,0.0,0.0,0.0,0.0,0
0.045,-0.0,0.0,0.62551,0.0,0.0,0.0,0.0,0
0.05,-0.0,0.0,0.62281,0.0,0.0,0.0,0.0,0
0.055,-0.0,0.0,0.61987,0.0,0.0,0.0,0.0,0
0.06,-0.0,0.0,0.61668,0.0,0.0,0.0,0.0,0
0.065,-0.0,0.0,0.61325,0.0,0.0,0.0,0.0,0
0.07,0.00019,-0.0,0.61094,0.0,-0.055,0.055,0.0,0
0.075,0.0006,-0.0,0.60953,0.0,-0.16,0.16,9.46,0
0.08,0.00117,-0.0,0.60879,0.0,-0.295,0.295,14.15,0
0.085,0.00182,-0.0,0.60854,0.0,-0.442,0.442,15.95,0
0.09,0.0025,-0.0,0.60861,0.0,-0.586,0.586,16.0,0
0.095,0.00315,-0.0,0.60885,0.0,-0.716,0.716,15.14,0
0.1,0.00373,-0.0,0.6092,0.0,-0.825,0.825,14.04,0
0.105,0.00424,-0.0,0.60958,0.0,-0.91,0.91,12.9,0
0.11,0.00465,-0.0,0.60995,0.0,-0.97,0.97,11.84,0
0.115,0.00497,-0.0,0.61029,0.0,-1.006,1.006,10.94,0
0.12,0.00522,-0.0,0.6106,0.0,-1.02,1.02,10.18,0
0.125,0.00539,-0.0,0.61087,0.0,-1.015,1.015,9.55,0
0.13,0.0055,-0.0,0.61109,0.0,-0.993,0.993,9.05,0
0.135,0.00558,-0.0,0.61129,0.0,-0.962,0.962,8.64,0
0.14,0.00563,-0.0,0.61146,0.0,-0.925,0.925,8.23,0
0.145,0.00567,-0.0,0.6116,0.0,-0.882,0.882,7.87,0
0.15,0.00569,-0.0,0.61172,0.0,-0.837,0.837,7.58,0
0.155,0.00571,-0.0,0.61182,0.0,-0.789,0.789,7.34,0
0.16,0.00573,-1e-05,0.61189,0.001,-0.739,0.739,7.14,0
0.165,0.00575,-1e-05,0.61195,0.001,-0.69,0.69,6.98,0
0.17,0.00577,-1e-05,0.61199,0.001,-0.642,0.642,6.85,0
0.175,0.00581,-1e-05,0.61201,0.001,-0.595,0.595,6.74,0
0.18,0.00585,-1e-05,0.61203,0.001,-0.549,0.549,6.65,0
0.185,0.0059,-1e-05,0.61204,0.001,-0.506,0.506,6.58,0
0.19,0.00597,-1e-05,0.61204,0.001,-0.465,0.465,6.53,0
0.195,0.00604,-1e-05,0.61203,0.001,-0.426,0.426,6.48,0
0.2,0.00613,-1e-05,0.61202,0.001,-0.39,0.39,6.44,0
0.205,0.00623,-1e-05,0.61201,0.001,-0.356,0.356,6.39,0
0.21,0.00633,-1e-05,0.612,0.001,-0.323,0.323,6.39,0
0.215,0.00645,-1e-05,0.61199,0.001,-0.292,0.292,6.4,0
0.22,0.00657,-1e-05,0.61197,0.001,-0.263,0.263,6.41,0
0.225,0.0067,-1e-05,0.61196,0.001,-0.234,0.234,6.42,0
0.23,0.00683,-1e-05,0.61194,0.001,-0.207,0.207,6.45,0
0.235,0.00697,-1e-05,0.61193,0.001,-0.18,0.18,6.49,0
0.24,0.00712,-1e-05,0.61191,0.001,-0.154,0.154,6.53,0
0.245,0.00726,-1e-05,0.61189,0.001,-0.129,0.129,6.58,0
0.25,0.00742,-1e-05,0.61187,0.001,-0.105,0.105,6.63,0
0.255,0.00757,-1e-05,0.61185,0.001,-0.081,0.081,6.68,0
0.26,0.00773,-1e-05,0.61183,0.001,-0.057,0.057,6.74,0
0.265,0.00789,-1e-05,0.6118,0.001,-0.034,0.034,6.79,0
0.27,0.00806,-1e-05,0.61178,0.001,-0.011,0.011,6.85,0
0.275,0.00822,-1e-05,0.61176,0.001,0.012,0.012,6.9,0
0.28,0.00839,-1e-05,0.61173,0.001,0.034,0.034,6.96,0
0.285,0.00856,-1e-05,0.61171,0.001,0.056,0.056,7.02,0
0.29,0.00873,-1e-05,0.61168,0.001,0.079,0.079,7.07,0
0.295,0.0089,-1e-05,0.61166,0.001,0.101,0.101,7.13,0
0.3,0.00907,-1e-05,0.61163,0.001,0.124,0.124,7.19,0
0.305,0.00925,-1e-05,0.61161,0.001,0.146,0.146,7.24,0
0.31,0.00942,-1e-05,0.61158,0.001,0.169,0.169,7.3,0
0.315,0.0096,-1e-05,0.61156,0.001,0.191,0.191,7.36,0
0.32,0.00977,-1e-05,0.61153,0.001,0.214,0.214,7.41,0
0.325,0.00995,-1e-05,0.6115,0.001,0.237,0.237,7.47,0
0.33,0.01012,-1e-05,0.61148,0.001,0.26,0.26,7.52,0
0.335,0.0103,-1e-05,0.61145,0.001,0.284,0.284,7.57,0
0.34,0.01047,-1e-05,0.61142,0.001,0.307,0.307,7.63,0
0.345,0.01065,-1e-05,0.6114,0.001,0.331,0.331,7.68,0
0.35,0.01082,-1e-05,0.61137,0.001,0.355,0.355,7.73,0
0.355,0.011,-1e-05,0.61134,0.001,0.379,0.379,7.79,0
0.36,0.01117,-1e-05,0.61131,0.001,0.403,0.403,7.84,0
0.365,0.01135,-1e-05,0.61129,0.001,0.427,0.427,7.89,0
0.37,0.01152,-1e-05,0.61126,0.001,0.451,0.451,7.94,0
0.375,0.01169,-1e-05,0.61123,0.001,0.476,0.476,7.99,0
0.38,0.01187,-1e-05,0.6112,0.001,0.5,0.5,8.05,0
0.385,0.01204,-1e-05,0.61117,0.001,0.525,0.525,8.1,0
0.39,0.01221,-1e-05,0.61115,0.001,0.549,0.549,8.15,0
0.395,0.01239,-1e-05,0.61112,0.001,0.574,0.574,8.2,0
0.4,0.01256,-1e-05,0.61109,0.001,0.599,0.599,8.25,0
0.405,0.01273,-1e-05,0.61106,0.001,0.624,0.624,8.3,0
0.41,0.0129,-1e-05,0.61104,0.001,0.648,0.648,8.35,0
0.415,0.01308,-1e-05,0.61101,0.001,0.673,0.673,8.4,0
0.42,0.01325,-1e-05,0.61098,0.001,0.698,0.698,8.45,0
0.425,0.01342,-1e-05,0.61095,0.001,0.723,0.723,8.5,0
0.43,0.01359,-1e-05,0.61092,0.001,0.747,0.747,8.55,0
0.435,0.01376,-1e-05,0.6109,0.001,0.772,0.772,8.6,0
0.44,0.01393,-1e-05,0.61087,0.001,0.797,0.797,8.65,0
0.445,0.0141,-1e-05,0.61084,0.001,0.821,0.821,8.7,0
0.45,0.01427,-1e-05,0.61081,0.001,0.846,0.846,8.75,0
0.455,0.01444,-1e-05,0.61078,0.001,0.87,0.87,8.8,0
0.46,0.0146,-1e-05,0.61076,0.001,0.894,0.894,8.85,0
0.465,0.01477,-1e-05,0.61073,0.001,0.919,0.919,8.89,0
0.47,0.01494,-1e-05,0.6107,0.001,0.943,0.943,8.94,0
0.475,0.0151,-1e-05,0.61067,0.001,0.967,0.967,8.99,0
0.48,0.01527,-1e-05,0.61065,0.001,0.991,0.991,9.04,0
0.485,0.01544,-1e-05,0.61062,0.001,1.014,1.014,9.09,0
0.49,0.0156,-1e-05,0.61059,0.001,1.038,1.038,9.14,0
0.495,0.01576,-1e-05,0.61056,0.001,1.062,1.062,9.18,0
0.5,0.01592,-1e-05,0.61054,0.001,1.085,1.085,9.23,0
0.505,0.01609,-0.0,0.61051,0.001,1.108,1.108,9.28,0
0.51,0.01625,-0.0,0.61048,0.001,1.132,1.132,9.32,0
0.515,0.01641,-0.0,0.61046,0.0,1.155,1.155,9.37,0
0.52,0.01657,-0.0,0.61043,0.0,1.177,1.177,9.42,0
0.525,0.01672,-0.0,0.6104,0.0,1.2,1.2,9.46,0
0.53,0.01688,-0.0,0.61038,0.0,1.223,1.223,9.51,0
0.535,0.01704,-0.0,0.61035,0.0,1.245,1.245,9.55,0
0.54,0.01719,-0.0,0.61032,0.0,1.268,1.268,9.6,0
0.545,0.01735,-0.0,0.6103,0.0,1.29,1.29,9.64,0
0.55,0.0175,-0.0,0.61027,0.0,1.312,1.312,9.69,0
0.555,0.01765,-0.0,0.61024,0.0,1.333,1.333,9.73,0
0.56,0.0178,-0.0,0.61022,0.0,1.355,1.355,9.77,0
0.565,0.01795,-0.0,0.61019,0.0,1.376,1.376,9.82,0
0.57,0.0181,-0.0,0.61017,0.0,1.398,1.398,9.86,0
0.575,0.01824,-0.0,0.61014,0.0,1.419,1.419,9.9,0
0.58,0.01839,-0.0,0.61012,0.0,1.44,1.44,9.94,0
0.585,0.01853,-0.0,0.61009,0.0,1.46,1.46,9.98,0
0.59,0.01868,-0.0,0.61007,0.0,1.481,1.481,10.03,0
0.595,0.01882,-0.0,0.61004,0.0,1.501,1.501,10.07,0
0.6,0.01896,-0.0,0.61002,0.0,1.521,1.521,10.11,0
0.605,0.0191,-0.0,0.61,0.0,1.541,1.541,10.15,0
0.61,0.01923,-0.0,0.60997,0.0,1.561,1.561,10.18,0
0.615,0.01937,-0.0,0.60995,0.0,1.58,1.58,10.22,0
0.62,0.0195,-0.0,0.60993,0.0,1.599,1.599,10.26,0
0.625,0.01963,-0.0,0.6099,0.0,1.618,1.618,10.3,0
0.63,0.01976,-0.0,0.60988,0.0,1.637,1.637,10.34,0
0.635,0.01989,-0.0,0.60986,0.0,1.656,1.656,10.37,0
0.64,0.02002,-0.0,0.60984,0.0,1.674,1.674,10.41,0
0.645,0.02015,-0.0,0.60981,0.0,1.692,1.692,10.45,0
0.65,0.02027,-0.0,0.60979,0.0,1.71,1.71,10.48,0
0.655,0.02039,-0.0,0.60977,0.0,1.728,1.728,10.52,0
0.66,0.02052,-0.0,0.60975,0.0,1.745,1.745,10.55,0
0.665,0.02063,-0.0,0.60973,0.0,1.762,1.762,10.58,0
0.67,0.02075,-0.0,0.60971,0.0,1.779,1.779,10.62,0
0.675,0.02087,-0.0,0.60969,0.0,1.796,1.796,10.65,0
0.68,0.02098,-0.0,0.60967,0.0,1.812,1.812,10.68,0
0.685,0.02109,-0.0,0.60965,0.0,1.828,1.828,10.71,0
0.69,0.02121,-0.0,0.60963,0.0,1.844,1.844,10.74,0
0.695,0.02131,-0.0,0.60961,0.001,1.86,1.86,10.77,0
0.7,0.02142,-0.0,0.60959,0.001,1.875,1.875,10.8,0
0.705,0.02153,-0.0,0.60957,0.001,1.891,1.891,10.83,0
0.71,0.02163,-0.0,0.60955,0.001,1.905,1.905,10.86,0
0.715,0.02173,-1e-05,0.60954,0.001,1.92,1.92,10.89,0
0.72,0.02183,-1e-05,0.60952,0.001,1.934,1.934,10.92,0
0.725,0.02193,-1e-05,0.6095,0.001,1.948,1.948,10.95,0
0.73,0.02202,-1e-05,0.60948,0.001,1.962,1.962,10.97,0
0.735,0.02212,-1e-05,0.60947,0.001,1.976,1.976,11.0,0
0.74,0.02221,-1e-05,0.60945,0.001,1.989,1.989,11.02,0
0.745,0.0223,-1e-05,0.60943,0.001,2.002,2.002,11.05,0
0.75,0.02239,-1e-05,0.60942,0.001,2.014,2.014,11.07,0
0.755,0.02247,-1e-05,0.6094,0.001,2.027,2.027,11.1,0
0.76,0.02256,-1e-05,0.60939,0.001,2.039,2.039,11.12,0
0.765,0.02264,-1e-05,0.60937,0.001,2.051,2.051,11.14,0
0.77,0.02272,-1e-05,0.60936,0.001,2.062,2.062,11.16,0
0.775,0.0228,-1e-05,0.60935,0.001,2.073,2.073,11.18,0
0.78,0.02287,-1e-05,0.60933,0.001,2.084,2.084,11.2,0
0.785,0.02295,-1e-05,0.60932,0.001,2.095,2.095,11.22,0
0.79,0.02302,-1e-05,0.60931,0.001,2.105,2.105,11.24,0
0.795,0.02309,-1e-05,0.60929,0.001,2.115,2.115,11.26,0
0.8,0.02316,-1e-05,0.60928,0.001,2.125,2.125,11.28,0
0.805,0.02322,-1e-05,0.60927,0.001,2.134,2.134,11.3,0
0.81,0.02328,-1e-05,0.60926,0.001,2.143,2.143,11.31,0
0.815,0.02335,-1e-05,0.60925,0.001,2.152,2.152,11.33,0
0.82,0.02341,-1e-05,0.60924,0.001,2.161,2.161,11.34,0
0.825,0.02346,-1e-05,0.60923,0.001,2.169,2.169,11.36,0
0.83,0.02352,-1e-05,0.60922,0.001,2.177,2.177,11.37,0
0.835,0.02357,-1e-05,0.60921,0.001,2.185,2.185,11.39,0
0.84,0.02362,-1e-05,0.6092,0.001,2.192,2.192,11.4,0
0.845,0.02367,-1e-05,0.60919,0.001,2.199,2.199,11.41,0
0.85,0.02372,-1e-05,0.60918,0.001,2.206,2.206,11.42,0
0.855,0.02377,-1e-05,0.60918,0.001,2.212,2.212,11.43,0
0.86,0.02381,-1e-05,0.60917,0.001,2.218,2.218,11.44,0
0.865,0.02385,-1e-05,0.60916,0.001,2.224,2.224,11.44,0
0.87,0.02389,-1e-05,0.60915,0.001,2.229,2.229,11.45,0
0.875,0.02393,-1e-05,0.60915,0.001,2.235,2.235,11.45,0
0.88,0.02396,-1e-05,0.60914,0.001,2.239,2.239,11.46,0
0.885,0.024,-1e-05,0.60914,0.001,2.244,2.244,11.46,0
0.89,0.02403,-1e-05,0.60913,0.001,2.248,2.248,11.47,0
0.895,0.02406,-1e-05,0.60913,0.001,2.252,2.252,11.48,0
0.9,0.02409,-1e-05,0.60912,0.001,2.255,2.255,11.48,0
0.905,0.02411,-1e-05,0.60912,0.001,2.259,2.259,11.48,0
0.91,0.02414,-1e-05,0.60911,0.001,2.261,2.261,11.49,0
0.915,0.02416,-1e-05,0.60911,0.001,2.264,2.264,11.49,0
0.92,0.02418,-1e-05,0.60911,0.001,2.267,2.267,11.49,0
0.925,0.0242,-1e-05,0.60911,0.001,2.269,2.269,11.49,0
0.93,0.02421,-1e-05,0.6091,0.001,2.271,2.271,11.49,0
0.935,0.02423,-1e-05,0.6091,0.001,2.272,2.272,11.49,0
0.94,0.02424,-1e-05,0.6091,0.001,2.274,2.274,11.49,0
0.945,0.02425,-1e-05,0.6091,0.001,2.275,2.275,11.49,0
0.95,0.02426,-1e-05,0.6091,0.001,2.276,2.276,11.49,0
0.955,0.02426,-1e-05,0.6091,0.001,2.277,2.277,11.49,0
0.96,0.02427,-1e-05,0.6091,0.001,2.277,2.277,11.49,0
0.965,0.02427,-1e-05,0.60909,0.001,2.278,2.278,11.49,0
0.97,0.02427,-1e-05,0.60909,0.001,2.278,2.278,11.49,0
0.975,0.02427,-1e-05,0.6091,0.001,2.278,2.278,11.49,0
0.98,0.02426,-1e-05,0.6091,0.001,2.278,2.278,11.49,0
0.985,0.02425,-1e-05,0.6091,0.001,2.278,2.278,11.49,0
0.99,0.02425,-1e-05,0.6091,0.001,2.277,2.277,11.49,0
0.995,0.02424,-1e-05,0.6091,0.001,2.276,2.276,11.49,0
1.0,0.02423,-1e-05,0.6091,0.001,2.276,2.276,11.49,0
1.005,0.02421,-1e-05,0.6091,0.001,2.275,2.275,11.49,0
1.01,0.0242,-1e-05,0.6091,0.001,2.274,2.274,11.49,0
1.015,0.02418,-1e-05,0.6091,0.001,2.272,2.272,11.49,0
1.02,0.02417,-1e-05,0.60911,0.001,2.271,2.271,11.49,0
1.025,0.02415,-0.0,0.60911,0.001,2.269,2.269,11.49,0
1.03,0.02413,-0.0,0.60911,0.001,2.268,2.268,11.49,0
1.035,0.02411,-0.0,0.60911,0.001,2.266,2.266,11.49,0
1.04,0.02409,-0.0,0.60912,0.001,2.264,2.264,11.49,0
1.045,0.02407,-0.0,0.60912,0.001,2.262,2.262,11.49,0
1.05,0.02404,-0.0,0.60912,0.001,2.26,2.26,11.49,0
1.055,0.02402,-0.0,0.60912,0.001,2.258,2.258,11.49,0
1.06,0.024,-0.0,0.60913,0.001,2.256,2.256,11.49,0
1.065,0.02397,-0.0,0.60913,0.001,2.254,2.254,11.49,0
1.07,0.02395,-0.0,0.60913,0.001,2.251,2.251,11.48,0
1.075,0.02392,-0.0,0.60914,0.001,2.249,2.249,11.47,0
1.08,0.0239,-0.0,0.60914,0.001,2.246,2.246,11.45,0
1.085,0.02387,-0.0,0.60914,0.001,2.244,2.244,11.44,0
1.09,0.02385,-0.0,0.60915,0.001,2.241,2.241,11.42,0
1.095,0.02382,-0.0,0.60915,0.001,2.239,2.239,11.41,0
1.1,0.02379,-0.0,0.60916,0.001,2.236,2.236,11.4,0
1.105,0.02376,-0.0,0.60916,0.001,2.233,2.233,11.39,0
1.11,0.02374,-0.0,0.60917,0.001,2.23,2.23,11.37,0
1.115,0.02371,-0.0,0.60917,0.001,2.228,2.228,11.36,0
1.12,0.02368,-0.0,0.60918,0.001,2.225,2.225,11.35,0
1.125,0.02365,-0.0,0.60918,0.0,2.222,2.222,11.34,0
1.13,0.02363,-0.0,0.60919,0.0,2.219,2.219,11.33,0
1.135,0.0236,-0.0,0.60919,0.0,2.216,2.216,11.31,0
1.14,0.02357,-0.0,0.6092,0.0,2.214,2.214,11.3,0
1.145,0.02354,-0.0,0.6092,0.0,2.211,2.211,11.29,0
1.15,0.02351,-0.0,0.60921,0.0,2.208,2.208,11.28,0
1.155,0.02348,-0.0,0.60921,0.0,2.205,2.205,11.27,0
1.16,0.02345,-0.0,0.60922,0.0,2.202,2.202,11.25,0
1.165,0.02342,-0.0,0.60923,0.0,2.199,2.199,11.24,0
1.17,0.02339,-0.0,0.60923,0.0,2.196,2.196,11.23,0
1.175,0.02336,-0.0,0.60924,0.0,2.193,2.193,11.22,0
1.18,0.02333,-0.0,0.60924,0.0,2.19,2.19,11.21,0
1.185,0.0233,-0.0,0.60925,0.0,2.187,2.187,11.19,0
1.19,0.02327,-0.0,0.60925,0.0,2.184,2.184,11.18,0
1.195,0.02324,-0.0,0.60926,0.0,2.181,2.181,11.17,0
1.2,0.02321,-0.0,0.60927,0.0,2.178,2.178,11.16,0
1.205,0.02318,-0.0,0.60927,0.0,2.175,2.175,11.15,0
1.21,0.02315,-0.0,0.60928,0.0,2.172,2.172,11.13,0
1.215,0.02312,-0.0,0.60928,0.0,2.169,2.169,11.12,0
1.22,0.02309,-0.0,0.60929,0.0,2.166,2.166,11.11,0
1.225,0.02306,-0.0,0.60929,0.0,2.163,2.163,11.1,0
1.23,0.02303,-0.0,0.6093,0.0,2.16,2.16,11.09,0
1.235,0.023,-0.0,0.6093,0.0,2.157,2.157,11.07,0
1.24,0.02297,-0.0,0.60931,0.0,2.154,2.154,11.06,0
1.245,0.02294,-0.0,0.60932,0.0,2.151,2.151,11.05,0
1.25,0.02291,-0.0,0.60932,0.0,2.147,2.147,11.04,0
1.255,0.02288,-0.0,0.60933,0.0,2.144,2.144,11.03,0
1.26,0.02285,-0.0,0.60933,0.0,2.142,2.142,11.01,0
1.265,0.02282,-0.0,0.60934,0.001,2.139,2.139,11.0,0
1.27,0.02279,-0.0,0.60934,0.001,2.136,2.136,10.99,0
1.275,0.02276,-0.0,0.60935,0.001,2.133,2.133,10.98,0
1.28,0.02274,-0.0,0.60935,0.001,2.13,2.13,10.97,0
1.285,0.02271,-0.0,0.60936,0.001,2.127,2.127,10.96,0
1.29,0.02268,-0.0,0.60937,0.001,2.124,2.124,10.95,0
1.295,0.02265,-0.0,0.60937,0.001,2.121,2.121,10.94,0
1.3,0.02262,-0.0,0.60938,0.001,2.118,2.118,10.93,0
1.305,0.0226,-0.0,0.60938,0.001,2.115,2.115,10.92,0
1.31,0.02257,-0.0,0.60939,0.001,2.113,2.113,10.91,0
1.315,0.02254,-0.0,0.60939,0.001,2.11,2.11,10.9,0
1.32,0.02251,-0.0,0.6094,0.001,2.107,2.107,10.89,0
1.325,0.02249,-0.0,0.6094,0.001,2.104,2.104,10.88,0
1.33,0.02246,-0.0,0.60941,0.001,2.102,2.102,10.87,0
1.335,0.02244,-0.0,0.60941,0.001,2.099,2.099,10.86,0
1.34,0.02241,-0.0,0.60942,0.001,2.097,2.097,10.85,0
1.345,0.02238,-0.0,0.60942,0.001,2.094,2.094,10.84,0
1.35,0.02236,-0.0,0.60943,0.001,2.091,2.091,10.83,0
1.355,0.02233,-0.0,0.60943,0.001,2.089,2.089,10.82,0
1.36,0.02231,-0.0,0.60943,0.001,2.086,2.086,10.81,0
1.365,0.02229,-0.0,0.60944,0.001,2.084,2.084,10.81,0
1.37,0.02226,-0.0,0.60944,0.001,2.081,2.081,10.8,0
1.375,0.02224,-0.0,0.60945,0.001,2.079,2.079,10.79,0
1.38,0.02222,-0.0,0.60945,0.001,2.077,2.077,10.78,0
1.385,0.02219,-0.0,0.60946,0.001,2.074,2.074,10.77,0
1.39,0.02217,-0.0,0.60946,0.001,2.072,2.072,10.77,0
1.395,0.02215,-0.0,0.60946,0.001,2.07,2.07,10.76,0
1.4,0.02213,-0.0,0.60947,0.001,2.068,2.068,10.75,0
1.405,0.02211,-0.0,0.60947,0.001,2.066,2.066,10.74,0
1.41,0.02209,-0.0,0.60948,0.001,2.063,2.063,10.74,0
1.415,0.02207,-0.0,0.60948,0.001,2.061,2.061,10.73,0
1.42,0.02205,-0.0,0.60948,0.001,2.059,2.059,10.72,0
1.425,0.02203,-0.0,0.60949,0.001,2.057,2.057,10.72,0
1.43,0.02201,-0.0,0.60949,0.001,2.055,2.055,10.71,0
1.435,0.02199,-0.0,0.60949,0.001,2.053,2.053,10.71,0
1.44,0.02197,-0.0,0.6095,0.001,2.051,2.051,10.7,0
1.445,0.02196,-0.0,0.6095,0.001,2.05,2.05,10.7,0
1.45,0.02194,-0.0,0.6095,0.001,2.048,2.048,10.69,0
1.455,0.02192,-0.0,0.60951,0.001,2.046,2.046,10.68,0
1.46,0.02191,-0.0,0.60951,0.001,2.044,2.044,10.68,0
1.465,0.02189,-0.0,0.60951,0.001,2.043,2.043,10.67,0
1.47,0.02188,-0.0,0.60952,0.001,2.041,2.041,10.67,0
1.475,0.02186,-0.0,0.60952,0.001,2.04,2.04,10.67,0
1.48,0.02185,-0.0,0.60952,0.001,2.038,2.038,10.66,0
1.485,0.02183,-0.0,0.60952,0.001,2.037,2.037,10.66,0
1.49,0.02182,-0.0,0.60953,0.001,2.035,2.035,10.65,0
1.495,0.02181,-0.0,0.60953,0.001,2.034,2.034,10.65,0
1.5,0.02179,-0.0,0.60953,0.001,2.032,2.032,10.65,0
1.505,0.02178,-0.0,0.60953,0.001,2.031,2.031,10.64,0
1.51,0.02177,-0.0,0.60954,0.001,2.03,2.03,10.64,0
1.515,0.02176,-0.0,0.60954,0.001,2.029,2.029,10.64,0
1.52,0.02175,-0.0,0.60954,0.001,2.028,2.028,10.63,0
1.525,0.02174,-0.0,0.60954,0.001,2.026,2.026,10.63,0
1.53,0.02173,-0.0,0.60954,0.001,2.025,2.025,10.63,0
1.535,0.02172,-0.0,0.60955,0.001,2.024,2.024,10.63,0
1.54,0.02171,-0.0,0.60955,0.001,2.023,2.023,10.62,0
1.545,0.0217,-0.0,0.60955,0.001,2.022,2.022,10.62,0
1.55,0.0217,-0.0,0.60955,0.001,2.022,2.022,10.62,0
1.555,0.02169,-0.0,0.60955,0.001,2.021,2.021,10.62,0
1.56,0.02168,-0.0,0.60955,0.001,2.02,2.02,10.62,0
1.565,0.02168,-0.0,0.60955,0.001,2.019,2.019,10.62,0
1.57,0.02167,-0.0,0.60956,0.001,2.019,2.019,10.62,0
1.575,0.02166,-0.0,0.60956,0.001,2.018,2.018,10.62,0
1.58,0.02166,-0.0,0.60956,0.001,2.017,2.017,10.62,0
1.585,0.02165,-0.0,0.60956,0.001,2.017,2.017,10.62,0
1.59,0.02165,-0.0,0.60956,0.001,2.016,2.016,10.62,0
1.595,0.02165,-0.0,0.60956,0.001,2.016,2.016,10.62,0
1.6,0.02164,-0.0,0.60956,0.001,2.015,2.015,10.62,0
1.605,0.02164,-0.0,0.60956,0.001,2.015,2.015,10.62,0
1.61,0.02164,-1e-05,0.60956,0.001,2.015,2.015,10.62,0
1.615,0.02164,-1e-05,0.60956,0.001,2.014,2.014,10.62,0
1.62,0.02164,-1e-05,0.60956,0.001,2.014,2.014,10.62,0
1.625,0.02164,-1e-05,0.60956,0.001,2.014,2.014,10.62,0
1.63,0.02163,-1e-05,0.60956,0.001,2.014,2.014,10.62,0
1.635,0.02163,-1e-05,0.60956,0.001,2.014,2.014,10.62,0
1.64,0.02164,-1e-05,0.60956,0.001,2.014,2.014,10.61,0
1.645,0.02164,-1e-05,0.60956,0.001,2.014,2.014,10.61,0
1.65,0.02164,-1e-05,0.60956,0.001,2.013,2.013,10.61,0
1.655,0.02164,-1e-05,0.60956,0.001,2.014,2.014,10.61,0
1.66,0.02164,-1e-05,0.60956,0.001,2.014,2.014,10.61,0
1.665,0.02164,-1e-05,0.60956,0.001,2.014,2.014,10.61,0
1.67,0.02164,-1e-05,0.60956,0.001,2.014,2.014,10.61,0
1.675,0.02165,-1e-05,0.60956,0.001,2.014,2.014,10.61,0
1.68,0.02165,-1e-05,0.60956,0.001,2.014,2.014,10.61,0
1.685,0.02165,-1e-05,0.60956,0.001,2.014,2.014,10.61,0
1.69,0.02166,-1e-05,0.60956,0.001,2.014,2.014,10.61,0
1.695,0.02166,-1e-05,0.60956,0.001,2.015,2.015,10.61,0
1.7,0.02166,-1e-05,0.60956,0.001,2.015,2.015,10.61,0
1.705,0.02167,-1e-05,0.60956,0.001,2.015,2.015,10.61,0
1.71,0.02167,-1e-05,0.60956,0.001,2.016,2.016,10.61,0
1.715,0.02168,-1e-05,0.60956,0.001,2.016,2.016,10.61,0
1.72,0.02168,-1e-05,0.60956,0.001,2.016,2.016,10.61,0
1.725,0.02169,-1e-05,0.60956,0.001,2.017,2.017,10.61,0
1.73,0.02169,-1e-05,0.60956,0.001,2.017,2.017,10.61,0
1.735,0.0217,-1e-05,0.60956,0.001,2.017,2.017,10.61,0
1.74,0.0217,-1e-05,0.60955,0.001,2.018,2.018,10.61,0
1.745,0.02171,-1e-05,0.60955,0.001,2.018,2.018,10.61,0
1.75,0.02171,-1e-05,0.60955,0.001,2.018,2.018,10.61,0
1.755,0.02171,-1e-05,0.60955,0.001,2.019,2.019,10.61,0
1.76,0.02172,-1e-05,0.60955,0.001,2.019,2.019,10.61,0
1.765,0.02172,-1e-05,0.60955,0.001,2.02,2.02,10.61,0
1.77,0.02173,-1e-05,0.60955,0.001,2.02,2.02,10.61,0
1.775,0.02173,-1e-05,0.60955,0.001,2.02,2.02,10.61,0
1.78,0.02174,-1e-05,0.60955,0.001,2.021,2.021,10.61,0
1.785,0.02174,-1e-05,0.60955,0.001,2.021,2.021,10.61,0
1.79,0.02174,-1e-05,0.60955,0.001,2.021,2.021,10.61,0
1.795,0.02175,-1e-05,0.60955,0.001,2.022,2.022,10.61,0
1.8,0.02175,-1e-05,0.60955,0.001,2.022,2.022,10.61,0
1.805,0.02176,-1e-05,0.60955,0.001,2.022,2.022,10.61,0
1.81,0.02176,-1e-05,0.60955,0.001,2.023,2.023,10.61,0
1.815,0.02176,-1e-05,0.60955,0.001,2.023,2.023,10.61,0
1.82,0.02177,-1e-05,0.60955,0.001,2.023,2.023,10.61,0
1.825,0.02177,-1e-05,0.60955,0.001,2.023,2.023,10.61,0
1.83,0.02177,-1e-05,0.60955,0.001,2.024,2.024,10.61,0
1.835,0.02177,-1e-05,0.60955,0.001,2.024,2.024,10.61,0
1.84,0.02178,-1e-05,0.60955,0.001,2.024,2.024,10.61,0
1.845,0.02178,-1e-05,0.60955,0.001,2.024,2.024,10.61,0
1.85,0.02178,-1e-05,0.60955,0.001,2.024,2.024,10.61,0
1.855,0.02178,-1e-05,0.60955,0.001,2.024,2.024,10.61,0
1.86,0.02178,-1e-05,0.60955,0.001,2.024,2.024,10.61,0
1.865,0.02178,-1e-05,0.60955,0.001,2.024,2.024,10.61,0
1.87,0.02178,-1e-05,0.60955,0.001,2.024,2.024,10.61,0
1.875,0.02178,-1e-05,0.60955,0.001,2.024,2.024,10.61,0
1.88,0.02178,-1e-05,0.60955,0.001,2.024,2.024,10.61,0
1.885,0.02179,-1e-05,0.60955,0.001,2.024,2.024,10.61,0
1.89,0.02179,-1e-05,0.60955,0.001,2.024,2.024,10.61,0
1.895,0.02178,-1e-05,0.60955,0.001,2.024,2.024,10.61,0
1.9,0.02178,-1e-05,0.60955,0.001,2.024,2.024,10.61,0
1.905,0.02178,-1e-05,0.60955,0.001,2.024,2.024,10.61,0
1.91,0.02178,-1e-05,0.60955,0.001,2.024,2.024,10.61,0
1.915,0.02178,-1e-05,0.60955,0.001,2.024,2.024,10.61,0
1.92,0.02178,-1e-05,0.60955,0.001,2.024,2.024,10.61,0
1.925,0.02178,-1e-05,0.60955,0.001,2.024,2.024,10.61,0
1.93,0.02178,-1e-05,0.60955,0.001,2.023,2.023,10.61,0
1.935,0.02178,-1e-05,0.60955,0.001,2.023,2.023,10.61,0
1.94,0.02177,-1e-05,0.60955,0.001,2.023,2.023,10.61,0
1.945,0.02177,-1e-05,0.60955,0.001,2.023,2.023,10.61,0
1.95,0.02177,-1e-05,0.60955,0.001,2.022,2.022,10.61,0
1.955,0.02177,-1e-05,0.60955,0.001,2.022,2.022,10.61,0
1.96,0.02176,-1e-05,0.60955,0.001,2.022,2.022,10.61,0
1.965,0.02176,-1e-05,0.60955,0.001,2.022,2.022,10.61,0
1.97,0.02176,-1e-05,0.60955,0.001,2.021,2.021,10.61,0
1.975,0.02176,-1e-05,0.60955,0.001,2.021,2.021,10.61,0
1.98,0.02175,-1e-05,0.60955,0.001,2.021,2.021,10.61,0
1.985,0.02175,-1e-05,0.60955,0.001,2.02,2.02,10.61,0
1.99,0.02175,-1e-05,0.60955,0.001,2.02,2.02,10.61,0
1.995,0.02174,-1e-05,0.60955,0.001,2.02,2.02,10.61,0
2.0,0.02174,-1e-05,0.60955,0.001,2.019,2.019,10.61,0
2.005,0.02174,-1e-05,0.60955,0.001,2.019,2.019,10.61,0
2.01,0.02173,-1e-05,0.60955,0.001,2.019,2.019,10.61,0
2.015,0.02173,-1e-05,0.60955,0.001,2.018,2.018,10.61,0
2.02,0.02173,-1e-05,0.60955,0.001,2.018,2.018,10.61,0
2.025,0.02172,-1e-05,0.60955,0.001,2.018,2.018,10.61,0
2.03,0.02172,-1e-05,0.60955,0.001,2.017,2.017,10.61,0
2.035,0.02172,-1e-05,0.60955,0.001,2.017,2.017,10.61,0
2.04,0.02172,-1e-05,0.60955,0.001,2.017,2.017,10.61,0
2.045,0.02171,-1e-05,0.60956,0.001,2.016,2.016,10.61,0
2.05,0.02171,-1e-05,0.60956,0.001,2.016,2.016,10.61,0
2.055,0.02171,-1e-05,0.60956,0.001,2.016,2.016,10.61,0
2.06,0.0217,-1e-05,0.60956,0.001,2.015,2.015,10.61,0
2.065,0.0217,-1e-05,0.60956,0.001,2.015,2.015,10.61,0
2.07,0.0217,-1e-05,0.60956,0.001,2.015,2.015,10.61,0
2.075,0.0217,-1e-05,0.60956,0.001,2.014,2.014,10.61,0
2.08,0.02169,-1e-05,0.60956,0.001,2.014,2.014,10.61,0
2.085,0.02169,-1e-05,0.60956,0.001,2.014,2.014,10.61,0
2.09,0.02169,-1e-05,0.60956,0.001,2.014,2.014,10.61,0
2.095,0.02169,-1e-05,0.60956,0.001,2.013,2.013,10.61,0
2.1,0.02169,-1e-05,0.60956,0.001,2.013,2.013,10.61,0
2.105,0.02168,-1e-05,0.60956,0.001,2.013,2.013,10.61,0
2.11,0.02168,-1e-05,0.60956,0.001,2.012,2.012,10.61,0
2.115,0.02168,-1e-05,0.60956,0.001,2.012,2.012,10.61,0
2.12,0.02168,-1e-05,0.60956,0.001,2.012,2.012,10.61,0
2.125,0.02168,-1e-05,0.60956,0.001,2.012,2.012,10.61,0
2.13,0.02168,-1e-05,0.60956,0.001,2.012,2.012,10.61,0
2.135,0.02167,-1e-05,0.60956,0.001,2.011,2.011,10.61,0
2.14,0.02167,-1e-05,0.60956,0.001,2.011,2.011,10.61,0
2.145,0.02167,-1e-05,0.60956,0.001,2.011,2.011,10.61,0
2.15,0.02167,-1e-05,0.60956,0.001,2.011,2.011,10.61,0
2.155,0.02167,-1e-05,0.60956,0.001,2.011,2.011,10.61,0
2.16,0.02167,-1e-05,0.60956,0.001,2.011,2.011,10.61,0
2.165,0.02167,-1e-05,0.60956,0.001,2.011,2.011,10.61,0
2.17,0.02167,-1e-05,0.60956,0.001,2.01,2.01,10.61,0
2.175,0.02167,-1e-05,0.60956,0.001,2.01,2.01,10.61,0
2.18,0.02167,-1e-05,0.60956,0.001,2.01,2.01,10.61,0
2.185,0.02167,-1e-05,0.60956,0.001,2.01,2.01,10.61,0
2.19,0.02167,-1e-05,0.60956,0.001,2.01,2.01,10.61,0
2.195,0.02167,-1e-05,0.60956,0.001,2.01,2.01,10.61,0
2.2,0.02167,-1e-05,0.60956,0.001,2.01,2.01,10.61,0
2.205,0.02167,-1e-05,0.60956,0.001,2.01,2.01,10.61,0
2.21,0.02167,-1e-05,0.60956,0.001,2.01,2.01,10.61,0
2.215,0.02167,-1e-05,0.60956,0.001,2.01,2.01,10.61,0
2.22,0.02167,-1e-05,0.60956,0.001,2.01,2.01,10.61,0
2.225,0.02167,-1e-05,0.60956,0.001,2.01,2.01,10.61,0
2.23,0.02167,-1e-05,0.60956,0.001,2.01,2.01,10.61,0
2.235,0.02167,-1e-05,0.60956,0.001,2.01,2.01,10.61,0
2.24,0.02167,-1e-05,0.60956,0.001,2.01,2.01,10.61,0
2.245,0.02168,-1e-05,0.60956,0.001,2.01,2.01,10.61,0
2.25,0.02168,-1e-05,0.60956,0.001,2.01,2.01,10.61,0
2.255,0.02168,-1e-05,0.60956,0.001,2.01,2.01,10.61,0
2.26,0.02168,-1e-05,0.60956,0.001,2.01,2.01,10.61,0
2.265,0.02168,-1e-05,0.60956,0.001,2.01,2.01,10.61,0
2.27,0.02168,-1e-05,0.60956,0.001,2.01,2.01,10.61,0
2.275,0.02168,-1e-05,0.60956,0.001,2.01,2.01,10.61,0
2.28,0.02168,-1e-05,0.60956,0.001,2.01,2.01,10.61,0
2.285,0.02168,-1e-05,0.60956,0.001,2.01,2.01,10.61,0
2.29,0.02168,-1e-05,0.60956,0.001,2.01,2.01,10.61,0
2.295,0.02168,-1e-05,0.60956,0.001,2.01,2.01,10.61,0
2.3,0.02169,-1e-05,0.60956,0.001,2.01,2.01,10.61,0
2.305,0.02169,-1e-05,0.60956,0.001,2.01,2.01,10.61,0
2.31,0.02169,-1e-05,0.60956,0.001,2.01,2.01,10.61,0
2.315,0.02169,-1e-05,0.60956,0.001,2.01,2.01,10.61,0
2.32,0.02169,-1e-05,0.60956,0.001,2.01,2.01,10.61,0
2.325,0.02169,-1e-05,0.60956,0.001,2.01,2.01,10.61,0
2.33,0.02169,-1e-05,0.60956,0.001,2.01,2.01,10.61,0
2.335,0.02169,-1e-05,0.60956,0.001,2.011,2.011,10.61,0
2.34,0.02169,-1e-05,0.60956,0.001,2.011,2.011,10.61,0
2.345,0.02169,-1e-05,0.60956,0.001,2.011,2.011,10.61,0
2.35,0.02169,-1e-05,0.60956,0.001,2.011,2.011,10.61,0
2.355,0.02169,-1e-05,0.60956,0.001,2.011,2.011,10.61,0
2.36,0.02169,-1e-05,0.60956,0.001,2.011,2.011,10.61,0
2.365,0.02169,-1e-05,0.60956,0.001,2.011,2.011,10.61,0
2.37,0.02169,-1e-05,0.60956,0.001,2.011,2.011,10.61,0
2.375,0.0217,-1e-05,0.60956,0.001,2.011,2.011,10.61,0
2.38,0.0217,-1e-05,0.60956,0.001,2.011,2.011,10.61,0
2.385,0.0217,-1e-05,0.60956,0.001,2.01,2.01,10.61,0
2.39,0.0217,-1e-05,0.60956,0.001,2.01,2.01,10.61,0
2.395,0.0217,-1e-05,0.60956,0.001,2.01,2.01,10.61,0
2.4,0.0217,-1e-05,0.60956,0.001,2.01,2.01,10.61,0
2.405,0.0217,-1e-05,0.60956,0.001,2.01,2.01,10.61,0
2.41,0.0217,-1e-05,0.60956,0.001,2.01,2.01,10.61,0
2.415,0.0217,-1e-05,0.60956,0.001,2.01,2.01,10.61,0
2.42,0.0217,-1e-05,0.60956,0.001,2.01,2.01,10.61,0
2.425,0.0217,-1e-05,0.60956,0.001,2.01,2.01,10.61,0
2.43,0.02169,-1e-05,0.60956,0.001,2.01,2.01,10.61,0
2.435,0.02169,-1e-05,0.60956,0.001,2.01,2.01,10.61,0
2.44,0.02169,-1e-05,0.60956,0.001,2.01,2.01,10.61,0
2.445,0.02169,-1e-05,0.60956,0.001,2.01,2.01,10.61,0
2.45,0.02169,-1e-05,0.60956,0.001,2.01,2.01,10.61,0
2.455,0.02169,-1e-05,0.60956,0.001,2.01,2.01,10.61,0
2.46,0.02169,-1e-05,0.60956,0.001,2.009,2.009,10.61,0
2.465,0.02169,-1e-05,0.60956,0.001,2.009,2.009,10.61,0
2.47,0.02169,-1e-05,0.60956,0.001,2.009,2.009,10.61,0
2.475,0.02169,-1e-05,0.60956,0.001,2.009,2.009,10.61,0
2.48,0.02169,-1e-05,0.60956,0.001,2.009,2.009,10.61,0
2.485,0.02169,-1e-05,0.60956,0.001,2.009,2.009,10.61,0
2.49,0.02169,-1e-05,0.60956,0.001,2.009,2.009,10.61,0
2.495,0.02169,-1e-05,0.60956,0.001,2.009,2.009,10.61,0
2.5,0.02169,-1e-05,0.60956,0.001,2.008,2.008,10.61,0
2.505,0.02168,-1e-05,0.60956,0.001,2.008,2.008,10.61,0
2.51,0.02168,-1e-05,0.60956,0.001,2.008,2.008,10.6,0
2.515,0.02168,-1e-05,0.60956,0.001,2.008,2.008,10.6,0
2.52,0.02168,-1e-05,0.60956,0.001,2.008,2.008,10.6,0
2.525,0.02168,-1e-05,0.60956,0.001,2.008,2.008,10.6,0
2.53,0.02168,-1e-05,0.60956,0.001,2.008,2.008,10.6,0
2.535,0.02168,-1e-05,0.60956,0.001,2.007,2.007,10.6,0
2.54,0.02168,-1e-05,0.60956,0.001,2.007,2.007,10.6,0
2.545,0.02168,-1e-05,0.60956,0.001,2.007,2.007,10.6,0
2.55,0.02167,-1e-05,0.60956,0.001,2.007,2.007,10.6,0
2.555,0.02167,-1e-05,0.60956,0.001,2.007,2.007,10.6,0
2.56,0.02167,-1e-05,0.60956,0.001,2.007,2.007,10.6,0
2.565,0.02167,-1e-05,0.60956,0.001,2.006,2.006,10.6,0
2.57,0.02167,-1e-05,0.60956,0.001,2.006,2.006,10.6,0
2.575,0.02167,-1e-05,0.60956,0.001,2.006,2.006,10.6,0
2.58,0.02167,-1e-05,0.60956,0.001,2.006,2.006,10.6,0
2.585,0.02167,-1e-05,0.60956,0.001,2.006,2.006,10.6,0
2.59,0.02167,-1e-05,0.60956,0.001,2.006,2.006,10.6,0
2.595,0.02166,-1e-05,0.60956,0.001,2.006,2.006,10.6,0
2.6,0.02166,-1e-05,0.60956,0.001,2.005,2.005,10.6,0
2.605,0.02166,-1e-05,0.60956,0.001,2.005,2.005,10.6,0
2.61,0.02166,-1e-05,0.60956,0.001,2.005,2.005,10.6,0
2.615,0.02166,-1e-05,0.60956,0.001,2.005,2.005,10.6,0
2.62,0.02166,-1e-05,0.60956,0.001,2.005,2.005,10.6,0
2.625,0.02166,-1e-05,0.60956,0.001,2.005,2.005,10.6,0
2.63,0.02166,-1e-05,0.60956,0.001,2.005,2.005,10.6,0
2.635,0.02166,-1e-05,0.60957,0.001,2.004,2.004,10.6,0
2.64,0.02166,-1e-05,0.60957,0.001,2.004,2.004,10.6,0
2.645,0.02166,-1e-05,0.60957,0.001,2.004,2.004,10.6,0
2.65,0.02166,-1e-05,0.60957,0.001,2.004,2.004,10.6,0
2.655,0.02165,-1e-05,0.60957,0.001,2.004,2.004,10.6,0
2.66,0.02165,-1e-05,0.60957,0.001,2.004,2.004,10.6,0
2.665,0.02165,-1e-05,0.60957,0.001,2.004,2.004,10.6,0
2.67,0.02165,-1e-05,0.60957,0.001,2.004,2.004,10.6,0
2.675,0.02165,-1e-05,0.60957,0.001,2.004,2.004,10.6,0
2.68,0.02165,-1e-05,0.60957,0.001,2.003,2.003,10.6,0
2.685,0.02165,-1e-05,0.60957,0.001,2.003,2.003,10.6,0
2.69,0.02165,-1e-05,0.60957,0.001,2.003,2.003,10.6,0
2.695,0.02165,-1e-05,0.60957,0.001,2.003,2.003,10.6,0
2.7,0.02165,-1e-05,0.60957,0.001,2.003,2.003,10.6,0
2.705,0.02165,-1e-05,0.60957,0.001,2.003,2.003,10.6,0
2.71,0.02165,-1e-05,0.60957,0.001,2.003,2.003,10.6,0
2.715,0.02165,-1e-05,0.60957,0.001,2.003,2.003,10.6,0
2.72,0.02165,-1e-05,0.60957,0.001,2.003,2.003,10.6,0
2.725,0.02165,-1e-05,0.60957,0.001,2.003,2.003,10.6,0
2.73,0.02165,-1e-05,0.60957,0.001,2.003,2.003,10.6,0
2.735,0.02165,-1e-05,0.60957,0.001,2.002,2.002,10.6,0
2.74,0.02165,-1e-05,0.60957,0.001,2.002,2.002,10.6,0
2.745,0.02165,-1e-05,0.60957,0.001,2.002,2.002,10.6,0
2.75,0.02165,-1e-05,0.60957,0.001,2.002,2.002,10.6,0
2.755,0.02165,-1e-05,0.60957,0.001,2.002,2.002,10.6,0
2.76,0.02165,-1e-05,0.60957,0.001,2.002,2.002,10.6,0
2.765,0.02165,-1e-05,0.60957,0.001,2.002,2.002,10.6,0
2.77,0.02165,-1e-05,0.60957,0.001,2.002,2.002,10.6,0
2.775,0.02165,-1e-05,0.60957,0.001,2.002,2.002,10.6,0
2.78,0.02165,-1e-05,0.60957,0.001,2.002,2.002,10.6,0
2.785,0.02165,-1e-05,0.60957,0.001,2.002,2.002,10.6,0
2.79,0.02165,-1e-05,0.60957,0.001,2.002,2.002,10.6,0
2.795,0.02165,-1e-05,0.60957,0.001,2.002,2.002,10.6,0
2.8,0.02165,-1e-05,0.60957,0.001,2.002,2.002,10.6,0
2.805,0.02165,-1e-05,0.60957,0.001,2.002,2.002,10.6,0
2.81,0.02165,-1e-05,0.60957,0.001,2.002,2.002,10.6,0
2.815,0.02165,-1e-05,0.60957,0.001,2.001,2.001,10.6,0
2.82,0.02165,-1e-05,0.60957,0.001,2.001,2.001,10.6,0
2.825,0.02165,-1e-05,0.60957,0.001,2.001,2.001,10.6,0
2.83,0.02165,-1e-05,0.60957,0.001,2.001,2.001,10.6,0
2.835,0.02165,-1e-05,0.60957,0.001,2.001,2.001,10.6,0
2.84,0.02165,-1e-05,0.60957,0.001,2.001,2.001,10.6,0
2.845,0.02165,-1e-05,0.60957,0.001,2.001,2.001,10.6,0
2.85,0.02165,-1e-05,0.60957,0.001,2.001,2.001,10.6,0
2.855,0.02165,-1e-05,0.60957,0.001,2.001,2.001,10.6,0
2.86,0.02165,-1e-05,0.60957,0.001,2.001,2.001,10.6,0
2.865,0.02165,-1e-05,0.60957,0.001,2.001,2.001,10.6,0
2.87,0.02165,-1e-05,0.60957,0.001,2.001,2.001,10.6,0
2.875,0.02165,-1e-05,0.60957,0.001,2.001,2.001,10.6,0
2.88,0.02165,-1e-05,0.60957,0.001,2.001,2.001,10.6,0
2.885,0.02165,-1e-05,0.60957,0.001,2.001,2.001,10.6,0
2.89,0.02165,-1e-05,0.60957,0.001,2.001,2.001,10.6,0
2.895,0.02165,-1e-05,0.60957,0.001,2.001,2.001,10.6,0
2.9,0.02165,-1e-05,0.60957,0.001,2.001,2.001,10.6,0
2.905,0.02165,-1e-05,0.60957,0.001,2.0,2.0,10.6,0
2.91,0.02165,-1e-05,0.60957,0.001,2.0,2.0,10.6,0
2.915,0.02164,-1e-05,0.60957,0.001,2.0,2.0,10.6,0
2.92,0.02164,-1e-05,0.60957,0.001,2.0,2.0,10.6,0
2.925,0.02164,-1e-05,0.60957,0.001,2.0,2.0,10.6,0
2.93,0.02164,-1e-05,0.60957,0.001,2.0,2.0,10.6,0
2.935,0.02164,-1e-05,0.60957,0.001,2.0,2.0,10.6,0
2.94,0.02164,-1e-05,0.60957,0.001,2.0,2.0,10.6,0
2.945,0.02164,-1e-05,0.60957,0.001,2.0,2.0,10.6,0
2.95,0.02164,-1e-05,0.60957,0.001,2.0,2.0,10.6,0
2.955,0.02164,-1e-05,0.60957,0.001,2.0,2.0,10.6,0
2.96,0.02164,-1e-05,0.60957,0.001,2.0,2.0,10.6,0
2.965,0.02164,-1e-05,0.60957,0.001,2.0,2.0,10.6,0
2.97,0.02164,-1e-05,0.60957,0.001,2.0,2.0,10.6,0
2.975,0.02164,-1e-05,0.60957,0.001,1.999,1.999,10.6,0
2.98,0.02164,-1e-05,0.60957,0.001,1.999,1.999,10.6,0
2.985,0.02164,-1e-05,0.60957,0.001,1.999,1.999,10.6,0
2.99,0.02164,-1e-05,0.60957,0.001,1.999,1.999,10.6,0
2.995,0.02164,-1e-05,0.60957,0.001,1.999,1.999,10.6,0
3.0,0.02164,-1e-05,0.60957,0.001,1.999,1.999,10.6,0
3.005,0.02164,9e-05,0.60957,0.006,1.999,1.999,10.6,1
3.01,0.02163,0.00026,0.60957,0.015,2.0,2.0,10.65,1
3.015,0.02163,0.00051,0.60956,0.025,2.001,2.001,10.7,1
3.02,0.02162,0.00083,0.60956,0.035,2.002,2.002,10.75,1
3.025,0.02161,0.00122,0.60956,0.045,2.002,2.003,10.8,1
3.03,0.02161,0.00167,0.60956,0.053,2.003,2.004,10.83,1
3.035,0.0216,0.00217,0.60956,0.059,2.003,2.004,10.84,1
3.04,0.0216,0.00273,0.60956,0.062,2.003,2.004,10.84,1
3.045,0.0216,0.00334,0.60956,0.063,2.003,2.004,10.82,1
3.05,0.02159,0.004,0.60956,0.062,2.003,2.004,10.81,1
3.055,0.02159,0.00472,0.60956,0.06,2.003,2.004,10.81,1
3.06,0.02158,0.00548,0.60955,0.055,2.003,2.004,10.8,1
3.065,0.02158,0.00628,0.60955,0.049,2.003,2.003,10.79,1
3.07,0.02157,0.00713,0.60955,0.041,2.003,2.003,10.77,1
3.075,0.02156,0.00802,0.60954,0.031,2.003,2.004,10.72,1
3.08,0.02155,0.00894,0.60954,0.018,2.004,2.004,10.66,1
3.085,0.02154,0.00991,0.60953,0.002,2.006,2.006,10.58,1
3.09,0.02153,0.0109,0.60953,-0.017,2.007,2.007,10.6,1
3.095,0.02151,0.01193,0.60953,-0.039,2.008,2.009,10.67,1
3.1,0.0215,0.01299,0.60953,-0.065,2.01,2.011,10.75,1
3.105,0.02149,0.01399,0.60953,-0.101,2.011,2.014,10.84,0
3.11,0.02147,0.01494,0.60954,-0.146,2.013,2.018,11.02,0
3.115,0.02146,0.01583,0.60954,-0.197,2.014,2.024,11.2,0
3.12,0.02145,0.01668,0.60955,-0.251,2.015,2.03,11.38,0
3.125,0.02144,0.01748,0.60956,-0.309,2.015,2.038,11.55,0
3.13,0.02143,0.01825,0.60958,-0.367,2.015,2.048,11.72,0
3.135,0.02143,0.01899,0.6096,-0.426,2.014,2.058,11.88,0
3.14,0.02143,0.01969,0.60962,-0.484,2.012,2.069,12.03,0
3.145,0.02143,0.02036,0.60964,-0.542,2.009,2.081,12.16,0
3.15,0.02144,0.02101,0.60966,-0.598,2.006,2.093,12.29,0
3.155,0.02145,0.02163,0.60969,-0.653,2.001,2.105,12.42,0
3.16,0.02146,0.02222,0.60971,-0.706,1.997,2.118,12.54,0
3.165,0.02148,0.0228,0.60974,-0.756,1.991,2.13,12.65,0
3.17,0.0215,0.02335,0.60977,-0.805,1.986,2.142,12.76,0
3.175,0.02152,0.02388,0.6098,-0.851,1.98,2.155,12.86,0
3.18,0.02154,0.02439,0.60982,-0.895,1.974,2.168,12.96,0
3.185,0.02156,0.02488,0.60985,-0.936,1.97,2.181,13.04,0
3.19,0.02157,0.02535,0.60988,-0.974,1.967,2.195,13.01,0
3.195,0.02158,0.02581,0.60991,-1.009,1.965,2.209,12.95,0
3.2,0.02159,0.02625,0.60994,-1.041,1.964,2.223,12.91,0
3.205,0.0216,0.02667,0.60997,-1.07,1.964,2.236,12.88,0
3.21,0.02161,0.02707,0.61,-1.097,1.963,2.249,12.87,0
3.215,0.02162,0.02745,0.61003,-1.121,1.963,2.261,12.85,0
3.22,0.02163,0.0278,0.61006,-1.143,1.964,2.272,12.85,0
3.225,0.02163,0.02814,0.61008,-1.163,1.964,2.282,12.84,0
3.23,0.02164,0.02845,0.6101,-1.181,1.964,2.292,12.84,0
3.235,0.02165,0.02875,0.61012,-1.197,1.965,2.3,12.84,0
3.24,0.02166,0.02901,0.61014,-1.211,1.965,2.308,12.84,0
3.245,0.02167,0.02926,0.61015,-1.223,1.965,2.314,12.84,0
3.25,0.02168,0.02948,0.61016,-1.233,1.966,2.32,12.84,0
3.255,0.02169,0.02967,0.61017,-1.242,1.966,2.325,12.83,0
3.26,0.0217,0.02984,0.61018,-1.249,1.967,2.33,12.83,0
3.265,0.02171,0.02999,0.61018,-1.254,1.967,2.333,12.83,0
3.27,0.02172,0.03011,0.61018,-1.259,1.968,2.336,12.83,0
3.275,0.02173,0.03021,0.61019,-1.262,1.969,2.338,12.83,0
3.28,0.02173,0.03028,0.61019,-1.264,1.969,2.34,12.83,0
3.285,0.02174,0.03032,0.61019,-1.264,1.97,2.341,12.83,0
3.29,0.02175,0.03034,0.61018,-1.264,1.971,2.342,12.83,0
3.295,0.02176,0.03033,0.61018,-1.263,1.972,2.341,12.83,0
3.3,0.02176,0.0303,0.61018,-1.26,1.973,2.341,12.83,0
3.305,0.02177,0.03025,0.61017,-1.256,1.973,2.339,12.83,0
3.31,0.02178,0.03018,0.61017,-1.251,1.974,2.337,12.84,0
3.315,0.02178,0.03008,0.61016,-1.245,1.975,2.335,12.84,0
3.32,0.02178,0.02996,0.61015,-1.237,1.976,2.332,12.84,0
3.325,0.02178,0.02981,0.61014,-1.229,1.977,2.328,12.84,0
3.33,0.02179,0.02965,0.61012,-1.219,1.978,2.324,12.84,0
3.335,0.02179,0.02946,0.61011,-1.209,1.979,2.319,12.83,0
3.34,0.02178,0.02924,0.61009,-1.197,1.981,2.314,12.82,0
3.345,0.02178,0.02901,0.61008,-1.185,1.982,2.309,12.81,0
3.35,0.02178,0.02875,0.61006,-1.172,1.983,2.303,12.8,0
3.355,0.02177,0.02847,0.61004,-1.157,1.984,2.297,12.79,0
3.36,0.02176,0.02816,0.61002,-1.142,1.985,2.29,12.78,0
3.365,0.02176,0.02784,0.60999,-1.125,1.986,2.283,12.77,0
3.37,0.02175,0.02749,0.60997,-1.108,1.987,2.275,12.76,0
3.375,0.02174,0.02712,0.60994,-1.09,1.988,2.267,12.75,0
3.38,0.02172,0.02673,0.60991,-1.071,1.989,2.259,12.74,0
3.385,0.02171,0.02632,0.60988,-1.051,1.99,2.25,12.74,0
3.39,0.02169,0.02589,0.60985,-1.029,1.991,2.241,12.73,0
3.395,0.02167,0.02545,0.60982,-1.006,1.992,2.231,12.74,0
3.4,0.02165,0.02498,0.60979,-0.982,1.992,2.221,12.74,0
3.405,0.02163,0.02449,0.60976,-0.956,1.993,2.211,12.74,0
3.41,0.0216,0.02399,0.60973,-0.93,1.994,2.2,12.74,0
3.415,0.02157,0.02347,0.6097,-0.902,1.995,2.189,12.74,0
3.42,0.02154,0.02293,0.60966,-0.873,1.996,2.178,12.74,0
3.425,0.02151,0.02237,0.60963,-0.843,1.996,2.166,12.72,0
3.43,0.02147,0.0218,0.6096,-0.811,1.996,2.154,12.7,0
3.435,0.02143,0.02121,0.60956,-0.778,1.996,2.142,12.68,0
3.44,0.02139,0.02061,0.60952,-0.744,1.995,2.13,12.66,0
3.445,0.02136,0.01998,0.6095,-0.714,1.995,2.118,12.65,0
3.45,0.02132,0.01932,0.60948,-0.686,1.994,2.108,12.61,0
3.455,0.02128,0.01865,0.60948,-0.661,1.992,2.099,12.58,0
3.46,0.02125,0.01796,0.60947,-0.637,1.991,2.09,12.53,0
3.465,0.02121,0.01725,0.60948,-0.614,1.989,2.081,12.48,0
3.47,0.02118,0.01652,0.60948,-0.592,1.987,2.073,12.42,0
3.475,0.02114,0.01579,0.60948,-0.57,1.985,2.065,12.36,0
3.48,0.02111,0.01504,0.60949,-0.548,1.982,2.057,12.31,0
3.485,0.02108,0.01428,0.60949,-0.526,1.98,2.049,12.24,0
3.49,0.02104,0.01352,0.6095,-0.504,1.977,2.04,12.18,0
3.495,0.02101,0.01274,0.6095,-0.481,1.975,2.032,12.12,0
3.5,0.02098,0.01197,0.60951,-0.458,1.972,2.025,12.04,0
3.505,0.02095,0.01119,0.60952,-0.435,1.97,2.017,11.96,0
3.51,0.02092,0.01041,0.60953,-0.411,1.967,2.009,11.86,0
3.515,0.02088,0.00962,0.60955,-0.388,1.964,2.002,11.76,0
3.52,0.02085,0.00884,0.60956,-0.365,1.961,1.994,11.66,0
3.525,0.02082,0.00805,0.60958,-0.341,1.958,1.987,11.55,0
3.53,0.02079,0.00727,0.60959,-0.317,1.955,1.981,11.45,0
3.535,0.02076,0.00649,0.6096,-0.293,1.952,1.974,11.35,0
3.54,0.02073,0.00572,0.60961,-0.269,1.949,1.968,11.25,0
3.545,0.0207,0.00495,0.60962,-0.245,1.946,1.962,11.15,0
3.55,0.02067,0.00419,0.60963,-0.221,1.944,1.956,11.05,0
3.555,0.02064,0.00344,0.60964,-0.196,1.941,1.951,10.95,0
3.56,0.02061,0.00269,0.60965,-0.172,1.938,1.946,10.85,0
3.565,0.02058,0.00196,0.60966,-0.148,1.935,1.941,10.75,0
3.57,0.02054,0.00123,0.60967,-0.123,1.932,1.936,10.65,0
3.575,0.02051,0.00051,0.60967,-0.099,1.929,1.932,10.56,0
3.58,0.02048,-0.00019,0.60968,-0.075,1.926,1.928,10.46,0
3.585,0.02045,-0.00088,0.60968,-0.052,1.923,1.924,10.37,0
3.59,0.02042,-0.00156,0.60969,-0.029,1.92,1.921,10.28,0
3.595,0.0204,-0.00223,0.60969,-0.006,1.917,1.917,10.26,0
3.6,0.02037,-0.00288,0.6097,0.017,1.914,1.914,10.33,0
3.605,0.02034,-0.00352,0.6097,0.039,1.911,1.911,10.4,0
3.61,0.02031,-0.00414,0.6097,0.06,1.908,1.909,10.46,0
3.615,0.02028,-0.00474,0.60971,0.081,1.904,1.906,10.52,0
3.62,0.02026,-0.00533,0.60971,0.102,1.901,1.903,10.58,0
3.625,0.02023,-0.0059,0.60971,0.122,1.897,1.901,10.63,0
3.63,0.02021,-0.00645,0.60972,0.141,1.893,1.899,10.68,0
3.635,0.02018,-0.00699,0.60972,0.16,1.89,1.896,10.73,0
3.64,0.02016,-0.0075,0.60973,0.179,1.886,1.894,10.78,0
3.645,0.02013,-0.008,0.60973,0.197,1.882,1.892,10.82,0
3.65,0.02011,-0.00848,0.60973,0.214,1.878,1.89,10.87,0
3.655,0.02009,-0.00894,0.60974,0.231,1.874,1.888,10.9,0
3.66,0.02007,-0.00938,0.60974,0.247,1.87,1.886,10.94,0
3.665,0.02004,-0.0098,0.60974,0.263,1.866,1.884,10.98,0
3.67,0.02002,-0.0102,0.60975,0.278,1.862,1.882,11.01,0
3.675,0.02,-0.01058,0.60975,0.292,1.858,1.88,11.04,0
3.68,0.01998,-0.01095,0.60976,0.306,1.854,1.879,11.07,0
3.685,0.01996,-0.01129,0.60976,0.319,1.85,1.877,11.09,0
3.69,0.01994,-0.01161,0.60977,0.331,1.846,1.875,11.11,0
3.695,0.01992,-0.01191,0.60977,0.343,1.842,1.874,11.13,0
3.7,0.01991,-0.01219,0.60977,0.354,1.838,1.872,11.15,0
3.705,0.01989,-0.01245,0.60978,0.364,1.835,1.871,11.16,0
3.71,0.01987,-0.01269,0.60978,0.373,1.831,1.869,11.17,0
3.715,0.01985,-0.01291,0.60979,0.382,1.828,1.867,11.18,0
3.72,0.01983,-0.01311,0.60979,0.39,1.825,1.866,11.19,0
3.725,0.01981,-0.01329,0.60979,0.397,1.821,1.864,11.2,0
3.73,0.01979,-0.01346,0.6098,0.404,1.818,1.863,11.19,0
3.735,0.01977,-0.0136,0.6098,0.409,1.815,1.861,11.18,0
3.74,0.01976,-0.01372,0.6098,0.414,1.812,1.859,11.18,0
3.745,0.01974,-0.01382,0.60981,0.419,1.809,1.857,11.18,0
3.75,0.01972,-0.0139,0.60981,0.422,1.806,1.855,11.17,0
3.755,0.01971,-0.01396,0.60981,0.425,1.803,1.853,11.17,0
3.76,0.01969,-0.01401,0.60981,0.428,1.801,1.851,11.17,0
3.765,0.01967,-0.01403,0.60982,0.429,1.798,1.849,11.17,0
3.77,0.01966,-0.01404,0.60982,0.43,1.796,1.847,11.17,0
3.775,0.01964,-0.01403,0.60982,0.429,1.795,1.845,11.17,0
3.78,0.01962,-0.014,0.60982,0.428,1.793,1.843,11.17,0
3.785,0.01961,-0.01396,0.60982,0.426,1.791,1.841,11.17,0
3.79,0.01959,-0.0139,0.60982,0.424,1.79,1.839,11.17,0
3.795,0.01958,-0.01382,0.60982,0.421,1.788,1.837,11.17,0
3.8,0.01956,-0.01372,0.60982,0.417,1.787,1.835,11.17,0
3.805,0.01955,-0.01361,0.60982,0.414,1.785,1.833,11.17,0
3.81,0.01954,-0.01348,0.60981,0.409,1.784,1.83,11.17,0
3.815,0.01952,-0.01333,0.60981,0.405,1.783,1.828,11.17,0
3.82,0.01951,-0.01317,0.60981,0.4,1.782,1.826,11.17,0
3.825,0.0195,-0.01299,0.60981,0.395,1.78,1.824,11.17,0
3.83,0.01949,-0.01279,0.60981,0.39,1.779,1.821,11.17,0
3.835,0.01948,-0.01258,0.6098,0.384,1.778,1.819,11.17,0
3.84,0.01947,-0.01236,0.6098,0.379,1.777,1.817,11.15,0
3.845,0.01946,-0.01212,0.6098,0.374,1.776,1.815,11.13,0
3.85,0.01945,-0.01186,0.6098,0.368,1.775,1.813,11.11,0
3.855,0.01944,-0.0116,0.6098,0.363,1.774,1.811,11.09,0
3.86,0.01943,-0.01132,0.6098,0.357,1.773,1.809,11.08,0
3.865,0.01942,-0.01103,0.6098,0.351,1.772,1.807,11.06,0
3.87,0.01941,-0.01073,0.6098,0.345,1.772,1.805,11.05,0
3.875,0.0194,-0.01042,0.6098,0.339,1.771,1.803,11.04,0
3.88,0.01939,-0.0101,0.6098,0.333,1.77,1.801,11.03,0
3.885,0.01939,-0.00978,0.60981,0.327,1.769,1.799,11.01,0
3.89,0.01938,-0.00944,0.60981,0.322,1.768,1.797,11.0,0
3.895,0.01937,-0.0091,0.60981,0.316,1.766,1.794,10.98,0
3.9,0.01937,-0.00875,0.60982,0.31,1.765,1.792,10.96,0
3.905,0.01936,-0.00839,0.60982,0.304,1.764,1.79,10.94,0
3.91,0.01936,-0.00803,0.60982,0.297,1.763,1.788,10.92,0
3.915,0.01935,-0.00767,0.60983,0.29,1.762,1.786,10.89,0
3.92,0.01935,-0.00731,0.60983,0.283,1.761,1.784,10.86,0
3.925,0.01934,-0.00694,0.60984,0.274,1.76,1.782,10.83,0
3.93,0.01934,-0.00657,0.60984,0.266,1.76,1.779,10.8,0
3.935,0.01934,-0.0062,0.60984,0.257,1.759,1.777,10.76,0
3.94,0.01933,-0.00583,0.60985,0.247,1.758,1.775,10.73,0
3.945,0.01933,-0.00546,0.60985,0.237,1.758,1.774,10.69,0
3.95,0.01932,-0.00509,0.60985,0.227,1.757,1.772,10.65,0
3.955,0.01932,-0.00473,0.60985,0.216,1.757,1.77,10.61,0
3.96,0.01932,-0.00436,0.60986,0.205,1.756,1.768,10.57,0
3.965,0.01931,-0.00399,0.60986,0.194,1.756,1.767,10.53,0
3.97,0.01931,-0.00363,0.60986,0.183,1.756,1.765,10.49,0
3.975,0.01931,-0.00327,0.60986,0.171,1.755,1.764,10.44,0
3.98,0.01931,-0.00291,0.60987,0.16,1.755,1.763,10.4,0
3.985,0.0193,-0.00256,0.60987,0.148,1.755,1.761,10.36,0
3.99,0.0193,-0.00221,0.60987,0.137,1.755,1.76,10.31,0
3.995,0.0193,-0.00186,0.60987,0.125,1.755,1.759,10.27,0
4.0,0.0193,-0.00152,0.60987,0.114,1.755,1.759,10.23,0
4.005,0.0193,-0.00119,0.60987,0.103,1.755,1.758,10.19,0
4.01,0.0193,-0.00086,0.60988,0.091,1.755,1.757,10.15,0
4.015,0.0193,-0.00053,0.60988,0.08,1.755,1.757,10.11,0
4.02,0.01929,-0.00021,0.60988,0.069,1.755,1.756,10.07,0
4.025,0.01929,0.0001,0.60988,0.059,1.755,1.756,10.03,0
4.03,0.01929,0.0004,0.60988,0.048,1.755,1.756,9.99,0
4.035,0.0193,0.0007,0.60988,0.038,1.755,1.756,9.95,0
4.04,0.0193,0.00099,0.60988,0.027,1.755,1.755,9.95,0
4.045,0.0193,0.00128,0.60988,0.017,1.755,1.755,9.99,0
4.05,0.0193,0.00156,0.60988,0.008,1.755,1.755,10.02,0
4.055,0.0193,0.00183,0.60988,-0.002,1.756,1.756,10.05,0
4.06,0.0193,0.00209,0.60988,-0.011,1.756,1.756,10.08,0
4.065,0.0193,0.00234,0.60988,-0.02,1.756,1.756,10.11,0
4.07,0.01931,0.00258,0.60988,-0.028,1.756,1.756,10.14,0
4.075,0.01931,0.00282,0.60988,-0.036,1.756,1.757,10.17,0
4.08,0.01931,0.00304,0.60988,-0.044,1.756,1.757,10.19,0
4.085,0.01932,0.00326,0.60988,-0.052,1.757,1.757,10.22,0
4.09,0.01932,0.00347,0.60988,-0.059,1.757,1.758,10.24,0
4.095,0.01933,0.00367,0.60988,-0.066,1.757,1.758,10.26,0
4.1,0.01933,0.00385,0.60988,-0.073,1.757,1.759,10.28,0
4.105,0.01933,0.00403,0.60987,-0.079,1.758,1.76,10.3,0
4.11,0.01934,0.0042,0.60987,-0.085,1.758,1.76,10.32,0
4.115,0.01934,0.00436,0.60987,-0.09,1.759,1.761,10.34,0
4.12,0.01935,0.00451,0.60987,-0.096,1.759,1.762,10.36,0
4.125,0.01935,0.00465,0.60987,-0.1,1.76,1.762,10.37,0
4.13,0.01936,0.00478,0.60987,-0.105,1.76,1.763,10.39,0
4.135,0.01937,0.0049,0.60987,-0.109,1.761,1.764,10.4,0
4.14,0.01937,0.00501,0.60987,-0.113,1.761,1.765,10.41,0
4.145,0.01938,0.0051,0.60987,-0.116,1.762,1.766,10.42,0
4.15,0.01938,0.00519,0.60986,-0.119,1.763,1.767,10.43,0
4.155,0.01939,0.00527,0.60986,-0.122,1.763,1.768,10.44,0
4.16,0.0194,0.00533,0.60986,-0.125,1.764,1.769,10.44,0
4.165,0.0194,0.00539,0.60986,-0.127,1.765,1.77,10.45,0
4.17,0.01941,0.00544,0.60986,-0.129,1.766,1.771,10.45,0
4.175,0.01942,0.00547,0.60986,-0.131,1.767,1.772,10.45,0
4.18,0.01942,0.0055,0.60986,-0.133,1.768,1.773,10.45,0
4.185,0.01943,0.00551,0.60986,-0.134,1.769,1.774,10.45,0
4.19,0.01944,0.00552,0.60985,-0.134,1.769,1.774,10.44,0
4.195,0.01945,0.00552,0.60985,-0.134,1.77,1.775,10.44,0
4.2,0.01945,0.00552,0.60985,-0.134,1.771,1.776,10.44,0
4.205,0.01946,0.0055,0.60985,-0.133,1.772,1.777,10.44,0
4.21,0.01947,0.00548,0.60985,-0.132,1.772,1.777,10.44,0
4.215,0.01948,0.00545,0.60985,-0.131,1.773,1.778,10.44,0
4.22,0.01949,0.00541,0.60985,-0.13,1.774,1.779,10.44,0
4.225,0.0195,0.00536,0.60985,-0.129,1.775,1.78,10.44,0
4.23,0.0195,0.00531,0.60985,-0.128,1.776,1.78,10.44,0
4.235,0.01951,0.00525,0.60984,-0.126,1.777,1.781,10.44,0
4.24,0.01952,0.00518,0.60984,-0.125,1.777,1.782,10.44,0
4.245,0.01953,0.0051,0.60984,-0.124,1.778,1.782,10.44,0
4.25,0.01954,0.00502,0.60984,-0.123,1.779,1.783,10.44,0
4.255,0.01954,0.00493,0.60984,-0.121,1.78,1.784,10.44,0
4.26,0.01955,0.00484,0.60984,-0.12,1.78,1.784,10.44,0
4.265,0.01956,0.00474,0.60984,-0.119,1.781,1.785,10.44,0
4.27,0.01957,0.00463,0.60984,-0.117,1.782,1.786,10.44,0
4.275,0.01957,0.00452,0.60984,-0.116,1.783,1.786,10.44,0
4.28,0.01958,0.00441,0.60983,-0.115,1.783,1.787,10.44,0
4.285,0.01958,0.00429,0.60983,-0.113,1.784,1.788,10.44,0
4.29,0.01959,0.00417,0.60983,-0.112,1.785,1.788,10.44,0
4.295,0.01959,0.00404,0.60983,-0.11,1.785,1.789,10.44,0
4.3,0.0196,0.00391,0.60983,-0.109,1.786,1.789,10.44,0
4.305,0.0196,0.00378,0.60983,-0.107,1.786,1.789,10.44,0
4.31,0.01961,0.00365,0.60983,-0.106,1.787,1.79,10.44,0
4.315,0.01961,0.00351,0.60983,-0.104,1.787,1.79,10.44,0
4.32,0.01961,0.00337,0.60983,-0.103,1.788,1.791,10.44,0
4.325,0.01962,0.00323,0.60983,-0.101,1.788,1.791,10.44,0
4.33,0.01962,0.00309,0.60983,-0.099,1.789,1.791,10.44,0
4.335,0.01962,0.00295,0.60983,-0.098,1.789,1.792,10.44,0
4.34,0.01962,0.00281,0.60983,-0.096,1.789,1.792,10.44,0
4.345,0.01962,0.00267,0.60983,-0.094,1.789,1.792,10.44,0
4.35,0.01962,0.00253,0.60983,-0.092,1.79,1.792,10.44,0
4.355,0.01963,0.00239,0.60982,-0.091,1.79,1.792,10.43,0
4.36,0.01963,0.00225,0.60982,-0.089,1.79,1.792,10.43,0
4.365,0.01963,0.00211,0.60982,-0.087,1.791,1.793,10.43,0
4.37,0.01963,0.00197,0.60982,-0.086,1.791,1.793,10.43,0
4.375,0.01963,0.00183,0.60982,-0.084,1.791,1.793,10.44,0
4.38,0.01963,0.0017,0.60982,-0.083,1.792,1.793,10.44,0
4.385,0.01963,0.00156,0.60982,-0.081,1.792,1.794,10.44,0
4.39,0.01963,0.00143,0.60982,-0.08,1.792,1.794,10.44,0
4.395,0.01963,0.0013,0.60982,-0.078,1.793,1.794,10.44,0
4.4,0.01962,0.00117,0.60982,-0.077,1.793,1.795,10.44,0
4.405,0.01962,0.00105,0.60982,-0.075,1.793,1.795,10.44,0
4.41,0.01962,0.00092,0.60982,-0.074,1.794,1.795,10.44,0
4.415,0.01962,0.0008,0.60982,-0.073,1.794,1.796,10.44,0
4.42,0.01962,0.00069,0.60982,-0.071,1.795,1.796,10.44,0
4.425,0.01962,0.00057,0.60982,-0.07,1.795,1.797,10.44,0
4.43,0.01962,0.00046,0.60982,-0.069,1.796,1.797,10.44,0
4.435,0.01962,0.00036,0.60982,-0.068,1.797,1.798,10.44,0
4.44,0.01962,0.00026,0.60982,-0.067,1.797,1.799,10.44,0
4.445,0.01962,0.00016,0.60982,-0.065,1.798,1.799,10.43,0
4.45,0.01962,6e-05,0.60982,-0.064,1.799,1.8,10.42,0
4.455,0.01962,-3e-05,0.60982,-0.063,1.799,1.8,10.41,0
4.46,0.01962,-0.00011,0.60982,-0.062,1.8,1.801,10.4,0
4.465,0.01962,-0.00019,0.60982,-0.061,1.801,1.802,10.39,0
4.47,0.01962,-0.00027,0.60982,-0.06,1.801,1.802,10.39,0
4.475,0.01962,-0.00034,0.60982,-0.059,1.802,1.803,10.39,0
4.48,0.01962,-0.00041,0.60982,-0.057,1.802,1.803,10.39,0
4.485,0.01962,-0.00048,0.60982,-0.056,1.803,1.804,10.38,0
4.49,0.01963,-0.00054,0.60982,-0.055,1.804,1.804,10.38,0
4.495,0.01963,-0.00059,0.60982,-0.054,1.804,1.805,10.38,0
4.5,0.01963,-0.00064,0.60982,-0.053,1.805,1.806,10.37,0
4.505,0.01963,-0.00069,0.60982,-0.052,1.805,1.806,10.37,0
4.51,0.01964,-0.00073,0.60982,-0.05,1.806,1.807,10.37,0
4.515,0.01964,-0.00076,0.60981,-0.049,1.807,1.807,10.37,0
4.52,0.01964,-0.00079,0.60981,-0.048,1.807,1.808,10.37,0
4.525,0.01965,-0.00082,0.60981,-0.047,1.808,1.808,10.37,0
4.53,0.01965,-0.00085,0.60981,-0.047,1.808,1.809,10.37,0
4.535,0.01966,-0.00087,0.60981,-0.046,1.809,1.81,10.37,0
4.54,0.01966,-0.00088,0.60981,-0.045,1.81,1.81,10.37,0
4.545,0.01967,-0.00089,0.60981,-0.045,1.81,1.811,10.37,0
4.55,0.01967,-0.0009,0.60981,-0.044,1.811,1.811,10.37,0
4.555,0.01968,-0.0009,0.60981,-0.044,1.811,1.812,10.37,0
4.56,0.01968,-0.0009,0.60981,-0.044,1.812,1.813,10.37,0
4.565,0.01969,-0.0009,0.60981,-0.044,1.813,1.813,10.37,0
4.57,0.01969,-0.0009,0.60981,-0.044,1.813,1.814,10.37,0
4.575,0.0197,-0.00089,0.60981,-0.045,1.814,1.814,10.37,0
4.58,0.0197,-0.00088,0.60981,-0.046,1.814,1.815,10.37,0
4.585,0.01971,-0.00087,0.60981,-0.047,1.815,1.815,10.37,0
4.59,0.01971,-0.00086,0.6098,-0.048,1.815,1.816,10.37,0
4.595,0.01972,-0.00084,0.6098,-0.049,1.816,1.817,10.37,0
4.6,0.01973,-0.00082,0.6098,-0.05,1.816,1.817,10.37,0
4.605,0.01973,-0.0008,0.6098,-0.05,1.817,1.818,10.37,0
4.61,0.01974,-0.00078,0.6098,-0.051,1.818,1.818,10.37,0
4.615,0.01974,-0.00075,0.6098,-0.052,1.818,1.819,10.37,0
4.62,0.01975,-0.00072,0.6098,-0.053,1.819,1.819,10.37,0
4.625,0.01975,-0.00069,0.6098,-0.053,1.819,1.82,10.37,0
4.63,0.01976,-0.00066,0.6098,-0.054,1.82,1.82,10.37,0
4.635,0.01976,-0.00063,0.6098,-0.054,1.82,1.821,10.37,0
4.64,0.01977,-0.00059,0.6098,-0.054,1.821,1.821,10.37,0
4.645,0.01977,-0.00056,0.6098,-0.055,1.821,1.822,10.37,0
4.65,0.01977,-0.00052,0.6098,-0.055,1.821,1.822,10.37,0
4.655,0.01978,-0.00048,0.6098,-0.056,1.822,1.823,10.37,0
4.66,0.01978,-0.00044,0.6098,-0.056,1.822,1.823,10.37,0
4.665,0.01979,-0.0004,0.60979,-0.057,1.823,1.824,10.37,0
4.67,0.01979,-0.00036,0.60979,-0.057,1.823,1.824,10.37,0
4.675,0.01979,-0.00032,0.60979,-0.057,1.823,1.824,10.37,0
4.68,0.01979,-0.00027,0.60979,-0.058,1.824,1.825,10.37,0
4.685,0.0198,-0.00023,0.60979,-0.058,1.824,1.825,10.37,0
4.69,0.0198,-0.00019,0.60979,-0.059,1.824,1.825,10.37,0
4.695,0.0198,-0.00014,0.60979,-0.059,1.824,1.825,10.37,0
4.7,0.0198,-0.0001,0.60979,-0.059,1.825,1.826,10.37,0
4.705,0.0198,-6e-05,0.60979,-0.06,1.825,1.826,10.37,0
4.71,0.01981,-2e-05,0.60979,-0.06,1.825,1.826,10.37,0
4.715,0.01981,3e-05,0.60979,-0.061,1.825,1.826,10.37,0
4.72,0.01981,7e-05,0.60979,-0.061,1.825,1.826,10.38,0
4.725,0.01981,0.00011,0.60979,-0.062,1.825,1.826,10.38,0
4.73,0.01981,0.00015,0.60979,-0.062,1.825,1.826,10.38,0
4.735,0.01981,0.00019,0.60979,-0.062,1.825,1.827,10.38,0
4.74,0.01981,0.00023,0.60979,-0.063,1.826,1.827,10.38,0
4.745,0.01981,0.00027,0.60979,-0.063,1.825,1.827,10.38,0
4.75,0.01981,0.00031,0.60979,-0.064,1.825,1.827,10.38,0
4.755,0.0198,0.00035,0.60979,-0.064,1.825,1.827,10.38,0
4.76,0.0198,0.00038,0.60979,-0.064,1.825,1.827,10.38,0
4.765,0.0198,0.00042,0.60979,-0.065,1.825,1.826,10.38,0
4.77,0.0198,0.00045,0.60979,-0.065,1.825,1.826,10.38,0
4.775,0.0198,0.00048,0.60979,-0.065,1.825,1.826,10.38,0
4.78,0.0198,0.00051,0.60979,-0.066,1.825,1.826,10.38,0
4.785,0.01979,0.00054,0.60979,-0.066,1.825,1.826,10.38,0
4.79,0.01979,0.00057,0.60979,-0.066,1.825,1.826,10.38,0
4.795,0.01979,0.0006,0.60979,-0.066,1.824,1.826,10.38,0
4.8,0.01979,0.00062,0.60979,-0.067,1.824,1.825,10.38,0
4.805,0.01979,0.00064,0.60979,-0.067,1.824,1.825,10.38,0
4.81,0.01978,0.00067,0.60979,-0.067,1.824,1.825,10.38,0
4.815,0.01978,0.00069,0.60979,-0.067,1.824,1.825,10.38,0
4.82,0.01978,0.00071,0.6098,-0.067,1.823,1.825,10.38,0
4.825,0.01977,0.00072,0.6098,-0.067,1.823,1.824,10.38,0
4.83,0.01977,0.00074,0.6098,-0.068,1.823,1.824,10.38,0
4.835,0.01977,0.00075,0.6098,-0.068,1.823,1.824,10.38,0
4.84,0.01977,0.00076,0.6098,-0.068,1.822,1.824,10.38,0
4.845,0.01976,0.00077,0.6098,-0.068,1.822,1.823,10.38,0
4.85,0.01976,0.00078,0.6098,-0.068,1.822,1.823,10.38,0
4.855,0.01976,0.00079,0.6098,-0.068,1.822,1.823,10.38,0
4.86,0.01975,0.00079,0.6098,-0.068,1.821,1.823,10.38,0
4.865,0.01975,0.0008,0.6098,-0.068,1.821,1.822,10.38,0
4.87,0.01975,0.0008,0.6098,-0.068,1.821,1.822,10.38,0
4.875,0.01975,0.0008,0.6098,-0.068,1.821,1.822,10.38,0
4.88,0.01974,0.0008,0.6098,-0.068,1.821,1.822,10.38,0
4.885,0.01974,0.0008,0.6098,-0.067,1.82,1.822,10.38,0
4.89,0.01974,0.00079,0.6098,-0.067,1.82,1.821,10.38,0
4.895,0.01974,0.00079,0.6098,-0.067,1.82,1.821,10.38,0
4.9,0.01973,0.00078,0.6098,-0.066,1.82,1.821,10.38,0
4.905,0.01973,0.00078,0.6098,-0.066,1.819,1.821,10.38,0
4.91,0.01973,0.00077,0.6098,-0.065,1.819,1.82,10.38,0
4.915,0.01973,0.00077,0.6098,-0.065,1.819,1.82,10.38,0
4.92,0.01973,0.00076,0.6098,-0.064,1.819,1.82,10.38,0
4.925,0.01972,0.00075,0.6098,-0.063,1.819,1.82,10.38,0
4.93,0.01972,0.00074,0.6098,-0.063,1.819,1.82,10.38,0
4.935,0.01972,0.00074,0.6098,-0.062,1.819,1.82,10.38,0
4.94,0.01972,0.00073,0.6098,-0.061,1.818,1.819,10.38,0
4.945,0.01972,0.00072,0.6098,-0.06,1.818,1.819,10.38,0
4.95,0.01972,0.00071,0.6098,-0.06,1.818,1.819,10.38,0
4.955,0.01972,0.0007,0.6098,-0.059,1.818,1.819,10.38,0
4.96,0.01972,0.00069,0.6098,-0.059,1.818,1.819,10.38,0
4.965,0.01972,0.00068,0.6098,-0.058,1.818,1.819,10.38,0
4.97,0.01971,0.00067,0.6098,-0.058,1.818,1.819,10.38,0
4.975,0.01971,0.00067,0.6098,-0.058,1.818,1.819,10.38,0
4.98,0.01971,0.00066,0.6098,-0.057,1.818,1.819,10.38,0
4.985,0.01971,0.00065,0.6098,-0.057,1.818,1.819,10.38,0
4.99,0.01971,0.00064,0.6098,-0.057,1.818,1.819,10.38,0
4.995,0.01971,0.00063,0.6098,-0.057,1.818,1.819,10.38,0
5.0,0.01971,0.00062,0.6098,-0.057,1.818,1.819,10.38,0
5.005,0.01972,0.00061,0.6098,-0.057,1.818,1.819,10.38,0
5.01,0.01972,0.0006,0.6098,-0.057,1.818,1.819,10.38,0
5.015,0.01972,0.0006,0.6098,-0.057,1.818,1.819,10.38,0
5.02,0.01972,0.00059,0.6098,-0.057,1.818,1.819,10.38,0
5.025,0.01972,0.00058,0.6098,-0.057,1.818,1.819,10.38,0
5.03,0.01972,0.00057,0.6098,-0.057,1.819,1.819,10.38,0
5.035,0.01972,0.00057,0.6098,-0.056,1.819,1.82,10.38,0
5.04,0.01972,0.00056,0.6098,-0.056,1.819,1.82,10.38,0
5.045,0.01972,0.00055,0.6098,-0.056,1.819,1.82,10.38,0
5.05,0.01972,0.00055,0.6098,-0.056,1.819,1.82,10.38,0
5.055,0.01973,0.00054,0.6098,-0.056,1.819,1.82,10.38,0
5.06,0.01973,0.00054,0.6098,-0.056,1.819,1.82,10.38,0
5.065,0.01973,0.00053,0.6098,-0.056,1.819,1.82,10.38,0
5.07,0.01973,0.00053,0.6098,-0.056,1.82,1.821,10.38,0
5.075,0.01973,0.00053,0.6098,-0.056,1.82,1.821,10.38,0
5.08,0.01973,0.00052,0.6098,-0.056,1.82,1.821,10.38,0
5.085,0.01973,0.00052,0.6098,-0.056,1.82,1.821,10.38,0
5.09,0.01974,0.00052,0.6098,-0.056,1.82,1.821,10.38,0
5.095,0.01974,0.00052,0.6098,-0.056,1.821,1.821,10.38,0
5.1,0.01974,0.00051,0.6098,-0.056,1.821,1.822,10.38,0
5.105,0.01974,0.00051,0.6098,-0.056,1.821,1.822,10.38,0
5.11,0.01974,0.00051,0.6098,-0.056,1.821,1.822,10.38,0
5.115,0.01975,0.00051,0.6098,-0.056,1.821,1.822,10.38,0
5.12,0.01975,0.00051,0.6098,-0.056,1.821,1.822,10.38,0
5.125,0.01975,0.00051,0.6098,-0.056,1.822,1.822,10.38,0
5.13,0.01975,0.00051,0.6098,-0.056,1.822,1.823,10.38,0
5.135,0.01975,0.00051,0.6098,-0.056,1.822,1.823,10.38,0
5.14,0.01975,0.00051,0.6098,-0.056,1.822,1.823,10.38,0
5.145,0.01976,0.00051,0.6098,-0.056,1.822,1.823,10.38,0
5.15,0.01976,0.00051,0.6098,-0.056,1.823,1.823,10.38,0
5.155,0.01976,0.00051,0.6098,-0.056,1.823,1.824,10.38,0
5.16,0.01976,0.00051,0.6098,-0.056,1.823,1.824,10.38,0
5.165,0.01976,0.00052,0.6098,-0.056,1.823,1.824,10.38,0
5.17,0.01976,0.00052,0.6098,-0.056,1.823,1.824,10.38,0
5.175,0.01976,0.00052,0.6098,-0.057,1.823,1.824,10.38,0
5.18,0.01976,0.00052,0.6098,-0.057,1.823,1.824,10.38,0
5.185,0.01977,0.00052,0.6098,-0.057,1.824,1.824,10.38,0
5.19,0.01977,0.00052,0.6098,-0.057,1.824,1.825,10.38,0
5.195,0.01977,0.00052,0.6098,-0.057,1.824,1.825,10.38,0
5.2,0.01977,0.00053,0.6098,-0.057,1.824,1.825,10.38,0
5.205,0.01977,0.00053,0.60979,-0.057,1.824,1.825,10.38,0
5.21,0.01977,0.00053,0.60979,-0.058,1.824,1.825,10.38,0
5.215,0.01977,0.00053,0.60979,-0.058,1.824,1.825,10.38,0
5.22,0.01977,0.00053,0.60979,-0.058,1.824,1.825,10.38,0
5.225,0.01977,0.00053,0.60979,-0.058,1.824,1.825,10.38,0
5.23,0.01977,0.00053,0.60979,-0.058,1.825,1.825,10.38,0
5.235,0.01977,0.00053,0.60979,-0.058,1.825,1.826,10.38,0
5.24,0.01977,0.00054,0.60979,-0.058,1.825,1.826,10.38,0
5.245,0.01977,0.00054,0.60979,-0.058,1.825,1.826,10.38,0
5.25,0.01977,0.00054,0.60979,-0.058,1.825,1.826,10.38,0
5.255,0.01977,0.00054,0.60979,-0.058,1.825,1.826,10.38,0
5.26,0.01977,0.00054,0.60979,-0.058,1.825,1.826,10.38,0
5.265,0.01977,0.00054,0.60979,-0.059,1.825,1.826,10.38,0
5.27,0.01977,0.00054,0.60979,-0.059,1.825,1.826,10.38,0
5.275,0.01977,0.00054,0.60979,-0.059,1.825,1.826,10.38,0
5.28,0.01977,0.00054,0.60979,-0.059,1.825,1.826,10.38,0
5.285,0.01977,0.00054,0.60979,-0.059,1.825,1.826,10.38,0
5.29,0.01977,0.00054,0.60979,-0.059,1.825,1.826,10.38,0
5.295,0.01977,0.00054,0.60979,-0.059,1.825,1.826,10.38,0
5.3,0.01977,0.00054,0.60979,-0.059,1.825,1.826,10.38,0
5.305,0.01977,0.00054,0.60979,-0.058,1.825,1.826,10.38,0
5.31,0.01977,0.00054,0.60979,-0.058,1.825,1.826,10.38,0
5.315,0.01977,0.00054,0.60979,-0.058,1.825,1.826,10.38,0
5.32,0.01977,0.00054,0.60979,-0.058,1.825,1.826,10.38,0
5.325,0.01977,0.00054,0.60979,-0.058,1.825,1.826,10.38,0
5.33,0.01977,0.00054,0.60979,-0.058,1.825,1.826,10.38,0
5.335,0.01977,0.00053,0.60979,-0.058,1.825,1.826,10.38,0
5.34,0.01977,0.00053,0.60979,-0.058,1.825,1.826,10.38,0
5.345,0.01977,0.00053,0.60979,-0.058,1.825,1.826,10.38,0
5.35,0.01977,0.00053,0.60979,-0.058,1.825,1.826,10.38,0
5.355,0.01977,0.00053,0.60979,-0.058,1.825,1.826,10.38,0
5.36,0.01977,0.00053,0.60979,-0.058,1.825,1.826,10.38,0
5.365,0.01977,0.00053,0.60979,-0.058,1.825,1.826,10.38,0
5.37,0.01976,0.00053,0.6098,-0.058,1.825,1.825,10.38,0
5.375,0.01976,0.00053,0.6098,-0.058,1.825,1.825,10.38,0
5.38,0.01976,0.00053,0.6098,-0.058,1.824,1.825,10.38,0
5.385,0.01976,0.00053,0.6098,-0.058,1.824,1.825,10.38,0
5.39,0.01976,0.00053,0.6098,-0.057,1.824,1.825,10.38,0
5.395,0.01976,0.00053,0.6098,-0.057,1.824,1.825,10.38,0
5.4,0.01976,0.00053,0.6098,-0.057,1.824,1.825,10.38,0
5.405,0.01976,0.00053,0.6098,-0.057,1.824,1.825,10.38,0
5.41,0.01976,0.00052,0.6098,-0.057,1.824,1.825,10.38,0
5.415,0.01976,0.00052,0.6098,-0.057,1.824,1.825,10.38,0
5.42,0.01976,0.00052,0.6098,-0.057,1.824,1.825,10.38,0
5.425,0.01976,0.00052,0.6098,-0.057,1.824,1.825,10.38,0
5.43,0.01976,0.00052,0.6098,-0.057,1.824,1.825,10.38,0
5.435,0.01976,0.00052,0.6098,-0.057,1.824,1.825,10.38,0
5.44,0.01976,0.00052,0.6098,-0.057,1.824,1.825,10.38,0
5.445,0.01976,0.00052,0.6098,-0.057,1.824,1.825,10.38,0
5.45,0.01975,0.00052,0.6098,-0.057,1.824,1.825,10.38,0
5.455,0.01975,0.00052,0.6098,-0.057,1.824,1.825,10.38,0
5.46,0.01975,0.00052,0.6098,-0.057,1.824,1.825,10.38,0
5.465,0.01975,0.00052,0.6098,-0.057,1.824,1.825,10.38,0
5.47,0.01975,0.00052,0.6098,-0.057,1.824,1.825,10.38,0
5.475,0.01975,0.00052,0.6098,-0.057,1.824,1.825,10.38,0
5.48,0.01975,0.00052,0.6098,-0.057,1.824,1.825,10.38,0
5.485,0.01975,0.00052,0.6098,-0.057,1.824,1.825,10.38,0
5.49,0.01975,0.00052,0.6098,-0.057,1.824,1.825,10.38,0
5.495,0.01975,0.00052,0.6098,-0.057,1.824,1.825,10.38,0
5.5,0.01975,0.00052,0.6098,-0.057,1.824,1.825,10.38,0
5.505,0.01975,0.00052,0.6098,-0.057,1.824,1.825,10.38,0
5.51,0.01975,0.00052,0.6098,-0.057,1.824,1.825,10.38,0
5.515,0.01975,0.00052,0.6098,-0.057,1.824,1.825,10.38,0
5.52,0.01975,0.00052,0.6098,-0.057,1.824,1.825,10.38,0
5.525,0.01975,0.00052,0.6098,-0.057,1.824,1.825,10.38,0
5.53,0.01975,0.00053,0.6098,-0.057,1.824,1.825,10.38,0
5.535,0.01975,0.00053,0.6098,-0.057,1.824,1.825,10.38,0
5.54,0.01975,0.00053,0.6098,-0.057,1.824,1.825,10.38,0
5.545,0.01975,0.00053,0.6098,-0.057,1.824,1.825,10.38,0
5.55,0.01975,0.00053,0.6098,-0.057,1.824,1.825,10.38,0
5.555,0.01975,0.00053,0.6098,-0.057,1.824,1.825,10.38,0
5.56,0.01975,0.00053,0.6098,-0.057,1.824,1.825,10.38,0
5.565,0.01975,0.00053,0.6098,-0.058,1.824,1.825,10.38,0
5.57,0.01976,0.00053,0.6098,-0.058,1.824,1.825,10.38,0
5.575,0.01976,0.00053,0.6098,-0.058,1.824,1.825,10.38,0
5.58,0.01976,0.00053,0.6098,-0.058,1.824,1.825,10.38,0
5.585,0.01976,0.00053,0.6098,-0.058,1.825,1.825,10.38,0
5.59,0.01976,0.00053,0.6098,-0.058,1.825,1.826,10.38,0
5.595,0.01976,0.00053,0.6098,-0.058,1.825,1.826,10.38,0
5.6,0.01976,0.00053,0.6098,-0.058,1.825,1.826,10.38,0
5.605,0.01976,0.00053,0.6098,-0.058,1.825,1.826,10.38,0
5.61,0.01976,0.00053,0.6098,-0.058,1.825,1.826,10.38,0
5.615,0.01976,0.00053,0.6098,-0.058,1.825,1.826,10.38,0
5.62,0.01976,0.00053,0.6098,-0.058,1.825,1.826,10.38,0
5.625,0.01976,0.00053,0.60979,-0.058,1.825,1.826,10.38,0
5.63,0.01976,0.00053,0.60979,-0.058,1.825,1.826,10.38,0
5.635,0.01976,0.00053,0.60979,-0.058,1.825,1.826,10.38,0
5.64,0.01976,0.00053,0.60979,-0.057,1.825,1.826,10.38,0
5.645,0.01976,0.00053,0.60979,-0.057,1.825,1.826,10.38,0
5.65,0.01976,0.00053,0.60979,-0.057,1.825,1.826,10.38,0
5.655,0.01976,0.00053,0.60979,-0.057,1.826,1.826,10.38,0
5.66,0.01976,0.00053,0.60979,-0.057,1.826,1.826,10.38,0
5.665,0.01976,0.00052,0.60979,-0.057,1.826,1.827,10.38,0
5.67,0.01977,0.00052,0.60979,-0.057,1.826,1.827,10.38,0
5.675,0.01977,0.00052,0.60979,-0.057,1.826,1.827,10.38,0
5.68,0.01977,0.00052,0.60979,-0.057,1.826,1.827,10.38,0
5.685,0.01977,0.00052,0.60979,-0.057,1.826,1.827,10.38,0
5.69,0.01977,0.00052,0.60979,-0.057,1.826,1.827,10.38,0
5.695,0.01977,0.00052,0.60979,-0.057,1.826,1.827,10.38,0
5.7,0.01977,0.00052,0.60979,-0.057,1.826,1.827,10.38,0
5.705,0.01977,0.00052,0.60979,-0.057,1.826,1.827,10.38,0
5.71,0.01977,0.00052,0.60979,-0.057,1.826,1.827,10.38,0
5.715,0.01977,0.00052,0.60979,-0.057,1.826,1.827,10.38,0
5.72,0.01977,0.00052,0.60979,-0.057,1.826,1.827,10.38,0
5.725,0.01977,0.00052,0.60979,-0.057,1.826,1.827,10.38,0
5.73,0.01977,0.00052,0.60979,-0.057,1.826,1.827,10.38,0
5.735,0.01977,0.00052,0.60979,-0.057,1.827,1.827,10.38,0
5.74,0.01977,0.00052,0.60979,-0.057,1.827,1.827,10.38,0
5.745,0.01977,0.00052,0.60979,-0.057,1.827,1.828,10.38,0
5.75,0.01977,0.00052,0.60979,-0.057,1.827,1.828,10.38,0
5.755,0.01977,0.00052,0.60979,-0.057,1.827,1.828,10.38,0
5.76,0.01977,0.00052,0.60979,-0.057,1.827,1.828,10.38,0
5.765,0.01977,0.00052,0.60979,-0.057,1.827,1.828,10.38,0
5.77,0.01977,0.00052,0.60979,-0.057,1.827,1.828,10.38,0
5.775,0.01977,0.00052,0.60979,-0.057,1.827,1.828,10.38,0
5.78,0.01977,0.00052,0.60979,-0.057,1.827,1.828,10.38,0
5.785,0.01977,0.00052,0.60979,-0.057,1.827,1.828,10.38,0
5.79,0.01977,0.00052,0.60979,-0.057,1.827,1.828,10.38,0
5.795,0.01977,0.00052,0.60979,-0.057,1.827,1.828,10.38,0
5.8,0.01977,0.00052,0.60979,-0.057,1.827,1.828,10.38,0
5.805,0.01977,0.00052,0.60979,-0.057,1.827,1.828,10.38,0
5.81,0.01977,0.00052,0.60979,-0.057,1.827,1.828,10.38,0
5.815,0.01977,0.00052,0.60979,-0.057,1.827,1.828,10.38,0
5.82,0.01977,0.00052,0.60979,-0.057,1.827,1.828,10.38,0
5.825,0.01977,0.00052,0.60979,-0.057,1.827,1.828,10.38,0
5.83,0.01977,0.00052,0.60979,-0.057,1.827,1.828,10.38,0
5.835,0.01977,0.00052,0.60979,-0.057,1.827,1.828,10.38,0
5.84,0.01977,0.00052,0.60979,-0.057,1.827,1.828,10.38,0
5.845,0.01977,0.00052,0.60979,-0.057,1.827,1.828,10.38,0
5.85,0.01977,0.00052,0.60979,-0.057,1.827,1.828,10.38,0
5.855,0.01977,0.00052,0.60979,-0.057,1.827,1.828,10.38,0
5.86,0.01977,0.00052,0.60979,-0.057,1.827,1.828,10.38,0
5.865,0.01977,0.00052,0.60979,-0.057,1.827,1.828,10.38,0
5.87,0.01977,0.00052,0.60979,-0.057,1.827,1.828,10.38,0
5.875,0.01977,0.00052,0.60979,-0.057,1.827,1.828,10.38,0
5.88,0.01977,0.00052,0.60979,-0.057,1.827,1.828,10.38,0
5.885,0.01977,0.00052,0.60979,-0.057,1.827,1.828,10.38,0
5.89,0.01977,0.00052,0.60979,-0.057,1.827,1.828,10.38,0
5.895,0.01977,0.00052,0.60979,-0.057,1.827,1.828,10.38,0
5.9,0.01977,0.00052,0.60979,-0.057,1.827,1.828,10.38,0
5.905,0.01977,0.00052,0.60979,-0.057,1.827,1.828,10.38,0
5.91,0.01977,0.00052,0.60979,-0.057,1.827,1.828,10.38,0
5.915,0.01977,0.00052,0.60979,-0.057,1.827,1.828,10.38,0
5.92,0.01977,0.00052,0.60979,-0.057,1.827,1.828,10.38,0
5.925,0.01977,0.00052,0.60979,-0.057,1.827,1.828,10.38,0
5.93,0.01977,0.00052,0.60979,-0.057,1.828,1.828,10.38,0
5.935,0.01977,0.00052,0.60979,-0.057,1.828,1.828,10.38,0
5.94,0.01977,0.00052,0.60979,-0.057,1.828,1.828,10.38,0
5.945,0.01977,0.00052,0.60979,-0.057,1.828,1.828,10.38,0
5.95,0.01977,0.00052,0.60979,-0.057,1.828,1.828,10.38,0
5.955,0.01977,0.00052,0.60979,-0.057,1.828,1.828,10.38,0
5.96,0.01977,0.00052,0.60979,-0.057,1.828,1.828,10.38,0
5.965,0.01977,0.00052,0.60979,-0.057,1.828,1.828,10.38,0
5.97,0.01977,0.00052,0.60979,-0.057,1.828,1.828,10.38,0
5.975,0.01977,0.00052,0.60979,-0.057,1.828,1.828,10.38,0
5.98,0.01977,0.00052,0.60979,-0.057,1.828,1.829,10.38,0
5.985,0.01977,0.00052,0.60979,-0.057,1.828,1.829,10.38,0
5.99,0.01977,0.00052,0.60979,-0.057,1.828,1.829,10.38,0
5.995,0.01977,0.00052,0.60979,-0.057,1.828,1.829,10.38,0
6.0,0.01977,0.00052,0.60979,-0.057,1.828,1.829,10.38,0
6.005,0.01977,0.00052,0.60979,-0.057,1.828,1.829,10.39,0
6.01,0.01977,0.00052,0.60979,-0.057,1.828,1.829,10.39,0
6.015,0.01977,0.00052,0.60979,-0.057,1.828,1.829,10.39,0
6.02,0.01977,0.00052,0.60979,-0.057,1.828,1.829,10.39,0
6.025,0.01977,0.00052,0.60979,-0.057,1.828,1.829,10.39,0
6.03,0.01977,0.00052,0.60979,-0.057,1.828,1.829,10.39,0
6.035,0.01977,0.00052,0.60979,-0.057,1.828,1.829,10.39,0
6.04,0.01977,0.00052,0.60979,-0.057,1.828,1.829,10.39,0
6.045,0.01977,0.00052,0.60979,-0.057,1.828,1.829,10.39,0
6.05,0.01977,0.00052,0.60979,-0.057,1.828,1.829,10.39,0
6.055,0.01977,0.00052,0.60979,-0.057,1.828,1.829,10.39,0
6.06,0.01977,0.00052,0.60979,-0.057,1.828,1.829,10.39,0
6.065,0.01977,0.00052,0.60979,-0.057,1.828,1.829,10.39,0
6.07,0.01977,0.00052,0.60979,-0.057,1.828,1.829,10.39,0
6.075,0.01977,0.00052,0.60979,-0.057,1.828,1.829,10.39,0
6.08,0.01977,0.00052,0.60979,-0.057,1.828,1.829,10.39,0
6.085,0.01977,0.00052,0.60979,-0.057,1.828,1.829,10.39,0
6.09,0.01977,0.00052,0.60979,-0.057,1.828,1.829,10.39,0
6.095,0.01977,0.00052,0.60979,-0.057,1.828,1.829,10.39,0
6.1,0.01977,0.00052,0.60979,-0.057,1.828,1.829,10.39,0
6.105,0.01977,0.00052,0.60979,-0.057,1.828,1.829,10.39,0
6.11,0.01977,0.00052,0.60979,-0.057,1.828,1.829,10.39,0
6.115,0.01977,0.00052,0.60979,-0.057,1.828,1.829,10.39,0
6.12,0.01977,0.00052,0.60979,-0.057,1.829,1.829,10.39,0
6.125,0.01977,0.00052,0.60979,-0.057,1.829,1.829,10.39,0
6.13,0.01978,0.00052,0.60979,-0.057,1.829,1.829,10.39,0
6.135,0.01978,0.00052,0.60979,-0.057,1.829,1.83,10.39,0
6.14,0.01978,0.00052,0.60979,-0.057,1.829,1.83,10.39,0
6.145,0.01978,0.00052,0.60979,-0.057,1.829,1.83,10.39,0
6.15,0.01978,0.00052,0.60979,-0.057,1.829,1.83,10.39,0
6.155,0.01978,0.00052,0.60979,-0.057,1.829,1.83,10.39,0
6.16,0.01978,0.00052,0.60979,-0.057,1.829,1.83,10.39,0
6.165,0.01978,0.00052,0.60979,-0.057,1.829,1.83,10.39,0
6.17,0.01978,0.00052,0.60979,-0.057,1.829,1.83,10.39,0
6.175,0.01978,0.00052,0.60979,-0.057,1.829,1.83,10.39,0
6.18,0.01978,0.00052,0.60979,-0.057,1.829,1.83,10.39,0
6.185,0.01978,0.00052,0.60979,-0.057,1.829,1.83,10.39,0
6.19,0.01978,0.00052,0.60979,-0.057,1.829,1.83,10.39,0
6.195,0.01978,0.00052,0.60979,-0.057,1.829,1.83,10.39,0
6.2,0.01978,0.00052,0.60979,-0.057,1.829,1.83,10.39,0
6.205,0.01978,0.00052,0.60979,-0.057,1.829,1.83,10.39,0
6.21,0.01978,0.00052,0.60979,-0.057,1.829,1.83,10.39,0
6.215,0.01978,0.00052,0.60979,-0.057,1.829,1.83,10.39,0
6.22,0.01978,0.00052,0.60979,-0.057,1.83,1.83,10.39,0
6.225,0.01978,0.00052,0.60979,-0.057,1.83,1.83,10.39,0
6.23,0.01978,0.00052,0.60979,-0.057,1.83,1.831,10.39,0
6.235,0.01978,0.00052,0.60979,-0.057,1.83,1.831,10.39,0
6.24,0.01978,0.00052,0.60979,-0.057,1.83,1.831,10.39,0
6.245,0.01978,0.00052,0.60979,-0.057,1.83,1.831,10.39,0
6.25,0.01978,0.00052,0.60979,-0.057,1.83,1.831,10.39,0
6.255,0.01978,0.00052,0.60979,-0.057,1.83,1.831,10.39,0
6.26,0.01978,0.00052,0.60979,-0.057,1.83,1.831,10.39,0
6.265,0.01978,0.00052,0.60979,-0.057,1.83,1.831,10.39,0
6.27,0.01978,0.00052,0.60979,-0.057,1.83,1.831,10.39,0
6.275,0.01978,0.00052,0.60979,-0.057,1.83,1.831,10.39,0
6.28,0.01978,0.00052,0.60979,-0.057,1.83,1.831,10.39,0
6.285,0.01978,0.00052,0.60979,-0.057,1.83,1.831,10.39,0
6.29,0.01978,0.00052,0.60979,-0.057,1.83,1.831,10.39,0
6.295,0.01978,0.00052,0.60979,-0.057,1.83,1.831,10.39,0
6.3,0.01978,0.00052,0.60979,-0.057,1.83,1.831,10.39,0
6.305,0.01978,0.00052,0.60979,-0.057,1.83,1.831,10.39,0
6.31,0.01979,0.00052,0.60979,-0.057,1.83,1.831,10.39,0
6.315,0.01979,0.00052,0.60979,-0.057,1.831,1.831,10.39,0
6.32,0.01979,0.00052,0.60979,-0.057,1.831,1.831,10.39,0
6.325,0.01979,0.00052,0.60979,-0.057,1.831,1.831,10.39,0
6.33,0.01979,0.00052,0.60979,-0.057,1.831,1.832,10.39,0
6.335,0.01979,0.00052,0.60979,-0.057,1.831,1.832,10.39,0
6.34,0.01979,0.00052,0.60979,-0.057,1.831,1.832,10.39,0
6.345,0.01979,0.00052,0.60979,-0.057,1.831,1.832,10.39,0
6.35,0.01979,0.00052,0.60979,-0.057,1.831,1.832,10.39,0
6.355,0.01979,0.00052,0.60979,-0.057,1.831,1.832,10.39,0
6.36,0.01979,0.00052,0.60979,-0.057,1.831,1.832,10.39,0
6.365,0.01979,0.00052,0.60979,-0.057,1.831,1.832,10.39,0
6.37,0.01979,0.00052,0.60979,-0.057,1.831,1.832,10.39,0
6.375,0.01979,0.00052,0.60979,-0.057,1.831,1.832,10.39,0
6.38,0.01979,0.00052,0.60979,-0.057,1.831,1.832,10.39,0
6.385,0.01979,0.00052,0.60979,-0.057,1.831,1.832,10.39,0
6.39,0.01979,0.00052,0.60979,-0.057,1.831,1.832,10.39,0
6.395,0.01979,0.00052,0.60979,-0.057,1.831,1.832,10.39,0
6.4,0.01979,0.00052,0.60979,-0.057,1.831,1.832,10.39,0
6.405,0.01979,0.00052,0.60979,-0.057,1.831,1.832,10.39,0
6.41,0.01979,0.00052,0.60979,-0.057,1.831,1.832,10.39,0
6.415,0.01979,0.00052,0.60979,-0.057,1.831,1.832,10.39,0
6.42,0.01979,0.00052,0.60979,-0.057,1.831,1.832,10.39,0
6.425,0.01979,0.00052,0.60979,-0.057,1.831,1.832,10.39,0
6.43,0.01979,0.00052,0.60979,-0.057,1.831,1.832,10.39,0
6.435,0.01979,0.00052,0.60979,-0.057,1.831,1.832,10.39,0
6.44,0.01979,0.00052,0.60979,-0.057,1.832,1.832,10.39,0
6.445,0.01979,0.00052,0.60979,-0.057,1.832,1.832,10.39,0
6.45,0.01979,0.00052,0.60979,-0.057,1.832,1.832,10.39,0
6.455,0.01979,0.00052,0.60979,-0.057,1.832,1.833,10.39,0
6.46,0.01979,0.00052,0.60979,-0.057,1.832,1.833,10.39,0
6.465,0.01979,0.00052,0.60979,-0.057,1.832,1.833,10.39,0
6.47,0.01979,0.00052,0.60979,-0.057,1.832,1.833,10.39,0
6.475,0.01979,0.00051,0.60979,-0.057,1.832,1.833,10.39,0
6.48,0.01979,0.00051,0.60979,-0.057,1.832,1.833,10.39,0
6.485,0.01979,0.00051,0.60979,-0.057,1.832,1.833,10.39,0
6.49,0.01979,0.00051,0.60979,-0.057,1.832,1.833,10.39,0
6.495,0.01979,0.00051,0.60979,-0.057,1.832,1.833,10.39,0
6.5,0.01979,0.00051,0.60979,-0.057,1.832,1.833,10.39,0
6.505,0.01979,0.00051,0.60979,-0.057,1.832,1.833,10.39,0
6.51,0.01979,0.00051,0.60979,-0.057,1.832,1.833,10.39,0
6.515,0.01979,0.00051,0.60979,-0.057,1.832,1.833,10.39,0
6.52,0.01979,0.00051,0.60979,-0.057,1.832,1.833,10.39,0
6.525,0.01979,0.00051,0.60979,-0.057,1.832,1.833,10.39,0
6.53,0.01979,0.00051,0.60979,-0.057,1.832,1.833,10.39,0
6.535,0.01979,0.00051,0.60979,-0.057,1.832,1.833,10.39,0
6.54,0.01979,0.00051,0.60979,-0.057,1.832,1.833,10.39,0
6.545,0.01979,0.00051,0.60979,-0.057,1.832,1.833,10.39,0
6.55,0.01979,0.00051,0.60979,-0.057,1.832,1.833,10.39,0
6.555,0.01979,0.00051,0.60979,-0.057,1.832,1.833,10.39,0
6.56,0.01979,0.00051,0.60979,-0.057,1.832,1.833,10.39,0
6.565,0.01979,0.00051,0.60979,-0.057,1.832,1.833,10.39,0
6.57,0.01979,0.00051,0.60979,-0.057,1.832,1.833,10.39,0
6.575,0.01979,0.00051,0.60979,-0.057,1.832,1.833,10.39,0
6.58,0.01979,0.00051,0.60979,-0.057,1.833,1.833,10.39,0
6.585,0.01979,0.00051,0.60979,-0.057,1.833,1.833,10.39,0
6.59,0.01979,0.00051,0.60979,-0.057,1.833,1.833,10.39,0
6.595,0.01979,0.00051,0.60979,-0.057,1.833,1.833,10.39,0
6.6,0.01979,0.00051,0.60979,-0.057,1.833,1.834,10.39,0
6.605,0.01979,0.00051,0.60979,-0.057,1.833,1.834,10.39,0
6.61,0.01979,0.00051,0.60979,-0.057,1.833,1.834,10.39,0
6.615,0.01979,0.00051,0.60979,-0.057,1.833,1.834,10.39,0
6.62,0.01979,0.00051,0.60979,-0.057,1.833,1.834,10.39,0
6.625,0.01979,0.00051,0.60979,-0.057,1.833,1.834,10.39,0
6.63,0.01979,0.00051,0.60979,-0.057,1.833,1.834,10.39,0
6.635,0.01979,0.00051,0.60979,-0.057,1.833,1.834,10.39,0
6.64,0.01979,0.00051,0.60979,-0.057,1.833,1.834,10.39,0
6.645,0.01979,0.00051,0.60979,-0.057,1.833,1.834,10.39,0
6.65,0.01979,0.00051,0.60979,-0.057,1.833,1.834,10.39,0
6.655,0.01979,0.00051,0.60979,-0.057,1.833,1.834,10.39,0
6.66,0.01979,0.00051,0.60979,-0.057,1.833,1.834,10.39,0
6.665,0.0198,0.00051,0.60979,-0.057,1.833,1.834,10.39,0
6.67,0.0198,0.00051,0.60979,-0.057,1.833,1.834,10.39,0
6.675,0.0198,0.00051,0.60979,-0.057,1.833,1.834,10.39,0
6.68,0.0198,0.00051,0.60979,-0.057,1.833,1.834,10.39,0
6.685,0.0198,0.00051,0.60979,-0.057,1.833,1.834,10.39,0
6.69,0.0198,0.00051,0.60979,-0.057,1.833,1.834,10.39,0
6.695,0.0198,0.00051,0.60979,-0.057,1.833,1.834,10.39,0
6.7,0.0198,0.00051,0.60979,-0.057,1.833,1.834,10.39,0
6.705,0.0198,0.00051,0.60979,-0.057,1.833,1.834,10.39,0
6.71,0.0198,0.00051,0.60979,-0.057,1.833,1.834,10.39,0
6.715,0.0198,0.00051,0.60979,-0.057,1.834,1.834,10.39,0
6.72,0.0198,0.00051,0.60979,-0.057,1.834,1.834,10.39,0
6.725,0.0198,0.00051,0.60979,-0.057,1.834,1.834,10.39,0
6.73,0.0198,0.00051,0.60979,-0.057,1.834,1.835,10.39,0
6.735,0.0198,0.00051,0.60979,-0.057,1.834,1.835,10.39,0
6.74,0.0198,0.00051,0.60979,-0.057,1.834,1.835,10.39,0
6.745,0.0198,0.00051,0.60979,-0.057,1.834,1.835,10.39,0
6.75,0.0198,0.00051,0.60979,-0.057,1.834,1.835,10.39,0
6.755,0.0198,0.00051,0.60979,-0.057,1.834,1.835,10.39,0
6.76,0.0198,0.00051,0.60979,-0.057,1.834,1.835,10.39,0
6.765,0.0198,0.00051,0.60979,-0.057,1.834,1.835,10.39,0
6.77,0.0198,0.00051,0.60979,-0.057,1.834,1.835,10.39,0
6.775,0.0198,0.00051,0.60979,-0.057,1.834,1.835,10.39,0
6.78,0.0198,0.00051,0.60979,-0.057,1.834,1.835,10.39,0
6.785,0.0198,0.00051,0.60979,-0.057,1.834,1.835,10.39,0
6.79,0.0198,0.00051,0.60979,-0.057,1.834,1.835,10.39,0
6.795,0.0198,0.00051,0.60979,-0.057,1.834,1.835,10.39,0
6.8,0.0198,0.00051,0.60979,-0.057,1.834,1.835,10.39,0
6.805,0.0198,0.00051,0.60979,-0.057,1.834,1.835,10.39,0
6.81,0.0198,0.00051,0.60979,-0.057,1.834,1.835,10.39,0
6.815,0.0198,0.00051,0.60979,-0.057,1.834,1.835,10.39,0
6.82,0.0198,0.00051,0.60979,-0.057,1.834,1.835,10.39,0
6.825,0.0198,0.00051,0.60979,-0.057,1.834,1.835,10.39,0
6.83,0.0198,0.00051,0.60979,-0.057,1.834,1.835,10.39,0
6.835,0.0198,0.00051,0.60979,-0.057,1.834,1.835,10.39,0
6.84,0.0198,0.00051,0.60979,-0.057,1.834,1.835,10.39,0
6.845,0.0198,0.00051,0.60979,-0.057,1.835,1.835,10.39,0
6.85,0.0198,0.00051,0.60979,-0.057,1.835,1.835,10.39,0
6.855,0.0198,0.00051,0.60979,-0.057,1.835,1.835,10.39,0
6.86,0.0198,0.00051,0.60979,-0.057,1.835,1.836,10.39,0
6.865,0.0198,0.00051,0.60979,-0.057,1.835,1.836,10.39,0
6.87,0.0198,0.00051,0.60979,-0.057,1.835,1.836,10.39,0
6.875,0.0198,0.00051,0.60979,-0.057,1.835,1.836,10.39,0
6.88,0.0198,0.00051,0.60979,-0.057,1.835,1.836,10.39,0
6.885,0.0198,0.00051,0.60979,-0.057,1.835,1.836,10.39,0
6.89,0.0198,0.00051,0.60979,-0.057,1.835,1.836,10.39,0
6.895,0.0198,0.00051,0.60979,-0.057,1.835,1.836,10.39,0
6.9,0.0198,0.00051,0.60979,-0.057,1.835,1.836,10.39,0
6.905,0.0198,0.00051,0.60979,-0.057,1.835,1.836,10.39,0
6.91,0.0198,0.00051,0.60979,-0.057,1.835,1.836,10.39,0
6.915,0.0198,0.00051,0.60979,-0.057,1.835,1.836,10.39,0
6.92,0.0198,0.00051,0.60979,-0.057,1.835,1.836,10.39,0
6.925,0.0198,0.00051,0.60979,-0.057,1.835,1.836,10.39,0
6.93,0.0198,0.00051,0.60979,-0.057,1.835,1.836,10.39,0
6.935,0.0198,0.00051,0.60979,-0.057,1.835,1.836,10.39,0
6.94,0.0198,0.00051,0.60979,-0.057,1.835,1.836,10.39,0
6.945,0.0198,0.00051,0.60979,-0.057,1.835,1.836,10.39,0
6.95,0.0198,0.00051,0.60979,-0.057,1.835,1.836,10.39,0
6.955,0.0198,0.00051,0.60979,-0.057,1.835,1.836,10.39,0
6.96,0.01981,0.00051,0.60979,-0.057,1.835,1.836,10.39,0
6.965,0.01981,0.00051,0.60979,-0.057,1.835,1.836,10.39,0
6.97,0.01981,0.00051,0.60979,-0.057,1.835,1.836,10.39,0
6.975,0.01981,0.00051,0.60979,-0.057,1.835,1.836,10.39,0
6.98,0.01981,0.00051,0.60979,-0.057,1.835,1.836,10.39,0
6.985,0.01981,0.00051,0.60979,-0.057,1.836,1.836,10.39,0
6.99,0.01981,0.00051,0.60979,-0.057,1.836,1.836,10.39,0
6.995,0.01981,0.00051,0.60979,-0.057,1.836,1.836,10.39,0
7.0,0.01981,0.00051,0.60979,-0.057,1.836,1.837,10.39,0
7.005,0.01981,0.00051,0.60979,-0.057,1.836,1.837,10.39,0
7.01,0.01981,0.00051,0.60979,-0.057,1.836,1.837,10.39,0
7.015,0.01981,0.00051,0.60979,-0.057,1.836,1.837,10.39,0
7.02,0.01981,0.00051,0.60979,-0.057,1.836,1.837,10.39,0
7.025,0.01981,0.00051,0.60979,-0.057,1.836,1.837,10.39,0
7.03,0.01981,0.00051,0.60979,-0.057,1.836,1.837,10.39,0
7.035,0.01981,0.00051,0.60979,-0.057,1.836,1.837,10.39,0
7.04,0.01981,0.00051,0.60979,-0.057,1.836,1.837,10.39,0
7.045,0.01981,0.00051,0.60979,-0.057,1.836,1.837,10.39,0
7.05,0.01981,0.00051,0.60979,-0.057,1.836,1.837,10.39,0
7.055,0.01981,0.00051,0.60979,-0.057,1.836,1.837,10.39,0
7.06,0.01981,0.00051,0.60979,-0.057,1.836,1.837,10.39,0
7.065,0.01981,0.00051,0.60979,-0.057,1.836,1.837,10.39,0
7.07,0.01981,0.00051,0.60979,-0.057,1.836,1.837,10.39,0
7.075,0.01981,0.00051,0.60979,-0.057,1.836,1.837,10.39,0
7.08,0.01981,0.00051,0.60979,-0.057,1.836,1.837,10.39,0
7.085,0.01981,0.00051,0.60979,-0.057,1.836,1.837,10.39,0
7.09,0.01981,0.00051,0.60979,-0.057,1.836,1.837,10.39,0
7.095,0.01981,0.00051,0.60979,-0.057,1.836,1.837,10.39,0
7.1,0.01981,0.00051,0.60979,-0.057,1.836,1.837,10.39,0
7.105,0.01981,0.00051,0.60979,-0.057,1.836,1.837,10.39,0
7.11,0.01981,0.00051,0.60979,-0.057,1.836,1.837,10.39,0
7.115,0.01981,0.00051,0.60979,-0.057,1.836,1.837,10.39,0
7.12,0.01981,0.00051,0.60979,-0.057,1.836,1.837,10.39,0
7.125,0.01981,0.00051,0.60979,-0.057,1.837,1.837,10.39,0
7.13,0.01981,0.00051,0.60979,-0.057,1.837,1.837,10.39,0
7.135,0.01981,0.00051,0.60979,-0.057,1.837,1.837,10.39,0
7.14,0.01981,0.00051,0.60979,-0.057,1.837,1.838,10.39,0
7.145,0.01981,0.00051,0.60979,-0.057,1.837,1.838,10.39,0
7.15,0.01981,0.00051,0.60979,-0.057,1.837,1.838,10.39,0
7.155,0.01981,0.00051,0.60979,-0.057,1.837,1.838,10.39,0
7.16,0.01981,0.00051,0.60979,-0.057,1.837,1.838,10.39,0
7.165,0.01981,0.00051,0.60979,-0.057,1.837,1.838,10.39,0
7.17,0.01981,0.00051,0.60979,-0.057,1.837,1.838,10.39,0
7.175,0.01981,0.00051,0.60979,-0.057,1.837,1.838,10.39,0
7.18,0.01981,0.00051,0.60979,-0.057,1.837,1.838,10.39,0
7.185,0.01981,0.00051,0.60979,-0.057,1.837,1.838,10.39,0
7.19,0.01981,0.00051,0.60979,-0.057,1.837,1.838,10.39,0
7.195,0.01981,0.00051,0.60979,-0.057,1.837,1.838,10.39,0
7.2,0.01981,0.00051,0.60978,-0.057,1.837,1.838,10.39,0
7.205,0.01981,0.00051,0.60978,-0.057,1.837,1.838,10.39,0
7.21,0.01981,0.00051,0.60978,-0.057,1.837,1.838,10.39,0
7.215,0.01981,0.00051,0.60978,-0.057,1.837,1.838,10.39,0
7.22,0.01981,0.00051,0.60978,-0.057,1.837,1.838,10.39,0
7.225,0.01981,0.00051,0.60978,-0.057,1.837,1.838,10.39,0
7.23,0.01981,0.00051,0.60978,-0.057,1.837,1.838,10.39,0
7.235,0.01981,0.00051,0.60978,-0.057,1.837,1.838,10.39,0
7.24,0.01981,0.00051,0.60978,-0.057,1.838,1.838,10.39,0
7.245,0.01981,0.00051,0.60978,-0.057,1.838,1.838,10.39,0
7.25,0.01981,0.00051,0.60978,-0.057,1.838,1.838,10.39,0
7.255,0.01981,0.00051,0.60978,-0.057,1.838,1.839,10.39,0
7.26,0.01981,0.00051,0.60978,-0.057,1.838,1.839,10.39,0
7.265,0.01981,0.00051,0.60978,-0.057,1.838,1.839,10.39,0
7.27,0.01981,0.00051,0.60978,-0.057,1.838,1.839,10.39,0
7.275,0.01981,0.00051,0.60978,-0.057,1.838,1.839,10.39,0
7.28,0.01982,0.00051,0.60978,-0.057,1.838,1.839,10.39,0
7.285,0.01982,0.00051,0.60978,-0.057,1.838,1.839,10.39,0
7.29,0.01982,0.00051,0.60978,-0.057,1.838,1.839,10.39,0
7.295,0.01982,0.00051,0.60978,-0.057,1.838,1.839,10.39,0
7.3,0.01982,0.00051,0.60978,-0.057,1.838,1.839,10.39,0
7.305,0.01982,0.00051,0.60978,-0.057,1.838,1.839,10.39,0
7.31,0.01982,0.00051,0.60978,-0.057,1.838,1.839,10.39,0
7.315,0.01982,0.00051,0.60978,-0.057,1.838,1.839,10.39,0
7.32,0.01982,0.00051,0.60978,-0.057,1.838,1.839,10.39,0
7.325,0.01982,0.00051,0.60978,-0.057,1.838,1.839,10.39,0
7.33,0.01982,0.00051,0.60978,-0.057,1.838,1.839,10.39,0
7.335,0.01982,0.00051,0.60978,-0.057,1.838,1.839,10.39,0
7.34,0.01982,0.00051,0.60978,-0.057,1.839,1.839,10.39,0
7.345,0.01982,0.00051,0.60978,-0.057,1.839,1.839,10.39,0
7.35,0.01982,0.00051,0.60978,-0.057,1.839,1.84,10.39,0
7.355,0.01982,0.00051,0.60978,-0.057,1.839,1.84,10.39,0
7.36,0.01982,0.00051,0.60978,-0.057,1.839,1.84,10.39,0
7.365,0.01982,0.00051,0.60978,-0.057,1.839,1.84,10.39,0
7.37,0.01982,0.00051,0.60978,-0.057,1.839,1.84,10.39,0
7.375,0.01982,0.00051,0.60978,-0.057,1.839,1.84,10.39,0
7.38,0.01982,0.00051,0.60978,-0.057,1.839,1.84,10.39,0
7.385,0.01982,0.00051,0.60978,-0.057,1.839,1.84,10.39,0
7.39,0.01982,0.00051,0.60978,-0.057,1.839,1.84,10.39,0
7.395,0.01982,0.00051,0.60978,-0.057,1.839,1.84,10.39,0
7.4,0.01982,0.00051,0.60978,-0.057,1.839,1.84,10.39,0
7.405,0.01982,0.00051,0.60978,-0.057,1.839,1.84,10.39,0
7.41,0.01982,0.00051,0.60978,-0.057,1.839,1.84,10.39,0
7.415,0.01982,0.00051,0.60978,-0.057,1.839,1.84,10.39,0
7.42,0.01982,0.00051,0.60978,-0.057,1.839,1.84,10.39,0
7.425,0.01982,0.00051,0.60978,-0.057,1.839,1.84,10.39,0
7.43,0.01982,0.00051,0.60978,-0.057,1.839,1.84,10.39,0
7.435,0.01982,0.00051,0.60978,-0.057,1.84,1.84,10.39,0
7.44,0.01982,0.00051,0.60978,-0.057,1.84,1.84,10.39,0
7.445,0.01982,0.00051,0.60978,-0.057,1.84,1.84,10.39,0
7.45,0.01982,0.00051,0.60978,-0.057,1.84,1.841,10.39,0
7.455,0.01982,0.00051,0.60978,-0.057,1.84,1.841,10.39,0
7.46,0.01982,0.00051,0.60978,-0.057,1.84,1.841,10.39,0
7.465,0.01982,0.00051,0.60978,-0.057,1.84,1.841,10.39,0
7.47,0.01982,0.00051,0.60978,-0.057,1.84,1.841,10.39,0
7.475,0.01982,0.00051,0.60978,-0.057,1.84,1.841,10.39,0
7.48,0.01983,0.00051,0.60978,-0.057,1.84,1.841,10.39,0
7.485,0.01983,0.00051,0.60978,-0.057,1.84,1.841,10.39,0
7.49,0.01983,0.00051,0.60978,-0.057,1.84,1.841,10.39,0
7.495,0.01983,0.00051,0.60978,-0.057,1.84,1.841,10.39,0
7.5,0.01983,0.00051,0.60978,-0.057,1.84,1.841,10.39,0
7.505,0.01983,0.00051,0.60978,-0.057,1.84,1.841,10.39,0
7.51,0.01983,0.00051,0.60978,-0.057,1.84,1.841,10.39,0
7.515,0.01983,0.00051,0.60978,-0.057,1.84,1.841,10.39,0
7.52,0.01983,0.00051,0.60978,-0.057,1.84,1.841,10.39,0
7.525,0.01983,0.00051,0.60978,-0.057,1.84,1.841,10.39,0
7.53,0.01983,0.00051,0.60978,-0.057,1.84,1.841,10.39,0
7.535,0.01983,0.00051,0.60978,-0.057,1.84,1.841,10.39,0
7.54,0.01983,0.00051,0.60978,-0.057,1.841,1.841,10.39,0
7.545,0.01983,0.00051,0.60978,-0.057,1.841,1.841,10.39,0
7.55,0.01983,0.00051,0.60978,-0.057,1.841,1.841,10.39,0
7.555,0.01983,0.00051,0.60978,-0.057,1.841,1.842,10.39,0
7.56,0.01983,0.00051,0.60978,-0.057,1.841,1.842,10.4,0
7.565,0.01983,0.00051,0.60978,-0.057,1.841,1.842,10.4,0
7.57,0.01983,0.00051,0.60978,-0.057,1.841,1.842,10.4,0
7.575,0.01983,0.00051,0.60978,-0.057,1.841,1.842,10.4,0
7.58,0.01983,0.00051,0.60978,-0.057,1.841,1.842,10.4,0
7.585,0.01983,0.00051,0.60978,-0.057,1.841,1.842,10.4,0
7.59,0.01983,0.00051,0.60978,-0.057,1.841,1.842,10.4,0
7.595,0.01983,0.00051,0.60978,-0.057,1.841,1.842,10.4,0
7.6,0.01983,0.00051,0.60978,-0.057,1.841,1.842,10.4,0
7.605,0.01983,0.00051,0.60978,-0.057,1.841,1.842,10.4,0
7.61,0.01983,0.00051,0.60978,-0.057,1.841,1.842,10.4,0
7.615,0.01983,0.00051,0.60978,-0.057,1.841,1.842,10.4,0
7.62,0.01983,0.00051,0.60978,-0.057,1.841,1.842,10.4,0
7.625,0.01983,0.00051,0.60978,-0.057,1.841,1.842,10.4,0
7.63,0.01983,0.00051,0.60978,-0.057,1.841,1.842,10.4,0
7.635,0.01983,0.00051,0.60978,-0.057,1.841,1.842,10.4,0
7.64,0.01983,0.00051,0.60978,-0.057,1.841,1.842,10.4,0
7.645,0.01983,0.00051,0.60978,-0.057,1.841,1.842,10.4,0
7.65,0.01983,0.00051,0.60978,-0.057,1.841,1.842,10.4,0
7.655,0.01983,0.00051,0.60978,-0.057,1.841,1.842,10.4,0
7.66,0.01983,0.00051,0.60978,-0.057,1.842,1.842,10.4,0
7.665,0.01983,0.00051,0.60978,-0.057,1.842,1.842,10.4,0
7.67,0.01983,0.00051,0.60978,-0.057,1.842,1.842,10.4,0
7.675,0.01983,0.00051,0.60978,-0.057,1.842,1.843,10.4,0
7.68,0.01983,0.00051,0.60978,-0.057,1.842,1.843,10.4,0
7.685,0.01983,0.00051,0.60978,-0.057,1.842,1.843,10.4,0
7.69,0.01983,0.00051,0.60978,-0.057,1.842,1.843,10.4,0
7.695,0.01983,0.00051,0.60978,-0.057,1.842,1.843,10.4,0
7.7,0.01983,0.00051,0.60978,-0.057,1.842,1.843,10.4,0
7.705,0.01983,0.00051,0.60978,-0.057,1.842,1.843,10.4,0
7.71,0.01983,0.00051,0.60978,-0.057,1.842,1.843,10.4,0
7.715,0.01983,0.00051,0.60978,-0.057,1.842,1.843,10.4,0
7.72,0.01983,0.00051,0.60978,-0.057,1.842,1.843,10.4,0
7.725,0.01983,0.00051,0.60978,-0.057,1.842,1.843,10.4,0
7.73,0.01983,0.00051,0.60978,-0.057,1.842,1.843,10.4,0
7.735,0.01983,0.0005,0.60978,-0.057,1.842,1.843,10.4,0
7.74,0.01983,0.0005,0.60978,-0.057,1.842,1.843,10.4,0
7.745,0.01983,0.0005,0.60978,-0.057,1.842,1.843,10.4,0
7.75,0.01984,0.0005,0.60978,-0.057,1.842,1.843,10.4,0
7.755,0.01984,0.0005,0.60978,-0.057,1.842,1.843,10.4,0
7.76,0.01984,0.0005,0.60978,-0.057,1.842,1.843,10.4,0
7.765,0.01984,0.0005,0.60978,-0.057,1.842,1.843,10.4,0
7.77,0.01984,0.0005,0.60978,-0.057,1.842,1.843,10.4,0
7.775,0.01984,0.0005,0.60978,-0.057,1.842,1.843,10.4,0
7.78,0.01984,0.0005,0.60978,-0.057,1.842,1.843,10.4,0
7.785,0.01984,0.0005,0.60978,-0.057,1.843,1.843,10.4,0
7.79,0.01984,0.0005,0.60978,-0.057,1.843,1.843,10.4,0
7.795,0.01984,0.0005,0.60978,-0.057,1.843,1.843,10.4,0
7.8,0.01984,0.0005,0.60978,-0.057,1.843,1.844,10.4,0
7.805,0.01984,0.0005,0.60978,-0.057,1.843,1.844,10.4,0
7.81,0.01984,0.0005,0.60978,-0.057,1.843,1.844,10.4,0
7.815,0.01984,0.0005,0.60978,-0.057,1.843,1.844,10.4,0
7.82,0.01984,0.0005,0.60978,-0.057,1.843,1.844,10.4,0
7.825,0.01984,0.0005,0.60978,-0.057,1.843,1.844,10.4,0
7.83,0.01984,0.0005,0.60978,-0.057,1.843,1.844,10.4,0
7.835,0.01984,0.0005,0.60978,-0.057,1.843,1.844,10.4,0
7.84,0.01984,0.0005,0.60978,-0.057,1.843,1.844,10.4,0
7.845,0.01984,0.0005,0.60978,-0.057,1.843,1.844,10.4,0
7.85,0.01984,0.0005,0.60978,-0.057,1.843,1.844,10.4,0
7.855,0.01984,0.0005,0.60978,-0.057,1.843,1.844,10.4,0
7.86,0.01984,0.0005,0.60978,-0.057,1.843,1.844,10.4,0
7.865,0.01984,0.0005,0.60978,-0.057,1.843,1.844,10.4,0
7.87,0.01984,0.0005,0.60978,-0.057,1.843,1.844,10.4,0
7.875,0.01984,0.0005,0.60978,-0.057,1.843,1.844,10.4,0
7.88,0.01984,0.0005,0.60978,-0.057,1.843,1.844,10.4,0
7.885,0.01984,0.0005,0.60978,-0.057,1.843,1.844,10.4,0
7.89,0.01984,0.0005,0.60978,-0.057,1.843,1.844,10.4,0
7.895,0.01984,0.0005,0.60978,-0.057,1.843,1.844,10.4,0
7.9,0.01984,0.0005,0.60978,-0.057,1.843,1.844,10.4,0
7.905,0.01984,0.0005,0.60978,-0.057,1.843,1.844,10.4,0
7.91,0.01984,0.0005,0.60978,-0.057,1.844,1.844,10.4,0
7.915,0.01984,0.0005,0.60978,-0.057,1.844,1.844,10.4,0
7.92,0.01984,0.0005,0.60978,-0.057,1.844,1.844,10.4,0
7.925,0.01984,0.0005,0.60978,-0.057,1.844,1.845,10.4,0
7.93,0.01984,0.0005,0.60978,-0.057,1.844,1.845,10.4,0
7.935,0.01984,0.0005,0.60978,-0.057,1.844,1.845,10.4,0
7.94,0.01984,0.0005,0.60978,-0.057,1.844,1.845,10.4,0
7.945,0.01984,0.0005,0.60978,-0.057,1.844,1.845,10.4,0
7.95,0.01984,0.0005,0.60978,-0.057,1.844,1.845,10.4,0
7.955,0.01984,0.0005,0.60978,-0.057,1.844,1.845,10.4,0
7.96,0.01984,0.0005,0.60978,-0.057,1.844,1.845,10.4,0
7.965,0.01984,0.0005,0.60978,-0.057,1.844,1.845,10.4,0
7.97,0.01984,0.0005,0.60978,-0.057,1.844,1.845,10.4,0
7.975,0.01984,0.0005,0.60978,-0.057,1.844,1.845,10.4,0
7.98,0.01984,0.0005,0.60978,-0.057,1.844,1.845,10.4,0
7.985,0.01984,0.0005,0.60978,-0.057,1.844,1.845,10.4,0
7.99,0.01984,0.0005,0.60978,-0.057,1.844,1.845,10.4,0
7.995,0.01984,0.0005,0.60978,-0.057,1.844,1.845,10.4,0
8.0,0.01984,0.0005,0.60978,-0.057,1.844,1.845,10.4,0
8.005,0.01984,0.0005,0.60978,-0.057,1.844,1.845,10.4,0
8.01,0.01984,0.0005,0.60978,-0.057,1.844,1.845,10.4,0
8.015,0.01984,0.0005,0.60978,-0.057,1.844,1.845,10.4,0
8.02,0.01984,0.0005,0.60978,-0.057,1.844,1.845,10.4,0
8.025,0.01984,0.0005,0.60978,-0.057,1.844,1.845,10.4,0
8.03,0.01985,0.0005,0.60978,-0.057,1.844,1.845,10.4,0
8.035,0.01985,0.0005,0.60978,-0.057,1.844,1.845,10.4,0
8.04,0.01985,0.0005,0.60978,-0.057,1.845,1.845,10.4,0
8.045,0.01985,0.0005,0.60978,-0.057,1.845,1.845,10.4,0
8.05,0.01985,0.0005,0.60978,-0.057,1.845,1.845,10.4,0
8.055,0.01985,0.0005,0.60978,-0.057,1.845,1.845,10.4,0
8.06,0.01985,0.0005,0.60978,-0.057,1.845,1.846,10.4,0
8.065,0.01985,0.0005,0.60978,-0.057,1.845,1.846,10.4,0
8.07,0.01985,0.0005,0.60978,-0.057,1.845,1.846,10.4,0
8.075,0.01985,0.0005,0.60978,-0.057,1.845,1.846,10.4,0
8.08,0.01985,0.0005,0.60978,-0.057,1.845,1.846,10.4,0
8.085,0.01985,0.0005,0.60978,-0.057,1.845,1.846,10.4,0
8.09,0.01985,0.0005,0.60978,-0.057,1.845,1.846,10.4,0
8.095,0.01985,0.0005,0.60978,-0.057,1.845,1.846,10.4,0
8.1,0.01985,0.0005,0.60978,-0.057,1.845,1.846,10.4,0
8.105,0.01985,0.0005,0.60978,-0.057,1.845,1.846,10.4,0
8.11,0.01985,0.0005,0.60978,-0.057,1.845,1.846,10.4,0
8.115,0.01985,0.0005,0.60978,-0.057,1.845,1.846,10.4,0
8.12,0.01985,0.0005,0.60978,-0.057,1.845,1.846,10.4,0
8.125,0.01985,0.0005,0.60978,-0.057,1.845,1.846,10.4,0
8.13,0.01985,0.0005,0.60978,-0.057,1.845,1.846,10.4,0
8.135,0.01985,0.0005,0.60978,-0.057,1.845,1.846,10.4,0
8.14,0.01985,0.0005,0.60978,-0.057,1.845,1.846,10.4,0
8.145,0.01985,0.0005,0.60978,-0.057,1.845,1.846,10.4,0
8.15,0.01985,0.0005,0.60978,-0.057,1.845,1.846,10.4,0
8.155,0.01985,0.0005,0.60978,-0.057,1.845,1.846,10.4,0
8.16,0.01985,0.0005,0.60978,-0.057,1.845,1.846,10.4,0
8.165,0.01985,0.0005,0.60978,-0.057,1.845,1.846,10.4,0
8.17,0.01985,0.0005,0.60978,-0.057,1.845,1.846,10.4,0
8.175,0.01985,0.0005,0.60978,-0.057,1.845,1.846,10.4,0
8.18,0.01985,0.0005,0.60978,-0.057,1.846,1.846,10.4,0
8.185,0.01985,0.0005,0.60978,-0.057,1.846,1.846,10.4,0
8.19,0.01985,0.0005,0.60978,-0.057,1.846,1.846,10.4,0
8.195,0.01985,0.0005,0.60978,-0.057,1.846,1.846,10.4,0
8.2,0.01985,0.0005,0.60978,-0.057,1.846,1.847,10.4,0
8.205,0.01985,0.0005,0.60978,-0.057,1.846,1.847,10.4,0
8.21,0.01985,0.0005,0.60978,-0.057,1.846,1.847,10.4,0
8.215,0.01985,0.0005,0.60978,-0.057,1.846,1.847,10.4,0
8.22,0.01985,0.0005,0.60978,-0.057,1.846,1.847,10.4,0
8.225,0.01985,0.0005,0.60978,-0.057,1.846,1.847,10.4,0
8.23,0.01985,0.0005,0.60978,-0.057,1.846,1.847,10.4,0
8.235,0.01985,0.0005,0.60978,-0.057,1.846,1.847,10.4,0
8.24,0.01985,0.0005,0.60978,-0.057,1.846,1.847,10.4,0
8.245,0.01985,0.0005,0.60978,-0.057,1.846,1.847,10.4,0
8.25,0.01985,0.0005,0.60978,-0.057,1.846,1.847,10.4,0
8.255,0.01985,0.0005,0.60978,-0.057,1.846,1.847,10.4,0
8.26,0.01985,0.0005,0.60978,-0.057,1.846,1.847,10.4,0
8.265,0.01985,0.0005,0.60978,-0.057,1.846,1.847,10.4,0
8.27,0.01985,0.0005,0.60978,-0.057,1.846,1.847,10.4,0
8.275,0.01985,0.0005,0.60978,-0.057,1.846,1.847,10.4,0
8.28,0.01985,0.0005,0.60978,-0.057,1.846,1.847,10.4,0
8.285,0.01985,0.0005,0.60978,-0.057,1.846,1.847,10.4,0
8.29,0.01985,0.0005,0.60978,-0.057,1.846,1.847,10.4,0
8.295,0.01985,0.0005,0.60978,-0.057,1.846,1.847,10.4,0
8.3,0.01985,0.0005,0.60978,-0.057,1.846,1.847,10.4,0
8.305,0.01985,0.0005,0.60978,-0.057,1.846,1.847,10.4,0
8.31,0.01985,0.0005,0.60978,-0.057,1.846,1.847,10.4,0
8.315,0.01985,0.0005,0.60978,-0.057,1.846,1.847,10.4,0
8.32,0.01985,0.0005,0.60978,-0.057,1.846,1.847,10.4,0
8.325,0.01985,0.0005,0.60978,-0.057,1.846,1.847,10.4,0
8.33,0.01985,0.0005,0.60978,-0.057,1.846,1.847,10.4,0
8.335,0.01985,0.0005,0.60978,-0.057,1.847,1.847,10.4,0
8.34,0.01985,0.0005,0.60978,-0.057,1.847,1.847,10.4,0
8.345,0.01985,0.0005,0.60978,-0.057,1.847,1.847,10.4,0
8.35,0.01985,0.0005,0.60978,-0.057,1.847,1.847,10.4,0
8.355,0.01986,0.0005,0.60978,-0.057,1.847,1.848,10.4,0
8.36,0.01986,0.0005,0.60978,-0.057,1.847,1.848,10.4,0
8.365,0.01986,0.0005,0.60978,-0.057,1.847,1.848,10.4,0
8.37,0.01986,0.0005,0.60978,-0.057,1.847,1.848,10.4,0
8.375,0.01986,0.0005,0.60978,-0.057,1.847,1.848,10.4,0
8.38,0.01986,0.0005,0.60978,-0.057,1.847,1.848,10.4,0
8.385,0.01986,0.0005,0.60978,-0.057,1.847,1.848,10.4,0
8.39,0.01986,0.0005,0.60978,-0.057,1.847,1.848,10.4,0
8.395,0.01986,0.0005,0.60978,-0.057,1.847,1.848,10.4,0
8.4,0.01986,0.0005,0.60978,-0.057,1.847,1.848,10.4,0
8.405,0.01986,0.0005,0.60978,-0.057,1.847,1.848,10.4,0
8.41,0.01986,0.0005,0.60978,-0.057,1.847,1.848,10.4,0
8.415,0.01986,0.0005,0.60978,-0.057,1.847,1.848,10.4,0
8.42,0.01986,0.0005,0.60978,-0.057,1.847,1.848,10.4,0
8.425,0.01986,0.0005,0.60978,-0.057,1.847,1.848,10.4,0
8.43,0.01986,0.0005,0.60978,-0.057,1.847,1.848,10.4,0
8.435,0.01986,0.0005,0.60978,-0.057,1.847,1.848,10.4,0
8.44,0.01986,0.0005,0.60978,-0.057,1.847,1.848,10.4,0
8.445,0.01986,0.0005,0.60978,-0.057,1.847,1.848,10.4,0
8.45,0.01986,0.0005,0.60978,-0.057,1.847,1.848,10.4,0
8.455,0.01986,0.0005,0.60978,-0.057,1.847,1.848,10.4,0
8.46,0.01986,0.0005,0.60978,-0.057,1.847,1.848,10.4,0
8.465,0.01986,0.0005,0.60978,-0.057,1.847,1.848,10.4,0
8.47,0.01986,0.0005,0.60978,-0.057,1.847,1.848,10.4,0
8.475,0.01986,0.0005,0.60978,-0.057,1.847,1.848,10.4,0
8.48,0.01986,0.0005,0.60978,-0.057,1.847,1.848,10.4,0
8.485,0.01986,0.0005,0.60978,-0.057,1.847,1.848,10.4,0
8.49,0.01986,0.0005,0.60978,-0.057,1.847,1.848,10.4,0
8.495,0.01986,0.0005,0.60978,-0.057,1.848,1.848,10.4,0
8.5,0.01986,0.0005,0.60978,-0.057,1.848,1.848,10.4,0
8.505,0.01986,0.0005,0.60978,-0.057,1.848,1.848,10.4,0
8.51,0.01986,0.0005,0.60978,-0.057,1.848,1.848,10.4,0
8.515,0.01986,0.0005,0.60978,-0.057,1.848,1.849,10.4,0
8.52,0.01986,0.0005,0.60978,-0.057,1.848,1.849,10.4,0
8.525,0.01986,0.0005,0.60978,-0.057,1.848,1.849,10.4,0
8.53,0.01986,0.0005,0.60978,-0.057,1.848,1.849,10.4,0
8.535,0.01986,0.0005,0.60978,-0.057,1.848,1.849,10.4,0
8.54,0.01986,0.0005,0.60978,-0.057,1.848,1.849,10.4,0
8.545,0.01986,0.0005,0.60978,-0.057,1.848,1.849,10.4,0
8.55,0.01986,0.0005,0.60978,-0.057,1.848,1.849,10.4,0
8.555,0.01986,0.0005,0.60978,-0.057,1.848,1.849,10.4,0
8.56,0.01986,0.0005,0.60978,-0.057,1.848,1.849,10.4,0
8.565,0.01986,0.0005,0.60978,-0.057,1.848,1.849,10.4,0
8.57,0.01986,0.0005,0.60978,-0.057,1.848,1.849,10.4,0
8.575,0.01986,0.0005,0.60978,-0.057,1.848,1.849,10.4,0
8.58,0.01986,0.0005,0.60978,-0.057,1.848,1.849,10.4,0
8.585,0.01986,0.0005,0.60978,-0.057,1.848,1.849,10.4,0
8.59,0.01986,0.0005,0.60978,-0.057,1.848,1.849,10.4,0
8.595,0.01986,0.0005,0.60978,-0.057,1.848,1.849,10.4,0
8.6,0.01986,0.0005,0.60978,-0.057,1.848,1.849,10.4,0
8.605,0.01986,0.0005,0.60978,-0.057,1.848,1.849,10.4,0
8.61,0.01986,0.0005,0.60978,-0.057,1.848,1.849,10.4,0
8.615,0.01986,0.0005,0.60978,-0.057,1.848,1.849,10.4,0
8.62,0.01986,0.0005,0.60978,-0.057,1.848,1.849,10.4,0
8.625,0.01986,0.0005,0.60978,-0.057,1.848,1.849,10.4,0
8.63,0.01986,0.0005,0.60978,-0.057,1.848,1.849,10.4,0
8.635,0.01986,0.0005,0.60978,-0.057,1.848,1.849,10.4,0
8.64,0.01986,0.0005,0.60978,-0.057,1.848,1.849,10.4,0
8.645,0.01986,0.0005,0.60978,-0.057,1.848,1.849,10.4,0
8.65,0.01986,0.0005,0.60978,-0.057,1.848,1.849,10.4,0
8.655,0.01986,0.0005,0.60978,-0.057,1.848,1.849,10.4,0
8.66,0.01986,0.0005,0.60978,-0.057,1.848,1.849,10.4,0
8.665,0.01986,0.0005,0.60978,-0.057,1.849,1.849,10.4,0
8.67,0.01986,0.0005,0.60978,-0.057,1.849,1.849,10.4,0
8.675,0.01986,0.0005,0.60978,-0.057,1.849,1.849,10.4,0
8.68,0.01986,0.0005,0.60978,-0.057,1.849,1.849,10.4,0
8.685,0.01986,0.0005,0.60978,-0.057,1.849,1.85,10.4,0
8.69,0.01986,0.0005,0.60978,-0.057,1.849,1.85,10.4,0
8.695,0.01986,0.0005,0.60978,-0.057,1.849,1.85,10.4,0
8.7,0.01986,0.0005,0.60978,-0.057,1.849,1.85,10.4,0
8.705,0.01986,0.0005,0.60978,-0.057,1.849,1.85,10.4,0
8.71,0.01986,0.0005,0.60978,-0.057,1.849,1.85,10.4,0
8.715,0.01986,0.0005,0.60978,-0.057,1.849,1.85,10.4,0
8.72,0.01986,0.0005,0.60978,-0.057,1.849,1.85,10.4,0
8.725,0.01987,0.0005,0.60978,-0.057,1.849,1.85,10.4,0
8.73,0.01987,0.0005,0.60978,-0.057,1.849,1.85,10.4,0
8.735,0.01987,0.0005,0.60978,-0.057,1.849,1.85,10.4,0
8.74,0.01987,0.0005,0.60978,-0.057,1.849,1.85,10.4,0
8.745,0.01987,0.0005,0.60978,-0.057,1.849,1.85,10.4,0
8.75,0.01987,0.0005,0.60978,-0.057,1.849,1.85,10.4,0
8.755,0.01987,0.0005,0.60978,-0.057,1.849,1.85,10.4,0
8.76,0.01987,0.0005,0.60978,-0.057,1.849,1.85,10.4,0
8.765,0.01987,0.0005,0.60978,-0.057,1.849,1.85,10.4,0
8.77,0.01987,0.0005,0.60978,-0.057,1.849,1.85,10.4,0
8.775,0.01987,0.0005,0.60978,-0.057,1.849,1.85,10.4,0
8.78,0.01987,0.0005,0.60978,-0.057,1.849,1.85,10.4,0
8.785,0.01987,0.0005,0.60978,-0.057,1.849,1.85,10.4,0
8.79,0.01987,0.0005,0.60978,-0.057,1.849,1.85,10.4,0
8.795,0.01987,0.0005,0.60978,-0.057,1.849,1.85,10.4,0
8.8,0.01987,0.0005,0.60978,-0.057,1.849,1.85,10.4,0
8.805,0.01987,0.0005,0.60978,-0.057,1.849,1.85,10.4,0
8.81,0.01987,0.0005,0.60978,-0.057,1.849,1.85,10.4,0
8.815,0.01987,0.0005,0.60978,-0.057,1.849,1.85,10.4,0
8.82,0.01987,0.0005,0.60978,-0.057,1.849,1.85,10.4,0
8.825,0.01987,0.0005,0.60978,-0.057,1.849,1.85,10.4,0
8.83,0.01987,0.0005,0.60977,-0.057,1.849,1.85,10.4,0
8.835,0.01987,0.0005,0.60977,-0.057,1.849,1.85,10.4,0
8.84,0.01987,0.0005,0.60977,-0.057,1.849,1.85,10.4,0
8.845,0.01987,0.0005,0.60977,-0.057,1.849,1.85,10.4,0
8.85,0.01987,0.0005,0.60977,-0.057,1.85,1.85,10.4,0
8.855,0.01987,0.0005,0.60977,-0.057,1.85,1.85,10.4,0
8.86,0.01987,0.0005,0.60977,-0.057,1.85,1.85,10.4,0
8.865,0.01987,0.0005,0.60977,-0.057,1.85,1.85,10.4,0
8.87,0.01987,0.0005,0.60977,-0.057,1.85,1.85,10.4,0
8.875,0.01987,0.0005,0.60977,-0.057,1.85,1.851,10.4,0
8.88,0.01987,0.0005,0.60977,-0.057,1.85,1.851,10.4,0
8.885,0.01987,0.0005,0.60977,-0.057,1.85,1.851,10.4,0
8.89,0.01987,0.0005,0.60977,-0.057,1.85,1.851,10.4,0
8.895,0.01987,0.0005,0.60977,-0.057,1.85,1.851,10.4,0
8.9,0.01987,0.0005,0.60977,-0.057,1.85,1.851,10.4,0
8.905,0.01987,0.0005,0.60977,-0.057,1.85,1.851,10.4,0
8.91,0.01987,0.0005,0.60977,-0.057,1.85,1.851,10.4,0
8.915,0.01987,0.0005,0.60977,-0.057,1.85,1.851,10.4,0
8.92,0.01987,0.0005,0.60977,-0.057,1.85,1.851,10.4,0
8.925,0.01987,0.0005,0.60977,-0.057,1.85,1.851,10.4,0
8.93,0.01987,0.0005,0.60977,-0.057,1.85,1.851,10.4,0
8.935,0.01987,0.0005,0.60977,-0.057,1.85,1.851,10.4,0
8.94,0.01987,0.0005,0.60977,-0.057,1.85,1.851,10.4,0
8.945,0.01987,0.0005,0.60977,-0.057,1.85,1.851,10.4,0
8.95,0.01987,0.0005,0.60977,-0.057,1.85,1.851,10.4,0
8.955,0.01987,0.0005,0.60977,-0.057,1.85,1.851,10.4,0
8.96,0.01987,0.0005,0.60977,-0.057,1.85,1.851,10.4,0
8.965,0.01987,0.0005,0.60977,-0.057,1.85,1.851,10.4,0
8.97,0.01987,0.0005,0.60977,-0.057,1.85,1.851,10.4,0
8.975,0.01987,0.0005,0.60977,-0.057,1.85,1.851,10.4,0
8.98,0.01987,0.0005,0.60977,-0.057,1.85,1.851,10.4,0
8.985,0.01987,0.0005,0.60977,-0.057,1.85,1.851,10.4,0
8.99,0.01987,0.0005,0.60977,-0.057,1.85,1.851,10.4,0
8.995,0.01987,0.0005,0.60977,-0.057,1.85,1.851,10.4,0
9.0,0.01987,0.0005,0.60977,-0.057,1.85,1.851,10.4,0
9.005,0.01987,0.0005,0.60977,-0.057,1.85,1.851,10.4,0
9.01,0.01987,0.0005,0.60977,-0.057,1.85,1.851,10.4,0
9.015,0.01987,0.0005,0.60977,-0.057,1.85,1.851,10.4,0
9.02,0.01987,0.0005,0.60977,-0.057,1.85,1.851,10.4,0
9.025,0.01987,0.0005,0.60977,-0.057,1.85,1.851,10.4,0
9.03,0.01987,0.0005,0.60977,-0.057,1.85,1.851,10.4,0
9.035,0.01987,0.0005,0.60977,-0.057,1.85,1.851,10.4,0
9.04,0.01987,0.0005,0.60977,-0.057,1.85,1.851,10.4,0
9.045,0.01987,0.0005,0.60977,-0.057,1.85,1.851,10.4,0
9.05,0.01987,0.0005,0.60977,-0.057,1.851,1.851,10.4,0
9.055,0.01987,0.0005,0.60977,-0.057,1.851,1.851,10.4,0
9.06,0.01987,0.0005,0.60977,-0.057,1.851,1.851,10.4,0
9.065,0.01987,0.0005,0.60977,-0.057,1.851,1.851,10.4,0
9.07,0.01987,0.0005,0.60977,-0.057,1.851,1.851,10.4,0
9.075,0.01987,0.0005,0.60977,-0.057,1.851,1.852,10.4,0
9.08,0.01987,0.0005,0.60977,-0.057,1.851,1.852,10.4,0
9.085,0.01987,0.0005,0.60977,-0.057,1.851,1.852,10.4,0
9.09,0.01987,0.0005,0.60977,-0.057,1.851,1.852,10.4,0
9.095,0.01987,0.0005,0.60977,-0.057,1.851,1.852,10.4,0
9.1,0.01987,0.0005,0.60977,-0.057,1.851,1.852,10.4,0
9.105,0.01987,0.0005,0.60977,-0.057,1.851,1.852,10.4,0
9.11,0.01987,0.0005,0.60977,-0.057,1.851,1.852,10.4,0
9.115,0.01987,0.0005,0.60977,-0.057,1.851,1.852,10.4,0
9.12,0.01987,0.0005,0.60977,-0.057,1.851,1.852,10.4,0
9.125,0.01987,0.0005,0.60977,-0.057,1.851,1.852,10.4,0
9.13,0.01987,0.0005,0.60977,-0.057,1.851,1.852,10.4,0
9.135,0.01987,0.0005,0.60977,-0.057,1.851,1.852,10.4,0
9.14,0.01987,0.0005,0.60977,-0.057,1.851,1.852,10.4,0
9.145,0.01987,0.0005,0.60977,-0.057,1.851,1.852,10.4,0
9.15,0.01987,0.0005,0.60977,-0.057,1.851,1.852,10.4,0
9.155,0.01988,0.0005,0.60977,-0.057,1.851,1.852,10.4,0
9.16,0.01988,0.0005,0.60977,-0.057,1.851,1.852,10.4,0
9.165,0.01988,0.0005,0.60977,-0.057,1.851,1.852,10.4,0
9.17,0.01988,0.0005,0.60977,-0.057,1.851,1.852,10.4,0
9.175,0.01988,0.0005,0.60977,-0.057,1.851,1.852,10.4,0
9.18,0.01988,0.0005,0.60977,-0.057,1.851,1.852,10.4,0
9.185,0.01988,0.0005,0.60977,-0.057,1.851,1.852,10.4,0
9.19,0.01988,0.0005,0.60977,-0.057,1.851,1.852,10.4,0
9.195,0.01988,0.0005,0.60977,-0.057,1.851,1.852,10.4,0
9.2,0.01988,0.0005,0.60977,-0.057,1.851,1.852,10.4,0
9.205,0.01988,0.0005,0.60977,-0.057,1.851,1.852,10.4,0
9.21,0.01988,0.0005,0.60977,-0.057,1.851,1.852,10.4,0
9.215,0.01988,0.0005,0.60977,-0.057,1.851,1.852,10.4,0
9.22,0.01988,0.0005,0.60977,-0.057,1.851,1.852,10.4,0
9.225,0.01988,0.0005,0.60977,-0.057,1.851,1.852,10.4,0
9.23,0.01988,0.0005,0.60977,-0.057,1.851,1.852,10.4,0
9.235,0.01988,0.0005,0.60977,-0.057,1.851,1.852,10.4,0
9.24,0.01988,0.0005,0.60977,-0.057,1.851,1.852,10.4,0
9.245,0.01988,0.0005,0.60977,-0.057,1.851,1.852,10.4,0
9.25,0.01988,0.0005,0.60977,-0.057,1.851,1.852,10.4,0
9.255,0.01988,0.0005,0.60977,-0.057,1.851,1.852,10.4,0
9.26,0.01988,0.0005,0.60977,-0.057,1.851,1.852,10.4,0
9.265,0.01988,0.0005,0.60977,-0.057,1.851,1.852,10.4,0
9.27,0.01988,0.0005,0.60977,-0.057,1.852,1.852,10.4,0
9.275,0.01988,0.0005,0.60977,-0.057,1.852,1.852,10.4,0
9.28,0.01988,0.0005,0.60977,-0.057,1.852,1.852,10.4,0
9.285,0.01988,0.0005,0.60977,-0.057,1.852,1.852,10.4,0
9.29,0.01988,0.0005,0.60977,-0.057,1.852,1.852,10.4,0
9.295,0.01988,0.0005,0.60977,-0.057,1.852,1.852,10.4,0
9.3,0.01988,0.0005,0.60977,-0.057,1.852,1.853,10.4,0
9.305,0.01988,0.0005,0.60977,-0.057,1.852,1.853,10.4,0
9.31,0.01988,0.0005,0.60977,-0.057,1.852,1.853,10.4,0
9.315,0.01988,0.0005,0.60977,-0.057,1.852,1.853,10.4,0
9.32,0.01988,0.0005,0.60977,-0.057,1.852,1.853,10.4,0
9.325,0.01988,0.0005,0.60977,-0.057,1.852,1.853,10.4,0
9.33,0.01988,0.0005,0.60977,-0.057,1.852,1.853,10.4,0
9.335,0.01988,0.0005,0.60977,-0.057,1.852,1.853,10.4,0
9.34,0.01988,0.0005,0.60977,-0.057,1.852,1.853,10.4,0
9.345,0.01988,0.0005,0.60977,-0.057,1.852,1.853,10.4,0
9.35,0.01988,0.0005,0.60977,-0.057,1.852,1.853,10.4,0
9.355,0.01988,0.0005,0.60977,-0.057,1.852,1.853,10.4,0
9.36,0.01988,0.0005,0.60977,-0.057,1.852,1.853,10.4,0
9.365,0.01988,0.0005,0.60977,-0.057,1.852,1.853,10.4,0
9.37,0.01988,0.0005,0.60977,-0.057,1.852,1.853,10.4,0
9.375,0.01988,0.0005,0.60977,-0.057,1.852,1.853,10.4,0
9.38,0.01988,0.0005,0.60977,-0.057,1.852,1.853,10.4,0
9.385,0.01988,0.0005,0.60977,-0.057,1.852,1.853,10.4,0
9.39,0.01988,0.0005,0.60977,-0.057,1.852,1.853,10.4,0
9.395,0.01988,0.0005,0.60977,-0.057,1.852,1.853,10.4,0
9.4,0.01988,0.00049,0.60977,-0.057,1.852,1.853,10.4,0
9.405,0.01988,0.00049,0.60977,-0.057,1.852,1.853,10.4,0
9.41,0.01988,0.00049,0.60977,-0.057,1.852,1.853,10.4,0
9.415,0.01988,0.00049,0.60977,-0.057,1.852,1.853,10.4,0
9.42,0.01988,0.00049,0.60977,-0.057,1.852,1.853,10.4,0
9.425,0.01988,0.00049,0.60977,-0.057,1.852,1.853,10.4,0
9.43,0.01988,0.00049,0.60977,-0.057,1.852,1.853,10.4,0
9.435,0.01988,0.00049,0.60977,-0.057,1.852,1.853,10.4,0
9.44,0.01988,0.00049,0.60977,-0.057,1.852,1.853,10.4,0
9.445,0.01988,0.00049,0.60977,-0.057,1.852,1.853,10.4,0
9.45,0.01988,0.00049,0.60977,-0.057,1.852,1.853,10.4,0
9.455,0.01988,0.00049,0.60977,-0.057,1.852,1.853,10.4,0
9.46,0.01988,0.00049,0.60977,-0.057,1.852,1.853,10.4,0
9.465,0.01988,0.00049,0.60977,-0.057,1.852,1.853,10.4,0
9.47,0.01988,0.00049,0.60977,-0.057,1.852,1.853,10.4,0
9.475,0.01988,0.00049,0.60977,-0.057,1.852,1.853,10.4,0
9.48,0.01988,0.00049,0.60977,-0.057,1.852,1.853,10.4,0
9.485,0.01988,0.00049,0.60977,-0.057,1.852,1.853,10.4,0
9.49,0.01988,0.00049,0.60977,-0.057,1.852,1.853,10.4,0
9.495,0.01988,0.00049,0.60977,-0.057,1.852,1.853,10.4,0
9.5,0.01988,0.00049,0.60977,-0.057,1.852,1.853,10.4,0
9.505,0.01988,0.00049,0.60977,-0.057,1.852,1.853,10.4,0
9.51,0.01988,0.00049,0.60977,-0.057,1.853,1.853,10.4,0
9.515,0.01988,0.00049,0.60977,-0.057,1.853,1.853,10.4,0
9.52,0.01988,0.00049,0.60977,-0.057,1.853,1.853,10.4,0
9.525,0.01988,0.00049,0.60977,-0.057,1.853,1.853,10.4,0
9.53,0.01988,0.00049,0.60977,-0.057,1.853,1.853,10.4,0
9.535,0.01988,0.00049,0.60977,-0.057,1.853,1.853,10.4,0
9.54,0.01988,0.00049,0.60977,-0.057,1.853,1.853,10.4,0
9.545,0.01988,0.00049,0.60977,-0.057,1.853,1.854,10.4,0
9.55,0.01988,0.00049,0.60977,-0.057,1.853,1.854,10.4,0
9.555,0.01988,0.00049,0.60977,-0.057,1.853,1.854,10.4,0
9.56,0.01988,0.00049,0.60977,-0.057,1.853,1.854,10.4,0
9.565,0.01988,0.00049,0.60977,-0.057,1.853,1.854,10.4,0
9.57,0.01988,0.00049,0.60977,-0.057,1.853,1.854,10.4,0
9.575,0.01988,0.00049,0.60977,-0.057,1.853,1.854,10.4,0
9.58,0.01988,0.00049,0.60977,-0.057,1.853,1.854,10.4,0
9.585,0.01988,0.00049,0.60977,-0.057,1.853,1.854,10.4,0
9.59,0.01988,0.00049,0.60977,-0.057,1.853,1.854,10.4,0
9.595,0.01988,0.00049,0.60977,-0.057,1.853,1.854,10.4,0
9.6,0.01988,0.00049,0.60977,-0.057,1.853,1.854,10.4,0
9.605,0.01988,0.00049,0.60977,-0.057,1.853,1.854,10.4,0
9.61,0.01988,0.00049,0.60977,-0.057,1.853,1.854,10.4,0
9.615,0.01988,0.00049,0.60977,-0.057,1.853,1.854,10.4,0
9.62,0.01988,0.00049,0.60977,-0.057,1.853,1.854,10.4,0
9.625,0.01988,0.00049,0.60977,-0.057,1.853,1.854,10.4,0
9.63,0.01988,0.00049,0.60977,-0.057,1.853,1.854,10.4,0
9.635,0.01988,0.00049,0.60977,-0.057,1.853,1.854,10.4,0
9.64,0.01988,0.00049,0.60977,-0.057,1.853,1.854,10.4,0
9.645,0.01988,0.00049,0.60977,-0.057,1.853,1.854,10.4,0
9.65,0.01988,0.00049,0.60977,-0.057,1.853,1.854,10.4,0
9.655,0.01988,0.00049,0.60977,-0.057,1.853,1.854,10.4,0
9.66,0.01988,0.00049,0.60977,-0.057,1.853,1.854,10.4,0
9.665,0.01988,0.00049,0.60977,-0.057,1.853,1.854,10.4,0
9.67,0.01988,0.00049,0.60977,-0.057,1.853,1.854,10.4,0
9.675,0.01988,0.00049,0.60977,-0.057,1.853,1.854,10.4,0
9.68,0.01988,0.00049,0.60977,-0.057,1.853,1.854,10.4,0
9.685,0.01989,0.00049,0.60977,-0.057,1.853,1.854,10.4,0
9.69,0.01989,0.00049,0.60977,-0.057,1.853,1.854,10.4,0
9.695,0.01989,0.00049,0.60977,-0.057,1.853,1.854,10.4,0
9.7,0.01989,0.00049,0.60977,-0.057,1.853,1.854,10.4,0
9.705,0.01989,0.00049,0.60977,-0.057,1.853,1.854,10.4,0
9.71,0.01989,0.00049,0.60977,-0.057,1.853,1.854,10.4,0
9.715,0.01989,0.00049,0.60977,-0.057,1.853,1.854,10.4,0
9.72,0.01989,0.00049,0.60977,-0.057,1.853,1.854,10.4,0
9.725,0.01989,0.00049,0.60977,-0.057,1.853,1.854,10.4,0
9.73,0.01989,0.00049,0.60977,-0.057,1.853,1.854,10.4,0
9.735,0.01989,0.00049,0.60977,-0.057,1.853,1.854,10.4,0
9.74,0.01989,0.00049,0.60977,-0.057,1.853,1.854,10.4,0
9.745,0.01989,0.00049,0.60977,-0.057,1.853,1.854,10.4,0
9.75,0.01989,0.00049,0.60977,-0.057,1.853,1.854,10.4,0
9.755,0.01989,0.00049,0.60977,-0.057,1.853,1.854,10.4,0
9.76,0.01989,0.00049,0.60977,-0.057,1.853,1.854,10.4,0
9.765,0.01989,0.00049,0.60977,-0.057,1.853,1.854,10.4,0
9.77,0.01989,0.00049,0.60977,-0.057,1.853,1.854,10.4,0
9.775,0.01989,0.00049,0.60977,-0.057,1.853,1.854,10.4,0
9.78,0.01989,0.00049,0.60977,-0.057,1.854,1.854,10.4,0
9.785,0.01989,0.00049,0.60977,-0.057,1.854,1.854,10.4,0
9.79,0.01989,0.00049,0.60977,-0.057,1.854,1.854,10.4,0
9.795,0.01989,0.00049,0.60977,-0.057,1.854,1.854,10.4,0
9.8,0.01989,0.00049,0.60977,-0.057,1.854,1.854,10.4,0
9.805,0.01989,0.00049,0.60977,-0.057,1.854,1.854,10.4,0
9.81,0.01989,0.00049,0.60977,-0.057,1.854,1.854,10.4,0
9.815,0.01989,0.00049,0.60977,-0.057,1.854,1.854,10.4,0
9.82,0.01989,0.00049,0.60977,-0.057,1.854,1.855,10.4,0
9.825,0.01989,0.00049,0.60977,-0.057,1.854,1.855,10.4,0
9.83,0.01989,0.00049,0.60977,-0.057,1.854,1.855,10.4,0
9.835,0.01989,0.00049,0.60977,-0.057,1.854,1.855,10.4,0
9.84,0.01989,0.00049,0.60977,-0.057,1.854,1.855,10.4,0
9.845,0.01989,0.00049,0.60977,-0.057,1.854,1.855,10.4,0
9.85,0.01989,0.00049,0.60977,-0.057,1.854,1.855,10.4,0
9.855,0.01989,0.00049,0.60977,-0.057,1.854,1.855,10.4,0
9.86,0.01989,0.00049,0.60977,-0.057,1.854,1.855,10.4,0
9.865,0.01989,0.00049,0.60977,-0.057,1.854,1.855,10.4,0
9.87,0.01989,0.00049,0.60977,-0.057,1.854,1.855,10.4,0
9.875,0.01989,0.00049,0.60977,-0.057,1.854,1.855,10.4,0
9.88,0.01989,0.00049,0.60977,-0.057,1.854,1.855,10.4,0
9.885,0.01989,0.00049,0.60977,-0.057,1.854,1.855,10.4,0
9.89,0.01989,0.00049,0.60977,-0.057,1.854,1.855,10.4,0
9.895,0.01989,0.00049,0.60977,-0.057,1.854,1.855,10.4,0
9.9,0.01989,0.00049,0.60977,-0.057,1.854,1.855,10.4,0
9.905,0.01989,0.00049,0.60977,-0.057,1.854,1.855,10.4,0
9.91,0.01989,0.00049,0.60977,-0.057,1.854,1.855,10.4,0
9.915,0.01989,0.00049,0.60977,-0.057,1.854,1.855,10.4,0
9.92,0.01989,0.00049,0.60977,-0.057,1.854,1.855,10.4,0
9.925,0.01989,0.00049,0.60977,-0.057,1.854,1.855,10.4,0
9.93,0.01989,0.00049,0.60977,-0.057,1.854,1.855,10.4,0
9.935,0.01989,0.00049,0.60977,-0.057,1.854,1.855,10.4,0
9.94,0.01989,0.00049,0.60977,-0.057,1.854,1.855,10.4,0
9.945,0.01989,0.00049,0.60977,-0.057,1.854,1.855,10.4,0
9.95,0.01989,0.00049,0.60977,-0.057,1.854,1.855,10.4,0
9.955,0.01989,0.00049,0.60977,-0.057,1.854,1.855,10.4,0
9.96,0.01989,0.00049,0.60977,-0.057,1.854,1.855,10.4,0
9.965,0.01989,0.00049,0.60977,-0.057,1.854,1.855,10.4,0
9.97,0.01989,0.00049,0.60977,-0.057,1.854,1.855,10.4,0
9.975,0.01989,0.00049,0.60977,-0.057,1.854,1.855,10.4,0
9.98,0.01989,0.00049,0.60977,-0.057,1.854,1.855,10.4,0
9.985,0.01989,0.00049,0.60977,-0.057,1.854,1.855,10.4,0
9.99,0.01989,0.00049,0.60977,-0.057,1.854,1.855,10.4,0
9.995,0.01989,0.00049,0.60977,-0.057,1.854,1.855,10.4,0
