time,pelvis_x,pelvis_y,pelvis_z,roll_deg,pitch_deg,tilt_deg,max_torque_nm,is_pushing
0.0,-0.0,0.0,0.63875,0.0,0.0,0.0,0.0,0
0.005,-0.0,0.0,0.63826,0.0,0.0,0.0,0.0,0
0.01,-0.0,0.0,0.63753,0.0,0.0,0.0,0.0,0
0.015,-0.0,0.0,0.63655,0.0,0.0,0.0,0.0,0
0.02,-0.0,0.0,0.63532,0.0,0.0,0.0,0.0,0
0.025,-0.0,0.0,0.63385,0.0,0.0,0.0,0.0,0
0.03,-0.0,0.0,0.63213,0.0,0.0,0.0,0.0,0
0.035,-0.0,0.0,0.63017,0.0,0.0,0.0,0.0,0
0.04,-0.0,0.0,0.62796,0.0,0.0,0.0,0.0,0
0.045,-0.0,0.0,0.62551,0.0,0.0,0.0,0.0,0
0.05,-0.0,0.0,0.62281,0.0,0.0,0.0,0.0,0
0.055,-0.0,0.0,0.61987,0.0,0.0,0.0,0.0,0
0.06,-0.0,0.0,0.61668,0.0,0.0,0.0,0.0,0
0.065,-0.0,0.0,0.61325,0.0,0.0,0.0,0.0,0
0.07,0.00019,-0.0,0.61094,0.0,-0.055,0.055,0.0,0
0.075,0.0006,-0.0,0.60953,0.0,-0.16,0.16,9.46,0
0.08,0.00117,-0.0,0.60879,0.0,-0.295,0.295,14.15,0
0.085,0.00182,-0.0,0.60854,0.0,-0.442,0.442,15.95,0
0.09,0.0025,-0.0,0.60861,0.0,-0.586,0.586,16.0,0
0.095,0.00315,-0.0,0.60885,0.0,-0.716,0.716,15.14,0
0.1,0.00373,-0.0,0.6092,0.0,-0.825,0.825,14.04,0
0.105,0.00424,-0.0,0.60958,0.0,-0.91,0.91,12.9,0
0.11,0.00465,-0.0,0.60995,0.0,-0.97,0.97,11.84,0
0.115,0.00497,-0.0,0.61029,0.0,-1.006,1.006,10.94,0
0.12,0.00522,-0.0,0.6106,0.0,-1.02,1.02,10.18,0
0.125,0.00539,-0.0,0.61087,0.0,-1.015,1.015,9.55,0
0.13,0.0055,-0.0,0.61109,0.0,-0.993,0.993,9.05,0
0.135,0.00558,-0.0,0.61129,0.0,-0.962,0.962,8.64,0
0.14,0.00563,-0.0,0.61146,0.0,-0.925,0.925,8.23,0
0.145,0.00567,-0.0,0.6116,0.0,-0.882,0.882,7.87,0
0.15,0.00569,-0.0,0.61172,0.0,-0.837,0.837,7.58,0
0.155,0.00571,-0.0,0.61182,0.0,-0.789,0.789,7.34,0
0.16,0.00573,-1e-05,0.61189,0.001,-0.739,0.739,7.14,0
0.165,0.00575,-1e-05,0.61195,0.001,-0.69,0.69,6.98,0
0.17,0.00577,-1e-05,0.61199,0.001,-0.642,0.642,6.85,0
0.175,0.00581,-1e-05,0.61201,0.001,-0.595,0.595,6.74,0
0.18,0.00585,-1e-05,0.61203,0.001,-0.549,0.549,6.65,0
0.185,0.0059,-1e-05,0.61204,0.001,-0.506,0.506,6.58,0
0.19,0.00597,-1e-05,0.61204,0.001,-0.465,0.465,6.53,0
0.195,0.00604,-1e-05,0.61203,0.001,-0.426,0.426,6.48,0
0.2,0.00613,-1e-05,0.61202,0.001,-0.39,0.39,6.44,0
0.205,0.00623,-1e-05,0.61201,0.001,-0.356,0.356,6.39,0
0.21,0.00633,-1e-05,0.612,0.001,-0.323,0.323,6.39,0
0.215,0.00645,-1e-05,0.61199,0.001,-0.292,0.292,6.4,0
0.22,0.00657,-1e-05,0.61197,0.001,-0.263,0.263,6.41,0
0.225,0.0067,-1e-05,0.61196,0.001,-0.234,0.234,6.42,0
0.23,0.00683,-1e-05,0.61194,0.001,-0.207,0.207,6.45,0
0.235,0.00697,-1e-05,0.61193,0.001,-0.18,0.18,6.49,0
0.24,0.00712,-1e-05,0.61191,0.001,-0.154,0.154,6.53,0
0.245,0.00726,-1e-05,0.61189,0.001,-0.129,0.129,6.58,0
0.25,0.00742,-1e-05,0.61187,0.001,-0.105,0.105,6.63,0
0.255,0.00757,-1e-05,0.61185,0.001,-0.081,0.081,6.68,0
0.26,0.00773,-1e-05,0.61183,0.001,-0.057,0.057,6.74,0
0.265,0.00789,-1e-05,0.6118,0.001,-0.034,0.034,6.79,0
0.27,0.00806,-1e-05,0.61178,0.001,-0.011,0.011,6.85,0
0.275,0.00822,-1e-05,0.61176,0.001,0.012,0.012,6.9,0
0.28,0.00839,-1e-05,0.61173,0.001,0.034,0.034,6.96,0
0.285,0.00856,-1e-05,0.61171,0.001,0.056,0.056,7.02,0
0.29,0.00873,-1e-05,0.61168,0.001,0.079,0.079,7.07,0
0.295,0.0089,-1e-05,0.61166,0.001,0.101,0.101,7.13,0
0.3,0.00907,-1e-05,0.61163,0.001,0.124,0.124,7.19,0
0.305,0.00925,-1e-05,0.61161,0.001,0.146,0.146,7.24,0
0.31,0.00942,-1e-05,0.61158,0.001,0.169,0.169,7.3,0
0.315,0.0096,-1e-05,0.61156,0.001,0.191,0.191,7.36,0
0.32,0.00977,-1e-05,0.61153,0.001,0.214,0.214,7.41,0
0.325,0.00995,-1e-05,0.6115,0.001,0.237,0.237,7.47,0
0.33,0.01012,-1e-05,0.61148,0.001,0.26,0.26,7.52,0
0.335,0.0103,-1e-05,0.61145,0.001,0.284,0.284,7.57,0
0.34,0.01047,-1e-05,0.61142,0.001,0.307,0.307,7.63,0
0.345,0.01065,-1e-05,0.6114,0.001,0.331,0.331,7.68,0
0.35,0.01082,-1e-05,0.61137,0.001,0.355,0.355,7.73,0
0.355,0.011,-1e-05,0.61134,0.001,0.379,0.379,7.79,0
0.36,0.01117,-1e-05,0.61131,0.001,0.403,0.403,7.84,0
0.365,0.01135,-1e-05,0.61129,0.001,0.427,0.427,7.89,0
0.37,0.01152,-1e-05,0.61126,0.001,0.451,0.451,7.94,0
0.375,0.01169,-1e-05,0.61123,0.001,0.476,0.476,7.99,0
0.38,0.01187,-1e-05,0.6112,0.001,0.5,0.5,8.05,0
0.385,0.01204,-1e-05,0.61117,0.001,0.525,0.525,8.1,0
0.39,0.01221,-1e-05,0.61115,0.001,0.549,0.549,8.15,0
0.395,0.01239,-1e-05,0.61112,0.001,0.574,0.574,8.2,0
0.4,0.01256,-1e-05,0.61109,0.001,0.599,0.599,8.25,0
0.405,0.01273,-1e-05,0.61106,0.001,0.624,0.624,8.3,0
0.41,0.0129,-1e-05,0.61104,0.001,0.648,0.648,8.35,0
0.415,0.01308,-1e-05,0.61101,0.001,0.673,0.673,8.4,0
0.42,0.01325,-1e-05,0.61098,0.001,0.698,0.698,8.45,0
0.425,0.01342,-1e-05,0.61095,0.001,0.723,0.723,8.5,0
0.43,0.01359,-1e-05,0.61092,0.001,0.747,0.747,8.55,0
0.435,0.01376,-1e-05,0.6109,0.001,0.772,0.772,8.6,0
0.44,0.01393,-1e-05,0.61087,0.001,0.797,0.797,8.65,0
0.445,0.0141,-1e-05,0.61084,0.001,0.821,0.821,8.7,0
0.45,0.01427,-1e-05,0.61081,0.001,0.846,0.846,8.75,0
0.455,0.01444,-1e-05,0.61078,0.001,0.87,0.87,8.8,0
0.46,0.0146,-1e-05,0.61076,0.001,0.894,0.894,8.85,0
0.465,0.01477,-1e-05,0.61073,0.001,0.919,0.919,8.89,0
0.47,0.01494,-1e-05,0.6107,0.001,0.943,0.943,8.94,0
0.475,0.0151,-1e-05,0.61067,0.001,0.967,0.967,8.99,0
0.48,0.01527,-1e-05,0.61065,0.001,0.991,0.991,9.04,0
0.485,0.01544,-1e-05,0.61062,0.001,1.014,1.014,9.09,0
0.49,0.0156,-1e-05,0.61059,0.001,1.038,1.038,9.14,0
0.495,0.01576,-1e-05,0.61056,0.001,1.062,1.062,9.18,0
0.5,0.01592,-1e-05,0.61054,0.001,1.085,1.085,9.23,0
0.505,0.01609,-0.0,0.61051,0.001,1.108,1.108,9.28,0
0.51,0.01625,-0.0,0.61048,0.001,1.132,1.132,9.32,0
0.515,0.01641,-0.0,0.61046,0.0,1.155,1.155,9.37,0
0.52,0.01657,-0.0,0.61043,0.0,1.177,1.177,9.42,0
0.525,0.01672,-0.0,0.6104,0.0,1.2,1.2,9.46,0
0.53,0.01688,-0.0,0.61038,0.0,1.223,1.223,9.51,0
0.535,0.01704,-0.0,0.61035,0.0,1.245,1.245,9.55,0
0.54,0.01719,-0.0,0.61032,0.0,1.268,1.268,9.6,0
0.545,0.01735,-0.0,0.6103,0.0,1.29,1.29,9.64,0
0.55,0.0175,-0.0,0.61027,0.0,1.312,1.312,9.69,0
0.555,0.01765,-0.0,0.61024,0.0,1.333,1.333,9.73,0
0.56,0.0178,-0.0,0.61022,0.0,1.355,1.355,9.77,0
0.565,0.01795,-0.0,0.61019,0.0,1.376,1.376,9.82,0
0.57,0.0181,-0.0,0.61017,0.0,1.398,1.398,9.86,0
0.575,0.01824,-0.0,0.61014,0.0,1.419,1.419,9.9,0
0.58,0.01839,-0.0,0.61012,0.0,1.44,1.44,9.94,0
0.585,0.01853,-0.0,0.61009,0.0,1.46,1.46,9.98,0
0.59,0.01868,-0.0,0.61007,0.0,1.481,1.481,10.03,0
0.595,0.01882,-0.0,0.61004,0.0,1.501,1.501,10.07,0
0.6,0.01896,-0.0,0.61002,0.0,1.521,1.521,10.11,0
0.605,0.0191,-0.0,0.61,0.0,1.541,1.541,10.15,0
0.61,0.01923,-0.0,0.60997,0.0,1.561,1.561,10.18,0
0.615,0.01937,-0.0,0.60995,0.0,1.58,1.58,10.22,0
0.62,0.0195,-0.0,0.60993,0.0,1.599,1.599,10.26,0
0.625,0.01963,-0.0,0.6099,0.0,1.618,1.618,10.3,0
0.63,0.01976,-0.0,0.60988,0.0,1.637,1.637,10.34,0
0.635,0.01989,-0.0,0.60986,0.0,1.656,1.656,10.37,0
0.64,0.02002,-0.0,0.60984,0.0,1.674,1.674,10.41,0
0.645,0.02015,-0.0,0.60981,0.0,1.692,1.692,10.45,0
0.65,0.02027,-0.0,0.60979,0.0,1.71,1.71,10.48,0
0.655,0.02039,-0.0,0.60977,0.0,1.728,1.728,10.52,0
0.66,0.02052,-0.0,0.60975,0.0,1.745,1.745,10.55,0
0.665,0.02063,-0.0,0.60973,0.0,1.762,1.762,10.58,0
0.67,0.02075,-0.0,0.60971,0.0,1.779,1.779,10.62,0
0.675,0.02087,-0.0,0.60969,0.0,1.796,1.796,10.65,0
0.68,0.02098,-0.0,0.60967,0.0,1.812,1.812,10.68,0
0.685,0.02109,-0.0,0.60965,0.0,1.828,1.828,10.71,0
0.69,0.02121,-0.0,0.60963,0.0,1.844,1.844,10.74,0
0.695,0.02131,-0.0,0.60961,0.001,1.86,1.86,10.77,0
0.7,0.02142,-0.0,0.60959,0.001,1.875,1.875,10.8,0
0.705,0.02153,-0.0,0.60957,0.001,1.891,1.891,10.83,0
0.71,0.02163,-0.0,0.60955,0.001,1.905,1.905,10.86,0
0.715,0.02173,-1e-05,0.60954,0.001,1.92,1.92,10.89,0
0.72,0.02183,-1e-05,0.60952,0.001,1.934,1.934,10.92,0
0.725,0.02193,-1e-05,0.6095,0.001,1.948,1.948,10.95,0
0.73,0.02202,-1e-05,0.60948,0.001,1.962,1.962,10.97,0
0.735,0.02212,-1e-05,0.60947,0.001,1.976,1.976,11.0,0
0.74,0.02221,-1e-05,0.60945,0.001,1.989,1.989,11.02,0
0.745,0.0223,-1e-05,0.60943,0.001,2.002,2.002,11.05,0
0.75,0.02239,-1e-05,0.60942,0.001,2.014,2.014,11.07,0
0.755,0.02247,-1e-05,0.6094,0.001,2.027,2.027,11.1,0
0.76,0.02256,-1e-05,0.60939,0.001,2.039,2.039,11.12,0
0.765,0.02264,-1e-05,0.60937,0.001,2.051,2.051,11.14,0
0.77,0.02272,-1e-05,0.60936,0.001,2.062,2.062,11.16,0
0.775,0.0228,-1e-05,0.60935,0.001,2.073,2.073,11.18,0
0.78,0.02287,-1e-05,0.60933,0.001,2.084,2.084,11.2,0
0.785,0.02295,-1e-05,0.60932,0.001,2.095,2.095,11.22,0
0.79,0.02302,-1e-05,0.60931,0.001,2.105,2.105,11.24,0
0.795,0.02309,-1e-05,0.60929,0.001,2.115,2.115,11.26,0
0.8,0.02316,-1e-05,0.60928,0.001,2.125,2.125,11.28,0
0.805,0.02322,-1e-05,0.60927,0.001,2.134,2.134,11.3,0
0.81,0.02328,-1e-05,0.60926,0.001,2.143,2.143,11.31,0
0.815,0.02335,-1e-05,0.60925,0.001,2.152,2.152,11.33,0
0.82,0.02341,-1e-05,0.60924,0.001,2.161,2.161,11.34,0
0.825,0.02346,-1e-05,0.60923,0.001,2.169,2.169,11.36,0
0.83,0.02352,-1e-05,0.60922,0.001,2.177,2.177,11.37,0
0.835,0.02357,-1e-05,0.60921,0.001,2.185,2.185,11.39,0
0.84,0.02362,-1e-05,0.6092,0.001,2.192,2.192,11.4,0
0.845,0.02367,-1e-05,0.60919,0.001,2.199,2.199,11.41,0
0.85,0.02372,-1e-05,0.60918,0.001,2.206,2.206,11.42,0
0.855,0.02377,-1e-05,0.60918,0.001,2.212,2.212,11.43,0
0.86,0.02381,-1e-05,0.60917,0.001,2.218,2.218,11.44,0
0.865,0.02385,-1e-05,0.60916,0.001,2.224,2.224,11.44,0
0.87,0.02389,-1e-05,0.60915,0.001,2.229,2.229,11.45,0
0.875,0.02393,-1e-05,0.60915,0.001,2.235,2.235,11.45,0
0.88,0.02396,-1e-05,0.60914,0.001,2.239,2.239,11.46,0
0.885,0.024,-1e-05,0.60914,0.001,2.244,2.244,11.46,0
0.89,0.02403,-1e-05,0.60913,0.001,2.248,2.248,11.47,0
0.895,0.02406,-1e-05,0.60913,0.001,2.252,2.252,11.48,0
0.9,0.02409,-1e-05,0.60912,0.001,2.255,2.255,11.48,0
0.905,0.02411,-1e-05,0.60912,0.001,2.259,2.259,11.48,0
0.91,0.02414,-1e-05,0.60911,0.001,2.261,2.261,11.49,0
0.915,0.02416,-1e-05,0.60911,0.001,2.264,2.264,11.49,0
0.92,0.02418,-1e-05,0.60911,0.001,2.267,2.267,11.49,0
0.925,0.0242,-1e-05,0.60911,0.001,2.269,2.269,11.49,0
0.93,0.02421,-1e-05,0.6091,0.001,2.271,2.271,11.49,0
0.935,0.02423,-1e-05,0.6091,0.001,2.272,2.272,11.49,0
0.94,0.02424,-1e-05,0.6091,0.001,2.274,2.274,11.49,0
0.945,0.02425,-1e-05,0.6091,0.001,2.275,2.275,11.49,0
0.95,0.02426,-1e-05,0.6091,0.001,2.276,2.276,11.49,0
0.955,0.02426,-1e-05,0.6091,0.001,2.277,2.277,11.49,0
0.96,0.02427,-1e-05,0.6091,0.001,2.277,2.277,11.49,0
0.965,0.02427,-1e-05,0.60909,0.001,2.278,2.278,11.49,0
0.97,0.02427,-1e-05,0.60909,0.001,2.278,2.278,11.49,0
0.975,0.02427,-1e-05,0.6091,0.001,2.278,2.278,11.49,0
0.98,0.02426,-1e-05,0.6091,0.001,2.278,2.278,11.49,0
0.985,0.02425,-1e-05,0.6091,0.001,2.278,2.278,11.49,0
0.99,0.02425,-1e-05,0.6091,0.001,2.277,2.277,11.49,0
0.995,0.02424,-1e-05,0.6091,0.001,2.276,2.276,11.49,0
1.0,0.02423,-1e-05,0.6091,0.001,2.276,2.276,11.49,0
1.005,0.02421,-1e-05,0.6091,0.001,2.275,2.275,11.49,0
1.01,0.0242,-1e-05,0.6091,0.001,2.274,2.274,11.49,0
1.015,0.02418,-1e-05,0.6091,0.001,2.272,2.272,11.49,0
1.02,0.02417,-1e-05,0.60911,0.001,2.271,2.271,11.49,0
1.025,0.02415,-0.0,0.60911,0.001,2.269,2.269,11.49,0
1.03,0.02413,-0.0,0.60911,0.001,2.268,2.268,11.49,0
1.035,0.02411,-0.0,0.60911,0.001,2.266,2.266,11.49,0
1.04,0.02409,-0.0,0.60912,0.001,2.264,2.264,11.49,0
1.045,0.02407,-0.0,0.60912,0.001,2.262,2.262,11.49,0
1.05,0.02404,-0.0,0.60912,0.001,2.26,2.26,11.49,0
1.055,0.02402,-0.0,0.60912,0.001,2.258,2.258,11.49,0
1.06,0.024,-0.0,0.60913,0.001,2.256,2.256,11.49,0
1.065,0.02397,-0.0,0.60913,0.001,2.254,2.254,11.49,0
1.07,0.02395,-0.0,0.60913,0.001,2.251,2.251,11.48,0
1.075,0.02392,-0.0,0.60914,0.001,2.249,2.249,11.47,0
1.08,0.0239,-0.0,0.60914,0.001,2.246,2.246,11.45,0
1.085,0.02387,-0.0,0.60914,0.001,2.244,2.244,11.44,0
1.09,0.02385,-0.0,0.60915,0.001,2.241,2.241,11.42,0
1.095,0.02382,-0.0,0.60915,0.001,2.239,2.239,11.41,0
1.1,0.02379,-0.0,0.60916,0.001,2.236,2.236,11.4,0
1.105,0.02376,-0.0,0.60916,0.001,2.233,2.233,11.39,0
1.11,0.02374,-0.0,0.60917,0.001,2.23,2.23,11.37,0
1.115,0.02371,-0.0,0.60917,0.001,2.228,2.228,11.36,0
1.12,0.02368,-0.0,0.60918,0.001,2.225,2.225,11.35,0
1.125,0.02365,-0.0,0.60918,0.0,2.222,2.222,11.34,0
1.13,0.02363,-0.0,0.60919,0.0,2.219,2.219,11.33,0
1.135,0.0236,-0.0,0.60919,0.0,2.216,2.216,11.31,0
1.14,0.02357,-0.0,0.6092,0.0,2.214,2.214,11.3,0
1.145,0.02354,-0.0,0.6092,0.0,2.211,2.211,11.29,0
1.15,0.02351,-0.0,0.60921,0.0,2.208,2.208,11.28,0
1.155,0.02348,-0.0,0.60921,0.0,2.205,2.205,11.27,0
1.16,0.02345,-0.0,0.60922,0.0,2.202,2.202,11.25,0
1.165,0.02342,-0.0,0.60923,0.0,2.199,2.199,11.24,0
1.17,0.02339,-0.0,0.60923,0.0,2.196,2.196,11.23,0
1.175,0.02336,-0.0,0.60924,0.0,2.193,2.193,11.22,0
1.18,0.02333,-0.0,0.60924,0.0,2.19,2.19,11.21,0
1.185,0.0233,-0.0,0.60925,0.0,2.187,2.187,11.19,0
1.19,0.02327,-0.0,0.60925,0.0,2.184,2.184,11.18,0
1.195,0.02324,-0.0,0.60926,0.0,2.181,2.181,11.17,0
1.2,0.02321,-0.0,0.60927,0.0,2.178,2.178,11.16,0
1.205,0.02318,-0.0,0.60927,0.0,2.175,2.175,11.15,0
1.21,0.02315,-0.0,0.60928,0.0,2.172,2.172,11.13,0
1.215,0.02312,-0.0,0.60928,0.0,2.169,2.169,11.12,0
1.22,0.02309,-0.0,0.60929,0.0,2.166,2.166,11.11,0
1.225,0.02306,-0.0,0.60929,0.0,2.163,2.163,11.1,0
1.23,0.02303,-0.0,0.6093,0.0,2.16,2.16,11.09,0
1.235,0.023,-0.0,0.6093,0.0,2.157,2.157,11.07,0
1.24,0.02297,-0.0,0.60931,0.0,2.154,2.154,11.06,0
1.245,0.02294,-0.0,0.60932,0.0,2.151,2.151,11.05,0
1.25,0.02291,-0.0,0.60932,0.0,2.147,2.147,11.04,0
1.255,0.02288,-0.0,0.60933,0.0,2.144,2.144,11.03,0
1.26,0.02285,-0.0,0.60933,0.0,2.142,2.142,11.01,0
1.265,0.02282,-0.0,0.60934,0.001,2.139,2.139,11.0,0
1.27,0.02279,-0.0,0.60934,0.001,2.136,2.136,10.99,0
1.275,0.02276,-0.0,0.60935,0.001,2.133,2.133,10.98,0
1.28,0.02274,-0.0,0.60935,0.001,2.13,2.13,10.97,0
1.285,0.02271,-0.0,0.60936,0.001,2.127,2.127,10.96,0
1.29,0.02268,-0.0,0.60937,0.001,2.124,2.124,10.95,0
1.295,0.02265,-0.0,0.60937,0.001,2.121,2.121,10.94,0
1.3,0.02262,-0.0,0.60938,0.001,2.118,2.118,10.93,0
1.305,0.0226,-0.0,0.60938,0.001,2.115,2.115,10.92,0
1.31,0.02257,-0.0,0.60939,0.001,2.113,2.113,10.91,0
1.315,0.02254,-0.0,0.60939,0.001,2.11,2.11,10.9,0
1.32,0.02251,-0.0,0.6094,0.001,2.107,2.107,10.89,0
1.325,0.02249,-0.0,0.6094,0.001,2.104,2.104,10.88,0
1.33,0.02246,-0.0,0.60941,0.001,2.102,2.102,10.87,0
1.335,0.02244,-0.0,0.60941,0.001,2.099,2.099,10.86,0
1.34,0.02241,-0.0,0.60942,0.001,2.097,2.097,10.85,0
1.345,0.02238,-0.0,0.60942,0.001,2.094,2.094,10.84,0
1.35,0.02236,-0.0,0.60943,0.001,2.091,2.091,10.83,0
1.355,0.02233,-0.0,0.60943,0.001,2.089,2.089,10.82,0
1.36,0.02231,-0.0,0.60943,0.001,2.086,2.086,10.81,0
1.365,0.02229,-0.0,0.60944,0.001,2.084,2.084,10.81,0
1.37,0.02226,-0.0,0.60944,0.001,2.081,2.081,10.8,0
1.375,0.02224,-0.0,0.60945,0.001,2.079,2.079,10.79,0
1.38,0.02222,-0.0,0.60945,0.001,2.077,2.077,10.78,0
1.385,0.02219,-0.0,0.60946,0.001,2.074,2.074,10.77,0
1.39,0.02217,-0.0,0.60946,0.001,2.072,2.072,10.77,0
1.395,0.02215,-0.0,0.60946,0.001,2.07,2.07,10.76,0
1.4,0.02213,-0.0,0.60947,0.001,2.068,2.068,10.75,0
1.405,0.02211,-0.0,0.60947,0.001,2.066,2.066,10.74,0
1.41,0.02209,-0.0,0.60948,0.001,2.063,2.063,10.74,0
1.415,0.02207,-0.0,0.60948,0.001,2.061,2.061,10.73,0
1.42,0.02205,-0.0,0.60948,0.001,2.059,2.059,10.72,0
1.425,0.02203,-0.0,0.60949,0.001,2.057,2.057,10.72,0
1.43,0.02201,-0.0,0.60949,0.001,2.055,2.055,10.71,0
1.435,0.02199,-0.0,0.60949,0.001,2.053,2.053,10.71,0
1.44,0.02197,-0.0,0.6095,0.001,2.051,2.051,10.7,0
1.445,0.02196,-0.0,0.6095,0.001,2.05,2.05,10.7,0
1.45,0.02194,-0.0,0.6095,0.001,2.048,2.048,10.69,0
1.455,0.02192,-0.0,0.60951,0.001,2.046,2.046,10.68,0
1.46,0.02191,-0.0,0.60951,0.001,2.044,2.044,10.68,0
1.465,0.02189,-0.0,0.60951,0.001,2.043,2.043,10.67,0
1.47,0.02188,-0.0,0.60952,0.001,2.041,2.041,10.67,0
1.475,0.02186,-0.0,0.60952,0.001,2.04,2.04,10.67,0
1.48,0.02185,-0.0,0.60952,0.001,2.038,2.038,10.66,0
1.485,0.02183,-0.0,0.60952,0.001,2.037,2.037,10.66,0
1.49,0.02182,-0.0,0.60953,0.001,2.035,2.035,10.65,0
1.495,0.02181,-0.0,0.60953,0.001,2.034,2.034,10.65,0
1.5,0.02179,-0.0,0.60953,0.001,2.032,2.032,10.65,0
1.505,0.02178,-0.0,0.60953,0.001,2.031,2.031,10.64,0
1.51,0.02177,-0.0,0.60954,0.001,2.03,2.03,10.64,0
1.515,0.02176,-0.0,0.60954,0.001,2.029,2.029,10.64,0
1.52,0.02175,-0.0,0.60954,0.001,2.028,2.028,10.63,0
1.525,0.02174,-0.0,0.60954,0.001,2.026,2.026,10.63,0
1.53,0.02173,-0.0,0.60954,0.001,2.025,2.025,10.63,0
1.535,0.02172,-0.0,0.60955,0.001,2.024,2.024,10.63,0
1.54,0.02171,-0.0,0.60955,0.001,2.023,2.023,10.62,0
1.545,0.0217,-0.0,0.60955,0.001,2.022,2.022,10.62,0
1.55,0.0217,-0.0,0.60955,0.001,2.022,2.022,10.62,0
1.555,0.02169,-0.0,0.60955,0.001,2.021,2.021,10.62,0
1.56,0.02168,-0.0,0.60955,0.001,2.02,2.02,10.62,0
1.565,0.02168,-0.0,0.60955,0.001,2.019,2.019,10.62,0
1.57,0.02167,-0.0,0.60956,0.001,2.019,2.019,10.62,0
1.575,0.02166,-0.0,0.60956,0.001,2.018,2.018,10.62,0
1.58,0.02166,-0.0,0.60956,0.001,2.017,2.017,10.62,0
1.585,0.02165,-0.0,0.60956,0.001,2.017,2.017,10.62,0
1.59,0.02165,-0.0,0.60956,0.001,2.016,2.016,10.62,0
1.595,0.02165,-0.0,0.60956,0.001,2.016,2.016,10.62,0
1.6,0.02164,-0.0,0.60956,0.001,2.015,2.015,10.62,0
1.605,0.02164,-0.0,0.60956,0.001,2.015,2.015,10.62,0
1.61,0.02164,-1e-05,0.60956,0.001,2.015,2.015,10.62,0
1.615,0.02164,-1e-05,0.60956,0.001,2.014,2.014,10.62,0
1.62,0.02164,-1e-05,0.60956,0.001,2.014,2.014,10.62,0
1.625,0.02164,-1e-05,0.60956,0.001,2.014,2.014,10.62,0
1.63,0.02163,-1e-05,0.60956,0.001,2.014,2.014,10.62,0
1.635,0.02163,-1e-05,0.60956,0.001,2.014,2.014,10.62,0
1.64,0.02164,-1e-05,0.60956,0.001,2.014,2.014,10.61,0
1.645,0.02164,-1e-05,0.60956,0.001,2.014,2.014,10.61,0
1.65,0.02164,-1e-05,0.60956,0.001,2.013,2.013,10.61,0
1.655,0.02164,-1e-05,0.60956,0.001,2.014,2.014,10.61,0
1.66,0.02164,-1e-05,0.60956,0.001,2.014,2.014,10.61,0
1.665,0.02164,-1e-05,0.60956,0.001,2.014,2.014,10.61,0
1.67,0.02164,-1e-05,0.60956,0.001,2.014,2.014,10.61,0
1.675,0.02165,-1e-05,0.60956,0.001,2.014,2.014,10.61,0
1.68,0.02165,-1e-05,0.60956,0.001,2.014,2.014,10.61,0
1.685,0.02165,-1e-05,0.60956,0.001,2.014,2.014,10.61,0
1.69,0.02166,-1e-05,0.60956,0.001,2.014,2.014,10.61,0
1.695,0.02166,-1e-05,0.60956,0.001,2.015,2.015,10.61,0
1.7,0.02166,-1e-05,0.60956,0.001,2.015,2.015,10.61,0
1.705,0.02167,-1e-05,0.60956,0.001,2.015,2.015,10.61,0
1.71,0.02167,-1e-05,0.60956,0.001,2.016,2.016,10.61,0
1.715,0.02168,-1e-05,0.60956,0.001,2.016,2.016,10.61,0
1.72,0.02168,-1e-05,0.60956,0.001,2.016,2.016,10.61,0
1.725,0.02169,-1e-05,0.60956,0.001,2.017,2.017,10.61,0
1.73,0.02169,-1e-05,0.60956,0.001,2.017,2.017,10.61,0
1.735,0.0217,-1e-05,0.60956,0.001,2.017,2.017,10.61,0
1.74,0.0217,-1e-05,0.60955,0.001,2.018,2.018,10.61,0
1.745,0.02171,-1e-05,0.60955,0.001,2.018,2.018,10.61,0
1.75,0.02171,-1e-05,0.60955,0.001,2.018,2.018,10.61,0
1.755,0.02171,-1e-05,0.60955,0.001,2.019,2.019,10.61,0
1.76,0.02172,-1e-05,0.60955,0.001,2.019,2.019,10.61,0
1.765,0.02172,-1e-05,0.60955,0.001,2.02,2.02,10.61,0
1.77,0.02173,-1e-05,0.60955,0.001,2.02,2.02,10.61,0
1.775,0.02173,-1e-05,0.60955,0.001,2.02,2.02,10.61,0
1.78,0.02174,-1e-05,0.60955,0.001,2.021,2.021,10.61,0
1.785,0.02174,-1e-05,0.60955,0.001,2.021,2.021,10.61,0
1.79,0.02174,-1e-05,0.60955,0.001,2.021,2.021,10.61,0
1.795,0.02175,-1e-05,0.60955,0.001,2.022,2.022,10.61,0
1.8,0.02175,-1e-05,0.60955,0.001,2.022,2.022,10.61,0
1.805,0.02176,-1e-05,0.60955,0.001,2.022,2.022,10.61,0
1.81,0.02176,-1e-05,0.60955,0.001,2.023,2.023,10.61,0
1.815,0.02176,-1e-05,0.60955,0.001,2.023,2.023,10.61,0
1.82,0.02177,-1e-05,0.60955,0.001,2.023,2.023,10.61,0
1.825,0.02177,-1e-05,0.60955,0.001,2.023,2.023,10.61,0
1.83,0.02177,-1e-05,0.60955,0.001,2.024,2.024,10.61,0
1.835,0.02177,-1e-05,0.60955,0.001,2.024,2.024,10.61,0
1.84,0.02178,-1e-05,0.60955,0.001,2.024,2.024,10.61,0
1.845,0.02178,-1e-05,0.60955,0.001,2.024,2.024,10.61,0
1.85,0.02178,-1e-05,0.60955,0.001,2.024,2.024,10.61,0
1.855,0.02178,-1e-05,0.60955,0.001,2.024,2.024,10.61,0
1.86,0.02178,-1e-05,0.60955,0.001,2.024,2.024,10.61,0
1.865,0.02178,-1e-05,0.60955,0.001,2.024,2.024,10.61,0
1.87,0.02178,-1e-05,0.60955,0.001,2.024,2.024,10.61,0
1.875,0.02178,-1e-05,0.60955,0.001,2.024,2.024,10.61,0
1.88,0.02178,-1e-05,0.60955,0.001,2.024,2.024,10.61,0
1.885,0.02179,-1e-05,0.60955,0.001,2.024,2.024,10.61,0
1.89,0.02179,-1e-05,0.60955,0.001,2.024,2.024,10.61,0
1.895,0.02178,-1e-05,0.60955,0.001,2.024,2.024,10.61,0
1.9,0.02178,-1e-05,0.60955,0.001,2.024,2.024,10.61,0
1.905,0.02178,-1e-05,0.60955,0.001,2.024,2.024,10.61,0
1.91,0.02178,-1e-05,0.60955,0.001,2.024,2.024,10.61,0
1.915,0.02178,-1e-05,0.60955,0.001,2.024,2.024,10.61,0
1.92,0.02178,-1e-05,0.60955,0.001,2.024,2.024,10.61,0
1.925,0.02178,-1e-05,0.60955,0.001,2.024,2.024,10.61,0
1.93,0.02178,-1e-05,0.60955,0.001,2.023,2.023,10.61,0
1.935,0.02178,-1e-05,0.60955,0.001,2.023,2.023,10.61,0
1.94,0.02177,-1e-05,0.60955,0.001,2.023,2.023,10.61,0
1.945,0.02177,-1e-05,0.60955,0.001,2.023,2.023,10.61,0
1.95,0.02177,-1e-05,0.60955,0.001,2.022,2.022,10.61,0
1.955,0.02177,-1e-05,0.60955,0.001,2.022,2.022,10.61,0
1.96,0.02176,-1e-05,0.60955,0.001,2.022,2.022,10.61,0
1.965,0.02176,-1e-05,0.60955,0.001,2.022,2.022,10.61,0
1.97,0.02176,-1e-05,0.60955,0.001,2.021,2.021,10.61,0
1.975,0.02176,-1e-05,0.60955,0.001,2.021,2.021,10.61,0
1.98,0.02175,-1e-05,0.60955,0.001,2.021,2.021,10.61,0
1.985,0.02175,-1e-05,0.60955,0.001,2.02,2.02,10.61,0
1.99,0.02175,-1e-05,0.60955,0.001,2.02,2.02,10.61,0
1.995,0.02174,-1e-05,0.60955,0.001,2.02,2.02,10.61,0
2.0,0.02174,-1e-05,0.60955,0.001,2.019,2.019,10.61,0
2.005,0.02174,-1e-05,0.60955,0.001,2.019,2.019,10.61,0
2.01,0.02173,-1e-05,0.60955,0.001,2.019,2.019,10.61,0
2.015,0.02173,-1e-05,0.60955,0.001,2.018,2.018,10.61,0
2.02,0.02173,-1e-05,0.60955,0.001,2.018,2.018,10.61,0
2.025,0.02172,-1e-05,0.60955,0.001,2.018,2.018,10.61,0
2.03,0.02172,-1e-05,0.60955,0.001,2.017,2.017,10.61,0
2.035,0.02172,-1e-05,0.60955,0.001,2.017,2.017,10.61,0
2.04,0.02172,-1e-05,0.60955,0.001,2.017,2.017,10.61,0
2.045,0.02171,-1e-05,0.60956,0.001,2.016,2.016,10.61,0
2.05,0.02171,-1e-05,0.60956,0.001,2.016,2.016,10.61,0
2.055,0.02171,-1e-05,0.60956,0.001,2.016,2.016,10.61,0
2.06,0.0217,-1e-05,0.60956,0.001,2.015,2.015,10.61,0
2.065,0.0217,-1e-05,0.60956,0.001,2.015,2.015,10.61,0
2.07,0.0217,-1e-05,0.60956,0.001,2.015,2.015,10.61,0
2.075,0.0217,-1e-05,0.60956,0.001,2.014,2.014,10.61,0
2.08,0.02169,-1e-05,0.60956,0.001,2.014,2.014,10.61,0
2.085,0.02169,-1e-05,0.60956,0.001,2.014,2.014,10.61,0
2.09,0.02169,-1e-05,0.60956,0.001,2.014,2.014,10.61,0
2.095,0.02169,-1e-05,0.60956,0.001,2.013,2.013,10.61,0
2.1,0.02169,-1e-05,0.60956,0.001,2.013,2.013,10.61,0
2.105,0.02168,-1e-05,0.60956,0.001,2.013,2.013,10.61,0
2.11,0.02168,-1e-05,0.60956,0.001,2.012,2.012,10.61,0
2.115,0.02168,-1e-05,0.60956,0.001,2.012,2.012,10.61,0
2.12,0.02168,-1e-05,0.60956,0.001,2.012,2.012,10.61,0
2.125,0.02168,-1e-05,0.60956,0.001,2.012,2.012,10.61,0
2.13,0.02168,-1e-05,0.60956,0.001,2.012,2.012,10.61,0
2.135,0.02167,-1e-05,0.60956,0.001,2.011,2.011,10.61,0
2.14,0.02167,-1e-05,0.60956,0.001,2.011,2.011,10.61,0
2.145,0.02167,-1e-05,0.60956,0.001,2.011,2.011,10.61,0
2.15,0.02167,-1e-05,0.60956,0.001,2.011,2.011,10.61,0
2.155,0.02167,-1e-05,0.60956,0.001,2.011,2.011,10.61,0
2.16,0.02167,-1e-05,0.60956,0.001,2.011,2.011,10.61,0
2.165,0.02167,-1e-05,0.60956,0.001,2.011,2.011,10.61,0
2.17,0.02167,-1e-05,0.60956,0.001,2.01,2.01,10.61,0
2.175,0.02167,-1e-05,0.60956,0.001,2.01,2.01,10.61,0
2.18,0.02167,-1e-05,0.60956,0.001,2.01,2.01,10.61,0
2.185,0.02167,-1e-05,0.60956,0.001,2.01,2.01,10.61,0
2.19,0.02167,-1e-05,0.60956,0.001,2.01,2.01,10.61,0
2.195,0.02167,-1e-05,0.60956,0.001,2.01,2.01,10.61,0
2.2,0.02167,-1e-05,0.60956,0.001,2.01,2.01,10.61,0
2.205,0.02167,-1e-05,0.60956,0.001,2.01,2.01,10.61,0
2.21,0.02167,-1e-05,0.60956,0.001,2.01,2.01,10.61,0
2.215,0.02167,-1e-05,0.60956,0.001,2.01,2.01,10.61,0
2.22,0.02167,-1e-05,0.60956,0.001,2.01,2.01,10.61,0
2.225,0.02167,-1e-05,0.60956,0.001,2.01,2.01,10.61,0
2.23,0.02167,-1e-05,0.60956,0.001,2.01,2.01,10.61,0
2.235,0.02167,-1e-05,0.60956,0.001,2.01,2.01,10.61,0
2.24,0.02167,-1e-05,0.60956,0.001,2.01,2.01,10.61,0
2.245,0.02168,-1e-05,0.60956,0.001,2.01,2.01,10.61,0
2.25,0.02168,-1e-05,0.60956,0.001,2.01,2.01,10.61,0
2.255,0.02168,-1e-05,0.60956,0.001,2.01,2.01,10.61,0
2.26,0.02168,-1e-05,0.60956,0.001,2.01,2.01,10.61,0
2.265,0.02168,-1e-05,0.60956,0.001,2.01,2.01,10.61,0
2.27,0.02168,-1e-05,0.60956,0.001,2.01,2.01,10.61,0
2.275,0.02168,-1e-05,0.60956,0.001,2.01,2.01,10.61,0
2.28,0.02168,-1e-05,0.60956,0.001,2.01,2.01,10.61,0
2.285,0.02168,-1e-05,0.60956,0.001,2.01,2.01,10.61,0
2.29,0.02168,-1e-05,0.60956,0.001,2.01,2.01,10.61,0
2.295,0.02168,-1e-05,0.60956,0.001,2.01,2.01,10.61,0
2.3,0.02169,-1e-05,0.60956,0.001,2.01,2.01,10.61,0
2.305,0.02169,-1e-05,0.60956,0.001,2.01,2.01,10.61,0
2.31,0.02169,-1e-05,0.60956,0.001,2.01,2.01,10.61,0
2.315,0.02169,-1e-05,0.60956,0.001,2.01,2.01,10.61,0
2.32,0.02169,-1e-05,0.60956,0.001,2.01,2.01,10.61,0
2.325,0.02169,-1e-05,0.60956,0.001,2.01,2.01,10.61,0
2.33,0.02169,-1e-05,0.60956,0.001,2.01,2.01,10.61,0
2.335,0.02169,-1e-05,0.60956,0.001,2.011,2.011,10.61,0
2.34,0.02169,-1e-05,0.60956,0.001,2.011,2.011,10.61,0
2.345,0.02169,-1e-05,0.60956,0.001,2.011,2.011,10.61,0
2.35,0.02169,-1e-05,0.60956,0.001,2.011,2.011,10.61,0
2.355,0.02169,-1e-05,0.60956,0.001,2.011,2.011,10.61,0
2.36,0.02169,-1e-05,0.60956,0.001,2.011,2.011,10.61,0
2.365,0.02169,-1e-05,0.60956,0.001,2.011,2.011,10.61,0
2.37,0.02169,-1e-05,0.60956,0.001,2.011,2.011,10.61,0
2.375,0.0217,-1e-05,0.60956,0.001,2.011,2.011,10.61,0
2.38,0.0217,-1e-05,0.60956,0.001,2.011,2.011,10.61,0
2.385,0.0217,-1e-05,0.60956,0.001,2.01,2.01,10.61,0
2.39,0.0217,-1e-05,0.60956,0.001,2.01,2.01,10.61,0
2.395,0.0217,-1e-05,0.60956,0.001,2.01,2.01,10.61,0
2.4,0.0217,-1e-05,0.60956,0.001,2.01,2.01,10.61,0
2.405,0.0217,-1e-05,0.60956,0.001,2.01,2.01,10.61,0
2.41,0.0217,-1e-05,0.60956,0.001,2.01,2.01,10.61,0
2.415,0.0217,-1e-05,0.60956,0.001,2.01,2.01,10.61,0
2.42,0.0217,-1e-05,0.60956,0.001,2.01,2.01,10.61,0
2.425,0.0217,-1e-05,0.60956,0.001,2.01,2.01,10.61,0
2.43,0.02169,-1e-05,0.60956,0.001,2.01,2.01,10.61,0
2.435,0.02169,-1e-05,0.60956,0.001,2.01,2.01,10.61,0
2.44,0.02169,-1e-05,0.60956,0.001,2.01,2.01,10.61,0
2.445,0.02169,-1e-05,0.60956,0.001,2.01,2.01,10.61,0
2.45,0.02169,-1e-05,0.60956,0.001,2.01,2.01,10.61,0
2.455,0.02169,-1e-05,0.60956,0.001,2.01,2.01,10.61,0
2.46,0.02169,-1e-05,0.60956,0.001,2.009,2.009,10.61,0
2.465,0.02169,-1e-05,0.60956,0.001,2.009,2.009,10.61,0
2.47,0.02169,-1e-05,0.60956,0.001,2.009,2.009,10.61,0
2.475,0.02169,-1e-05,0.60956,0.001,2.009,2.009,10.61,0
2.48,0.02169,-1e-05,0.60956,0.001,2.009,2.009,10.61,0
2.485,0.02169,-1e-05,0.60956,0.001,2.009,2.009,10.61,0
2.49,0.02169,-1e-05,0.60956,0.001,2.009,2.009,10.61,0
2.495,0.02169,-1e-05,0.60956,0.001,2.009,2.009,10.61,0
2.5,0.02169,-1e-05,0.60956,0.001,2.008,2.008,10.61,0
2.505,0.02168,-1e-05,0.60956,0.001,2.008,2.008,10.61,0
2.51,0.02168,-1e-05,0.60956,0.001,2.008,2.008,10.6,0
2.515,0.02168,-1e-05,0.60956,0.001,2.008,2.008,10.6,0
2.52,0.02168,-1e-05,0.60956,0.001,2.008,2.008,10.6,0
2.525,0.02168,-1e-05,0.60956,0.001,2.008,2.008,10.6,0
2.53,0.02168,-1e-05,0.60956,0.001,2.008,2.008,10.6,0
2.535,0.02168,-1e-05,0.60956,0.001,2.007,2.007,10.6,0
2.54,0.02168,-1e-05,0.60956,0.001,2.007,2.007,10.6,0
2.545,0.02168,-1e-05,0.60956,0.001,2.007,2.007,10.6,0
2.55,0.02167,-1e-05,0.60956,0.001,2.007,2.007,10.6,0
2.555,0.02167,-1e-05,0.60956,0.001,2.007,2.007,10.6,0
2.56,0.02167,-1e-05,0.60956,0.001,2.007,2.007,10.6,0
2.565,0.02167,-1e-05,0.60956,0.001,2.006,2.006,10.6,0
2.57,0.02167,-1e-05,0.60956,0.001,2.006,2.006,10.6,0
2.575,0.02167,-1e-05,0.60956,0.001,2.006,2.006,10.6,0
2.58,0.02167,-1e-05,0.60956,0.001,2.006,2.006,10.6,0
2.585,0.02167,-1e-05,0.60956,0.001,2.006,2.006,10.6,0
2.59,0.02167,-1e-05,0.60956,0.001,2.006,2.006,10.6,0
2.595,0.02166,-1e-05,0.60956,0.001,2.006,2.006,10.6,0
2.6,0.02166,-1e-05,0.60956,0.001,2.005,2.005,10.6,0
2.605,0.02166,-1e-05,0.60956,0.001,2.005,2.005,10.6,0
2.61,0.02166,-1e-05,0.60956,0.001,2.005,2.005,10.6,0
2.615,0.02166,-1e-05,0.60956,0.001,2.005,2.005,10.6,0
2.62,0.02166,-1e-05,0.60956,0.001,2.005,2.005,10.6,0
2.625,0.02166,-1e-05,0.60956,0.001,2.005,2.005,10.6,0
2.63,0.02166,-1e-05,0.60956,0.001,2.005,2.005,10.6,0
2.635,0.02166,-1e-05,0.60957,0.001,2.004,2.004,10.6,0
2.64,0.02166,-1e-05,0.60957,0.001,2.004,2.004,10.6,0
2.645,0.02166,-1e-05,0.60957,0.001,2.004,2.004,10.6,0
2.65,0.02166,-1e-05,0.60957,0.001,2.004,2.004,10.6,0
2.655,0.02165,-1e-05,0.60957,0.001,2.004,2.004,10.6,0
2.66,0.02165,-1e-05,0.60957,0.001,2.004,2.004,10.6,0
2.665,0.02165,-1e-05,0.60957,0.001,2.004,2.004,10.6,0
2.67,0.02165,-1e-05,0.60957,0.001,2.004,2.004,10.6,0
2.675,0.02165,-1e-05,0.60957,0.001,2.004,2.004,10.6,0
2.68,0.02165,-1e-05,0.60957,0.001,2.003,2.003,10.6,0
2.685,0.02165,-1e-05,0.60957,0.001,2.003,2.003,10.6,0
2.69,0.02165,-1e-05,0.60957,0.001,2.003,2.003,10.6,0
2.695,0.02165,-1e-05,0.60957,0.001,2.003,2.003,10.6,0
2.7,0.02165,-1e-05,0.60957,0.001,2.003,2.003,10.6,0
2.705,0.02165,-1e-05,0.60957,0.001,2.003,2.003,10.6,0
2.71,0.02165,-1e-05,0.60957,0.001,2.003,2.003,10.6,0
2.715,0.02165,-1e-05,0.60957,0.001,2.003,2.003,10.6,0
2.72,0.02165,-1e-05,0.60957,0.001,2.003,2.003,10.6,0
2.725,0.02165,-1e-05,0.60957,0.001,2.003,2.003,10.6,0
2.73,0.02165,-1e-05,0.60957,0.001,2.003,2.003,10.6,0
2.735,0.02165,-1e-05,0.60957,0.001,2.002,2.002,10.6,0
2.74,0.02165,-1e-05,0.60957,0.001,2.002,2.002,10.6,0
2.745,0.02165,-1e-05,0.60957,0.001,2.002,2.002,10.6,0
2.75,0.02165,-1e-05,0.60957,0.001,2.002,2.002,10.6,0
2.755,0.02165,-1e-05,0.60957,0.001,2.002,2.002,10.6,0
2.76,0.02165,-1e-05,0.60957,0.001,2.002,2.002,10.6,0
2.765,0.02165,-1e-05,0.60957,0.001,2.002,2.002,10.6,0
2.77,0.02165,-1e-05,0.60957,0.001,2.002,2.002,10.6,0
2.775,0.02165,-1e-05,0.60957,0.001,2.002,2.002,10.6,0
2.78,0.02165,-1e-05,0.60957,0.001,2.002,2.002,10.6,0
2.785,0.02165,-1e-05,0.60957,0.001,2.002,2.002,10.6,0
2.79,0.02165,-1e-05,0.60957,0.001,2.002,2.002,10.6,0
2.795,0.02165,-1e-05,0.60957,0.001,2.002,2.002,10.6,0
2.8,0.02165,-1e-05,0.60957,0.001,2.002,2.002,10.6,0
2.805,0.02165,-1e-05,0.60957,0.001,2.002,2.002,10.6,0
2.81,0.02165,-1e-05,0.60957,0.001,2.002,2.002,10.6,0
2.815,0.02165,-1e-05,0.60957,0.001,2.001,2.001,10.6,0
2.82,0.02165,-1e-05,0.60957,0.001,2.001,2.001,10.6,0
2.825,0.02165,-1e-05,0.60957,0.001,2.001,2.001,10.6,0
2.83,0.02165,-1e-05,0.60957,0.001,2.001,2.001,10.6,0
2.835,0.02165,-1e-05,0.60957,0.001,2.001,2.001,10.6,0
2.84,0.02165,-1e-05,0.60957,0.001,2.001,2.001,10.6,0
2.845,0.02165,-1e-05,0.60957,0.001,2.001,2.001,10.6,0
2.85,0.02165,-1e-05,0.60957,0.001,2.001,2.001,10.6,0
2.855,0.02165,-1e-05,0.60957,0.001,2.001,2.001,10.6,0
2.86,0.02165,-1e-05,0.60957,0.001,2.001,2.001,10.6,0
2.865,0.02165,-1e-05,0.60957,0.001,2.001,2.001,10.6,0
2.87,0.02165,-1e-05,0.60957,0.001,2.001,2.001,10.6,0
2.875,0.02165,-1e-05,0.60957,0.001,2.001,2.001,10.6,0
2.88,0.02165,-1e-05,0.60957,0.001,2.001,2.001,10.6,0
2.885,0.02165,-1e-05,0.60957,0.001,2.001,2.001,10.6,0
2.89,0.02165,-1e-05,0.60957,0.001,2.001,2.001,10.6,0
2.895,0.02165,-1e-05,0.60957,0.001,2.001,2.001,10.6,0
2.9,0.02165,-1e-05,0.60957,0.001,2.001,2.001,10.6,0
2.905,0.02165,-1e-05,0.60957,0.001,2.0,2.0,10.6,0
2.91,0.02165,-1e-05,0.60957,0.001,2.0,2.0,10.6,0
2.915,0.02164,-1e-05,0.60957,0.001,2.0,2.0,10.6,0
2.92,0.02164,-1e-05,0.60957,0.001,2.0,2.0,10.6,0
2.925,0.02164,-1e-05,0.60957,0.001,2.0,2.0,10.6,0
2.93,0.02164,-1e-05,0.60957,0.001,2.0,2.0,10.6,0
2.935,0.02164,-1e-05,0.60957,0.001,2.0,2.0,10.6,0
2.94,0.02164,-1e-05,0.60957,0.001,2.0,2.0,10.6,0
2.945,0.02164,-1e-05,0.60957,0.001,2.0,2.0,10.6,0
2.95,0.02164,-1e-05,0.60957,0.001,2.0,2.0,10.6,0
2.955,0.02164,-1e-05,0.60957,0.001,2.0,2.0,10.6,0
2.96,0.02164,-1e-05,0.60957,0.001,2.0,2.0,10.6,0
2.965,0.02164,-1e-05,0.60957,0.001,2.0,2.0,10.6,0
2.97,0.02164,-1e-05,0.60957,0.001,2.0,2.0,10.6,0
2.975,0.02164,-1e-05,0.60957,0.001,1.999,1.999,10.6,0
2.98,0.02164,-1e-05,0.60957,0.001,1.999,1.999,10.6,0
2.985,0.02164,-1e-05,0.60957,0.001,1.999,1.999,10.6,0
2.99,0.02164,-1e-05,0.60957,0.001,1.999,1.999,10.6,0
2.995,0.02164,-1e-05,0.60957,0.001,1.999,1.999,10.6,0
3.0,0.02164,-1e-05,0.60957,0.001,1.999,1.999,10.6,0
3.005,0.02163,0.00014,0.60957,0.01,2.0,2.0,10.6,1
3.01,0.02163,0.00041,0.60956,0.025,2.002,2.002,10.7,1
3.015,0.02161,0.0008,0.60956,0.043,2.004,2.004,10.8,1
3.02,0.0216,0.00129,0.60956,0.061,2.006,2.007,10.9,1
3.025,0.02159,0.00189,0.60955,0.079,2.009,2.01,10.98,1
3.03,0.02158,0.00257,0.60955,0.093,2.011,2.013,11.03,1
3.035,0.02157,0.00334,0.60955,0.104,2.013,2.015,11.06,1
3.04,0.02156,0.00419,0.60955,0.111,2.014,2.017,11.06,1
3.045,0.02156,0.00511,0.60955,0.115,2.014,2.017,11.04,1
3.05,0.02155,0.00611,0.60954,0.114,2.014,2.018,11.02,1
3.055,0.02155,0.00718,0.60954,0.111,2.014,2.017,11.01,1
3.06,0.02154,0.00832,0.60953,0.104,2.014,2.017,10.98,1
3.065,0.02154,0.00953,0.60953,0.093,2.014,2.016,10.93,1
3.07,0.02153,0.0108,0.60953,0.079,2.014,2.016,10.9,1
3.075,0.02152,0.01213,0.60953,0.06,2.014,2.015,10.85,1
3.08,0.02151,0.01353,0.60953,0.036,2.015,2.015,10.78,1
3.085,0.0215,0.01498,0.60954,0.009,2.016,2.016,10.7,1
3.09,0.02149,0.0165,0.60955,-0.023,2.017,2.017,10.72,1
3.095,0.02148,0.01807,0.60956,-0.059,2.018,2.019,10.86,1
3.1,0.02147,0.0197,0.60957,-0.1,2.02,2.022,11.01,1
3.105,0.02145,0.02124,0.60958,-0.157,2.021,2.027,11.16,0
3.11,0.02144,0.02269,0.6096,-0.228,2.022,2.035,11.43,0
3.115,0.02143,0.02407,0.60962,-0.309,2.022,2.045,11.71,0
3.12,0.02143,0.02538,0.60964,-0.397,2.021,2.06,11.98,0
3.125,0.02143,0.02664,0.60968,-0.492,2.018,2.078,12.24,0
3.13,0.02144,0.02785,0.60972,-0.591,2.014,2.099,12.48,0
3.135,0.02145,0.02901,0.60977,-0.692,2.008,2.124,12.7,0
3.14,0.02148,0.03014,0.60983,-0.794,1.999,2.151,12.92,0
3.145,0.02152,0.03124,0.6099,-0.895,1.989,2.181,13.12,0
3.15,0.02157,0.03231,0.60996,-0.995,1.978,2.214,13.32,0
3.155,0.02161,0.03335,0.61004,-1.093,1.968,2.251,13.5,0
3.16,0.02164,0.03438,0.61013,-1.187,1.959,2.291,13.41,0
3.165,0.02167,0.03538,0.61022,-1.278,1.953,2.334,13.33,0
3.17,0.0217,0.03637,0.61031,-1.366,1.947,2.379,13.25,0
3.175,0.02173,0.03733,0.61041,-1.451,1.943,2.425,13.21,0
3.18,0.02175,0.03827,0.61051,-1.533,1.94,2.472,13.17,0
3.185,0.02177,0.0392,0.61061,-1.611,1.937,2.519,13.15,0
3.19,0.02179,0.04011,0.6107,-1.683,1.935,2.564,13.14,0
3.195,0.02182,0.041,0.61077,-1.747,1.932,2.604,13.13,0
3.2,0.02185,0.04189,0.61083,-1.803,1.93,2.641,13.13,0
3.205,0.02187,0.04276,0.61089,-1.857,1.929,2.677,13.12,0
3.21,0.02189,0.04362,0.61093,-1.903,1.928,2.709,13.12,0
3.215,0.02192,0.04446,0.61096,-1.942,1.927,2.736,13.12,0
3.22,0.02195,0.0453,0.61098,-1.973,1.927,2.757,13.12,0
3.225,0.02197,0.04612,0.611,-2.003,1.927,2.779,13.12,0
3.23,0.02199,0.04693,0.61101,-2.027,1.927,2.796,13.12,0
3.235,0.02202,0.04772,0.611,-2.043,1.927,2.808,13.12,0
3.24,0.02204,0.0485,0.611,-2.059,1.927,2.82,13.11,0
3.245,0.02206,0.04926,0.61098,-2.07,1.927,2.828,13.12,0
3.25,0.02208,0.05001,0.61095,-2.073,1.927,2.83,13.36,0
3.255,0.0221,0.05073,0.61093,-2.079,1.928,2.835,13.78,0
3.26,0.02212,0.05144,0.61089,-2.078,1.929,2.835,14.0,0
3.265,0.02214,0.05213,0.61087,-2.08,1.929,2.837,14.39,0
3.27,0.02215,0.05279,0.61083,-2.077,1.93,2.835,14.59,0
3.275,0.02217,0.05343,0.61079,-2.077,1.931,2.835,14.97,0
3.28,0.02218,0.05403,0.61077,-2.08,1.931,2.838,15.15,0
3.285,0.02219,0.05462,0.61074,-2.079,1.931,2.837,15.28,0
3.29,0.0222,0.05517,0.61071,-2.08,1.932,2.839,15.59,0
3.295,0.02221,0.05571,0.61067,-2.077,1.932,2.836,15.73,0
3.3,0.02222,0.05622,0.61064,-2.077,1.932,2.836,16.02,0
3.305,0.02223,0.05669,0.61062,-2.08,1.932,2.838,16.15,0
3.31,0.02223,0.05713,0.61061,-2.085,1.932,2.842,16.24,0
3.315,0.02223,0.05754,0.6106,-2.092,1.932,2.847,16.31,0
3.32,0.02224,0.05793,0.61058,-2.095,1.932,2.85,16.36,0
3.325,0.02224,0.05829,0.61056,-2.1,1.931,2.853,16.55,0
3.33,0.02224,0.05862,0.61055,-2.106,1.931,2.857,16.61,0
3.335,0.02224,0.05892,0.61055,-2.113,1.93,2.862,16.65,0
3.34,0.02224,0.05919,0.61054,-2.12,1.93,2.867,16.68,0
3.345,0.02224,0.05944,0.61054,-2.128,1.929,2.872,16.71,0
3.35,0.02223,0.05966,0.61054,-2.136,1.928,2.877,16.73,0
3.355,0.02223,0.05985,0.61054,-2.144,1.927,2.882,16.74,0
3.36,0.02223,0.06003,0.61054,-2.15,1.926,2.886,16.76,0
3.365,0.02222,0.06017,0.61055,-2.156,1.925,2.89,16.77,0
3.37,0.02222,0.0603,0.61055,-2.16,1.924,2.892,16.79,0
3.375,0.02221,0.06041,0.61054,-2.161,1.922,2.892,16.8,0
3.38,0.02221,0.06049,0.61053,-2.16,1.921,2.891,16.9,0
3.385,0.0222,0.06055,0.61052,-2.159,1.92,2.889,16.91,0
3.39,0.02219,0.06059,0.61052,-2.158,1.919,2.887,16.91,0
3.395,0.02218,0.06061,0.61052,-2.155,1.918,2.885,16.91,0
3.4,0.02217,0.0606,0.61051,-2.152,1.917,2.882,16.9,0
3.405,0.02216,0.06057,0.61051,-2.148,1.916,2.878,16.89,0
3.41,0.02215,0.06052,0.6105,-2.143,1.915,2.873,16.87,0
3.415,0.02214,0.06044,0.6105,-2.136,1.914,2.868,16.86,0
3.42,0.02213,0.06035,0.61049,-2.128,1.913,2.861,16.85,0
3.425,0.02212,0.06023,0.61049,-2.12,1.912,2.854,16.82,0
3.43,0.02211,0.06009,0.61048,-2.11,1.911,2.846,16.79,0
3.435,0.02209,0.05993,0.61048,-2.1,1.91,2.838,16.75,0
3.44,0.02208,0.05975,0.61047,-2.088,1.909,2.829,16.71,0
3.445,0.02206,0.05954,0.61046,-2.076,1.908,2.819,16.66,0
3.45,0.02204,0.05932,0.61046,-2.063,1.907,2.809,16.61,0
3.455,0.02203,0.05907,0.61045,-2.048,1.906,2.798,16.55,0
3.46,0.02201,0.0588,0.61044,-2.033,1.905,2.786,16.49,0
3.465,0.02199,0.0585,0.61044,-2.017,1.904,2.773,16.42,0
3.47,0.02197,0.05819,0.61043,-2.0,1.903,2.76,16.35,0
3.475,0.02195,0.05786,0.61042,-1.981,1.902,2.746,16.27,0
3.48,0.02193,0.0575,0.61041,-1.962,1.901,2.732,16.19,0
3.485,0.02191,0.05713,0.6104,-1.942,1.899,2.716,16.11,0
3.49,0.02189,0.05673,0.61039,-1.921,1.898,2.7,16.02,0
3.495,0.02186,0.05632,0.61038,-1.899,1.897,2.684,15.93,0
3.5,0.02184,0.05588,0.61037,-1.876,1.896,2.667,15.84,0
3.505,0.02181,0.05543,0.61035,-1.851,1.895,2.649,15.74,0
3.51,0.02179,0.05495,0.61034,-1.826,1.893,2.63,15.63,0
3.515,0.02176,0.05446,0.61032,-1.8,1.892,2.611,15.53,0
3.52,0.02173,0.05394,0.61031,-1.772,1.89,2.591,15.42,0
3.525,0.0217,0.05341,0.61029,-1.744,1.889,2.571,15.3,0
3.53,0.02167,0.05285,0.61027,-1.714,1.887,2.55,15.19,0
3.535,0.02164,0.05228,0.61025,-1.684,1.886,2.528,15.07,0
3.54,0.0216,0.05169,0.61023,-1.652,1.884,2.506,14.95,0
3.545,0.02157,0.05108,0.61021,-1.62,1.883,2.483,14.82,0
3.55,0.02153,0.05045,0.61019,-1.586,1.881,2.46,14.69,0
3.555,0.0215,0.0498,0.61016,-1.551,1.879,2.437,14.56,0
3.56,0.02146,0.04914,0.61014,-1.515,1.877,2.412,14.42,0
3.565,0.02142,0.04845,0.61011,-1.479,1.875,2.388,14.28,0
3.57,0.02138,0.04775,0.61008,-1.441,1.873,2.363,14.14,0
3.575,0.02134,0.04703,0.61005,-1.402,1.871,2.338,13.99,0
3.58,0.0213,0.04629,0.61002,-1.362,1.869,2.313,13.84,0
3.585,0.02125,0.04554,0.60998,-1.321,1.867,2.287,13.69,0
3.59,0.0212,0.04476,0.60995,-1.279,1.865,2.261,13.54,0
3.595,0.02116,0.04397,0.60991,-1.236,1.863,2.235,13.38,0
3.6,0.02111,0.04317,0.60987,-1.191,1.861,2.209,13.22,0
3.605,0.02105,0.04234,0.60983,-1.146,1.858,2.183,13.06,0
3.61,0.021,0.0415,0.60979,-1.1,1.856,2.157,12.89,0
3.615,0.02095,0.04064,0.60974,-1.053,1.853,2.131,12.75,0
3.62,0.02089,0.03976,0.6097,-1.005,1.85,2.106,12.73,0
3.625,0.02083,0.03887,0.60965,-0.956,1.848,2.08,12.71,0
3.63,0.02077,0.03796,0.6096,-0.906,1.845,2.055,12.69,0
3.635,0.02072,0.03703,0.60956,-0.86,1.841,2.032,12.67,0
3.64,0.02067,0.03607,0.60954,-0.816,1.837,2.01,12.63,0
3.645,0.02062,0.03509,0.60953,-0.776,1.832,1.989,12.56,0
3.65,0.02057,0.03409,0.60953,-0.738,1.826,1.969,12.47,0
3.655,0.02052,0.03308,0.60955,-0.702,1.819,1.95,12.38,0
3.66,0.02048,0.03205,0.60957,-0.669,1.813,1.932,12.26,0
3.665,0.02044,0.03101,0.60959,-0.638,1.806,1.915,12.15,0
3.67,0.0204,0.02997,0.60962,-0.608,1.798,1.898,12.03,0
3.675,0.02037,0.02892,0.60965,-0.578,1.791,1.882,11.91,0
3.68,0.02033,0.02786,0.60967,-0.55,1.784,1.867,11.8,0
3.685,0.02029,0.02681,0.6097,-0.521,1.777,1.852,11.68,0
3.69,0.02025,0.02575,0.60972,-0.493,1.771,1.838,11.57,0
3.695,0.02021,0.0247,0.60974,-0.464,1.764,1.824,11.45,0
3.7,0.02017,0.02365,0.60976,-0.435,1.758,1.811,11.34,0
3.705,0.02014,0.0226,0.60977,-0.406,1.752,1.798,11.22,0
3.71,0.0201,0.02156,0.60979,-0.377,1.746,1.787,11.1,0
3.715,0.02006,0.02052,0.6098,-0.347,1.741,1.775,10.98,0
3.72,0.02002,0.01949,0.60981,-0.317,1.736,1.764,10.86,0
3.725,0.01998,0.01847,0.60982,-0.287,1.73,1.754,10.73,0
3.73,0.01994,0.01746,0.60983,-0.256,1.725,1.744,10.61,0
3.735,0.0199,0.01646,0.60984,-0.225,1.721,1.735,10.56,0
3.74,0.01986,0.01547,0.60984,-0.192,1.716,1.727,10.49,0
3.745,0.01982,0.0145,0.60985,-0.16,1.711,1.719,10.41,0
3.75,0.01978,0.01354,0.60986,-0.127,1.707,1.712,10.32,0
3.755,0.01974,0.0126,0.60987,-0.093,1.703,1.705,10.21,0
3.76,0.0197,0.01167,0.60988,-0.06,1.698,1.699,10.09,0
3.765,0.01966,0.01075,0.60989,-0.027,1.694,1.694,9.97,0
3.77,0.01962,0.00985,0.6099,0.006,1.69,1.69,9.85,0
3.775,0.01959,0.00897,0.60991,0.038,1.686,1.687,9.85,0
3.78,0.01955,0.0081,0.60992,0.069,1.682,1.684,9.93,0
3.785,0.01951,0.00724,0.60993,0.1,1.678,1.681,10.02,0
3.79,0.01948,0.0064,0.60993,0.131,1.674,1.679,10.1,0
3.795,0.01944,0.00558,0.60994,0.16,1.67,1.678,10.18,0
3.8,0.0194,0.00478,0.60994,0.189,1.666,1.677,10.25,0
3.805,0.01937,0.00399,0.60994,0.216,1.662,1.676,10.33,0
3.81,0.01934,0.00323,0.60995,0.243,1.658,1.675,10.4,0
3.815,0.0193,0.00248,0.60995,0.27,1.653,1.675,10.47,0
3.82,0.01927,0.00175,0.60995,0.295,1.649,1.675,10.53,0
3.825,0.01924,0.00104,0.60995,0.32,1.645,1.675,10.6,0
3.83,0.01921,0.00036,0.60995,0.344,1.64,1.676,10.66,0
3.835,0.01918,-0.00031,0.60995,0.368,1.636,1.676,10.72,0
3.84,0.01915,-0.00095,0.60995,0.391,1.631,1.677,10.82,0
3.845,0.01913,-0.00158,0.60995,0.413,1.626,1.678,10.97,0
3.85,0.0191,-0.00218,0.60996,0.435,1.622,1.679,11.12,0
3.855,0.01908,-0.00276,0.60996,0.456,1.617,1.68,11.25,0
3.86,0.01905,-0.00331,0.60996,0.476,1.612,1.681,11.38,0
3.865,0.01903,-0.00385,0.60996,0.496,1.607,1.682,11.5,0
3.87,0.01901,-0.00436,0.60996,0.515,1.603,1.683,11.62,0
3.875,0.01898,-0.00485,0.60996,0.534,1.598,1.685,11.73,0
3.88,0.01896,-0.00531,0.60997,0.552,1.593,1.686,11.83,0
3.885,0.01894,-0.00575,0.60997,0.569,1.588,1.687,11.92,0
3.89,0.01892,-0.00617,0.60997,0.586,1.584,1.688,12.0,0
3.895,0.01891,-0.00656,0.60997,0.601,1.579,1.69,12.08,0
3.9,0.01889,-0.00693,0.60998,0.617,1.575,1.691,12.15,0
3.905,0.01887,-0.00728,0.60998,0.631,1.57,1.692,12.22,0
3.91,0.01885,-0.0076,0.60998,0.645,1.566,1.693,12.27,0
3.915,0.01884,-0.0079,0.60999,0.658,1.562,1.694,12.32,0
3.92,0.01882,-0.00818,0.60999,0.67,1.558,1.696,12.37,0
3.925,0.01881,-0.00843,0.61,0.681,1.554,1.697,12.4,0
3.93,0.01879,-0.00866,0.61,0.692,1.55,1.697,12.43,0
3.935,0.01878,-0.00887,0.61,0.702,1.546,1.698,12.46,0
3.94,0.01877,-0.00905,0.61001,0.711,1.543,1.699,12.47,0
3.945,0.01875,-0.00922,0.61001,0.72,1.54,1.7,12.49,0
3.95,0.01874,-0.00936,0.61001,0.727,1.537,1.701,12.5,0
3.955,0.01873,-0.00948,0.61002,0.734,1.535,1.701,12.5,0
3.96,0.01871,-0.00957,0.61002,0.739,1.532,1.701,12.5,0
3.965,0.0187,-0.00965,0.61002,0.744,1.53,1.701,12.5,0
3.97,0.01869,-0.00971,0.61002,0.747,1.528,1.701,12.49,0
3.975,0.01868,-0.00974,0.61002,0.75,1.526,1.7,12.48,0
3.98,0.01867,-0.00976,0.61002,0.751,1.525,1.7,12.47,0
3.985,0.01865,-0.00976,0.61002,0.751,1.524,1.699,12.46,0
3.99,0.01864,-0.00974,0.61002,0.75,1.523,1.697,12.45,0
3.995,0.01863,-0.0097,0.61002,0.748,1.522,1.695,12.44,0
4.0,0.01862,-0.00964,0.61002,0.745,1.521,1.693,12.41,0
4.005,0.01861,-0.00956,0.61001,0.741,1.52,1.691,12.38,0
4.01,0.0186,-0.00946,0.61001,0.736,1.52,1.688,12.35,0
4.015,0.01858,-0.00934,0.61001,0.73,1.519,1.685,12.31,0
4.02,0.01857,-0.00921,0.61,0.724,1.518,1.682,12.27,0
4.025,0.01856,-0.00905,0.60999,0.716,1.518,1.678,12.23,0
4.03,0.01855,-0.00888,0.60999,0.708,1.517,1.674,12.18,0
4.035,0.01854,-0.00869,0.60998,0.698,1.517,1.67,12.13,0
4.04,0.01853,-0.00847,0.60997,0.69,1.516,1.665,12.07,0
4.045,0.01852,-0.00824,0.60997,0.681,1.515,1.661,11.97,0
4.05,0.01851,-0.00799,0.60997,0.673,1.515,1.657,11.87,0
4.055,0.0185,-0.00772,0.60997,0.665,1.514,1.653,11.76,0
4.06,0.01849,-0.00743,0.60997,0.656,1.513,1.649,11.64,0
4.065,0.01848,-0.00712,0.60997,0.648,1.512,1.645,11.52,0
4.07,0.01847,-0.0068,0.60997,0.64,1.512,1.642,11.4,0
4.075,0.01847,-0.00646,0.60997,0.631,1.511,1.638,11.29,0
4.08,0.01846,-0.00611,0.60997,0.622,1.511,1.634,11.27,0
4.085,0.01845,-0.00574,0.60997,0.612,1.51,1.629,11.25,0
4.09,0.01845,-0.00535,0.60997,0.602,1.51,1.625,11.22,0
4.095,0.01844,-0.00496,0.60997,0.593,1.509,1.622,11.2,0
4.1,0.01844,-0.00454,0.60998,0.584,1.509,1.618,11.18,0
4.105,0.01843,-0.00412,0.60998,0.575,1.509,1.615,11.15,0
4.11,0.01843,-0.00368,0.60999,0.567,1.508,1.611,11.11,0
4.115,0.01842,-0.00323,0.60999,0.558,1.508,1.608,11.08,0
4.12,0.01842,-0.00277,0.61,0.548,1.508,1.605,11.04,0
4.125,0.01842,-0.00231,0.61001,0.538,1.508,1.602,11.0,0
4.13,0.01841,-0.00183,0.61001,0.528,1.509,1.598,10.96,0
4.135,0.01841,-0.00135,0.61002,0.517,1.509,1.595,10.92,0
4.14,0.01841,-0.00087,0.61002,0.505,1.51,1.592,10.88,0
4.145,0.01841,-0.00037,0.61003,0.493,1.51,1.588,10.83,0
4.15,0.01841,0.00013,0.61003,0.48,1.511,1.585,10.79,0
4.155,0.01841,0.00063,0.61003,0.467,1.511,1.582,10.74,0
4.16,0.01841,0.00114,0.61004,0.453,1.512,1.578,10.69,0
4.165,0.01841,0.00165,0.61004,0.438,1.513,1.575,10.64,0
4.17,0.01841,0.00216,0.61004,0.423,1.514,1.572,10.58,0
4.175,0.01841,0.00267,0.61005,0.408,1.515,1.569,10.53,0
4.18,0.01841,0.00319,0.61005,0.392,1.516,1.566,10.47,0
4.185,0.01842,0.00371,0.61005,0.376,1.517,1.563,10.41,0
4.19,0.01842,0.00423,0.61005,0.359,1.519,1.561,10.35,0
4.195,0.01842,0.00475,0.61005,0.343,1.52,1.558,10.3,0
4.2,0.01843,0.00528,0.61005,0.326,1.521,1.556,10.24,0
4.205,0.01843,0.0058,0.61005,0.309,1.523,1.554,10.17,0
4.21,0.01844,0.00632,0.61005,0.292,1.524,1.552,10.11,0
4.215,0.01845,0.00684,0.61005,0.274,1.526,1.55,10.05,0
4.22,0.01845,0.00736,0.61005,0.257,1.527,1.549,9.99,0
4.225,0.01846,0.00788,0.61005,0.24,1.529,1.547,9.93,0
4.23,0.01847,0.0084,0.61005,0.223,1.53,1.547,9.87,0
4.235,0.01848,0.00891,0.61005,0.205,1.532,1.546,9.81,0
4.24,0.01849,0.00942,0.61005,0.187,1.534,1.545,9.79,0
4.245,0.0185,0.00993,0.61005,0.169,1.535,1.544,9.75,0
4.25,0.01851,0.01043,0.61005,0.15,1.537,1.544,9.71,0
4.255,0.01853,0.01092,0.61005,0.132,1.539,1.544,9.66,0
4.26,0.01854,0.01141,0.61006,0.113,1.54,1.545,9.61,0
4.265,0.01855,0.0119,0.61006,0.094,1.542,1.545,9.56,0
4.27,0.01857,0.01237,0.61006,0.076,1.544,1.546,9.57,0
4.275,0.01858,0.01284,0.61006,0.057,1.547,1.548,9.63,0
4.28,0.0186,0.01331,0.61006,0.039,1.549,1.549,9.68,0
4.285,0.01861,0.01377,0.61005,0.022,1.551,1.551,9.73,0
4.29,0.01863,0.01422,0.61005,0.004,1.554,1.554,9.79,0
4.295,0.01864,0.01466,0.61005,-0.013,1.556,1.556,9.84,0
4.3,0.01866,0.0151,0.61005,-0.03,1.559,1.559,9.89,0
4.305,0.01867,0.01552,0.61004,-0.046,1.561,1.562,9.94,0
4.31,0.01869,0.01594,0.61004,-0.062,1.564,1.565,9.99,0
4.315,0.01871,0.01635,0.61003,-0.077,1.566,1.568,10.05,0
4.32,0.01873,0.01675,0.61003,-0.092,1.569,1.572,10.1,0
4.325,0.01875,0.01715,0.61003,-0.107,1.571,1.575,10.15,0
4.33,0.01877,0.01753,0.61002,-0.12,1.574,1.579,10.19,0
4.335,0.01879,0.0179,0.61002,-0.134,1.577,1.582,10.24,0
4.34,0.01881,0.01827,0.61002,-0.146,1.58,1.586,10.28,0
4.345,0.01883,0.01862,0.61001,-0.159,1.582,1.59,10.33,0
4.35,0.01886,0.01896,0.61001,-0.17,1.585,1.594,10.37,0
4.355,0.01888,0.01929,0.61,-0.182,1.588,1.598,10.41,0
4.36,0.0189,0.01962,0.61,-0.193,1.591,1.603,10.45,0
4.365,0.01893,0.01993,0.60999,-0.203,1.594,1.607,10.48,0
4.37,0.01895,0.02022,0.60999,-0.213,1.597,1.611,10.52,0
4.375,0.01898,0.02051,0.60999,-0.222,1.6,1.615,10.55,0
4.38,0.019,0.02079,0.60998,-0.231,1.603,1.62,10.59,0
4.385,0.01903,0.02105,0.60998,-0.24,1.606,1.624,10.62,0
4.39,0.01905,0.0213,0.60997,-0.248,1.61,1.629,10.65,0
4.395,0.01908,0.02154,0.60997,-0.256,1.613,1.633,10.68,0
4.4,0.01911,0.02177,0.60996,-0.263,1.617,1.638,10.71,0
4.405,0.01913,0.02198,0.60996,-0.27,1.62,1.642,10.73,0
4.41,0.01916,0.02219,0.60995,-0.277,1.624,1.647,10.76,0
4.415,0.01919,0.02237,0.60994,-0.283,1.627,1.652,10.78,0
4.42,0.01922,0.02255,0.60994,-0.289,1.631,1.656,10.81,0
4.425,0.01924,0.02272,0.60993,-0.294,1.635,1.661,10.83,0
4.43,0.01927,0.02287,0.60993,-0.299,1.639,1.666,10.85,0
4.435,0.0193,0.02301,0.60992,-0.304,1.643,1.67,10.87,0
4.44,0.01933,0.02313,0.60992,-0.308,1.647,1.675,10.89,0
4.445,0.01936,0.02324,0.60991,-0.312,1.651,1.68,10.9,0
4.45,0.01939,0.02334,0.60991,-0.316,1.655,1.685,10.92,0
4.455,0.01942,0.02343,0.6099,-0.319,1.659,1.69,10.93,0
4.46,0.01945,0.0235,0.6099,-0.322,1.664,1.695,10.95,0
4.465,0.01948,0.02357,0.60989,-0.325,1.668,1.699,10.96,0
4.47,0.01951,0.02362,0.60988,-0.327,1.672,1.704,10.97,0
4.475,0.01954,0.02365,0.60988,-0.329,1.676,1.709,10.98,0
4.48,0.01957,0.02368,0.60987,-0.331,1.681,1.713,10.99,0
4.485,0.0196,0.02369,0.60987,-0.332,1.685,1.717,11.0,0
4.49,0.01963,0.02369,0.60986,-0.332,1.688,1.721,11.01,0
4.495,0.01967,0.02369,0.60986,-0.332,1.692,1.724,11.0,0
4.5,0.0197,0.02367,0.60985,-0.331,1.695,1.727,10.99,0
4.505,0.01973,0.02365,0.60985,-0.331,1.699,1.73,10.99,0
4.51,0.01977,0.02361,0.60985,-0.33,1.702,1.733,10.99,0
4.515,0.0198,0.02356,0.60984,-0.329,1.705,1.736,10.99,0
4.52,0.01983,0.0235,0.60984,-0.327,1.708,1.739,11.0,0
4.525,0.01986,0.02343,0.60983,-0.326,1.711,1.742,11.0,0
4.53,0.01989,0.02335,0.60983,-0.325,1.714,1.745,11.01,0
4.535,0.01992,0.02326,0.60983,-0.323,1.718,1.748,11.02,0
4.54,0.01995,0.02317,0.60982,-0.322,1.721,1.75,11.02,0
4.545,0.01998,0.02306,0.60982,-0.32,1.724,1.753,11.02,0
4.55,0.02001,0.02294,0.60981,-0.319,1.726,1.756,11.03,0
4.555,0.02004,0.02282,0.60981,-0.317,1.729,1.758,11.03,0
4.56,0.02006,0.02269,0.6098,-0.315,1.732,1.761,11.03,0
4.565,0.02009,0.02255,0.6098,-0.313,1.735,1.763,11.03,0
4.57,0.02012,0.0224,0.60979,-0.311,1.738,1.765,11.02,0
4.575,0.02014,0.02224,0.60979,-0.309,1.74,1.767,11.02,0
4.58,0.02017,0.02208,0.60978,-0.306,1.743,1.77,11.02,0
4.585,0.02019,0.02191,0.60978,-0.304,1.745,1.772,11.02,0
4.59,0.02021,0.02174,0.60977,-0.302,1.748,1.774,11.02,0
4.595,0.02024,0.02156,0.60977,-0.299,1.75,1.776,11.02,0
4.6,0.02026,0.02137,0.60976,-0.296,1.753,1.777,11.02,0
4.605,0.02028,0.02118,0.60976,-0.294,1.755,1.779,11.02,0
4.61,0.0203,0.02098,0.60976,-0.291,1.757,1.781,11.02,0
4.615,0.02032,0.02078,0.60975,-0.288,1.759,1.783,11.02,0
4.62,0.02034,0.02057,0.60975,-0.286,1.762,1.785,11.02,0
4.625,0.02036,0.02036,0.60974,-0.283,1.764,1.787,11.02,0
4.63,0.02037,0.02015,0.60974,-0.28,1.767,1.789,11.02,0
4.635,0.02039,0.01993,0.60973,-0.277,1.769,1.791,11.02,0
4.64,0.0204,0.01971,0.60973,-0.274,1.772,1.793,11.02,0
4.645,0.02042,0.01949,0.60972,-0.271,1.775,1.796,11.02,0
4.65,0.02043,0.01927,0.60972,-0.268,1.778,1.798,11.02,0
4.655,0.02044,0.01904,0.60972,-0.264,1.782,1.801,11.02,0
4.66,0.02045,0.01881,0.60971,-0.261,1.785,1.804,11.02,0
4.665,0.02046,0.01859,0.60971,-0.257,1.789,1.807,11.02,0
4.67,0.02046,0.01836,0.60971,-0.252,1.793,1.811,11.02,0
4.675,0.02047,0.01813,0.60971,-0.248,1.797,1.814,11.02,0
4.68,0.02048,0.01791,0.6097,-0.243,1.801,1.817,11.02,0
4.685,0.02048,0.01768,0.6097,-0.239,1.805,1.821,11.02,0
4.69,0.02049,0.01745,0.6097,-0.234,1.809,1.824,11.02,0
4.695,0.0205,0.01723,0.6097,-0.229,1.813,1.827,11.02,0
4.7,0.0205,0.017,0.6097,-0.224,1.817,1.831,11.02,0
4.705,0.02051,0.01678,0.6097,-0.219,1.821,1.834,11.02,0
4.71,0.02052,0.01656,0.6097,-0.213,1.824,1.837,11.02,0
4.715,0.02053,0.01634,0.6097,-0.208,1.828,1.839,11.01,0
4.72,0.02054,0.01612,0.6097,-0.203,1.831,1.842,10.99,0
4.725,0.02055,0.0159,0.6097,-0.197,1.834,1.844,10.97,0
4.73,0.02056,0.01569,0.6097,-0.192,1.837,1.847,10.96,0
4.735,0.02057,0.01548,0.60969,-0.186,1.839,1.849,10.94,0
4.74,0.02058,0.01527,0.60969,-0.18,1.842,1.85,10.93,0
4.745,0.0206,0.01507,0.60969,-0.174,1.844,1.852,10.91,0
4.75,0.02061,0.01487,0.60969,-0.168,1.846,1.854,10.89,0
4.755,0.02062,0.01467,0.60969,-0.161,1.848,1.855,10.88,0
4.76,0.02064,0.01448,0.60969,-0.155,1.85,1.857,10.86,0
4.765,0.02065,0.01429,0.60969,-0.149,1.852,1.858,10.85,0
4.77,0.02066,0.01411,0.60969,-0.142,1.854,1.859,10.83,0
4.775,0.02068,0.01392,0.60968,-0.136,1.856,1.861,10.82,0
4.78,0.02069,0.01375,0.60968,-0.13,1.858,1.862,10.81,0
4.785,0.02071,0.01357,0.60968,-0.124,1.859,1.863,10.8,0
4.79,0.02072,0.0134,0.60968,-0.118,1.861,1.865,10.78,0
4.795,0.02074,0.01324,0.60968,-0.112,1.863,1.866,10.77,0
4.8,0.02075,0.01308,0.60967,-0.106,1.865,1.868,10.76,0
4.805,0.02077,0.01292,0.60967,-0.1,1.866,1.869,10.75,0
4.81,0.02078,0.01277,0.60967,-0.095,1.868,1.87,10.75,0
4.815,0.0208,0.01263,0.60967,-0.09,1.87,1.872,10.74,0
4.82,0.02081,0.01249,0.60966,-0.085,1.872,1.873,10.73,0
4.825,0.02083,0.01235,0.60966,-0.08,1.873,1.875,10.73,0
4.83,0.02084,0.01222,0.60966,-0.075,1.875,1.877,10.72,0
4.835,0.02086,0.01209,0.60966,-0.07,1.877,1.878,10.72,0
4.84,0.02087,0.01197,0.60965,-0.066,1.879,1.88,10.71,0
4.845,0.02088,0.01185,0.60965,-0.062,1.881,1.882,10.7,0
4.85,0.0209,0.01174,0.60965,-0.058,1.883,1.884,10.7,0
4.855,0.02091,0.01164,0.60965,-0.054,1.885,1.885,10.7,0
4.86,0.02093,0.01154,0.60964,-0.05,1.887,1.887,10.69,0
4.865,0.02094,0.01144,0.60964,-0.046,1.889,1.889,10.69,0
4.87,0.02095,0.01135,0.60964,-0.043,1.891,1.891,10.69,0
4.875,0.02096,0.01127,0.60964,-0.04,1.893,1.893,10.68,0
4.88,0.02098,0.01119,0.60963,-0.037,1.895,1.895,10.68,0
4.885,0.02099,0.01112,0.60963,-0.034,1.897,1.897,10.68,0
4.89,0.021,0.01105,0.60963,-0.031,1.898,1.899,10.68,0
4.895,0.02102,0.01099,0.60963,-0.028,1.9,1.901,10.68,0
4.9,0.02103,0.01094,0.60962,-0.026,1.902,1.903,10.68,0
4.905,0.02104,0.01089,0.60962,-0.024,1.904,1.904,10.68,0
4.91,0.02105,0.01084,0.60962,-0.022,1.906,1.906,10.68,0
4.915,0.02106,0.0108,0.60962,-0.02,1.908,1.908,10.68,0
4.92,0.02108,0.01077,0.60961,-0.018,1.91,1.91,10.68,0
4.925,0.02109,0.01074,0.60961,-0.017,1.912,1.912,10.68,0
4.93,0.0211,0.01072,0.60961,-0.016,1.914,1.914,10.68,0
4.935,0.02111,0.0107,0.60961,-0.015,1.915,1.915,10.68,0
4.94,0.02113,0.01068,0.6096,-0.014,1.917,1.917,10.68,0
4.945,0.02114,0.01068,0.6096,-0.013,1.918,1.918,10.68,0
4.95,0.02115,0.01067,0.6096,-0.013,1.919,1.919,10.68,0
4.955,0.02117,0.01067,0.6096,-0.013,1.921,1.921,10.68,0
4.96,0.02118,0.01067,0.6096,-0.013,1.922,1.922,10.68,0
4.965,0.02119,0.01068,0.6096,-0.014,1.923,1.923,10.68,0
4.97,0.0212,0.01069,0.60959,-0.015,1.924,1.924,10.68,0
4.975,0.02121,0.01071,0.60959,-0.015,1.925,1.926,10.68,0
4.98,0.02122,0.01072,0.60959,-0.016,1.927,1.927,10.68,0
4.985,0.02124,0.01074,0.60959,-0.017,1.928,1.928,10.68,0
4.99,0.02125,0.01077,0.60959,-0.018,1.929,1.929,10.68,0
4.995,0.02126,0.0108,0.60959,-0.019,1.93,1.93,10.68,0
5.0,0.02127,0.01083,0.60958,-0.02,1.931,1.931,10.68,0
5.005,0.02128,0.01087,0.60958,-0.021,1.932,1.932,10.68,0
5.01,0.02128,0.01091,0.60958,-0.022,1.933,1.933,10.68,0
5.015,0.02129,0.01095,0.60958,-0.023,1.933,1.934,10.68,0
5.02,0.0213,0.011,0.60958,-0.024,1.934,1.934,10.68,0
5.025,0.02131,0.01105,0.60958,-0.025,1.935,1.935,10.68,0
5.03,0.02131,0.0111,0.60958,-0.026,1.936,1.936,10.68,0
5.035,0.02132,0.01115,0.60958,-0.027,1.936,1.936,10.68,0
5.04,0.02132,0.01121,0.60958,-0.027,1.937,1.937,10.68,0
5.045,0.02133,0.01127,0.60958,-0.028,1.937,1.938,10.68,0
5.05,0.02133,0.01133,0.60957,-0.029,1.938,1.938,10.68,0
5.055,0.02134,0.01139,0.60957,-0.03,1.938,1.939,10.68,0
5.06,0.02134,0.01146,0.60957,-0.031,1.939,1.939,10.68,0
5.065,0.02134,0.01152,0.60957,-0.032,1.939,1.939,10.68,0
5.07,0.02134,0.01159,0.60957,-0.033,1.939,1.94,10.68,0
5.075,0.02134,0.01166,0.60957,-0.034,1.939,1.94,10.68,0
5.08,0.02134,0.01173,0.60957,-0.035,1.94,1.94,10.69,0
5.085,0.02134,0.0118,0.60957,-0.036,1.94,1.94,10.69,0
5.09,0.02134,0.01187,0.60957,-0.037,1.94,1.94,10.69,0
5.095,0.02134,0.01195,0.60957,-0.038,1.94,1.94,10.69,0
5.1,0.02134,0.01202,0.60957,-0.039,1.94,1.94,10.69,0
5.105,0.02134,0.0121,0.60957,-0.04,1.94,1.94,10.69,0
5.11,0.02134,0.01217,0.60957,-0.041,1.939,1.94,10.69,0
5.115,0.02133,0.01225,0.60957,-0.042,1.939,1.94,10.69,0
5.12,0.02133,0.01232,0.60958,-0.043,1.939,1.939,10.69,0
5.125,0.02133,0.0124,0.60958,-0.044,1.939,1.939,10.69,0
5.13,0.02132,0.01247,0.60958,-0.045,1.938,1.939,10.69,0
5.135,0.02132,0.01254,0.60958,-0.046,1.938,1.938,10.69,0
5.14,0.02131,0.01262,0.60958,-0.047,1.938,1.938,10.69,0
5.145,0.02131,0.01269,0.60958,-0.048,1.937,1.938,10.69,0
5.15,0.0213,0.01277,0.60958,-0.049,1.937,1.937,10.69,0
5.155,0.0213,0.01284,0.60958,-0.05,1.936,1.937,10.69,0
5.16,0.02129,0.01291,0.60958,-0.051,1.936,1.936,10.69,0
5.165,0.02128,0.01298,0.60958,-0.052,1.935,1.936,10.69,0
5.17,0.02128,0.01305,0.60958,-0.052,1.934,1.935,10.69,0
5.175,0.02127,0.01312,0.60958,-0.053,1.934,1.935,10.69,0
5.18,0.02126,0.01318,0.60959,-0.054,1.933,1.934,10.69,0
5.185,0.02125,0.01325,0.60959,-0.055,1.933,1.933,10.69,0
5.19,0.02125,0.01331,0.60959,-0.056,1.932,1.933,10.69,0
5.195,0.02124,0.01337,0.60959,-0.057,1.931,1.932,10.69,0
5.2,0.02123,0.01343,0.60959,-0.058,1.93,1.931,10.69,0
5.205,0.02122,0.01349,0.60959,-0.058,1.93,1.931,10.69,0
5.21,0.02122,0.01355,0.60959,-0.059,1.929,1.93,10.69,0
5.215,0.02121,0.0136,0.60959,-0.06,1.928,1.929,10.69,0
5.22,0.0212,0.01366,0.60959,-0.061,1.928,1.929,10.69,0
5.225,0.0212,0.01371,0.60959,-0.061,1.927,1.928,10.69,0
5.23,0.02119,0.01376,0.6096,-0.062,1.926,1.927,10.69,0
5.235,0.02118,0.0138,0.6096,-0.063,1.926,1.927,10.69,0
5.24,0.02117,0.01385,0.6096,-0.063,1.925,1.926,10.69,0
5.245,0.02117,0.01389,0.6096,-0.064,1.924,1.925,10.69,0
5.25,0.02116,0.01393,0.6096,-0.064,1.924,1.925,10.69,0
5.255,0.02115,0.01397,0.6096,-0.065,1.923,1.924,10.69,0
5.26,0.02115,0.01401,0.6096,-0.066,1.922,1.923,10.69,0
5.265,0.02114,0.01404,0.6096,-0.066,1.922,1.923,10.69,0
5.27,0.02113,0.01407,0.6096,-0.066,1.921,1.922,10.69,0
5.275,0.02113,0.0141,0.6096,-0.067,1.921,1.922,10.69,0
5.28,0.02112,0.01413,0.6096,-0.067,1.92,1.921,10.69,0
5.285,0.02112,0.01416,0.60961,-0.067,1.919,1.921,10.69,0
5.29,0.02111,0.01418,0.60961,-0.068,1.919,1.92,10.69,0
5.295,0.02111,0.0142,0.60961,-0.068,1.918,1.92,10.69,0
5.3,0.0211,0.01422,0.60961,-0.068,1.918,1.919,10.69,0
5.305,0.0211,0.01424,0.60961,-0.068,1.918,1.919,10.69,0
5.31,0.0211,0.01425,0.60961,-0.069,1.917,1.918,10.69,0
5.315,0.02109,0.01427,0.60961,-0.069,1.917,1.918,10.69,0
5.32,0.02109,0.01428,0.60961,-0.069,1.916,1.918,10.69,0
5.325,0.02109,0.01428,0.60961,-0.069,1.916,1.917,10.69,0
5.33,0.02108,0.01429,0.60961,-0.069,1.916,1.917,10.69,0
5.335,0.02108,0.01429,0.60961,-0.069,1.916,1.917,10.69,0
5.34,0.02108,0.0143,0.60961,-0.069,1.915,1.917,10.69,0
5.345,0.02108,0.0143,0.60961,-0.069,1.915,1.916,10.69,0
5.35,0.02108,0.01429,0.60961,-0.068,1.915,1.916,10.69,0
5.355,0.02108,0.01429,0.60961,-0.068,1.915,1.916,10.69,0
5.36,0.02107,0.01429,0.60961,-0.068,1.915,1.916,10.69,0
5.365,0.02107,0.01428,0.60961,-0.067,1.915,1.916,10.69,0
5.37,0.02107,0.01427,0.60961,-0.066,1.914,1.916,10.69,0
5.375,0.02107,0.01427,0.60961,-0.066,1.914,1.916,10.69,0
5.38,0.02107,0.01426,0.60961,-0.065,1.914,1.915,10.69,0
5.385,0.02108,0.01425,0.60961,-0.064,1.914,1.915,10.69,0
5.39,0.02108,0.01424,0.60961,-0.063,1.914,1.915,10.69,0
5.395,0.02108,0.01423,0.60961,-0.062,1.914,1.915,10.69,0
5.4,0.02108,0.01422,0.60961,-0.061,1.915,1.916,10.69,0
5.405,0.02108,0.0142,0.60961,-0.06,1.915,1.916,10.69,0
5.41,0.02108,0.01419,0.60961,-0.059,1.915,1.916,10.69,0
5.415,0.02108,0.01418,0.60961,-0.059,1.915,1.916,10.69,0
5.42,0.02108,0.01416,0.60961,-0.058,1.915,1.916,10.69,0
5.425,0.02109,0.01415,0.60961,-0.057,1.915,1.916,10.69,0
5.43,0.02109,0.01413,0.60961,-0.057,1.915,1.916,10.69,0
5.435,0.02109,0.01412,0.60961,-0.056,1.916,1.916,10.69,0
5.44,0.02109,0.0141,0.60961,-0.056,1.916,1.917,10.69,0
5.445,0.0211,0.01408,0.60961,-0.055,1.916,1.917,10.69,0
5.45,0.0211,0.01407,0.60961,-0.055,1.916,1.917,10.69,0
5.455,0.0211,0.01405,0.60961,-0.055,1.916,1.917,10.69,0
5.46,0.02111,0.01403,0.60961,-0.054,1.917,1.918,10.69,0
5.465,0.02111,0.01401,0.60961,-0.054,1.917,1.918,10.69,0
5.47,0.02111,0.014,0.60961,-0.054,1.917,1.918,10.69,0
5.475,0.02111,0.01398,0.60961,-0.054,1.918,1.918,10.69,0
5.48,0.02112,0.01396,0.60961,-0.053,1.918,1.919,10.69,0
5.485,0.02112,0.01394,0.60961,-0.053,1.918,1.919,10.69,0
5.49,0.02112,0.01393,0.60961,-0.053,1.918,1.919,10.69,0
5.495,0.02113,0.01391,0.60961,-0.053,1.919,1.919,10.69,0
5.5,0.02113,0.01389,0.60961,-0.053,1.919,1.92,10.69,0
5.505,0.02113,0.01387,0.60961,-0.052,1.919,1.92,10.69,0
5.51,0.02114,0.01386,0.60961,-0.052,1.92,1.92,10.69,0
5.515,0.02114,0.01384,0.6096,-0.052,1.92,1.92,10.69,0
5.52,0.02114,0.01382,0.6096,-0.052,1.92,1.921,10.69,0
5.525,0.02114,0.01381,0.6096,-0.052,1.92,1.921,10.69,0
5.53,0.02115,0.01379,0.6096,-0.051,1.921,1.921,10.69,0
5.535,0.02115,0.01378,0.6096,-0.051,1.921,1.922,10.69,0
5.54,0.02115,0.01376,0.6096,-0.051,1.921,1.922,10.69,0
5.545,0.02116,0.01375,0.6096,-0.051,1.921,1.922,10.69,0
5.55,0.02116,0.01373,0.6096,-0.051,1.922,1.922,10.69,0
5.555,0.02116,0.01372,0.6096,-0.05,1.922,1.923,10.69,0
5.56,0.02116,0.0137,0.6096,-0.05,1.922,1.923,10.69,0
5.565,0.02117,0.01369,0.6096,-0.05,1.922,1.923,10.69,0
5.57,0.02117,0.01368,0.6096,-0.05,1.923,1.923,10.69,0
5.575,0.02117,0.01366,0.6096,-0.05,1.923,1.923,10.69,0
5.58,0.02117,0.01365,0.6096,-0.05,1.923,1.924,10.69,0
5.585,0.02117,0.01364,0.6096,-0.05,1.923,1.924,10.69,0
5.59,0.02117,0.01363,0.6096,-0.049,1.923,1.924,10.69,0
5.595,0.02118,0.01362,0.6096,-0.049,1.923,1.924,10.69,0
5.6,0.02118,0.01361,0.6096,-0.049,1.924,1.924,10.69,0
5.605,0.02118,0.0136,0.6096,-0.049,1.924,1.924,10.69,0
5.61,0.02118,0.01359,0.6096,-0.049,1.924,1.924,10.69,0
5.615,0.02118,0.01359,0.6096,-0.049,1.924,1.925,10.69,0
5.62,0.02118,0.01358,0.6096,-0.049,1.924,1.925,10.69,0
5.625,0.02118,0.01357,0.6096,-0.049,1.924,1.925,10.69,0
5.63,0.02118,0.01357,0.6096,-0.049,1.924,1.925,10.69,0
5.635,0.02118,0.01356,0.6096,-0.049,1.924,1.925,10.69,0
5.64,0.02118,0.01355,0.6096,-0.049,1.924,1.925,10.69,0
5.645,0.02118,0.01355,0.6096,-0.049,1.924,1.925,10.69,0
5.65,0.02118,0.01355,0.6096,-0.048,1.924,1.925,10.69,0
5.655,0.02118,0.01354,0.6096,-0.048,1.924,1.925,10.69,0
5.66,0.02118,0.01354,0.6096,-0.048,1.924,1.925,10.69,0
5.665,0.02118,0.01354,0.6096,-0.048,1.924,1.925,10.69,0
5.67,0.02118,0.01354,0.6096,-0.048,1.924,1.925,10.69,0
5.675,0.02118,0.01354,0.6096,-0.048,1.924,1.925,10.69,0
5.68,0.02118,0.01354,0.6096,-0.048,1.924,1.925,10.69,0
5.685,0.02118,0.01353,0.6096,-0.048,1.924,1.925,10.69,0
5.69,0.02118,0.01354,0.6096,-0.048,1.924,1.925,10.69,0
5.695,0.02118,0.01354,0.6096,-0.048,1.924,1.925,10.69,0
5.7,0.02118,0.01354,0.6096,-0.048,1.924,1.925,10.69,0
5.705,0.02118,0.01354,0.6096,-0.049,1.924,1.925,10.69,0
5.71,0.02118,0.01354,0.6096,-0.049,1.924,1.925,10.69,0
5.715,0.02118,0.01354,0.6096,-0.049,1.924,1.924,10.69,0
5.72,0.02117,0.01354,0.6096,-0.049,1.924,1.924,10.69,0
5.725,0.02117,0.01354,0.6096,-0.049,1.924,1.924,10.69,0
5.73,0.02117,0.01355,0.6096,-0.049,1.923,1.924,10.69,0
5.735,0.02117,0.01355,0.6096,-0.05,1.923,1.924,10.69,0
5.74,0.02117,0.01355,0.6096,-0.05,1.923,1.924,10.69,0
5.745,0.02117,0.01355,0.6096,-0.05,1.923,1.924,10.69,0
5.75,0.02117,0.01356,0.6096,-0.05,1.923,1.924,10.69,0
5.755,0.02116,0.01356,0.6096,-0.051,1.923,1.923,10.69,0
5.76,0.02116,0.01356,0.6096,-0.051,1.923,1.923,10.69,0
5.765,0.02116,0.01357,0.6096,-0.051,1.922,1.923,10.69,0
5.77,0.02116,0.01357,0.6096,-0.051,1.922,1.923,10.69,0
5.775,0.02116,0.01357,0.6096,-0.052,1.922,1.923,10.69,0
5.78,0.02116,0.01357,0.6096,-0.052,1.922,1.923,10.69,0
5.785,0.02115,0.01358,0.6096,-0.052,1.922,1.923,10.69,0
5.79,0.02115,0.01358,0.6096,-0.052,1.922,1.922,10.69,0
5.795,0.02115,0.01358,0.6096,-0.053,1.922,1.922,10.69,0
5.8,0.02115,0.01358,0.6096,-0.053,1.921,1.922,10.69,0
5.805,0.02115,0.01358,0.6096,-0.053,1.921,1.922,10.69,0
5.81,0.02115,0.01359,0.6096,-0.053,1.921,1.922,10.69,0
5.815,0.02114,0.01359,0.6096,-0.053,1.921,1.922,10.69,0
5.82,0.02114,0.01359,0.6096,-0.053,1.921,1.921,10.69,0
5.825,0.02114,0.01359,0.6096,-0.054,1.921,1.921,10.69,0
5.83,0.02114,0.01359,0.6096,-0.054,1.92,1.921,10.69,0
5.835,0.02114,0.01359,0.6096,-0.054,1.92,1.921,10.69,0
5.84,0.02114,0.01359,0.6096,-0.054,1.92,1.921,10.69,0
5.845,0.02114,0.01359,0.6096,-0.054,1.92,1.921,10.69,0
5.85,0.02113,0.01359,0.6096,-0.054,1.92,1.921,10.69,0
5.855,0.02113,0.01359,0.60961,-0.054,1.92,1.92,10.69,0
5.86,0.02113,0.01359,0.60961,-0.054,1.92,1.92,10.69,0
5.865,0.02113,0.01359,0.60961,-0.054,1.919,1.92,10.69,0
5.87,0.02113,0.01359,0.60961,-0.054,1.919,1.92,10.69,0
5.875,0.02113,0.01359,0.60961,-0.054,1.919,1.92,10.69,0
5.88,0.02113,0.01359,0.60961,-0.054,1.919,1.92,10.69,0
5.885,0.02113,0.01359,0.60961,-0.054,1.919,1.92,10.69,0
5.89,0.02113,0.01359,0.60961,-0.054,1.919,1.92,10.69,0
5.895,0.02112,0.01359,0.60961,-0.053,1.919,1.92,10.69,0
5.9,0.02112,0.01359,0.60961,-0.053,1.919,1.92,10.69,0
5.905,0.02112,0.01359,0.60961,-0.053,1.919,1.919,10.69,0
5.91,0.02112,0.01358,0.60961,-0.053,1.919,1.919,10.69,0
5.915,0.02112,0.01358,0.60961,-0.053,1.919,1.919,10.69,0
5.92,0.02112,0.01358,0.60961,-0.053,1.919,1.919,10.69,0
5.925,0.02112,0.01358,0.60961,-0.053,1.918,1.919,10.69,0
5.93,0.02112,0.01358,0.60961,-0.053,1.918,1.919,10.69,0
5.935,0.02112,0.01358,0.60961,-0.052,1.918,1.919,10.69,0
5.94,0.02112,0.01358,0.60961,-0.052,1.918,1.919,10.69,0
5.945,0.02112,0.01357,0.60961,-0.052,1.918,1.919,10.69,0
5.95,0.02112,0.01357,0.60961,-0.052,1.918,1.919,10.69,0
5.955,0.02112,0.01357,0.60961,-0.052,1.918,1.919,10.69,0
5.96,0.02112,0.01357,0.60961,-0.052,1.918,1.919,10.69,0
5.965,0.02112,0.01357,0.60961,-0.052,1.918,1.919,10.69,0
5.97,0.02112,0.01357,0.60961,-0.052,1.918,1.919,10.69,0
5.975,0.02112,0.01357,0.60961,-0.052,1.918,1.919,10.69,0
5.98,0.02112,0.01357,0.60961,-0.051,1.918,1.919,10.69,0
5.985,0.02112,0.01356,0.60961,-0.051,1.918,1.919,10.69,0
5.99,0.02112,0.01356,0.60961,-0.051,1.918,1.919,10.69,0
5.995,0.02112,0.01356,0.60961,-0.051,1.918,1.919,10.69,0
6.0,0.02112,0.01356,0.60961,-0.051,1.918,1.919,10.69,0
6.005,0.02112,0.01356,0.60961,-0.051,1.918,1.919,10.69,0
6.01,0.02112,0.01356,0.60961,-0.051,1.918,1.919,10.69,0
6.015,0.02112,0.01356,0.60961,-0.051,1.918,1.919,10.69,0
6.02,0.02112,0.01356,0.60961,-0.051,1.919,1.919,10.69,0
6.025,0.02112,0.01356,0.60961,-0.051,1.919,1.919,10.69,0
6.03,0.02113,0.01356,0.60961,-0.051,1.919,1.919,10.69,0
6.035,0.02113,0.01356,0.60961,-0.051,1.919,1.919,10.69,0
6.04,0.02113,0.01356,0.60961,-0.051,1.919,1.919,10.69,0
6.045,0.02113,0.01356,0.60961,-0.051,1.919,1.919,10.69,0
6.05,0.02113,0.01356,0.60961,-0.051,1.919,1.919,10.69,0
6.055,0.02113,0.01356,0.60961,-0.051,1.919,1.92,10.69,0
6.06,0.02113,0.01356,0.60961,-0.051,1.919,1.92,10.69,0
6.065,0.02113,0.01356,0.60961,-0.051,1.919,1.92,10.69,0
6.07,0.02113,0.01356,0.60961,-0.051,1.919,1.92,10.69,0
6.075,0.02113,0.01356,0.60961,-0.051,1.919,1.92,10.69,0
6.08,0.02113,0.01356,0.60961,-0.051,1.919,1.92,10.69,0
6.085,0.02113,0.01356,0.60961,-0.051,1.919,1.92,10.69,0
6.09,0.02113,0.01356,0.60961,-0.051,1.919,1.92,10.69,0
6.095,0.02113,0.01356,0.60961,-0.051,1.919,1.92,10.69,0
6.1,0.02113,0.01356,0.60961,-0.051,1.919,1.92,10.69,0
6.105,0.02113,0.01356,0.6096,-0.051,1.919,1.92,10.69,0
6.11,0.02114,0.01356,0.6096,-0.051,1.919,1.92,10.69,0
6.115,0.02114,0.01356,0.6096,-0.051,1.92,1.92,10.69,0
6.12,0.02114,0.01356,0.6096,-0.051,1.92,1.92,10.69,0
6.125,0.02114,0.01356,0.6096,-0.051,1.92,1.92,10.69,0
6.13,0.02114,0.01356,0.6096,-0.051,1.92,1.92,10.69,0
6.135,0.02114,0.01356,0.6096,-0.051,1.92,1.92,10.69,0
6.14,0.02114,0.01356,0.6096,-0.051,1.92,1.921,10.69,0
6.145,0.02114,0.01356,0.6096,-0.051,1.92,1.921,10.69,0
6.15,0.02114,0.01356,0.6096,-0.051,1.92,1.921,10.69,0
6.155,0.02114,0.01357,0.6096,-0.051,1.92,1.921,10.69,0
6.16,0.02114,0.01357,0.6096,-0.052,1.92,1.921,10.69,0
6.165,0.02114,0.01357,0.6096,-0.052,1.92,1.921,10.69,0
6.17,0.02114,0.01357,0.6096,-0.052,1.92,1.921,10.69,0
6.175,0.02114,0.01357,0.6096,-0.052,1.92,1.921,10.69,0
6.18,0.02114,0.01357,0.6096,-0.052,1.92,1.921,10.69,0
6.185,0.02114,0.01357,0.6096,-0.052,1.92,1.921,10.69,0
6.19,0.02114,0.01357,0.6096,-0.052,1.92,1.921,10.69,0
6.195,0.02114,0.01357,0.6096,-0.052,1.92,1.921,10.69,0
6.2,0.02114,0.01357,0.6096,-0.052,1.92,1.921,10.69,0
6.205,0.02114,0.01357,0.6096,-0.052,1.92,1.921,10.69,0
6.21,0.02114,0.01357,0.6096,-0.052,1.92,1.921,10.69,0
6.215,0.02114,0.01357,0.6096,-0.052,1.92,1.921,10.69,0
6.22,0.02114,0.01357,0.6096,-0.052,1.92,1.921,10.69,0
6.225,0.02114,0.01357,0.6096,-0.052,1.92,1.921,10.69,0
6.23,0.02114,0.01357,0.6096,-0.052,1.92,1.921,10.69,0
6.235,0.02114,0.01357,0.6096,-0.052,1.92,1.921,10.69,0
6.24,0.02114,0.01357,0.6096,-0.052,1.92,1.921,10.69,0
6.245,0.02114,0.01357,0.6096,-0.052,1.92,1.921,10.69,0
6.25,0.02114,0.01357,0.6096,-0.052,1.92,1.921,10.69,0
6.255,0.02114,0.01357,0.6096,-0.052,1.92,1.921,10.69,0
6.26,0.02114,0.01356,0.6096,-0.052,1.92,1.921,10.69,0
6.265,0.02114,0.01356,0.6096,-0.051,1.92,1.921,10.69,0
6.27,0.02114,0.01356,0.6096,-0.051,1.92,1.921,10.69,0
6.275,0.02114,0.01356,0.6096,-0.051,1.92,1.921,10.69,0
6.28,0.02114,0.01356,0.6096,-0.051,1.92,1.921,10.69,0
6.285,0.02114,0.01356,0.6096,-0.051,1.92,1.921,10.69,0
6.29,0.02114,0.01356,0.6096,-0.051,1.92,1.921,10.69,0
6.295,0.02114,0.01356,0.6096,-0.051,1.92,1.921,10.69,0
6.3,0.02114,0.01356,0.6096,-0.051,1.92,1.921,10.69,0
6.305,0.02114,0.01356,0.6096,-0.051,1.92,1.921,10.69,0
6.31,0.02114,0.01356,0.6096,-0.051,1.92,1.921,10.69,0
6.315,0.02114,0.01356,0.6096,-0.051,1.92,1.921,10.69,0
6.32,0.02114,0.01356,0.6096,-0.051,1.92,1.921,10.69,0
6.325,0.02114,0.01356,0.6096,-0.051,1.92,1.921,10.69,0
6.33,0.02114,0.01356,0.6096,-0.051,1.92,1.921,10.69,0
6.335,0.02114,0.01356,0.6096,-0.051,1.92,1.921,10.69,0
6.34,0.02114,0.01356,0.6096,-0.051,1.92,1.921,10.69,0
6.345,0.02114,0.01356,0.6096,-0.051,1.92,1.921,10.69,0
6.35,0.02114,0.01356,0.6096,-0.051,1.92,1.92,10.69,0
6.355,0.02114,0.01356,0.6096,-0.051,1.92,1.92,10.69,0
6.36,0.02114,0.01356,0.6096,-0.051,1.92,1.92,10.69,0
6.365,0.02114,0.01356,0.6096,-0.051,1.92,1.92,10.69,0
6.37,0.02114,0.01356,0.6096,-0.051,1.92,1.92,10.69,0
6.375,0.02114,0.01356,0.6096,-0.051,1.92,1.92,10.69,0
6.38,0.02114,0.01356,0.6096,-0.051,1.92,1.92,10.69,0
6.385,0.02114,0.01356,0.6096,-0.051,1.919,1.92,10.69,0
6.39,0.02114,0.01356,0.6096,-0.051,1.919,1.92,10.69,0
6.395,0.02113,0.01356,0.6096,-0.051,1.919,1.92,10.69,0
6.4,0.02113,0.01356,0.6096,-0.051,1.919,1.92,10.69,0
6.405,0.02113,0.01356,0.6096,-0.051,1.919,1.92,10.69,0
6.41,0.02113,0.01356,0.6096,-0.051,1.919,1.92,10.69,0
6.415,0.02113,0.01356,0.60961,-0.051,1.919,1.92,10.69,0
6.42,0.02113,0.01356,0.60961,-0.051,1.919,1.92,10.69,0
6.425,0.02113,0.01356,0.60961,-0.051,1.919,1.92,10.69,0
6.43,0.02113,0.01356,0.60961,-0.051,1.919,1.92,10.69,0
6.435,0.02113,0.01356,0.60961,-0.051,1.919,1.92,10.69,0
6.44,0.02113,0.01356,0.60961,-0.051,1.919,1.92,10.69,0
6.445,0.02113,0.01356,0.60961,-0.051,1.919,1.92,10.69,0
6.45,0.02113,0.01356,0.60961,-0.051,1.919,1.92,10.69,0
6.455,0.02113,0.01356,0.60961,-0.051,1.919,1.92,10.69,0
6.46,0.02113,0.01356,0.60961,-0.051,1.919,1.92,10.69,0
6.465,0.02113,0.01356,0.60961,-0.051,1.919,1.919,10.69,0
6.47,0.02113,0.01356,0.60961,-0.051,1.919,1.919,10.69,0
6.475,0.02113,0.01356,0.60961,-0.051,1.919,1.919,10.69,0
6.48,0.02113,0.01356,0.60961,-0.051,1.919,1.919,10.69,0
6.485,0.02113,0.01356,0.60961,-0.051,1.919,1.919,10.69,0
6.49,0.02113,0.01356,0.60961,-0.051,1.919,1.919,10.69,0
6.495,0.02113,0.01356,0.60961,-0.051,1.919,1.919,10.69,0
6.5,0.02113,0.01356,0.60961,-0.051,1.919,1.919,10.69,0
6.505,0.02113,0.01356,0.60961,-0.051,1.919,1.919,10.69,0
6.51,0.02113,0.01356,0.60961,-0.051,1.919,1.919,10.69,0
6.515,0.02113,0.01356,0.60961,-0.051,1.919,1.919,10.69,0
6.52,0.02113,0.01356,0.60961,-0.051,1.919,1.919,10.69,0
6.525,0.02113,0.01356,0.60961,-0.051,1.918,1.919,10.69,0
6.53,0.02113,0.01356,0.60961,-0.051,1.918,1.919,10.69,0
6.535,0.02113,0.01356,0.60961,-0.051,1.918,1.919,10.69,0
6.54,0.02113,0.01356,0.60961,-0.051,1.918,1.919,10.69,0
6.545,0.02113,0.01356,0.60961,-0.051,1.918,1.919,10.69,0
6.55,0.02113,0.01356,0.60961,-0.051,1.918,1.919,10.69,0
6.555,0.02113,0.01356,0.60961,-0.051,1.918,1.919,10.69,0
6.56,0.02113,0.01356,0.60961,-0.051,1.918,1.919,10.69,0
6.565,0.02113,0.01356,0.60961,-0.051,1.918,1.919,10.69,0
6.57,0.02113,0.01356,0.60961,-0.051,1.918,1.919,10.69,0
6.575,0.02113,0.01356,0.60961,-0.051,1.918,1.919,10.69,0
6.58,0.02113,0.01356,0.60961,-0.051,1.918,1.919,10.69,0
6.585,0.02113,0.01356,0.60961,-0.051,1.918,1.919,10.69,0
6.59,0.02113,0.01356,0.60961,-0.051,1.918,1.919,10.69,0
6.595,0.02113,0.01355,0.60961,-0.051,1.918,1.919,10.69,0
6.6,0.02113,0.01355,0.60961,-0.051,1.918,1.919,10.69,0
6.605,0.02113,0.01355,0.60961,-0.051,1.918,1.919,10.69,0
6.61,0.02113,0.01355,0.60961,-0.051,1.918,1.919,10.69,0
6.615,0.02113,0.01355,0.60961,-0.051,1.918,1.919,10.69,0
6.62,0.02113,0.01355,0.60961,-0.051,1.918,1.919,10.69,0
6.625,0.02113,0.01355,0.60961,-0.051,1.918,1.919,10.69,0
6.63,0.02113,0.01355,0.60961,-0.051,1.918,1.919,10.69,0
6.635,0.02113,0.01355,0.60961,-0.051,1.918,1.919,10.69,0
6.64,0.02113,0.01355,0.60961,-0.051,1.918,1.919,10.69,0
6.645,0.02113,0.01355,0.60961,-0.051,1.918,1.919,10.69,0
6.65,0.02113,0.01355,0.60961,-0.051,1.918,1.919,10.69,0
6.655,0.02113,0.01355,0.60961,-0.051,1.918,1.919,10.69,0
6.66,0.02113,0.01355,0.60961,-0.051,1.918,1.919,10.69,0
6.665,0.02113,0.01355,0.60961,-0.051,1.918,1.919,10.69,0
6.67,0.02113,0.01355,0.60961,-0.051,1.918,1.919,10.69,0
6.675,0.02113,0.01355,0.60961,-0.051,1.918,1.919,10.69,0
6.68,0.02113,0.01355,0.60961,-0.051,1.918,1.919,10.69,0
6.685,0.02113,0.01355,0.60961,-0.051,1.918,1.919,10.69,0
6.69,0.02113,0.01355,0.60961,-0.051,1.918,1.919,10.69,0
6.695,0.02113,0.01355,0.60961,-0.051,1.918,1.919,10.69,0
6.7,0.02113,0.01355,0.60961,-0.051,1.918,1.919,10.69,0
6.705,0.02113,0.01355,0.60961,-0.051,1.918,1.919,10.69,0
6.71,0.02113,0.01355,0.60961,-0.051,1.918,1.919,10.69,0
6.715,0.02113,0.01355,0.60961,-0.051,1.918,1.919,10.69,0
6.72,0.02113,0.01355,0.60961,-0.051,1.918,1.919,10.69,0
6.725,0.02113,0.01355,0.60961,-0.051,1.918,1.919,10.69,0
6.73,0.02113,0.01355,0.60961,-0.05,1.919,1.919,10.69,0
6.735,0.02113,0.01355,0.60961,-0.05,1.919,1.919,10.69,0
6.74,0.02113,0.01355,0.60961,-0.05,1.919,1.919,10.69,0
6.745,0.02113,0.01355,0.60961,-0.05,1.919,1.919,10.69,0
6.75,0.02113,0.01355,0.60961,-0.05,1.919,1.919,10.69,0
6.755,0.02113,0.01355,0.60961,-0.05,1.919,1.919,10.69,0
6.76,0.02113,0.01355,0.60961,-0.05,1.919,1.919,10.69,0
6.765,0.02113,0.01355,0.60961,-0.05,1.919,1.919,10.69,0
6.77,0.02113,0.01355,0.60961,-0.05,1.919,1.919,10.69,0
6.775,0.02113,0.01355,0.60961,-0.05,1.919,1.919,10.69,0
6.78,0.02113,0.01355,0.60961,-0.05,1.919,1.919,10.69,0
6.785,0.02113,0.01355,0.60961,-0.05,1.919,1.919,10.69,0
6.79,0.02113,0.01355,0.60961,-0.05,1.919,1.919,10.69,0
6.795,0.02113,0.01355,0.60961,-0.05,1.919,1.919,10.69,0
6.8,0.02113,0.01355,0.60961,-0.05,1.919,1.919,10.69,0
6.805,0.02113,0.01355,0.60961,-0.05,1.919,1.919,10.69,0
6.81,0.02113,0.01355,0.60961,-0.05,1.919,1.919,10.69,0
6.815,0.02113,0.01355,0.60961,-0.05,1.919,1.919,10.69,0
6.82,0.02113,0.01355,0.60961,-0.05,1.919,1.919,10.69,0
6.825,0.02113,0.01355,0.60961,-0.05,1.918,1.919,10.69,0
6.83,0.02113,0.01355,0.60961,-0.05,1.918,1.919,10.69,0
6.835,0.02113,0.01355,0.60961,-0.05,1.918,1.919,10.69,0
6.84,0.02113,0.01355,0.60961,-0.05,1.918,1.919,10.69,0
6.845,0.02113,0.01355,0.60961,-0.05,1.918,1.919,10.69,0
6.85,0.02113,0.01355,0.60961,-0.05,1.918,1.919,10.69,0
6.855,0.02113,0.01355,0.60961,-0.05,1.918,1.919,10.69,0
6.86,0.02113,0.01355,0.60961,-0.05,1.918,1.919,10.69,0
6.865,0.02113,0.01355,0.60961,-0.05,1.918,1.919,10.69,0
6.87,0.02113,0.01355,0.60961,-0.05,1.918,1.919,10.69,0
6.875,0.02113,0.01355,0.60961,-0.05,1.918,1.919,10.69,0
6.88,0.02113,0.01355,0.60961,-0.05,1.918,1.919,10.69,0
6.885,0.02113,0.01355,0.60961,-0.05,1.918,1.919,10.69,0
6.89,0.02113,0.01355,0.60961,-0.05,1.918,1.919,10.69,0
6.895,0.02113,0.01355,0.60961,-0.05,1.918,1.919,10.69,0
6.9,0.02113,0.01355,0.60961,-0.05,1.918,1.919,10.69,0
6.905,0.02113,0.01355,0.60961,-0.05,1.918,1.919,10.69,0
6.91,0.02113,0.01355,0.60961,-0.05,1.918,1.919,10.69,0
6.915,0.02113,0.01355,0.60961,-0.05,1.918,1.919,10.69,0
6.92,0.02113,0.01355,0.60961,-0.05,1.918,1.919,10.69,0
6.925,0.02113,0.01355,0.60961,-0.05,1.918,1.919,10.69,0
6.93,0.02113,0.01355,0.60961,-0.05,1.918,1.919,10.69,0
6.935,0.02113,0.01355,0.60961,-0.05,1.918,1.919,10.69,0
6.94,0.02113,0.01355,0.60961,-0.05,1.918,1.919,10.69,0
6.945,0.02113,0.01355,0.60961,-0.05,1.918,1.919,10.69,0
6.95,0.02113,0.01355,0.60961,-0.05,1.918,1.919,10.69,0
6.955,0.02113,0.01355,0.60961,-0.05,1.918,1.919,10.69,0
6.96,0.02113,0.01355,0.60961,-0.05,1.918,1.919,10.69,0
6.965,0.02113,0.01355,0.60961,-0.05,1.918,1.919,10.69,0
6.97,0.02113,0.01355,0.60961,-0.05,1.918,1.919,10.69,0
6.975,0.02113,0.01355,0.60961,-0.05,1.918,1.919,10.69,0
6.98,0.02113,0.01355,0.60961,-0.05,1.918,1.919,10.69,0
6.985,0.02113,0.01355,0.60961,-0.05,1.918,1.919,10.69,0
6.99,0.02113,0.01355,0.60961,-0.05,1.918,1.919,10.69,0
6.995,0.02113,0.01355,0.60961,-0.05,1.918,1.919,10.69,0
7.0,0.02113,0.01355,0.60961,-0.05,1.918,1.919,10.69,0
7.005,0.02112,0.01355,0.60961,-0.05,1.918,1.918,10.69,0
7.01,0.02112,0.01355,0.60961,-0.05,1.918,1.918,10.69,0
7.015,0.02112,0.01355,0.60961,-0.05,1.918,1.918,10.69,0
7.02,0.02112,0.01355,0.60961,-0.05,1.918,1.918,10.69,0
7.025,0.02112,0.01355,0.60961,-0.05,1.918,1.918,10.69,0
7.03,0.02112,0.01355,0.60961,-0.05,1.918,1.918,10.69,0
7.035,0.02112,0.01355,0.60961,-0.05,1.918,1.918,10.69,0
7.04,0.02112,0.01355,0.60961,-0.05,1.918,1.918,10.69,0
7.045,0.02112,0.01355,0.60961,-0.05,1.918,1.918,10.69,0
7.05,0.02112,0.01355,0.60961,-0.05,1.918,1.918,10.69,0
7.055,0.02112,0.01355,0.60961,-0.05,1.918,1.918,10.69,0
7.06,0.02112,0.01355,0.60961,-0.05,1.918,1.918,10.69,0
7.065,0.02112,0.01355,0.60961,-0.05,1.918,1.918,10.69,0
7.07,0.02112,0.01355,0.60961,-0.05,1.918,1.918,10.69,0
7.075,0.02112,0.01355,0.60961,-0.05,1.918,1.918,10.69,0
7.08,0.02112,0.01355,0.60961,-0.05,1.917,1.918,10.69,0
7.085,0.02112,0.01355,0.60961,-0.05,1.917,1.918,10.69,0
7.09,0.02112,0.01355,0.60961,-0.05,1.917,1.918,10.69,0
7.095,0.02112,0.01354,0.60961,-0.05,1.917,1.918,10.69,0
7.1,0.02112,0.01354,0.60961,-0.05,1.917,1.918,10.69,0
7.105,0.02112,0.01354,0.60961,-0.05,1.917,1.918,10.69,0
7.11,0.02112,0.01354,0.60961,-0.05,1.917,1.918,10.69,0
7.115,0.02112,0.01354,0.60961,-0.05,1.917,1.918,10.69,0
7.12,0.02112,0.01354,0.60961,-0.05,1.917,1.918,10.69,0
7.125,0.02112,0.01354,0.60961,-0.05,1.917,1.918,10.69,0
7.13,0.02112,0.01354,0.60961,-0.05,1.917,1.918,10.69,0
7.135,0.02112,0.01354,0.60961,-0.05,1.917,1.918,10.69,0
7.14,0.02112,0.01354,0.60961,-0.05,1.917,1.918,10.69,0
7.145,0.02112,0.01354,0.60961,-0.05,1.917,1.918,10.69,0
7.15,0.02112,0.01354,0.60961,-0.05,1.917,1.918,10.69,0
7.155,0.02112,0.01354,0.60961,-0.05,1.917,1.918,10.69,0
7.16,0.02112,0.01354,0.60961,-0.05,1.917,1.918,10.69,0
7.165,0.02112,0.01354,0.60961,-0.05,1.917,1.918,10.69,0
7.17,0.02112,0.01354,0.60961,-0.05,1.917,1.918,10.69,0
7.175,0.02112,0.01354,0.60961,-0.05,1.917,1.918,10.69,0
7.18,0.02112,0.01354,0.60961,-0.05,1.917,1.918,10.69,0
7.185,0.02112,0.01354,0.60961,-0.05,1.917,1.918,10.69,0
7.19,0.02112,0.01354,0.60961,-0.05,1.917,1.918,10.69,0
7.195,0.02112,0.01354,0.60961,-0.05,1.917,1.918,10.69,0
7.2,0.02112,0.01354,0.60961,-0.05,1.917,1.918,10.69,0
7.205,0.02112,0.01354,0.60961,-0.05,1.917,1.918,10.69,0
7.21,0.02112,0.01354,0.60961,-0.05,1.917,1.918,10.69,0
7.215,0.02112,0.01354,0.60961,-0.05,1.917,1.918,10.69,0
7.22,0.02112,0.01354,0.60961,-0.05,1.917,1.918,10.69,0
7.225,0.02112,0.01354,0.60961,-0.05,1.917,1.918,10.69,0
7.23,0.02112,0.01354,0.60961,-0.05,1.917,1.918,10.69,0
7.235,0.02112,0.01354,0.60961,-0.05,1.917,1.918,10.69,0
7.24,0.02112,0.01354,0.60961,-0.05,1.917,1.918,10.69,0
7.245,0.02112,0.01354,0.60961,-0.05,1.917,1.918,10.69,0
7.25,0.02112,0.01354,0.60961,-0.05,1.917,1.918,10.69,0
7.255,0.02112,0.01354,0.60961,-0.05,1.917,1.918,10.69,0
7.26,0.02112,0.01354,0.60961,-0.05,1.917,1.918,10.69,0
7.265,0.02112,0.01354,0.60961,-0.05,1.917,1.918,10.69,0
7.27,0.02112,0.01354,0.60961,-0.05,1.917,1.918,10.69,0
7.275,0.02112,0.01354,0.60961,-0.05,1.917,1.917,10.69,0
7.28,0.02112,0.01354,0.60961,-0.05,1.917,1.917,10.69,0
7.285,0.02112,0.01354,0.60961,-0.05,1.917,1.917,10.69,0
7.29,0.02112,0.01354,0.60961,-0.05,1.917,1.917,10.69,0
7.295,0.02112,0.01354,0.60961,-0.05,1.917,1.917,10.69,0
7.3,0.02112,0.01354,0.60961,-0.05,1.917,1.917,10.69,0
7.305,0.02112,0.01354,0.60961,-0.05,1.917,1.917,10.69,0
7.31,0.02112,0.01354,0.60961,-0.05,1.917,1.917,10.69,0
7.315,0.02112,0.01354,0.60961,-0.05,1.917,1.917,10.69,0
7.32,0.02112,0.01354,0.60961,-0.05,1.917,1.917,10.69,0
7.325,0.02112,0.01354,0.60961,-0.05,1.917,1.917,10.69,0
7.33,0.02112,0.01354,0.60961,-0.05,1.917,1.917,10.69,0
7.335,0.02112,0.01354,0.60961,-0.05,1.917,1.917,10.69,0
7.34,0.02112,0.01354,0.60961,-0.05,1.917,1.917,10.69,0
7.345,0.02112,0.01354,0.60961,-0.05,1.917,1.917,10.69,0
7.35,0.02112,0.01354,0.60961,-0.05,1.917,1.917,10.69,0
7.355,0.02112,0.01354,0.60961,-0.05,1.917,1.917,10.69,0
7.36,0.02112,0.01354,0.60961,-0.05,1.917,1.917,10.69,0
7.365,0.02112,0.01354,0.60961,-0.05,1.917,1.917,10.69,0
7.37,0.02112,0.01354,0.60961,-0.05,1.917,1.917,10.69,0
7.375,0.02112,0.01354,0.60961,-0.05,1.917,1.917,10.69,0
7.38,0.02112,0.01354,0.60961,-0.05,1.917,1.917,10.69,0
7.385,0.02112,0.01354,0.60961,-0.05,1.916,1.917,10.69,0
7.39,0.02112,0.01354,0.60961,-0.05,1.916,1.917,10.69,0
7.395,0.02112,0.01354,0.60961,-0.05,1.916,1.917,10.69,0
7.4,0.02112,0.01354,0.60961,-0.05,1.916,1.917,10.69,0
7.405,0.02112,0.01354,0.60961,-0.05,1.916,1.917,10.69,0
7.41,0.02112,0.01354,0.60961,-0.05,1.916,1.917,10.69,0
7.415,0.02112,0.01354,0.60961,-0.05,1.916,1.917,10.69,0
7.42,0.02112,0.01354,0.60961,-0.05,1.916,1.917,10.69,0
7.425,0.02112,0.01354,0.60961,-0.05,1.916,1.917,10.69,0
7.43,0.02112,0.01354,0.60961,-0.05,1.916,1.917,10.69,0
7.435,0.02112,0.01354,0.60961,-0.05,1.916,1.917,10.69,0
7.44,0.02112,0.01354,0.60961,-0.05,1.916,1.917,10.69,0
7.445,0.02112,0.01354,0.60961,-0.05,1.916,1.917,10.69,0
7.45,0.02112,0.01354,0.60961,-0.05,1.916,1.917,10.69,0
7.455,0.02112,0.01354,0.60961,-0.05,1.916,1.917,10.69,0
7.46,0.02112,0.01354,0.60961,-0.05,1.916,1.917,10.69,0
7.465,0.02112,0.01354,0.60961,-0.05,1.916,1.917,10.69,0
7.47,0.02112,0.01354,0.60961,-0.05,1.916,1.917,10.69,0
7.475,0.02112,0.01354,0.60961,-0.05,1.916,1.917,10.69,0
7.48,0.02112,0.01354,0.60961,-0.05,1.916,1.917,10.69,0
7.485,0.02112,0.01354,0.60961,-0.05,1.916,1.917,10.69,0
7.49,0.02112,0.01354,0.60961,-0.05,1.916,1.917,10.69,0
7.495,0.02112,0.01354,0.60961,-0.05,1.916,1.917,10.69,0
7.5,0.02112,0.01354,0.60961,-0.05,1.916,1.917,10.69,0
7.505,0.02112,0.01354,0.60961,-0.05,1.916,1.917,10.69,0
7.51,0.02112,0.01354,0.60961,-0.05,1.916,1.917,10.69,0
7.515,0.02111,0.01354,0.60961,-0.05,1.916,1.917,10.69,0
7.52,0.02111,0.01354,0.60961,-0.05,1.916,1.917,10.69,0
7.525,0.02111,0.01354,0.60961,-0.05,1.916,1.917,10.69,0
7.53,0.02111,0.01354,0.60961,-0.05,1.916,1.917,10.69,0
7.535,0.02111,0.01354,0.60961,-0.05,1.916,1.916,10.69,0
7.54,0.02111,0.01354,0.60961,-0.05,1.916,1.916,10.69,0
7.545,0.02111,0.01354,0.60961,-0.05,1.916,1.916,10.69,0
7.55,0.02111,0.01354,0.60961,-0.05,1.916,1.916,10.69,0
7.555,0.02111,0.01354,0.60961,-0.05,1.916,1.916,10.69,0
7.56,0.02111,0.01354,0.60961,-0.05,1.916,1.916,10.69,0
7.565,0.02111,0.01354,0.60961,-0.05,1.916,1.916,10.69,0
7.57,0.02111,0.01354,0.60961,-0.05,1.916,1.916,10.69,0
7.575,0.02111,0.01354,0.60961,-0.05,1.916,1.916,10.69,0
7.58,0.02111,0.01354,0.60961,-0.05,1.916,1.916,10.69,0
7.585,0.02111,0.01354,0.60961,-0.05,1.916,1.916,10.69,0
7.59,0.02111,0.01354,0.60961,-0.05,1.916,1.916,10.69,0
7.595,0.02111,0.01354,0.60961,-0.05,1.916,1.916,10.69,0
7.6,0.02111,0.01354,0.60961,-0.05,1.916,1.916,10.69,0
7.605,0.02111,0.01354,0.60961,-0.05,1.916,1.916,10.69,0
7.61,0.02111,0.01354,0.60961,-0.05,1.915,1.916,10.69,0
7.615,0.02111,0.01354,0.60961,-0.05,1.915,1.916,10.69,0
7.62,0.02111,0.01354,0.60961,-0.05,1.915,1.916,10.69,0
7.625,0.02111,0.01354,0.60961,-0.05,1.915,1.916,10.69,0
7.63,0.02111,0.01354,0.60961,-0.05,1.915,1.916,10.69,0
7.635,0.02111,0.01354,0.60961,-0.05,1.915,1.916,10.69,0
7.64,0.02111,0.01354,0.60961,-0.05,1.915,1.916,10.69,0
7.645,0.02111,0.01354,0.60961,-0.05,1.915,1.916,10.69,0
7.65,0.02111,0.01354,0.60961,-0.05,1.915,1.916,10.69,0
7.655,0.02111,0.01354,0.60961,-0.05,1.915,1.916,10.69,0
7.66,0.02111,0.01354,0.60961,-0.05,1.915,1.916,10.69,0
7.665,0.02111,0.01354,0.60961,-0.05,1.915,1.916,10.69,0
7.67,0.02111,0.01354,0.60961,-0.05,1.915,1.916,10.69,0
7.675,0.02111,0.01354,0.60961,-0.05,1.915,1.916,10.69,0
7.68,0.02111,0.01354,0.60961,-0.05,1.915,1.916,10.69,0
7.685,0.02111,0.01354,0.60961,-0.05,1.915,1.916,10.69,0
7.69,0.02111,0.01354,0.60961,-0.05,1.915,1.916,10.69,0
7.695,0.02111,0.01354,0.60961,-0.05,1.915,1.916,10.69,0
7.7,0.02111,0.01354,0.60961,-0.05,1.915,1.916,10.69,0
7.705,0.02111,0.01354,0.60961,-0.05,1.915,1.916,10.69,0
7.71,0.02111,0.01354,0.60961,-0.05,1.915,1.916,10.69,0
7.715,0.02111,0.01353,0.60961,-0.05,1.915,1.916,10.69,0
7.72,0.02111,0.01353,0.60961,-0.05,1.915,1.916,10.69,0
7.725,0.02111,0.01353,0.60961,-0.05,1.915,1.916,10.69,0
7.73,0.02111,0.01353,0.60961,-0.05,1.915,1.916,10.69,0
7.735,0.02111,0.01353,0.60961,-0.05,1.915,1.916,10.69,0
7.74,0.02111,0.01353,0.60961,-0.05,1.915,1.916,10.69,0
7.745,0.02111,0.01353,0.60961,-0.05,1.915,1.916,10.69,0
7.75,0.02111,0.01353,0.60961,-0.05,1.915,1.916,10.69,0
7.755,0.02111,0.01353,0.60961,-0.05,1.915,1.916,10.69,0
7.76,0.02111,0.01353,0.60961,-0.05,1.915,1.916,10.69,0
7.765,0.02111,0.01353,0.60961,-0.049,1.915,1.915,10.69,0
7.77,0.02111,0.01353,0.60961,-0.049,1.915,1.915,10.69,0
7.775,0.02111,0.01353,0.60961,-0.049,1.915,1.915,10.69,0
7.78,0.02111,0.01353,0.60961,-0.049,1.915,1.915,10.69,0
7.785,0.02111,0.01353,0.60961,-0.049,1.915,1.915,10.69,0
7.79,0.02111,0.01353,0.60961,-0.049,1.915,1.915,10.69,0
7.795,0.02111,0.01353,0.60961,-0.049,1.915,1.915,10.69,0
7.8,0.02111,0.01353,0.60961,-0.049,1.915,1.915,10.69,0
7.805,0.02111,0.01353,0.60961,-0.049,1.915,1.915,10.69,0
7.81,0.02111,0.01353,0.60961,-0.049,1.915,1.915,10.69,0
7.815,0.02111,0.01353,0.60961,-0.049,1.915,1.915,10.69,0
7.82,0.02111,0.01353,0.60961,-0.049,1.915,1.915,10.69,0
7.825,0.02111,0.01353,0.60961,-0.049,1.915,1.915,10.69,0
7.83,0.02111,0.01353,0.60961,-0.049,1.915,1.915,10.69,0
7.835,0.02111,0.01353,0.60961,-0.049,1.915,1.915,10.69,0
7.84,0.02111,0.01353,0.60961,-0.049,1.915,1.915,10.69,0
7.845,0.02111,0.01353,0.60961,-0.049,1.915,1.915,10.69,0
7.85,0.02111,0.01353,0.60961,-0.049,1.915,1.915,10.69,0
7.855,0.02111,0.01353,0.60961,-0.049,1.915,1.915,10.69,0
7.86,0.02111,0.01353,0.60961,-0.049,1.915,1.915,10.69,0
7.865,0.02111,0.01353,0.60961,-0.049,1.915,1.915,10.69,0
7.87,0.02111,0.01353,0.60961,-0.049,1.915,1.915,10.69,0
7.875,0.02111,0.01353,0.60961,-0.049,1.914,1.915,10.69,0
7.88,0.02111,0.01353,0.60961,-0.049,1.914,1.915,10.69,0
7.885,0.02111,0.01353,0.60961,-0.049,1.914,1.915,10.69,0
7.89,0.02111,0.01353,0.60961,-0.049,1.914,1.915,10.69,0
7.895,0.02111,0.01353,0.60961,-0.049,1.914,1.915,10.69,0
7.9,0.02111,0.01353,0.60961,-0.049,1.914,1.915,10.69,0
7.905,0.02111,0.01353,0.60961,-0.049,1.914,1.915,10.69,0
7.91,0.02111,0.01353,0.60961,-0.049,1.914,1.915,10.69,0
7.915,0.02111,0.01353,0.60961,-0.049,1.914,1.915,10.69,0
7.92,0.02111,0.01353,0.60961,-0.049,1.914,1.915,10.69,0
7.925,0.02111,0.01353,0.60961,-0.049,1.914,1.915,10.69,0
7.93,0.02111,0.01353,0.60961,-0.049,1.914,1.915,10.69,0
7.935,0.02111,0.01353,0.60961,-0.049,1.914,1.915,10.69,0
7.94,0.02111,0.01353,0.60961,-0.049,1.914,1.915,10.69,0
7.945,0.02111,0.01353,0.60961,-0.049,1.914,1.915,10.68,0
7.95,0.02111,0.01353,0.60961,-0.049,1.914,1.915,10.68,0
7.955,0.02111,0.01353,0.60961,-0.049,1.914,1.915,10.68,0
7.96,0.02111,0.01353,0.60961,-0.049,1.914,1.915,10.68,0
7.965,0.02111,0.01353,0.60961,-0.049,1.914,1.915,10.68,0
7.97,0.02111,0.01353,0.60961,-0.049,1.914,1.915,10.68,0
7.975,0.02111,0.01353,0.60961,-0.049,1.914,1.915,10.68,0
7.98,0.02111,0.01353,0.60961,-0.049,1.914,1.915,10.68,0
7.985,0.02111,0.01353,0.60961,-0.049,1.914,1.915,10.68,0
7.99,0.02111,0.01353,0.60961,-0.049,1.914,1.915,10.68,0
7.995,0.02111,0.01353,0.60961,-0.049,1.914,1.915,10.68,0
8.0,0.02111,0.01353,0.60961,-0.049,1.914,1.915,10.68,0
8.005,0.02111,0.01353,0.60961,-0.049,1.914,1.915,10.68,0
8.01,0.02111,0.01353,0.60961,-0.049,1.914,1.915,10.68,0
8.015,0.02111,0.01353,0.60961,-0.049,1.914,1.915,10.68,0
8.02,0.02111,0.01353,0.60961,-0.049,1.914,1.915,10.68,0
8.025,0.02111,0.01353,0.60961,-0.049,1.914,1.915,10.68,0
8.03,0.02111,0.01353,0.60961,-0.049,1.914,1.915,10.68,0
8.035,0.02111,0.01353,0.60961,-0.049,1.914,1.915,10.68,0
8.04,0.02111,0.01353,0.60961,-0.049,1.914,1.915,10.68,0
8.045,0.0211,0.01353,0.60961,-0.049,1.914,1.915,10.68,0
8.05,0.0211,0.01353,0.60961,-0.049,1.914,1.915,10.68,0
8.055,0.0211,0.01353,0.60961,-0.049,1.914,1.915,10.68,0
8.06,0.0211,0.01353,0.60961,-0.049,1.914,1.915,10.68,0
8.065,0.0211,0.01353,0.60961,-0.049,1.914,1.915,10.68,0
8.07,0.0211,0.01353,0.60961,-0.049,1.914,1.915,10.68,0
8.075,0.0211,0.01353,0.60961,-0.049,1.914,1.914,10.68,0
8.08,0.0211,0.01353,0.60961,-0.049,1.914,1.914,10.68,0
8.085,0.0211,0.01353,0.60961,-0.049,1.914,1.914,10.68,0
8.09,0.0211,0.01353,0.60961,-0.049,1.914,1.914,10.68,0
8.095,0.0211,0.01353,0.60961,-0.049,1.914,1.914,10.68,0
8.1,0.0211,0.01353,0.60961,-0.049,1.914,1.914,10.68,0
8.105,0.0211,0.01353,0.60961,-0.049,1.914,1.914,10.68,0
8.11,0.0211,0.01353,0.60961,-0.049,1.914,1.914,10.68,0
8.115,0.0211,0.01353,0.60961,-0.049,1.914,1.914,10.68,0
8.12,0.0211,0.01353,0.60961,-0.049,1.914,1.914,10.68,0
8.125,0.0211,0.01353,0.60961,-0.049,1.914,1.914,10.68,0
8.13,0.0211,0.01353,0.60961,-0.049,1.914,1.914,10.68,0
8.135,0.0211,0.01353,0.60961,-0.049,1.914,1.914,10.68,0
8.14,0.0211,0.01353,0.60961,-0.049,1.914,1.914,10.68,0
8.145,0.0211,0.01353,0.60961,-0.049,1.914,1.914,10.68,0
8.15,0.0211,0.01353,0.60961,-0.049,1.914,1.914,10.68,0
8.155,0.0211,0.01353,0.60961,-0.049,1.914,1.914,10.68,0
8.16,0.0211,0.01353,0.60961,-0.049,1.914,1.914,10.68,0
8.165,0.0211,0.01353,0.60961,-0.049,1.914,1.914,10.68,0
8.17,0.0211,0.01353,0.60961,-0.049,1.914,1.914,10.68,0
8.175,0.0211,0.01353,0.60961,-0.049,1.914,1.914,10.68,0
8.18,0.0211,0.01353,0.60961,-0.049,1.914,1.914,10.68,0
8.185,0.0211,0.01353,0.60961,-0.049,1.914,1.914,10.68,0
8.19,0.0211,0.01353,0.60961,-0.049,1.913,1.914,10.68,0
8.195,0.0211,0.01353,0.60961,-0.049,1.913,1.914,10.68,0
8.2,0.0211,0.01353,0.60961,-0.049,1.913,1.914,10.68,0
8.205,0.0211,0.01353,0.60961,-0.049,1.913,1.914,10.68,0
8.21,0.0211,0.01353,0.60961,-0.049,1.913,1.914,10.68,0
8.215,0.0211,0.01353,0.60961,-0.049,1.913,1.914,10.68,0
8.22,0.0211,0.01353,0.60961,-0.049,1.913,1.914,10.68,0
8.225,0.0211,0.01353,0.60961,-0.049,1.913,1.914,10.68,0
8.23,0.0211,0.01353,0.60961,-0.049,1.913,1.914,10.68,0
8.235,0.0211,0.01353,0.60961,-0.049,1.913,1.914,10.68,0
8.24,0.0211,0.01353,0.60961,-0.049,1.913,1.914,10.68,0
8.245,0.0211,0.01353,0.60961,-0.049,1.913,1.914,10.68,0
8.25,0.0211,0.01353,0.60961,-0.049,1.913,1.914,10.68,0
8.255,0.0211,0.01353,0.60961,-0.049,1.913,1.914,10.68,0
8.26,0.0211,0.01353,0.60961,-0.049,1.913,1.914,10.68,0
8.265,0.0211,0.01353,0.60961,-0.049,1.913,1.914,10.68,0
8.27,0.0211,0.01353,0.60961,-0.049,1.913,1.914,10.68,0
8.275,0.0211,0.01353,0.60961,-0.049,1.913,1.914,10.68,0
8.28,0.0211,0.01353,0.60961,-0.049,1.913,1.914,10.68,0
8.285,0.0211,0.01353,0.60961,-0.049,1.913,1.914,10.68,0
8.29,0.0211,0.01353,0.60961,-0.049,1.913,1.914,10.68,0
8.295,0.0211,0.01353,0.60961,-0.049,1.913,1.914,10.68,0
8.3,0.0211,0.01353,0.60961,-0.049,1.913,1.914,10.68,0
8.305,0.0211,0.01353,0.60961,-0.049,1.913,1.914,10.68,0
8.31,0.0211,0.01353,0.60961,-0.049,1.913,1.914,10.68,0
8.315,0.0211,0.01353,0.60961,-0.049,1.913,1.914,10.68,0
8.32,0.0211,0.01353,0.60961,-0.049,1.913,1.914,10.68,0
8.325,0.0211,0.01353,0.60961,-0.049,1.913,1.914,10.68,0
8.33,0.0211,0.01353,0.60961,-0.049,1.913,1.914,10.68,0
8.335,0.0211,0.01353,0.60961,-0.049,1.913,1.914,10.68,0
8.34,0.0211,0.01353,0.60961,-0.049,1.913,1.914,10.68,0
8.345,0.0211,0.01353,0.60961,-0.049,1.913,1.914,10.68,0
8.35,0.0211,0.01353,0.60961,-0.049,1.913,1.914,10.68,0
8.355,0.0211,0.01353,0.60961,-0.049,1.913,1.914,10.68,0
8.36,0.0211,0.01353,0.60961,-0.049,1.913,1.914,10.68,0
8.365,0.0211,0.01353,0.60961,-0.049,1.913,1.914,10.68,0
8.37,0.0211,0.01353,0.60961,-0.049,1.913,1.914,10.68,0
8.375,0.0211,0.01353,0.60961,-0.049,1.913,1.914,10.68,0
8.38,0.0211,0.01353,0.60961,-0.049,1.913,1.914,10.68,0
8.385,0.0211,0.01353,0.60961,-0.049,1.913,1.914,10.68,0
8.39,0.0211,0.01353,0.60961,-0.049,1.913,1.914,10.68,0
8.395,0.0211,0.01353,0.60961,-0.049,1.913,1.914,10.68,0
8.4,0.0211,0.01353,0.60961,-0.049,1.913,1.914,10.68,0
8.405,0.0211,0.01353,0.60961,-0.049,1.913,1.913,10.68,0
8.41,0.0211,0.01353,0.60961,-0.049,1.913,1.913,10.68,0
8.415,0.0211,0.01353,0.60961,-0.049,1.913,1.913,10.68,0
8.42,0.0211,0.01353,0.60961,-0.049,1.913,1.913,10.68,0
8.425,0.0211,0.01353,0.60961,-0.049,1.913,1.913,10.68,0
8.43,0.0211,0.01353,0.60961,-0.049,1.913,1.913,10.68,0
8.435,0.0211,0.01353,0.60961,-0.049,1.913,1.913,10.68,0
8.44,0.0211,0.01353,0.60961,-0.049,1.913,1.913,10.68,0
8.445,0.0211,0.01353,0.60961,-0.049,1.913,1.913,10.68,0
8.45,0.0211,0.01353,0.60961,-0.049,1.913,1.913,10.68,0
8.455,0.0211,0.01353,0.60961,-0.049,1.913,1.913,10.68,0
8.46,0.0211,0.01353,0.60961,-0.049,1.913,1.913,10.68,0
8.465,0.0211,0.01353,0.60961,-0.049,1.913,1.913,10.68,0
8.47,0.0211,0.01353,0.60961,-0.049,1.913,1.913,10.68,0
8.475,0.0211,0.01353,0.60961,-0.049,1.913,1.913,10.68,0
8.48,0.0211,0.01353,0.60961,-0.049,1.913,1.913,10.68,0
8.485,0.0211,0.01353,0.60961,-0.049,1.913,1.913,10.68,0
8.49,0.0211,0.01353,0.60961,-0.049,1.913,1.913,10.68,0
8.495,0.0211,0.01353,0.60961,-0.049,1.913,1.913,10.68,0
8.5,0.0211,0.01353,0.60961,-0.049,1.913,1.913,10.68,0
8.505,0.0211,0.01353,0.60961,-0.049,1.913,1.913,10.68,0
8.51,0.0211,0.01353,0.60961,-0.049,1.913,1.913,10.68,0
8.515,0.0211,0.01353,0.60961,-0.049,1.913,1.913,10.68,0
8.52,0.0211,0.01353,0.60961,-0.049,1.913,1.913,10.68,0
8.525,0.0211,0.01353,0.60961,-0.049,1.913,1.913,10.68,0
8.53,0.0211,0.01353,0.60961,-0.049,1.913,1.913,10.68,0
8.535,0.0211,0.01353,0.60961,-0.049,1.913,1.913,10.68,0
8.54,0.0211,0.01353,0.60961,-0.049,1.913,1.913,10.68,0
8.545,0.0211,0.01353,0.60961,-0.049,1.912,1.913,10.68,0
8.55,0.0211,0.01353,0.60961,-0.049,1.912,1.913,10.68,0
8.555,0.0211,0.01353,0.60961,-0.049,1.912,1.913,10.68,0
8.56,0.0211,0.01353,0.60961,-0.049,1.912,1.913,10.68,0
8.565,0.0211,0.01353,0.60961,-0.049,1.912,1.913,10.68,0
8.57,0.0211,0.01353,0.60961,-0.049,1.912,1.913,10.68,0
8.575,0.0211,0.01353,0.60961,-0.049,1.912,1.913,10.68,0
8.58,0.0211,0.01353,0.60961,-0.049,1.912,1.913,10.68,0
8.585,0.0211,0.01353,0.60961,-0.049,1.912,1.913,10.68,0
8.59,0.0211,0.01353,0.60961,-0.049,1.912,1.913,10.68,0
8.595,0.0211,0.01353,0.60961,-0.049,1.912,1.913,10.68,0
8.6,0.0211,0.01353,0.60961,-0.049,1.912,1.913,10.68,0
8.605,0.0211,0.01353,0.60961,-0.049,1.912,1.913,10.68,0
8.61,0.0211,0.01353,0.60961,-0.049,1.912,1.913,10.68,0
8.615,0.0211,0.01353,0.60961,-0.049,1.912,1.913,10.68,0
8.62,0.0211,0.01353,0.60961,-0.049,1.912,1.913,10.68,0
8.625,0.0211,0.01353,0.60961,-0.049,1.912,1.913,10.68,0
8.63,0.0211,0.01353,0.60961,-0.049,1.912,1.913,10.68,0
8.635,0.0211,0.01353,0.60961,-0.049,1.912,1.913,10.68,0
8.64,0.0211,0.01353,0.60961,-0.049,1.912,1.913,10.68,0
8.645,0.0211,0.01353,0.60961,-0.049,1.912,1.913,10.68,0
8.65,0.0211,0.01353,0.60961,-0.049,1.912,1.913,10.68,0
8.655,0.0211,0.01353,0.60961,-0.049,1.912,1.913,10.68,0
8.66,0.0211,0.01353,0.60961,-0.049,1.912,1.913,10.68,0
8.665,0.0211,0.01353,0.60961,-0.049,1.912,1.913,10.68,0
8.67,0.0211,0.01353,0.60961,-0.049,1.912,1.913,10.68,0
8.675,0.0211,0.01353,0.60961,-0.049,1.912,1.913,10.68,0
8.68,0.0211,0.01353,0.60961,-0.049,1.912,1.913,10.68,0
8.685,0.0211,0.01353,0.60961,-0.049,1.912,1.913,10.68,0
8.69,0.0211,0.01353,0.60961,-0.049,1.912,1.913,10.68,0
8.695,0.0211,0.01353,0.60961,-0.049,1.912,1.913,10.68,0
8.7,0.0211,0.01353,0.60961,-0.049,1.912,1.913,10.68,0
8.705,0.0211,0.01353,0.60961,-0.049,1.912,1.913,10.68,0
8.71,0.0211,0.01353,0.60961,-0.049,1.912,1.913,10.68,0
8.715,0.0211,0.01353,0.60961,-0.049,1.912,1.913,10.68,0
8.72,0.0211,0.01353,0.60961,-0.049,1.912,1.913,10.68,0
8.725,0.0211,0.01353,0.60961,-0.049,1.912,1.913,10.68,0
8.73,0.0211,0.01353,0.60961,-0.049,1.912,1.913,10.68,0
8.735,0.0211,0.01353,0.60961,-0.049,1.912,1.913,10.68,0
8.74,0.0211,0.01353,0.60961,-0.049,1.912,1.913,10.68,0
8.745,0.0211,0.01353,0.60961,-0.049,1.912,1.913,10.68,0
8.75,0.0211,0.01353,0.60961,-0.049,1.912,1.913,10.68,0
8.755,0.0211,0.01353,0.60961,-0.049,1.912,1.913,10.68,0
8.76,0.0211,0.01353,0.60961,-0.049,1.912,1.913,10.68,0
8.765,0.0211,0.01353,0.60961,-0.049,1.912,1.913,10.68,0
8.77,0.0211,0.01353,0.60961,-0.049,1.912,1.913,10.68,0
8.775,0.0211,0.01353,0.60961,-0.049,1.912,1.913,10.68,0
8.78,0.0211,0.01353,0.60961,-0.049,1.912,1.913,10.68,0
8.785,0.0211,0.01353,0.60961,-0.049,1.912,1.913,10.68,0
8.79,0.0211,0.01353,0.60961,-0.049,1.912,1.913,10.68,0
8.795,0.0211,0.01353,0.60961,-0.049,1.912,1.913,10.68,0
8.8,0.0211,0.01353,0.60961,-0.049,1.912,1.913,10.68,0
8.805,0.02109,0.01353,0.60961,-0.049,1.912,1.913,10.68,0
8.81,0.02109,0.01353,0.60961,-0.049,1.912,1.912,10.68,0
8.815,0.02109,0.01353,0.60961,-0.049,1.912,1.912,10.68,0
8.82,0.02109,0.01353,0.60961,-0.049,1.912,1.912,10.68,0
8.825,0.02109,0.01353,0.60961,-0.049,1.912,1.912,10.68,0
8.83,0.02109,0.01353,0.60961,-0.049,1.912,1.912,10.68,0
8.835,0.02109,0.01353,0.60961,-0.049,1.912,1.912,10.68,0
8.84,0.02109,0.01353,0.60961,-0.049,1.912,1.912,10.68,0
8.845,0.02109,0.01353,0.60961,-0.049,1.912,1.912,10.68,0
8.85,0.02109,0.01353,0.60961,-0.049,1.912,1.912,10.68,0
8.855,0.02109,0.01353,0.60961,-0.049,1.912,1.912,10.68,0
8.86,0.02109,0.01353,0.60961,-0.049,1.912,1.912,10.68,0
8.865,0.02109,0.01353,0.60961,-0.049,1.912,1.912,10.68,0
8.87,0.02109,0.01353,0.60961,-0.049,1.912,1.912,10.68,0
8.875,0.02109,0.01353,0.60961,-0.049,1.912,1.912,10.68,0
8.88,0.02109,0.01353,0.60961,-0.049,1.912,1.912,10.68,0
8.885,0.02109,0.01353,0.60961,-0.049,1.912,1.912,10.68,0
8.89,0.02109,0.01353,0.60961,-0.049,1.912,1.912,10.68,0
8.895,0.02109,0.01353,0.60961,-0.049,1.912,1.912,10.68,0
8.9,0.02109,0.01353,0.60961,-0.049,1.912,1.912,10.68,0
8.905,0.02109,0.01353,0.60961,-0.049,1.912,1.912,10.68,0
8.91,0.02109,0.01353,0.60961,-0.049,1.912,1.912,10.68,0
8.915,0.02109,0.01353,0.60961,-0.049,1.912,1.912,10.68,0
8.92,0.02109,0.01353,0.60961,-0.049,1.912,1.912,10.68,0
8.925,0.02109,0.01353,0.60961,-0.049,1.912,1.912,10.68,0
8.93,0.02109,0.01353,0.60961,-0.049,1.912,1.912,10.68,0
8.935,0.02109,0.01353,0.60961,-0.049,1.912,1.912,10.68,0
8.94,0.02109,0.01353,0.60961,-0.049,1.912,1.912,10.68,0
8.945,0.02109,0.01353,0.60961,-0.049,1.912,1.912,10.68,0
8.95,0.02109,0.01353,0.60961,-0.049,1.912,1.912,10.68,0
8.955,0.02109,0.01353,0.60961,-0.049,1.912,1.912,10.68,0
8.96,0.02109,0.01353,0.60961,-0.049,1.912,1.912,10.68,0
8.965,0.02109,0.01353,0.60961,-0.049,1.912,1.912,10.68,0
8.97,0.02109,0.01353,0.60961,-0.049,1.912,1.912,10.68,0
8.975,0.02109,0.01353,0.60961,-0.049,1.911,1.912,10.68,0
8.98,0.02109,0.01353,0.60961,-0.049,1.911,1.912,10.68,0
8.985,0.02109,0.01353,0.60961,-0.049,1.911,1.912,10.68,0
8.99,0.02109,0.01353,0.60961,-0.049,1.911,1.912,10.68,0
8.995,0.02109,0.01353,0.60961,-0.049,1.911,1.912,10.68,0
9.0,0.02109,0.01353,0.60961,-0.049,1.911,1.912,10.68,0
9.005,0.02109,0.01353,0.60961,-0.049,1.911,1.912,10.68,0
9.01,0.02109,0.01353,0.60961,-0.049,1.911,1.912,10.68,0
9.015,0.02109,0.01353,0.60961,-0.049,1.911,1.912,10.68,0
9.02,0.02109,0.01353,0.60961,-0.049,1.911,1.912,10.68,0
9.025,0.02109,0.01353,0.60961,-0.049,1.911,1.912,10.68,0
9.03,0.02109,0.01353,0.60961,-0.049,1.911,1.912,10.68,0
9.035,0.02109,0.01353,0.60961,-0.049,1.911,1.912,10.68,0
9.04,0.02109,0.01353,0.60961,-0.049,1.911,1.912,10.68,0
9.045,0.02109,0.01353,0.60961,-0.049,1.911,1.912,10.68,0
9.05,0.02109,0.01353,0.60961,-0.049,1.911,1.912,10.68,0
9.055,0.02109,0.01353,0.60961,-0.049,1.911,1.912,10.68,0
9.06,0.02109,0.01353,0.60961,-0.049,1.911,1.912,10.68,0
9.065,0.02109,0.01353,0.60961,-0.049,1.911,1.912,10.68,0
9.07,0.02109,0.01353,0.60961,-0.049,1.911,1.912,10.68,0
9.075,0.02109,0.01353,0.60961,-0.049,1.911,1.912,10.68,0
9.08,0.02109,0.01353,0.60961,-0.049,1.911,1.912,10.68,0
9.085,0.02109,0.01353,0.60961,-0.049,1.911,1.912,10.68,0
9.09,0.02109,0.01352,0.60961,-0.049,1.911,1.912,10.68,0
9.095,0.02109,0.01352,0.60961,-0.049,1.911,1.912,10.68,0
9.1,0.02109,0.01352,0.60961,-0.049,1.911,1.912,10.68,0
9.105,0.02109,0.01352,0.60961,-0.049,1.911,1.912,10.68,0
9.11,0.02109,0.01352,0.60961,-0.049,1.911,1.912,10.68,0
9.115,0.02109,0.01352,0.60961,-0.049,1.911,1.912,10.68,0
9.12,0.02109,0.01352,0.60961,-0.049,1.911,1.912,10.68,0
9.125,0.02109,0.01352,0.60961,-0.049,1.911,1.912,10.68,0
9.13,0.02109,0.01352,0.60961,-0.049,1.911,1.912,10.68,0
9.135,0.02109,0.01352,0.60961,-0.049,1.911,1.912,10.68,0
9.14,0.02109,0.01352,0.60961,-0.049,1.911,1.912,10.68,0
9.145,0.02109,0.01352,0.60961,-0.049,1.911,1.912,10.68,0
9.15,0.02109,0.01352,0.60961,-0.049,1.911,1.912,10.68,0
9.155,0.02109,0.01352,0.60961,-0.049,1.911,1.912,10.68,0
9.16,0.02109,0.01352,0.60961,-0.049,1.911,1.912,10.68,0
9.165,0.02109,0.01352,0.60961,-0.049,1.911,1.912,10.68,0
9.17,0.02109,0.01352,0.60961,-0.049,1.911,1.912,10.68,0
9.175,0.02109,0.01352,0.60961,-0.049,1.911,1.912,10.68,0
9.18,0.02109,0.01352,0.60961,-0.049,1.911,1.912,10.68,0
9.185,0.02109,0.01352,0.60961,-0.049,1.911,1.912,10.68,0
9.19,0.02109,0.01352,0.60961,-0.049,1.911,1.912,10.68,0
9.195,0.02109,0.01352,0.60961,-0.049,1.911,1.912,10.68,0
9.2,0.02109,0.01352,0.60961,-0.049,1.911,1.912,10.68,0
9.205,0.02109,0.01352,0.60961,-0.049,1.911,1.912,10.68,0
9.21,0.02109,0.01352,0.60961,-0.049,1.911,1.912,10.68,0
9.215,0.02109,0.01352,0.60961,-0.049,1.911,1.912,10.68,0
9.22,0.02109,0.01352,0.60961,-0.049,1.911,1.912,10.68,0
9.225,0.02109,0.01352,0.60961,-0.049,1.911,1.912,10.68,0
9.23,0.02109,0.01352,0.60961,-0.049,1.911,1.912,10.68,0
9.235,0.02109,0.01352,0.60961,-0.049,1.911,1.912,10.68,0
9.24,0.02109,0.01352,0.60961,-0.049,1.911,1.912,10.68,0
9.245,0.02109,0.01352,0.60961,-0.049,1.911,1.912,10.68,0
9.25,0.02109,0.01352,0.60961,-0.049,1.911,1.912,10.68,0
9.255,0.02109,0.01352,0.60961,-0.049,1.911,1.912,10.68,0
9.26,0.02109,0.01352,0.60961,-0.049,1.911,1.912,10.68,0
9.265,0.02109,0.01352,0.60961,-0.049,1.911,1.912,10.68,0
9.27,0.02109,0.01352,0.60961,-0.049,1.911,1.912,10.68,0
9.275,0.02109,0.01352,0.60961,-0.049,1.911,1.912,10.68,0
9.28,0.02109,0.01352,0.60961,-0.049,1.911,1.912,10.68,0
9.285,0.02109,0.01352,0.60961,-0.049,1.911,1.912,10.68,0
9.29,0.02109,0.01352,0.60961,-0.049,1.911,1.911,10.68,0
9.295,0.02109,0.01352,0.60961,-0.049,1.911,1.911,10.68,0
9.3,0.02109,0.01352,0.60961,-0.049,1.911,1.911,10.68,0
9.305,0.02109,0.01352,0.60961,-0.049,1.911,1.911,10.68,0
9.31,0.02109,0.01352,0.60961,-0.049,1.911,1.911,10.68,0
9.315,0.02109,0.01352,0.60961,-0.049,1.911,1.911,10.68,0
9.32,0.02109,0.01352,0.60961,-0.049,1.911,1.911,10.68,0
9.325,0.02109,0.01352,0.60961,-0.049,1.911,1.911,10.68,0
9.33,0.02109,0.01352,0.60961,-0.049,1.911,1.911,10.68,0
9.335,0.02109,0.01352,0.60961,-0.049,1.911,1.911,10.68,0
9.34,0.02109,0.01352,0.60961,-0.049,1.911,1.911,10.68,0
9.345,0.02109,0.01352,0.60961,-0.049,1.911,1.911,10.68,0
9.35,0.02109,0.01352,0.60961,-0.049,1.911,1.911,10.68,0
9.355,0.02109,0.01352,0.60961,-0.049,1.911,1.911,10.68,0
9.36,0.02109,0.01352,0.60961,-0.049,1.911,1.911,10.68,0
9.365,0.02109,0.01352,0.60961,-0.049,1.911,1.911,10.68,0
9.37,0.02109,0.01352,0.60961,-0.049,1.911,1.911,10.68,0
9.375,0.02109,0.01352,0.60961,-0.049,1.911,1.911,10.68,0
9.38,0.02109,0.01352,0.60961,-0.049,1.911,1.911,10.68,0
9.385,0.02109,0.01352,0.60961,-0.049,1.911,1.911,10.68,0
9.39,0.02109,0.01352,0.60961,-0.049,1.911,1.911,10.68,0
9.395,0.02109,0.01352,0.60961,-0.049,1.911,1.911,10.68,0
9.4,0.02109,0.01352,0.60961,-0.049,1.911,1.911,10.68,0
9.405,0.02109,0.01352,0.60961,-0.049,1.911,1.911,10.68,0
9.41,0.02109,0.01352,0.60961,-0.049,1.911,1.911,10.68,0
9.415,0.02109,0.01352,0.60961,-0.049,1.911,1.911,10.68,0
9.42,0.02109,0.01352,0.60961,-0.049,1.911,1.911,10.68,0
9.425,0.02109,0.01352,0.60961,-0.049,1.911,1.911,10.68,0
9.43,0.02109,0.01352,0.60961,-0.049,1.911,1.911,10.68,0
9.435,0.02109,0.01352,0.60961,-0.049,1.911,1.911,10.68,0
9.44,0.02109,0.01352,0.60961,-0.049,1.911,1.911,10.68,0
9.445,0.02109,0.01352,0.60961,-0.049,1.911,1.911,10.68,0
9.45,0.02109,0.01352,0.60961,-0.049,1.911,1.911,10.68,0
9.455,0.02109,0.01352,0.60961,-0.049,1.911,1.911,10.68,0
9.46,0.02109,0.01352,0.60961,-0.049,1.911,1.911,10.68,0
9.465,0.02109,0.01352,0.60961,-0.049,1.911,1.911,10.68,0
9.47,0.02109,0.01352,0.60961,-0.049,1.911,1.911,10.68,0
9.475,0.02109,0.01352,0.60961,-0.049,1.911,1.911,10.68,0
9.48,0.02109,0.01352,0.60961,-0.049,1.911,1.911,10.68,0
9.485,0.02109,0.01352,0.60961,-0.049,1.911,1.911,10.68,0
9.49,0.02109,0.01352,0.60961,-0.049,1.911,1.911,10.68,0
9.495,0.02109,0.01352,0.60961,-0.049,1.91,1.911,10.68,0
9.5,0.02109,0.01352,0.60961,-0.049,1.91,1.911,10.68,0
9.505,0.02109,0.01352,0.60961,-0.049,1.91,1.911,10.68,0
9.51,0.02109,0.01352,0.60961,-0.049,1.91,1.911,10.68,0
9.515,0.02109,0.01352,0.60961,-0.049,1.91,1.911,10.68,0
9.52,0.02109,0.01352,0.60961,-0.049,1.91,1.911,10.68,0
9.525,0.02109,0.01352,0.60961,-0.049,1.91,1.911,10.68,0
9.53,0.02109,0.01352,0.60961,-0.049,1.91,1.911,10.68,0
9.535,0.02109,0.01352,0.60961,-0.049,1.91,1.911,10.68,0
9.54,0.02109,0.01352,0.60961,-0.049,1.91,1.911,10.68,0
9.545,0.02109,0.01352,0.60961,-0.049,1.91,1.911,10.68,0
9.55,0.02109,0.01352,0.60961,-0.049,1.91,1.911,10.68,0
9.555,0.02109,0.01352,0.60961,-0.049,1.91,1.911,10.68,0
9.56,0.02109,0.01352,0.60961,-0.049,1.91,1.911,10.68,0
9.565,0.02109,0.01352,0.60961,-0.049,1.91,1.911,10.68,0
9.57,0.02109,0.01352,0.60961,-0.049,1.91,1.911,10.68,0
9.575,0.02109,0.01352,0.60961,-0.049,1.91,1.911,10.68,0
9.58,0.02109,0.01352,0.60961,-0.049,1.91,1.911,10.68,0
9.585,0.02109,0.01352,0.60961,-0.049,1.91,1.911,10.68,0
9.59,0.02109,0.01352,0.60961,-0.049,1.91,1.911,10.68,0
9.595,0.02109,0.01352,0.60961,-0.049,1.91,1.911,10.68,0
9.6,0.02109,0.01352,0.60961,-0.049,1.91,1.911,10.68,0
9.605,0.02109,0.01352,0.60961,-0.049,1.91,1.911,10.68,0
9.61,0.02109,0.01352,0.60961,-0.049,1.91,1.911,10.68,0
9.615,0.02109,0.01352,0.60961,-0.049,1.91,1.911,10.68,0
9.62,0.02109,0.01352,0.60961,-0.049,1.91,1.911,10.68,0
9.625,0.02109,0.01352,0.60961,-0.049,1.91,1.911,10.68,0
9.63,0.02109,0.01352,0.60961,-0.049,1.91,1.911,10.68,0
9.635,0.02109,0.01352,0.60961,-0.049,1.91,1.911,10.68,0
9.64,0.02109,0.01352,0.60961,-0.049,1.91,1.911,10.68,0
9.645,0.02109,0.01352,0.60961,-0.049,1.91,1.911,10.68,0
9.65,0.02109,0.01352,0.60961,-0.049,1.91,1.911,10.68,0
9.655,0.02109,0.01352,0.60961,-0.049,1.91,1.911,10.68,0
9.66,0.02109,0.01352,0.60961,-0.049,1.91,1.911,10.68,0
9.665,0.02109,0.01352,0.60961,-0.049,1.91,1.911,10.68,0
9.67,0.02109,0.01352,0.60961,-0.049,1.91,1.911,10.68,0
9.675,0.02109,0.01352,0.60961,-0.049,1.91,1.911,10.68,0
9.68,0.02109,0.01352,0.60961,-0.049,1.91,1.911,10.68,0
9.685,0.02109,0.01352,0.60961,-0.049,1.91,1.911,10.68,0
9.69,0.02109,0.01352,0.60961,-0.049,1.91,1.911,10.68,0
9.695,0.02109,0.01352,0.60961,-0.049,1.91,1.911,10.68,0
9.7,0.02109,0.01352,0.60961,-0.049,1.91,1.911,10.68,0
9.705,0.02109,0.01352,0.60961,-0.049,1.91,1.911,10.68,0
9.71,0.02109,0.01352,0.60961,-0.049,1.91,1.911,10.68,0
9.715,0.02109,0.01352,0.60961,-0.049,1.91,1.911,10.68,0
9.72,0.02109,0.01352,0.60961,-0.049,1.91,1.911,10.68,0
9.725,0.02109,0.01352,0.60961,-0.049,1.91,1.911,10.68,0
9.73,0.02109,0.01352,0.60961,-0.049,1.91,1.911,10.68,0
9.735,0.02109,0.01352,0.60961,-0.049,1.91,1.911,10.68,0
9.74,0.02109,0.01352,0.60961,-0.049,1.91,1.911,10.68,0
9.745,0.02109,0.01352,0.60961,-0.049,1.91,1.911,10.68,0
9.75,0.02109,0.01352,0.60961,-0.049,1.91,1.911,10.68,0
9.755,0.02109,0.01352,0.60961,-0.049,1.91,1.911,10.68,0
9.76,0.02109,0.01352,0.60961,-0.049,1.91,1.911,10.68,0
9.765,0.02109,0.01352,0.60961,-0.049,1.91,1.911,10.68,0
9.77,0.02109,0.01352,0.60961,-0.049,1.91,1.911,10.68,0
9.775,0.02109,0.01352,0.60961,-0.049,1.91,1.911,10.68,0
9.78,0.02109,0.01352,0.60961,-0.049,1.91,1.911,10.68,0
9.785,0.02109,0.01352,0.60961,-0.049,1.91,1.911,10.68,0
9.79,0.02109,0.01352,0.60961,-0.049,1.91,1.911,10.68,0
9.795,0.02109,0.01352,0.60961,-0.049,1.91,1.911,10.68,0
9.8,0.02109,0.01352,0.60961,-0.049,1.91,1.911,10.68,0
9.805,0.02109,0.01352,0.60961,-0.049,1.91,1.911,10.68,0
9.81,0.02109,0.01352,0.60961,-0.049,1.91,1.911,10.68,0
9.815,0.02109,0.01352,0.60961,-0.049,1.91,1.911,10.68,0
9.82,0.02109,0.01352,0.60961,-0.049,1.91,1.911,10.68,0
9.825,0.02109,0.01352,0.60961,-0.049,1.91,1.911,10.68,0
9.83,0.02109,0.01352,0.60961,-0.049,1.91,1.911,10.68,0
9.835,0.02109,0.01352,0.60961,-0.049,1.91,1.911,10.68,0
9.84,0.02109,0.01352,0.60961,-0.049,1.91,1.911,10.68,0
9.845,0.02109,0.01352,0.60961,-0.049,1.91,1.911,10.68,0
9.85,0.02109,0.01352,0.60961,-0.049,1.91,1.911,10.68,0
9.855,0.02109,0.01352,0.60961,-0.049,1.91,1.911,10.68,0
9.86,0.02109,0.01352,0.60961,-0.049,1.91,1.911,10.68,0
9.865,0.02109,0.01352,0.60961,-0.049,1.91,1.911,10.68,0
9.87,0.02109,0.01352,0.60961,-0.049,1.91,1.911,10.68,0
9.875,0.02109,0.01352,0.60961,-0.049,1.91,1.911,10.68,0
9.88,0.02109,0.01352,0.60961,-0.049,1.91,1.911,10.68,0
9.885,0.02109,0.01352,0.60961,-0.049,1.91,1.911,10.68,0
9.89,0.02109,0.01352,0.60961,-0.049,1.91,1.911,10.68,0
9.895,0.02109,0.01352,0.60961,-0.049,1.91,1.91,10.68,0
9.9,0.02109,0.01352,0.60961,-0.049,1.91,1.91,10.68,0
9.905,0.02109,0.01352,0.60961,-0.049,1.91,1.91,10.68,0
9.91,0.02109,0.01352,0.60961,-0.049,1.91,1.91,10.68,0
9.915,0.02109,0.01352,0.60961,-0.049,1.91,1.91,10.68,0
9.92,0.02109,0.01352,0.60961,-0.049,1.91,1.91,10.68,0
9.925,0.02109,0.01352,0.60961,-0.049,1.91,1.91,10.68,0
9.93,0.02109,0.01352,0.60961,-0.049,1.91,1.91,10.68,0
9.935,0.02109,0.01352,0.60961,-0.049,1.91,1.91,10.68,0
9.94,0.02109,0.01352,0.60961,-0.049,1.91,1.91,10.68,0
9.945,0.02109,0.01352,0.60961,-0.049,1.91,1.91,10.68,0
9.95,0.02109,0.01352,0.60961,-0.049,1.91,1.91,10.68,0
9.955,0.02109,0.01352,0.60961,-0.049,1.91,1.91,10.68,0
9.96,0.02109,0.01352,0.60961,-0.049,1.91,1.91,10.68,0
9.965,0.02109,0.01352,0.60961,-0.049,1.91,1.91,10.68,0
9.97,0.02109,0.01352,0.60961,-0.049,1.91,1.91,10.68,0
9.975,0.02109,0.01352,0.60961,-0.049,1.91,1.91,10.68,0
9.98,0.02109,0.01352,0.60961,-0.049,1.91,1.91,10.68,0
9.985,0.02109,0.01352,0.60961,-0.049,1.91,1.91,10.68,0
9.99,0.02109,0.01352,0.60961,-0.049,1.91,1.91,10.68,0
9.995,0.02109,0.01352,0.60961,-0.049,1.91,1.91,10.68,0
