time,pelvis_x,pelvis_y,pelvis_z,roll_deg,pitch_deg,tilt_deg,max_torque_nm,is_pushing
0.0,-0.0,0.0,0.63875,0.0,0.0,0.0,0.0,0
0.005,-0.0,0.0,0.63826,0.0,0.0,0.0,0.0,0
0.01,-0.0,0.0,0.63753,0.0,0.0,0.0,0.0,0
0.015,-0.0,0.0,0.63655,0.0,0.0,0.0,0.0,0
0.02,-0.0,0.0,0.63532,0.0,0.0,0.0,0.0,0
0.025,-0.0,0.0,0.63385,0.0,0.0,0.0,0.0,0
0.03,-0.0,0.0,0.63213,0.0,0.0,0.0,0.0,0
0.035,-0.0,0.0,0.63017,0.0,0.0,0.0,0.0,0
0.04,-0.0,0.0,0.62796,0.0,0.0,0.0,0.0,0
0.045,-0.0,0.0,0.62551,0.0,0.0,0.0,0.0,0
0.05,-0.0,0.0,0.62281,0.0,0.0,0.0,0.0,0
0.055,-0.0,0.0,0.61987,0.0,0.0,0.0,0.0,0
0.06,-0.0,0.0,0.61668,0.0,0.0,0.0,0.0,0
0.065,-0.0,0.0,0.61325,0.0,0.0,0.0,0.0,0
0.07,0.00019,-0.0,0.61094,0.0,-0.055,0.055,0.0,0
0.075,0.0006,-0.0,0.60953,0.0,-0.16,0.16,9.46,0
0.08,0.00117,-0.0,0.60879,0.0,-0.295,0.295,14.15,0
0.085,0.00182,-0.0,0.60854,0.0,-0.442,0.442,15.95,0
0.09,0.0025,-0.0,0.60861,0.0,-0.586,0.586,16.0,0
0.095,0.00315,-0.0,0.60885,0.0,-0.716,0.716,15.14,0
0.1,0.00373,-0.0,0.6092,0.0,-0.825,0.825,14.04,0
0.105,0.00424,-0.0,0.60958,0.0,-0.91,0.91,12.9,0
0.11,0.00465,-0.0,0.60995,0.0,-0.97,0.97,11.84,0
0.115,0.00497,-0.0,0.61029,0.0,-1.006,1.006,10.94,0
0.12,0.00522,-0.0,0.6106,0.0,-1.02,1.02,10.18,0
0.125,0.00539,-0.0,0.61087,0.0,-1.015,1.015,9.55,0
0.13,0.0055,-0.0,0.61109,0.0,-0.993,0.993,9.05,0
0.135,0.00558,-0.0,0.61129,0.0,-0.962,0.962,8.64,0
0.14,0.00563,-0.0,0.61146,0.0,-0.925,0.925,8.23,0
0.145,0.00567,-0.0,0.6116,0.0,-0.882,0.882,7.87,0
0.15,0.00569,-0.0,0.61172,0.0,-0.837,0.837,7.58,0
0.155,0.00571,-0.0,0.61182,0.0,-0.789,0.789,7.34,0
0.16,0.00573,-1e-05,0.61189,0.001,-0.739,0.739,7.14,0
0.165,0.00575,-1e-05,0.61195,0.001,-0.69,0.69,6.98,0
0.17,0.00577,-1e-05,0.61199,0.001,-0.642,0.642,6.85,0
0.175,0.00581,-1e-05,0.61201,0.001,-0.595,0.595,6.74,0
0.18,0.00585,-1e-05,0.61203,0.001,-0.549,0.549,6.65,0
0.185,0.0059,-1e-05,0.61204,0.001,-0.506,0.506,6.58,0
0.19,0.00597,-1e-05,0.61204,0.001,-0.465,0.465,6.53,0
0.195,0.00604,-1e-05,0.61203,0.001,-0.426,0.426,6.48,0
0.2,0.00613,-1e-05,0.61202,0.001,-0.39,0.39,6.44,0
0.205,0.00623,-1e-05,0.61201,0.001,-0.356,0.356,6.39,0
0.21,0.00633,-1e-05,0.612,0.001,-0.323,0.323,6.39,0
0.215,0.00645,-1e-05,0.61199,0.001,-0.292,0.292,6.4,0
0.22,0.00657,-1e-05,0.61197,0.001,-0.263,0.263,6.41,0
0.225,0.0067,-1e-05,0.61196,0.001,-0.234,0.234,6.42,0
0.23,0.00683,-1e-05,0.61194,0.001,-0.207,0.207,6.45,0
0.235,0.00697,-1e-05,0.61193,0.001,-0.18,0.18,6.49,0
0.24,0.00712,-1e-05,0.61191,0.001,-0.154,0.154,6.53,0
0.245,0.00726,-1e-05,0.61189,0.001,-0.129,0.129,6.58,0
0.25,0.00742,-1e-05,0.61187,0.001,-0.105,0.105,6.63,0
0.255,0.00757,-1e-05,0.61185,0.001,-0.081,0.081,6.68,0
0.26,0.00773,-1e-05,0.61183,0.001,-0.057,0.057,6.74,0
0.265,0.00789,-1e-05,0.6118,0.001,-0.034,0.034,6.79,0
0.27,0.00806,-1e-05,0.61178,0.001,-0.011,0.011,6.85,0
0.275,0.00822,-1e-05,0.61176,0.001,0.012,0.012,6.9,0
0.28,0.00839,-1e-05,0.61173,0.001,0.034,0.034,6.96,0
0.285,0.00856,-1e-05,0.61171,0.001,0.056,0.056,7.02,0
0.29,0.00873,-1e-05,0.61168,0.001,0.079,0.079,7.07,0
0.295,0.0089,-1e-05,0.61166,0.001,0.101,0.101,7.13,0
0.3,0.00907,-1e-05,0.61163,0.001,0.124,0.124,7.19,0
0.305,0.00925,-1e-05,0.61161,0.001,0.146,0.146,7.24,0
0.31,0.00942,-1e-05,0.61158,0.001,0.169,0.169,7.3,0
0.315,0.0096,-1e-05,0.61156,0.001,0.191,0.191,7.36,0
0.32,0.00977,-1e-05,0.61153,0.001,0.214,0.214,7.41,0
0.325,0.00995,-1e-05,0.6115,0.001,0.237,0.237,7.47,0
0.33,0.01012,-1e-05,0.61148,0.001,0.26,0.26,7.52,0
0.335,0.0103,-1e-05,0.61145,0.001,0.284,0.284,7.57,0
0.34,0.01047,-1e-05,0.61142,0.001,0.307,0.307,7.63,0
0.345,0.01065,-1e-05,0.6114,0.001,0.331,0.331,7.68,0
0.35,0.01082,-1e-05,0.61137,0.001,0.355,0.355,7.73,0
0.355,0.011,-1e-05,0.61134,0.001,0.379,0.379,7.79,0
0.36,0.01117,-1e-05,0.61131,0.001,0.403,0.403,7.84,0
0.365,0.01135,-1e-05,0.61129,0.001,0.427,0.427,7.89,0
0.37,0.01152,-1e-05,0.61126,0.001,0.451,0.451,7.94,0
0.375,0.01169,-1e-05,0.61123,0.001,0.476,0.476,7.99,0
0.38,0.01187,-1e-05,0.6112,0.001,0.5,0.5,8.05,0
0.385,0.01204,-1e-05,0.61117,0.001,0.525,0.525,8.1,0
0.39,0.01221,-1e-05,0.61115,0.001,0.549,0.549,8.15,0
0.395,0.01239,-1e-05,0.61112,0.001,0.574,0.574,8.2,0
0.4,0.01256,-1e-05,0.61109,0.001,0.599,0.599,8.25,0
0.405,0.01273,-1e-05,0.61106,0.001,0.624,0.624,8.3,0
0.41,0.0129,-1e-05,0.61104,0.001,0.648,0.648,8.35,0
0.415,0.01308,-1e-05,0.61101,0.001,0.673,0.673,8.4,0
0.42,0.01325,-1e-05,0.61098,0.001,0.698,0.698,8.45,0
0.425,0.01342,-1e-05,0.61095,0.001,0.723,0.723,8.5,0
0.43,0.01359,-1e-05,0.61092,0.001,0.747,0.747,8.55,0
0.435,0.01376,-1e-05,0.6109,0.001,0.772,0.772,8.6,0
0.44,0.01393,-1e-05,0.61087,0.001,0.797,0.797,8.65,0
0.445,0.0141,-1e-05,0.61084,0.001,0.821,0.821,8.7,0
0.45,0.01427,-1e-05,0.61081,0.001,0.846,0.846,8.75,0
0.455,0.01444,-1e-05,0.61078,0.001,0.87,0.87,8.8,0
0.46,0.0146,-1e-05,0.61076,0.001,0.894,0.894,8.85,0
0.465,0.01477,-1e-05,0.61073,0.001,0.919,0.919,8.89,0
0.47,0.01494,-1e-05,0.6107,0.001,0.943,0.943,8.94,0
0.475,0.0151,-1e-05,0.61067,0.001,0.967,0.967,8.99,0
0.48,0.01527,-1e-05,0.61065,0.001,0.991,0.991,9.04,0
0.485,0.01544,-1e-05,0.61062,0.001,1.014,1.014,9.09,0
0.49,0.0156,-1e-05,0.61059,0.001,1.038,1.038,9.14,0
0.495,0.01576,-1e-05,0.61056,0.001,1.062,1.062,9.18,0
0.5,0.01592,-1e-05,0.61054,0.001,1.085,1.085,9.23,0
0.505,0.01609,-0.0,0.61051,0.001,1.108,1.108,9.28,0
0.51,0.01625,-0.0,0.61048,0.001,1.132,1.132,9.32,0
0.515,0.01641,-0.0,0.61046,0.0,1.155,1.155,9.37,0
0.52,0.01657,-0.0,0.61043,0.0,1.177,1.177,9.42,0
0.525,0.01672,-0.0,0.6104,0.0,1.2,1.2,9.46,0
0.53,0.01688,-0.0,0.61038,0.0,1.223,1.223,9.51,0
0.535,0.01704,-0.0,0.61035,0.0,1.245,1.245,9.55,0
0.54,0.01719,-0.0,0.61032,0.0,1.268,1.268,9.6,0
0.545,0.01735,-0.0,0.6103,0.0,1.29,1.29,9.64,0
0.55,0.0175,-0.0,0.61027,0.0,1.312,1.312,9.69,0
0.555,0.01765,-0.0,0.61024,0.0,1.333,1.333,9.73,0
0.56,0.0178,-0.0,0.61022,0.0,1.355,1.355,9.77,0
0.565,0.01795,-0.0,0.61019,0.0,1.376,1.376,9.82,0
0.57,0.0181,-0.0,0.61017,0.0,1.398,1.398,9.86,0
0.575,0.01824,-0.0,0.61014,0.0,1.419,1.419,9.9,0
0.58,0.01839,-0.0,0.61012,0.0,1.44,1.44,9.94,0
0.585,0.01853,-0.0,0.61009,0.0,1.46,1.46,9.98,0
0.59,0.01868,-0.0,0.61007,0.0,1.481,1.481,10.03,0
0.595,0.01882,-0.0,0.61004,0.0,1.501,1.501,10.07,0
0.6,0.01896,-0.0,0.61002,0.0,1.521,1.521,10.11,0
0.605,0.0191,-0.0,0.61,0.0,1.541,1.541,10.15,0
0.61,0.01923,-0.0,0.60997,0.0,1.561,1.561,10.18,0
0.615,0.01937,-0.0,0.60995,0.0,1.58,1.58,10.22,0
0.62,0.0195,-0.0,0.60993,0.0,1.599,1.599,10.26,0
0.625,0.01963,-0.0,0.6099,0.0,1.618,1.618,10.3,0
0.63,0.01976,-0.0,0.60988,0.0,1.637,1.637,10.34,0
0.635,0.01989,-0.0,0.60986,0.0,1.656,1.656,10.37,0
0.64,0.02002,-0.0,0.60984,0.0,1.674,1.674,10.41,0
0.645,0.02015,-0.0,0.60981,0.0,1.692,1.692,10.45,0
0.65,0.02027,-0.0,0.60979,0.0,1.71,1.71,10.48,0
0.655,0.02039,-0.0,0.60977,0.0,1.728,1.728,10.52,0
0.66,0.02052,-0.0,0.60975,0.0,1.745,1.745,10.55,0
0.665,0.02063,-0.0,0.60973,0.0,1.762,1.762,10.58,0
0.67,0.02075,-0.0,0.60971,0.0,1.779,1.779,10.62,0
0.675,0.02087,-0.0,0.60969,0.0,1.796,1.796,10.65,0
0.68,0.02098,-0.0,0.60967,0.0,1.812,1.812,10.68,0
0.685,0.02109,-0.0,0.60965,0.0,1.828,1.828,10.71,0
0.69,0.02121,-0.0,0.60963,0.0,1.844,1.844,10.74,0
0.695,0.02131,-0.0,0.60961,0.001,1.86,1.86,10.77,0
0.7,0.02142,-0.0,0.60959,0.001,1.875,1.875,10.8,0
0.705,0.02153,-0.0,0.60957,0.001,1.891,1.891,10.83,0
0.71,0.02163,-0.0,0.60955,0.001,1.905,1.905,10.86,0
0.715,0.02173,-1e-05,0.60954,0.001,1.92,1.92,10.89,0
0.72,0.02183,-1e-05,0.60952,0.001,1.934,1.934,10.92,0
0.725,0.02193,-1e-05,0.6095,0.001,1.948,1.948,10.95,0
0.73,0.02202,-1e-05,0.60948,0.001,1.962,1.962,10.97,0
0.735,0.02212,-1e-05,0.60947,0.001,1.976,1.976,11.0,0
0.74,0.02221,-1e-05,0.60945,0.001,1.989,1.989,11.02,0
0.745,0.0223,-1e-05,0.60943,0.001,2.002,2.002,11.05,0
0.75,0.02239,-1e-05,0.60942,0.001,2.014,2.014,11.07,0
0.755,0.02247,-1e-05,0.6094,0.001,2.027,2.027,11.1,0
0.76,0.02256,-1e-05,0.60939,0.001,2.039,2.039,11.12,0
0.765,0.02264,-1e-05,0.60937,0.001,2.051,2.051,11.14,0
0.77,0.02272,-1e-05,0.60936,0.001,2.062,2.062,11.16,0
0.775,0.0228,-1e-05,0.60935,0.001,2.073,2.073,11.18,0
0.78,0.02287,-1e-05,0.60933,0.001,2.084,2.084,11.2,0
0.785,0.02295,-1e-05,0.60932,0.001,2.095,2.095,11.22,0
0.79,0.02302,-1e-05,0.60931,0.001,2.105,2.105,11.24,0
0.795,0.02309,-1e-05,0.60929,0.001,2.115,2.115,11.26,0
0.8,0.02316,-1e-05,0.60928,0.001,2.125,2.125,11.28,0
0.805,0.02322,-1e-05,0.60927,0.001,2.134,2.134,11.3,0
0.81,0.02328,-1e-05,0.60926,0.001,2.143,2.143,11.31,0
0.815,0.02335,-1e-05,0.60925,0.001,2.152,2.152,11.33,0
0.82,0.02341,-1e-05,0.60924,0.001,2.161,2.161,11.34,0
0.825,0.02346,-1e-05,0.60923,0.001,2.169,2.169,11.36,0
0.83,0.02352,-1e-05,0.60922,0.001,2.177,2.177,11.37,0
0.835,0.02357,-1e-05,0.60921,0.001,2.185,2.185,11.39,0
0.84,0.02362,-1e-05,0.6092,0.001,2.192,2.192,11.4,0
0.845,0.02367,-1e-05,0.60919,0.001,2.199,2.199,11.41,0
0.85,0.02372,-1e-05,0.60918,0.001,2.206,2.206,11.42,0
0.855,0.02377,-1e-05,0.60918,0.001,2.212,2.212,11.43,0
0.86,0.02381,-1e-05,0.60917,0.001,2.218,2.218,11.44,0
0.865,0.02385,-1e-05,0.60916,0.001,2.224,2.224,11.44,0
0.87,0.02389,-1e-05,0.60915,0.001,2.229,2.229,11.45,0
0.875,0.02393,-1e-05,0.60915,0.001,2.235,2.235,11.45,0
0.88,0.02396,-1e-05,0.60914,0.001,2.239,2.239,11.46,0
0.885,0.024,-1e-05,0.60914,0.001,2.244,2.244,11.46,0
0.89,0.02403,-1e-05,0.60913,0.001,2.248,2.248,11.47,0
0.895,0.02406,-1e-05,0.60913,0.001,2.252,2.252,11.48,0
0.9,0.02409,-1e-05,0.60912,0.001,2.255,2.255,11.48,0
0.905,0.02411,-1e-05,0.60912,0.001,2.259,2.259,11.48,0
0.91,0.02414,-1e-05,0.60911,0.001,2.261,2.261,11.49,0
0.915,0.02416,-1e-05,0.60911,0.001,2.264,2.264,11.49,0
0.92,0.02418,-1e-05,0.60911,0.001,2.267,2.267,11.49,0
0.925,0.0242,-1e-05,0.60911,0.001,2.269,2.269,11.49,0
0.93,0.02421,-1e-05,0.6091,0.001,2.271,2.271,11.49,0
0.935,0.02423,-1e-05,0.6091,0.001,2.272,2.272,11.49,0
0.94,0.02424,-1e-05,0.6091,0.001,2.274,2.274,11.49,0
0.945,0.02425,-1e-05,0.6091,0.001,2.275,2.275,11.49,0
0.95,0.02426,-1e-05,0.6091,0.001,2.276,2.276,11.49,0
0.955,0.02426,-1e-05,0.6091,0.001,2.277,2.277,11.49,0
0.96,0.02427,-1e-05,0.6091,0.001,2.277,2.277,11.49,0
0.965,0.02427,-1e-05,0.60909,0.001,2.278,2.278,11.49,0
0.97,0.02427,-1e-05,0.60909,0.001,2.278,2.278,11.49,0
0.975,0.02427,-1e-05,0.6091,0.001,2.278,2.278,11.49,0
0.98,0.02426,-1e-05,0.6091,0.001,2.278,2.278,11.49,0
0.985,0.02425,-1e-05,0.6091,0.001,2.278,2.278,11.49,0
0.99,0.02425,-1e-05,0.6091,0.001,2.277,2.277,11.49,0
0.995,0.02424,-1e-05,0.6091,0.001,2.276,2.276,11.49,0
1.0,0.02423,-1e-05,0.6091,0.001,2.276,2.276,11.49,0
1.005,0.02421,-1e-05,0.6091,0.001,2.275,2.275,11.49,0
1.01,0.0242,-1e-05,0.6091,0.001,2.274,2.274,11.49,0
1.015,0.02418,-1e-05,0.6091,0.001,2.272,2.272,11.49,0
1.02,0.02417,-1e-05,0.60911,0.001,2.271,2.271,11.49,0
1.025,0.02415,-0.0,0.60911,0.001,2.269,2.269,11.49,0
1.03,0.02413,-0.0,0.60911,0.001,2.268,2.268,11.49,0
1.035,0.02411,-0.0,0.60911,0.001,2.266,2.266,11.49,0
1.04,0.02409,-0.0,0.60912,0.001,2.264,2.264,11.49,0
1.045,0.02407,-0.0,0.60912,0.001,2.262,2.262,11.49,0
1.05,0.02404,-0.0,0.60912,0.001,2.26,2.26,11.49,0
1.055,0.02402,-0.0,0.60912,0.001,2.258,2.258,11.49,0
1.06,0.024,-0.0,0.60913,0.001,2.256,2.256,11.49,0
1.065,0.02397,-0.0,0.60913,0.001,2.254,2.254,11.49,0
1.07,0.02395,-0.0,0.60913,0.001,2.251,2.251,11.48,0
1.075,0.02392,-0.0,0.60914,0.001,2.249,2.249,11.47,0
1.08,0.0239,-0.0,0.60914,0.001,2.246,2.246,11.45,0
1.085,0.02387,-0.0,0.60914,0.001,2.244,2.244,11.44,0
1.09,0.02385,-0.0,0.60915,0.001,2.241,2.241,11.42,0
1.095,0.02382,-0.0,0.60915,0.001,2.239,2.239,11.41,0
1.1,0.02379,-0.0,0.60916,0.001,2.236,2.236,11.4,0
1.105,0.02376,-0.0,0.60916,0.001,2.233,2.233,11.39,0
1.11,0.02374,-0.0,0.60917,0.001,2.23,2.23,11.37,0
1.115,0.02371,-0.0,0.60917,0.001,2.228,2.228,11.36,0
1.12,0.02368,-0.0,0.60918,0.001,2.225,2.225,11.35,0
1.125,0.02365,-0.0,0.60918,0.0,2.222,2.222,11.34,0
1.13,0.02363,-0.0,0.60919,0.0,2.219,2.219,11.33,0
1.135,0.0236,-0.0,0.60919,0.0,2.216,2.216,11.31,0
1.14,0.02357,-0.0,0.6092,0.0,2.214,2.214,11.3,0
1.145,0.02354,-0.0,0.6092,0.0,2.211,2.211,11.29,0
1.15,0.02351,-0.0,0.60921,0.0,2.208,2.208,11.28,0
1.155,0.02348,-0.0,0.60921,0.0,2.205,2.205,11.27,0
1.16,0.02345,-0.0,0.60922,0.0,2.202,2.202,11.25,0
1.165,0.02342,-0.0,0.60923,0.0,2.199,2.199,11.24,0
1.17,0.02339,-0.0,0.60923,0.0,2.196,2.196,11.23,0
1.175,0.02336,-0.0,0.60924,0.0,2.193,2.193,11.22,0
1.18,0.02333,-0.0,0.60924,0.0,2.19,2.19,11.21,0
1.185,0.0233,-0.0,0.60925,0.0,2.187,2.187,11.19,0
1.19,0.02327,-0.0,0.60925,0.0,2.184,2.184,11.18,0
1.195,0.02324,-0.0,0.60926,0.0,2.181,2.181,11.17,0
1.2,0.02321,-0.0,0.60927,0.0,2.178,2.178,11.16,0
1.205,0.02318,-0.0,0.60927,0.0,2.175,2.175,11.15,0
1.21,0.02315,-0.0,0.60928,0.0,2.172,2.172,11.13,0
1.215,0.02312,-0.0,0.60928,0.0,2.169,2.169,11.12,0
1.22,0.02309,-0.0,0.60929,0.0,2.166,2.166,11.11,0
1.225,0.02306,-0.0,0.60929,0.0,2.163,2.163,11.1,0
1.23,0.02303,-0.0,0.6093,0.0,2.16,2.16,11.09,0
1.235,0.023,-0.0,0.6093,0.0,2.157,2.157,11.07,0
1.24,0.02297,-0.0,0.60931,0.0,2.154,2.154,11.06,0
1.245,0.02294,-0.0,0.60932,0.0,2.151,2.151,11.05,0
1.25,0.02291,-0.0,0.60932,0.0,2.147,2.147,11.04,0
1.255,0.02288,-0.0,0.60933,0.0,2.144,2.144,11.03,0
1.26,0.02285,-0.0,0.60933,0.0,2.142,2.142,11.01,0
1.265,0.02282,-0.0,0.60934,0.001,2.139,2.139,11.0,0
1.27,0.02279,-0.0,0.60934,0.001,2.136,2.136,10.99,0
1.275,0.02276,-0.0,0.60935,0.001,2.133,2.133,10.98,0
1.28,0.02274,-0.0,0.60935,0.001,2.13,2.13,10.97,0
1.285,0.02271,-0.0,0.60936,0.001,2.127,2.127,10.96,0
1.29,0.02268,-0.0,0.60937,0.001,2.124,2.124,10.95,0
1.295,0.02265,-0.0,0.60937,0.001,2.121,2.121,10.94,0
1.3,0.02262,-0.0,0.60938,0.001,2.118,2.118,10.93,0
1.305,0.0226,-0.0,0.60938,0.001,2.115,2.115,10.92,0
1.31,0.02257,-0.0,0.60939,0.001,2.113,2.113,10.91,0
1.315,0.02254,-0.0,0.60939,0.001,2.11,2.11,10.9,0
1.32,0.02251,-0.0,0.6094,0.001,2.107,2.107,10.89,0
1.325,0.02249,-0.0,0.6094,0.001,2.104,2.104,10.88,0
1.33,0.02246,-0.0,0.60941,0.001,2.102,2.102,10.87,0
1.335,0.02244,-0.0,0.60941,0.001,2.099,2.099,10.86,0
1.34,0.02241,-0.0,0.60942,0.001,2.097,2.097,10.85,0
1.345,0.02238,-0.0,0.60942,0.001,2.094,2.094,10.84,0
1.35,0.02236,-0.0,0.60943,0.001,2.091,2.091,10.83,0
1.355,0.02233,-0.0,0.60943,0.001,2.089,2.089,10.82,0
1.36,0.02231,-0.0,0.60943,0.001,2.086,2.086,10.81,0
1.365,0.02229,-0.0,0.60944,0.001,2.084,2.084,10.81,0
1.37,0.02226,-0.0,0.60944,0.001,2.081,2.081,10.8,0
1.375,0.02224,-0.0,0.60945,0.001,2.079,2.079,10.79,0
1.38,0.02222,-0.0,0.60945,0.001,2.077,2.077,10.78,0
1.385,0.02219,-0.0,0.60946,0.001,2.074,2.074,10.77,0
1.39,0.02217,-0.0,0.60946,0.001,2.072,2.072,10.77,0
1.395,0.02215,-0.0,0.60946,0.001,2.07,2.07,10.76,0
1.4,0.02213,-0.0,0.60947,0.001,2.068,2.068,10.75,0
1.405,0.02211,-0.0,0.60947,0.001,2.066,2.066,10.74,0
1.41,0.02209,-0.0,0.60948,0.001,2.063,2.063,10.74,0
1.415,0.02207,-0.0,0.60948,0.001,2.061,2.061,10.73,0
1.42,0.02205,-0.0,0.60948,0.001,2.059,2.059,10.72,0
1.425,0.02203,-0.0,0.60949,0.001,2.057,2.057,10.72,0
1.43,0.02201,-0.0,0.60949,0.001,2.055,2.055,10.71,0
1.435,0.02199,-0.0,0.60949,0.001,2.053,2.053,10.71,0
1.44,0.02197,-0.0,0.6095,0.001,2.051,2.051,10.7,0
1.445,0.02196,-0.0,0.6095,0.001,2.05,2.05,10.7,0
1.45,0.02194,-0.0,0.6095,0.001,2.048,2.048,10.69,0
1.455,0.02192,-0.0,0.60951,0.001,2.046,2.046,10.68,0
1.46,0.02191,-0.0,0.60951,0.001,2.044,2.044,10.68,0
1.465,0.02189,-0.0,0.60951,0.001,2.043,2.043,10.67,0
1.47,0.02188,-0.0,0.60952,0.001,2.041,2.041,10.67,0
1.475,0.02186,-0.0,0.60952,0.001,2.04,2.04,10.67,0
1.48,0.02185,-0.0,0.60952,0.001,2.038,2.038,10.66,0
1.485,0.02183,-0.0,0.60952,0.001,2.037,2.037,10.66,0
1.49,0.02182,-0.0,0.60953,0.001,2.035,2.035,10.65,0
1.495,0.02181,-0.0,0.60953,0.001,2.034,2.034,10.65,0
1.5,0.02179,-0.0,0.60953,0.001,2.032,2.032,10.65,0
1.505,0.02178,-0.0,0.60953,0.001,2.031,2.031,10.64,0
1.51,0.02177,-0.0,0.60954,0.001,2.03,2.03,10.64,0
1.515,0.02176,-0.0,0.60954,0.001,2.029,2.029,10.64,0
1.52,0.02175,-0.0,0.60954,0.001,2.028,2.028,10.63,0
1.525,0.02174,-0.0,0.60954,0.001,2.026,2.026,10.63,0
1.53,0.02173,-0.0,0.60954,0.001,2.025,2.025,10.63,0
1.535,0.02172,-0.0,0.60955,0.001,2.024,2.024,10.63,0
1.54,0.02171,-0.0,0.60955,0.001,2.023,2.023,10.62,0
1.545,0.0217,-0.0,0.60955,0.001,2.022,2.022,10.62,0
1.55,0.0217,-0.0,0.60955,0.001,2.022,2.022,10.62,0
1.555,0.02169,-0.0,0.60955,0.001,2.021,2.021,10.62,0
1.56,0.02168,-0.0,0.60955,0.001,2.02,2.02,10.62,0
1.565,0.02168,-0.0,0.60955,0.001,2.019,2.019,10.62,0
1.57,0.02167,-0.0,0.60956,0.001,2.019,2.019,10.62,0
1.575,0.02166,-0.0,0.60956,0.001,2.018,2.018,10.62,0
1.58,0.02166,-0.0,0.60956,0.001,2.017,2.017,10.62,0
1.585,0.02165,-0.0,0.60956,0.001,2.017,2.017,10.62,0
1.59,0.02165,-0.0,0.60956,0.001,2.016,2.016,10.62,0
1.595,0.02165,-0.0,0.60956,0.001,2.016,2.016,10.62,0
1.6,0.02164,-0.0,0.60956,0.001,2.015,2.015,10.62,0
1.605,0.02164,-0.0,0.60956,0.001,2.015,2.015,10.62,0
1.61,0.02164,-1e-05,0.60956,0.001,2.015,2.015,10.62,0
1.615,0.02164,-1e-05,0.60956,0.001,2.014,2.014,10.62,0
1.62,0.02164,-1e-05,0.60956,0.001,2.014,2.014,10.62,0
1.625,0.02164,-1e-05,0.60956,0.001,2.014,2.014,10.62,0
1.63,0.02163,-1e-05,0.60956,0.001,2.014,2.014,10.62,0
1.635,0.02163,-1e-05,0.60956,0.001,2.014,2.014,10.62,0
1.64,0.02164,-1e-05,0.60956,0.001,2.014,2.014,10.61,0
1.645,0.02164,-1e-05,0.60956,0.001,2.014,2.014,10.61,0
1.65,0.02164,-1e-05,0.60956,0.001,2.013,2.013,10.61,0
1.655,0.02164,-1e-05,0.60956,0.001,2.014,2.014,10.61,0
1.66,0.02164,-1e-05,0.60956,0.001,2.014,2.014,10.61,0
1.665,0.02164,-1e-05,0.60956,0.001,2.014,2.014,10.61,0
1.67,0.02164,-1e-05,0.60956,0.001,2.014,2.014,10.61,0
1.675,0.02165,-1e-05,0.60956,0.001,2.014,2.014,10.61,0
1.68,0.02165,-1e-05,0.60956,0.001,2.014,2.014,10.61,0
1.685,0.02165,-1e-05,0.60956,0.001,2.014,2.014,10.61,0
1.69,0.02166,-1e-05,0.60956,0.001,2.014,2.014,10.61,0
1.695,0.02166,-1e-05,0.60956,0.001,2.015,2.015,10.61,0
1.7,0.02166,-1e-05,0.60956,0.001,2.015,2.015,10.61,0
1.705,0.02167,-1e-05,0.60956,0.001,2.015,2.015,10.61,0
1.71,0.02167,-1e-05,0.60956,0.001,2.016,2.016,10.61,0
1.715,0.02168,-1e-05,0.60956,0.001,2.016,2.016,10.61,0
1.72,0.02168,-1e-05,0.60956,0.001,2.016,2.016,10.61,0
1.725,0.02169,-1e-05,0.60956,0.001,2.017,2.017,10.61,0
1.73,0.02169,-1e-05,0.60956,0.001,2.017,2.017,10.61,0
1.735,0.0217,-1e-05,0.60956,0.001,2.017,2.017,10.61,0
1.74,0.0217,-1e-05,0.60955,0.001,2.018,2.018,10.61,0
1.745,0.02171,-1e-05,0.60955,0.001,2.018,2.018,10.61,0
1.75,0.02171,-1e-05,0.60955,0.001,2.018,2.018,10.61,0
1.755,0.02171,-1e-05,0.60955,0.001,2.019,2.019,10.61,0
1.76,0.02172,-1e-05,0.60955,0.001,2.019,2.019,10.61,0
1.765,0.02172,-1e-05,0.60955,0.001,2.02,2.02,10.61,0
1.77,0.02173,-1e-05,0.60955,0.001,2.02,2.02,10.61,0
1.775,0.02173,-1e-05,0.60955,0.001,2.02,2.02,10.61,0
1.78,0.02174,-1e-05,0.60955,0.001,2.021,2.021,10.61,0
1.785,0.02174,-1e-05,0.60955,0.001,2.021,2.021,10.61,0
1.79,0.02174,-1e-05,0.60955,0.001,2.021,2.021,10.61,0
1.795,0.02175,-1e-05,0.60955,0.001,2.022,2.022,10.61,0
1.8,0.02175,-1e-05,0.60955,0.001,2.022,2.022,10.61,0
1.805,0.02176,-1e-05,0.60955,0.001,2.022,2.022,10.61,0
1.81,0.02176,-1e-05,0.60955,0.001,2.023,2.023,10.61,0
1.815,0.02176,-1e-05,0.60955,0.001,2.023,2.023,10.61,0
1.82,0.02177,-1e-05,0.60955,0.001,2.023,2.023,10.61,0
1.825,0.02177,-1e-05,0.60955,0.001,2.023,2.023,10.61,0
1.83,0.02177,-1e-05,0.60955,0.001,2.024,2.024,10.61,0
1.835,0.02177,-1e-05,0.60955,0.001,2.024,2.024,10.61,0
1.84,0.02178,-1e-05,0.60955,0.001,2.024,2.024,10.61,0
1.845,0.02178,-1e-05,0.60955,0.001,2.024,2.024,10.61,0
1.85,0.02178,-1e-05,0.60955,0.001,2.024,2.024,10.61,0
1.855,0.02178,-1e-05,0.60955,0.001,2.024,2.024,10.61,0
1.86,0.02178,-1e-05,0.60955,0.001,2.024,2.024,10.61,0
1.865,0.02178,-1e-05,0.60955,0.001,2.024,2.024,10.61,0
1.87,0.02178,-1e-05,0.60955,0.001,2.024,2.024,10.61,0
1.875,0.02178,-1e-05,0.60955,0.001,2.024,2.024,10.61,0
1.88,0.02178,-1e-05,0.60955,0.001,2.024,2.024,10.61,0
1.885,0.02179,-1e-05,0.60955,0.001,2.024,2.024,10.61,0
1.89,0.02179,-1e-05,0.60955,0.001,2.024,2.024,10.61,0
1.895,0.02178,-1e-05,0.60955,0.001,2.024,2.024,10.61,0
1.9,0.02178,-1e-05,0.60955,0.001,2.024,2.024,10.61,0
1.905,0.02178,-1e-05,0.60955,0.001,2.024,2.024,10.61,0
1.91,0.02178,-1e-05,0.60955,0.001,2.024,2.024,10.61,0
1.915,0.02178,-1e-05,0.60955,0.001,2.024,2.024,10.61,0
1.92,0.02178,-1e-05,0.60955,0.001,2.024,2.024,10.61,0
1.925,0.02178,-1e-05,0.60955,0.001,2.024,2.024,10.61,0
1.93,0.02178,-1e-05,0.60955,0.001,2.023,2.023,10.61,0
1.935,0.02178,-1e-05,0.60955,0.001,2.023,2.023,10.61,0
1.94,0.02177,-1e-05,0.60955,0.001,2.023,2.023,10.61,0
1.945,0.02177,-1e-05,0.60955,0.001,2.023,2.023,10.61,0
1.95,0.02177,-1e-05,0.60955,0.001,2.022,2.022,10.61,0
1.955,0.02177,-1e-05,0.60955,0.001,2.022,2.022,10.61,0
1.96,0.02176,-1e-05,0.60955,0.001,2.022,2.022,10.61,0
1.965,0.02176,-1e-05,0.60955,0.001,2.022,2.022,10.61,0
1.97,0.02176,-1e-05,0.60955,0.001,2.021,2.021,10.61,0
1.975,0.02176,-1e-05,0.60955,0.001,2.021,2.021,10.61,0
1.98,0.02175,-1e-05,0.60955,0.001,2.021,2.021,10.61,0
1.985,0.02175,-1e-05,0.60955,0.001,2.02,2.02,10.61,0
1.99,0.02175,-1e-05,0.60955,0.001,2.02,2.02,10.61,0
1.995,0.02174,-1e-05,0.60955,0.001,2.02,2.02,10.61,0
2.0,0.02174,-1e-05,0.60955,0.001,2.019,2.019,10.61,0
2.005,0.02174,-1e-05,0.60955,0.001,2.019,2.019,10.61,0
2.01,0.02173,-1e-05,0.60955,0.001,2.019,2.019,10.61,0
2.015,0.02173,-1e-05,0.60955,0.001,2.018,2.018,10.61,0
2.02,0.02173,-1e-05,0.60955,0.001,2.018,2.018,10.61,0
2.025,0.02172,-1e-05,0.60955,0.001,2.018,2.018,10.61,0
2.03,0.02172,-1e-05,0.60955,0.001,2.017,2.017,10.61,0
2.035,0.02172,-1e-05,0.60955,0.001,2.017,2.017,10.61,0
2.04,0.02172,-1e-05,0.60955,0.001,2.017,2.017,10.61,0
2.045,0.02171,-1e-05,0.60956,0.001,2.016,2.016,10.61,0
2.05,0.02171,-1e-05,0.60956,0.001,2.016,2.016,10.61,0
2.055,0.02171,-1e-05,0.60956,0.001,2.016,2.016,10.61,0
2.06,0.0217,-1e-05,0.60956,0.001,2.015,2.015,10.61,0
2.065,0.0217,-1e-05,0.60956,0.001,2.015,2.015,10.61,0
2.07,0.0217,-1e-05,0.60956,0.001,2.015,2.015,10.61,0
2.075,0.0217,-1e-05,0.60956,0.001,2.014,2.014,10.61,0
2.08,0.02169,-1e-05,0.60956,0.001,2.014,2.014,10.61,0
2.085,0.02169,-1e-05,0.60956,0.001,2.014,2.014,10.61,0
2.09,0.02169,-1e-05,0.60956,0.001,2.014,2.014,10.61,0
2.095,0.02169,-1e-05,0.60956,0.001,2.013,2.013,10.61,0
2.1,0.02169,-1e-05,0.60956,0.001,2.013,2.013,10.61,0
2.105,0.02168,-1e-05,0.60956,0.001,2.013,2.013,10.61,0
2.11,0.02168,-1e-05,0.60956,0.001,2.012,2.012,10.61,0
2.115,0.02168,-1e-05,0.60956,0.001,2.012,2.012,10.61,0
2.12,0.02168,-1e-05,0.60956,0.001,2.012,2.012,10.61,0
2.125,0.02168,-1e-05,0.60956,0.001,2.012,2.012,10.61,0
2.13,0.02168,-1e-05,0.60956,0.001,2.012,2.012,10.61,0
2.135,0.02167,-1e-05,0.60956,0.001,2.011,2.011,10.61,0
2.14,0.02167,-1e-05,0.60956,0.001,2.011,2.011,10.61,0
2.145,0.02167,-1e-05,0.60956,0.001,2.011,2.011,10.61,0
2.15,0.02167,-1e-05,0.60956,0.001,2.011,2.011,10.61,0
2.155,0.02167,-1e-05,0.60956,0.001,2.011,2.011,10.61,0
2.16,0.02167,-1e-05,0.60956,0.001,2.011,2.011,10.61,0
2.165,0.02167,-1e-05,0.60956,0.001,2.011,2.011,10.61,0
2.17,0.02167,-1e-05,0.60956,0.001,2.01,2.01,10.61,0
2.175,0.02167,-1e-05,0.60956,0.001,2.01,2.01,10.61,0
2.18,0.02167,-1e-05,0.60956,0.001,2.01,2.01,10.61,0
2.185,0.02167,-1e-05,0.60956,0.001,2.01,2.01,10.61,0
2.19,0.02167,-1e-05,0.60956,0.001,2.01,2.01,10.61,0
2.195,0.02167,-1e-05,0.60956,0.001,2.01,2.01,10.61,0
2.2,0.02167,-1e-05,0.60956,0.001,2.01,2.01,10.61,0
2.205,0.02167,-1e-05,0.60956,0.001,2.01,2.01,10.61,0
2.21,0.02167,-1e-05,0.60956,0.001,2.01,2.01,10.61,0
2.215,0.02167,-1e-05,0.60956,0.001,2.01,2.01,10.61,0
2.22,0.02167,-1e-05,0.60956,0.001,2.01,2.01,10.61,0
2.225,0.02167,-1e-05,0.60956,0.001,2.01,2.01,10.61,0
2.23,0.02167,-1e-05,0.60956,0.001,2.01,2.01,10.61,0
2.235,0.02167,-1e-05,0.60956,0.001,2.01,2.01,10.61,0
2.24,0.02167,-1e-05,0.60956,0.001,2.01,2.01,10.61,0
2.245,0.02168,-1e-05,0.60956,0.001,2.01,2.01,10.61,0
2.25,0.02168,-1e-05,0.60956,0.001,2.01,2.01,10.61,0
2.255,0.02168,-1e-05,0.60956,0.001,2.01,2.01,10.61,0
2.26,0.02168,-1e-05,0.60956,0.001,2.01,2.01,10.61,0
2.265,0.02168,-1e-05,0.60956,0.001,2.01,2.01,10.61,0
2.27,0.02168,-1e-05,0.60956,0.001,2.01,2.01,10.61,0
2.275,0.02168,-1e-05,0.60956,0.001,2.01,2.01,10.61,0
2.28,0.02168,-1e-05,0.60956,0.001,2.01,2.01,10.61,0
2.285,0.02168,-1e-05,0.60956,0.001,2.01,2.01,10.61,0
2.29,0.02168,-1e-05,0.60956,0.001,2.01,2.01,10.61,0
2.295,0.02168,-1e-05,0.60956,0.001,2.01,2.01,10.61,0
2.3,0.02169,-1e-05,0.60956,0.001,2.01,2.01,10.61,0
2.305,0.02169,-1e-05,0.60956,0.001,2.01,2.01,10.61,0
2.31,0.02169,-1e-05,0.60956,0.001,2.01,2.01,10.61,0
2.315,0.02169,-1e-05,0.60956,0.001,2.01,2.01,10.61,0
2.32,0.02169,-1e-05,0.60956,0.001,2.01,2.01,10.61,0
2.325,0.02169,-1e-05,0.60956,0.001,2.01,2.01,10.61,0
2.33,0.02169,-1e-05,0.60956,0.001,2.01,2.01,10.61,0
2.335,0.02169,-1e-05,0.60956,0.001,2.011,2.011,10.61,0
2.34,0.02169,-1e-05,0.60956,0.001,2.011,2.011,10.61,0
2.345,0.02169,-1e-05,0.60956,0.001,2.011,2.011,10.61,0
2.35,0.02169,-1e-05,0.60956,0.001,2.011,2.011,10.61,0
2.355,0.02169,-1e-05,0.60956,0.001,2.011,2.011,10.61,0
2.36,0.02169,-1e-05,0.60956,0.001,2.011,2.011,10.61,0
2.365,0.02169,-1e-05,0.60956,0.001,2.011,2.011,10.61,0
2.37,0.02169,-1e-05,0.60956,0.001,2.011,2.011,10.61,0
2.375,0.0217,-1e-05,0.60956,0.001,2.011,2.011,10.61,0
2.38,0.0217,-1e-05,0.60956,0.001,2.011,2.011,10.61,0
2.385,0.0217,-1e-05,0.60956,0.001,2.01,2.01,10.61,0
2.39,0.0217,-1e-05,0.60956,0.001,2.01,2.01,10.61,0
2.395,0.0217,-1e-05,0.60956,0.001,2.01,2.01,10.61,0
2.4,0.0217,-1e-05,0.60956,0.001,2.01,2.01,10.61,0
2.405,0.0217,-1e-05,0.60956,0.001,2.01,2.01,10.61,0
2.41,0.0217,-1e-05,0.60956,0.001,2.01,2.01,10.61,0
2.415,0.0217,-1e-05,0.60956,0.001,2.01,2.01,10.61,0
2.42,0.0217,-1e-05,0.60956,0.001,2.01,2.01,10.61,0
2.425,0.0217,-1e-05,0.60956,0.001,2.01,2.01,10.61,0
2.43,0.02169,-1e-05,0.60956,0.001,2.01,2.01,10.61,0
2.435,0.02169,-1e-05,0.60956,0.001,2.01,2.01,10.61,0
2.44,0.02169,-1e-05,0.60956,0.001,2.01,2.01,10.61,0
2.445,0.02169,-1e-05,0.60956,0.001,2.01,2.01,10.61,0
2.45,0.02169,-1e-05,0.60956,0.001,2.01,2.01,10.61,0
2.455,0.02169,-1e-05,0.60956,0.001,2.01,2.01,10.61,0
2.46,0.02169,-1e-05,0.60956,0.001,2.009,2.009,10.61,0
2.465,0.02169,-1e-05,0.60956,0.001,2.009,2.009,10.61,0
2.47,0.02169,-1e-05,0.60956,0.001,2.009,2.009,10.61,0
2.475,0.02169,-1e-05,0.60956,0.001,2.009,2.009,10.61,0
2.48,0.02169,-1e-05,0.60956,0.001,2.009,2.009,10.61,0
2.485,0.02169,-1e-05,0.60956,0.001,2.009,2.009,10.61,0
2.49,0.02169,-1e-05,0.60956,0.001,2.009,2.009,10.61,0
2.495,0.02169,-1e-05,0.60956,0.001,2.009,2.009,10.61,0
2.5,0.02169,-1e-05,0.60956,0.001,2.008,2.008,10.61,0
2.505,0.02168,-1e-05,0.60956,0.001,2.008,2.008,10.61,0
2.51,0.02168,-1e-05,0.60956,0.001,2.008,2.008,10.6,0
2.515,0.02168,-1e-05,0.60956,0.001,2.008,2.008,10.6,0
2.52,0.02168,-1e-05,0.60956,0.001,2.008,2.008,10.6,0
2.525,0.02168,-1e-05,0.60956,0.001,2.008,2.008,10.6,0
2.53,0.02168,-1e-05,0.60956,0.001,2.008,2.008,10.6,0
2.535,0.02168,-1e-05,0.60956,0.001,2.007,2.007,10.6,0
2.54,0.02168,-1e-05,0.60956,0.001,2.007,2.007,10.6,0
2.545,0.02168,-1e-05,0.60956,0.001,2.007,2.007,10.6,0
2.55,0.02167,-1e-05,0.60956,0.001,2.007,2.007,10.6,0
2.555,0.02167,-1e-05,0.60956,0.001,2.007,2.007,10.6,0
2.56,0.02167,-1e-05,0.60956,0.001,2.007,2.007,10.6,0
2.565,0.02167,-1e-05,0.60956,0.001,2.006,2.006,10.6,0
2.57,0.02167,-1e-05,0.60956,0.001,2.006,2.006,10.6,0
2.575,0.02167,-1e-05,0.60956,0.001,2.006,2.006,10.6,0
2.58,0.02167,-1e-05,0.60956,0.001,2.006,2.006,10.6,0
2.585,0.02167,-1e-05,0.60956,0.001,2.006,2.006,10.6,0
2.59,0.02167,-1e-05,0.60956,0.001,2.006,2.006,10.6,0
2.595,0.02166,-1e-05,0.60956,0.001,2.006,2.006,10.6,0
2.6,0.02166,-1e-05,0.60956,0.001,2.005,2.005,10.6,0
2.605,0.02166,-1e-05,0.60956,0.001,2.005,2.005,10.6,0
2.61,0.02166,-1e-05,0.60956,0.001,2.005,2.005,10.6,0
2.615,0.02166,-1e-05,0.60956,0.001,2.005,2.005,10.6,0
2.62,0.02166,-1e-05,0.60956,0.001,2.005,2.005,10.6,0
2.625,0.02166,-1e-05,0.60956,0.001,2.005,2.005,10.6,0
2.63,0.02166,-1e-05,0.60956,0.001,2.005,2.005,10.6,0
2.635,0.02166,-1e-05,0.60957,0.001,2.004,2.004,10.6,0
2.64,0.02166,-1e-05,0.60957,0.001,2.004,2.004,10.6,0
2.645,0.02166,-1e-05,0.60957,0.001,2.004,2.004,10.6,0
2.65,0.02166,-1e-05,0.60957,0.001,2.004,2.004,10.6,0
2.655,0.02165,-1e-05,0.60957,0.001,2.004,2.004,10.6,0
2.66,0.02165,-1e-05,0.60957,0.001,2.004,2.004,10.6,0
2.665,0.02165,-1e-05,0.60957,0.001,2.004,2.004,10.6,0
2.67,0.02165,-1e-05,0.60957,0.001,2.004,2.004,10.6,0
2.675,0.02165,-1e-05,0.60957,0.001,2.004,2.004,10.6,0
2.68,0.02165,-1e-05,0.60957,0.001,2.003,2.003,10.6,0
2.685,0.02165,-1e-05,0.60957,0.001,2.003,2.003,10.6,0
2.69,0.02165,-1e-05,0.60957,0.001,2.003,2.003,10.6,0
2.695,0.02165,-1e-05,0.60957,0.001,2.003,2.003,10.6,0
2.7,0.02165,-1e-05,0.60957,0.001,2.003,2.003,10.6,0
2.705,0.02165,-1e-05,0.60957,0.001,2.003,2.003,10.6,0
2.71,0.02165,-1e-05,0.60957,0.001,2.003,2.003,10.6,0
2.715,0.02165,-1e-05,0.60957,0.001,2.003,2.003,10.6,0
2.72,0.02165,-1e-05,0.60957,0.001,2.003,2.003,10.6,0
2.725,0.02165,-1e-05,0.60957,0.001,2.003,2.003,10.6,0
2.73,0.02165,-1e-05,0.60957,0.001,2.003,2.003,10.6,0
2.735,0.02165,-1e-05,0.60957,0.001,2.002,2.002,10.6,0
2.74,0.02165,-1e-05,0.60957,0.001,2.002,2.002,10.6,0
2.745,0.02165,-1e-05,0.60957,0.001,2.002,2.002,10.6,0
2.75,0.02165,-1e-05,0.60957,0.001,2.002,2.002,10.6,0
2.755,0.02165,-1e-05,0.60957,0.001,2.002,2.002,10.6,0
2.76,0.02165,-1e-05,0.60957,0.001,2.002,2.002,10.6,0
2.765,0.02165,-1e-05,0.60957,0.001,2.002,2.002,10.6,0
2.77,0.02165,-1e-05,0.60957,0.001,2.002,2.002,10.6,0
2.775,0.02165,-1e-05,0.60957,0.001,2.002,2.002,10.6,0
2.78,0.02165,-1e-05,0.60957,0.001,2.002,2.002,10.6,0
2.785,0.02165,-1e-05,0.60957,0.001,2.002,2.002,10.6,0
2.79,0.02165,-1e-05,0.60957,0.001,2.002,2.002,10.6,0
2.795,0.02165,-1e-05,0.60957,0.001,2.002,2.002,10.6,0
2.8,0.02165,-1e-05,0.60957,0.001,2.002,2.002,10.6,0
2.805,0.02165,-1e-05,0.60957,0.001,2.002,2.002,10.6,0
2.81,0.02165,-1e-05,0.60957,0.001,2.002,2.002,10.6,0
2.815,0.02165,-1e-05,0.60957,0.001,2.001,2.001,10.6,0
2.82,0.02165,-1e-05,0.60957,0.001,2.001,2.001,10.6,0
2.825,0.02165,-1e-05,0.60957,0.001,2.001,2.001,10.6,0
2.83,0.02165,-1e-05,0.60957,0.001,2.001,2.001,10.6,0
2.835,0.02165,-1e-05,0.60957,0.001,2.001,2.001,10.6,0
2.84,0.02165,-1e-05,0.60957,0.001,2.001,2.001,10.6,0
2.845,0.02165,-1e-05,0.60957,0.001,2.001,2.001,10.6,0
2.85,0.02165,-1e-05,0.60957,0.001,2.001,2.001,10.6,0
2.855,0.02165,-1e-05,0.60957,0.001,2.001,2.001,10.6,0
2.86,0.02165,-1e-05,0.60957,0.001,2.001,2.001,10.6,0
2.865,0.02165,-1e-05,0.60957,0.001,2.001,2.001,10.6,0
2.87,0.02165,-1e-05,0.60957,0.001,2.001,2.001,10.6,0
2.875,0.02165,-1e-05,0.60957,0.001,2.001,2.001,10.6,0
2.88,0.02165,-1e-05,0.60957,0.001,2.001,2.001,10.6,0
2.885,0.02165,-1e-05,0.60957,0.001,2.001,2.001,10.6,0
2.89,0.02165,-1e-05,0.60957,0.001,2.001,2.001,10.6,0
2.895,0.02165,-1e-05,0.60957,0.001,2.001,2.001,10.6,0
2.9,0.02165,-1e-05,0.60957,0.001,2.001,2.001,10.6,0
2.905,0.02165,-1e-05,0.60957,0.001,2.0,2.0,10.6,0
2.91,0.02165,-1e-05,0.60957,0.001,2.0,2.0,10.6,0
2.915,0.02164,-1e-05,0.60957,0.001,2.0,2.0,10.6,0
2.92,0.02164,-1e-05,0.60957,0.001,2.0,2.0,10.6,0
2.925,0.02164,-1e-05,0.60957,0.001,2.0,2.0,10.6,0
2.93,0.02164,-1e-05,0.60957,0.001,2.0,2.0,10.6,0
2.935,0.02164,-1e-05,0.60957,0.001,2.0,2.0,10.6,0
2.94,0.02164,-1e-05,0.60957,0.001,2.0,2.0,10.6,0
2.945,0.02164,-1e-05,0.60957,0.001,2.0,2.0,10.6,0
2.95,0.02164,-1e-05,0.60957,0.001,2.0,2.0,10.6,0
2.955,0.02164,-1e-05,0.60957,0.001,2.0,2.0,10.6,0
2.96,0.02164,-1e-05,0.60957,0.001,2.0,2.0,10.6,0
2.965,0.02164,-1e-05,0.60957,0.001,2.0,2.0,10.6,0
2.97,0.02164,-1e-05,0.60957,0.001,2.0,2.0,10.6,0
2.975,0.02164,-1e-05,0.60957,0.001,1.999,1.999,10.6,0
2.98,0.02164,-1e-05,0.60957,0.001,1.999,1.999,10.6,0
2.985,0.02164,-1e-05,0.60957,0.001,1.999,1.999,10.6,0
2.99,0.02164,-1e-05,0.60957,0.001,1.999,1.999,10.6,0
2.995,0.02164,-1e-05,0.60957,0.001,1.999,1.999,10.6,0
3.0,0.02164,-1e-05,0.60957,0.001,1.999,1.999,10.6,0
3.005,0.0218,-1e-05,0.60957,0.001,1.979,1.979,10.6,1
3.01,0.02211,-1e-05,0.60958,0.001,1.944,1.944,10.83,1
3.015,0.02253,-1e-05,0.60957,0.001,1.899,1.899,11.14,1
3.02,0.02305,-1e-05,0.60956,0.001,1.851,1.851,11.49,1
3.025,0.02366,-1e-05,0.60954,0.001,1.802,1.802,11.89,1
3.03,0.02434,-1e-05,0.60951,0.001,1.756,1.756,12.31,1
3.035,0.02508,-1e-05,0.60946,0.001,1.716,1.716,12.75,1
3.04,0.02587,-1e-05,0.6094,0.001,1.684,1.684,13.21,1
3.045,0.02671,-1e-05,0.60932,0.001,1.662,1.662,13.67,1
3.05,0.02756,-1e-05,0.60929,0.001,1.654,1.654,14.13,1
3.055,0.02843,-1e-05,0.60929,0.001,1.66,1.66,14.01,1
3.06,0.02932,-1e-05,0.60931,0.001,1.679,1.679,13.85,1
3.065,0.03025,-1e-05,0.60934,0.001,1.709,1.709,13.71,1
3.07,0.03121,-1e-05,0.60938,0.001,1.75,1.75,13.58,1
3.075,0.03221,-1e-05,0.60941,0.001,1.803,1.803,13.47,1
3.08,0.03325,-1e-05,0.60944,0.001,1.865,1.865,13.38,1
3.085,0.03432,-1e-05,0.60946,0.001,1.938,1.938,13.3,1
3.09,0.03544,-1e-05,0.60948,0.001,2.019,2.019,13.23,1
3.095,0.03661,-1e-05,0.60949,0.001,2.11,2.11,13.18,1
3.1,0.03782,-1e-05,0.6095,0.001,2.209,2.209,13.14,1
3.105,0.03891,-1e-05,0.60947,0.001,2.337,2.337,13.1,0
3.11,0.0399,-0.0,0.60941,0.001,2.488,2.488,13.06,0
3.115,0.04082,-0.0,0.60933,0.001,2.657,2.657,13.03,0
3.12,0.04167,-0.0,0.60922,0.001,2.841,2.841,13.01,0
3.125,0.04247,-0.0,0.60909,0.001,3.037,3.037,12.99,0
3.13,0.04322,-0.0,0.60896,0.0,3.241,3.241,12.98,0
3.135,0.04395,-0.0,0.60881,0.0,3.45,3.45,12.98,0
3.14,0.04464,-0.0,0.60865,0.0,3.664,3.664,12.99,0
3.145,0.04533,-0.0,0.60849,0.0,3.878,3.878,13.0,0
3.15,0.046,-0.0,0.60833,0.0,4.092,4.092,13.01,0
3.155,0.04667,-0.0,0.60816,0.0,4.304,4.304,13.01,0
3.16,0.04734,-0.0,0.608,0.0,4.512,4.512,13.01,0
3.165,0.04802,-0.0,0.60784,0.0,4.715,4.715,13.02,0
3.17,0.0487,-0.0,0.60769,0.0,4.912,4.912,13.02,0
3.175,0.0494,-0.0,0.60754,0.0,5.103,5.103,13.02,0
3.18,0.05011,-0.0,0.6074,0.0,5.287,5.287,13.02,0
3.185,0.05084,-0.0,0.60726,0.0,5.463,5.463,13.02,0
3.19,0.05159,-0.0,0.60713,0.0,5.631,5.631,13.01,0
3.195,0.05235,-0.0,0.60701,0.0,5.792,5.792,13.01,0
3.2,0.05313,-0.0,0.6069,0.0,5.944,5.944,13.01,0
3.205,0.05393,-0.0,0.6068,0.0,6.089,6.089,13.01,0
3.21,0.05475,-0.0,0.6067,0.0,6.226,6.226,13.01,0
3.215,0.05559,-0.0,0.60661,0.0,6.355,6.355,13.01,0
3.22,0.05644,-0.0,0.60653,0.0,6.478,6.478,13.01,0
3.225,0.05731,-0.0,0.60645,0.0,6.594,6.594,13.01,0
3.23,0.0582,-0.0,0.60638,0.0,6.704,6.704,13.01,0
3.235,0.0591,-0.0,0.60632,0.0,6.808,6.808,13.01,0
3.24,0.06001,-0.0,0.60626,0.0,6.907,6.907,13.01,0
3.245,0.06093,-0.0,0.6062,0.0,7.001,7.001,13.01,0
3.25,0.06186,-0.0,0.60615,0.0,7.092,7.092,13.01,0
3.255,0.06279,-0.0,0.6061,0.0,7.182,7.182,13.01,0
3.26,0.06372,-0.0,0.60605,0.0,7.27,7.27,13.01,0
3.265,0.06464,-0.0,0.60599,0.0,7.358,7.358,13.01,0
3.27,0.06557,-0.0,0.60594,0.0,7.446,7.446,13.01,0
3.275,0.06649,-0.0,0.60588,0.0,7.533,7.533,13.01,0
3.28,0.06742,-0.0,0.60582,0.0,7.621,7.621,13.01,0
3.285,0.06834,-0.0,0.60577,0.0,7.708,7.708,13.01,0
3.29,0.06926,-0.0,0.60571,0.0,7.795,7.795,13.01,0
3.295,0.07018,-0.0,0.60564,0.0,7.882,7.882,13.01,0
3.3,0.0711,-0.0,0.60558,0.0,7.969,7.969,13.01,0
3.305,0.07202,-0.0,0.60552,0.0,8.056,8.056,13.01,0
3.31,0.07294,-0.0,0.60545,0.0,8.143,8.143,13.01,0
3.315,0.07386,-0.0,0.60538,0.0,8.23,8.23,13.01,0
3.32,0.07478,-0.0,0.60531,0.0,8.317,8.317,13.01,0
3.325,0.07571,-0.0,0.60524,0.0,8.404,8.404,13.01,0
3.33,0.07663,-0.0,0.60517,0.0,8.492,8.492,13.01,0
3.335,0.07756,-0.0,0.6051,0.0,8.579,8.579,13.01,0
3.34,0.07849,-0.0,0.60502,0.0,8.667,8.667,13.01,0
3.345,0.07942,-0.0,0.60495,0.0,8.755,8.755,13.01,0
3.35,0.08035,-0.0,0.60487,0.0,8.843,8.843,13.01,0
3.355,0.08129,-0.0,0.60479,0.0,8.932,8.932,13.01,0
3.36,0.08223,-0.0,0.6047,0.0,9.021,9.021,13.01,0
3.365,0.08317,-0.0,0.60462,0.0,9.11,9.11,13.01,0
3.37,0.08412,-0.0,0.60454,0.001,9.2,9.2,13.01,0
3.375,0.08507,-0.0,0.60445,0.001,9.29,9.29,13.01,0
3.38,0.08602,-0.0,0.60436,0.001,9.38,9.38,13.01,0
3.385,0.08698,-0.0,0.60427,0.001,9.471,9.471,13.01,0
3.39,0.08795,-0.0,0.60417,0.001,9.562,9.562,13.01,0
3.395,0.08892,-0.0,0.60408,0.001,9.654,9.654,13.0,0
3.4,0.08989,-0.0,0.60398,0.001,9.747,9.747,13.0,0
3.405,0.09088,-0.0,0.60388,0.001,9.84,9.84,13.0,0
3.41,0.09186,-0.0,0.60378,0.001,9.933,9.933,13.0,0
3.415,0.09286,-0.0,0.60368,0.001,10.027,10.027,13.0,0
3.42,0.09386,-0.0,0.60357,0.001,10.122,10.122,13.0,0
3.425,0.09487,-0.0,0.60346,0.001,10.218,10.218,13.0,0
3.43,0.09588,-0.0,0.60335,0.001,10.314,10.314,13.0,0
3.435,0.09691,-0.0,0.60324,0.001,10.411,10.411,13.0,0
3.44,0.09794,-0.0,0.60312,0.001,10.509,10.509,13.0,0
3.445,0.09898,-0.0,0.603,0.001,10.608,10.608,13.0,0
3.45,0.10003,-0.0,0.60288,0.001,10.707,10.707,13.0,0
3.455,0.10109,-0.0,0.60275,0.001,10.807,10.807,13.0,0
3.46,0.10215,0.0,0.60262,0.001,10.909,10.909,13.0,0
3.465,0.10323,0.0,0.60249,0.001,11.011,11.011,13.0,0
3.47,0.10432,0.0,0.60236,0.001,11.114,11.114,13.0,0
3.475,0.10542,0.0,0.60222,0.001,11.218,11.218,13.0,0
3.48,0.10652,0.0,0.60208,0.001,11.323,11.323,13.0,0
3.485,0.10764,0.0,0.60194,0.001,11.43,11.43,13.0,0
3.49,0.10877,0.0,0.60179,0.001,11.537,11.537,13.0,0
3.495,0.10992,0.0,0.60164,0.001,11.645,11.645,13.0,0
3.5,0.11107,0.0,0.60148,0.001,11.755,11.755,13.0,0
3.505,0.11224,0.0,0.60132,0.001,11.866,11.866,13.0,0
3.51,0.11342,0.0,0.60116,0.001,11.978,11.978,13.0,0
3.515,0.11461,0.0,0.60099,0.001,12.092,12.092,13.0,0
3.52,0.11581,0.0,0.60082,0.001,12.206,12.206,13.0,0
3.525,0.11703,0.0,0.60064,0.001,12.322,12.322,13.0,0
3.53,0.11827,0.0,0.60046,0.001,12.44,12.44,13.0,0
3.535,0.11952,0.0,0.60028,0.001,12.559,12.559,13.0,0
3.54,0.12078,1e-05,0.60009,0.001,12.679,12.679,13.0,0
3.545,0.12206,1e-05,0.59989,0.001,12.801,12.801,13.0,0
3.55,0.12335,1e-05,0.59969,0.001,12.924,12.924,13.0,0
3.555,0.12466,1e-05,0.59949,0.001,13.049,13.049,13.0,0
3.56,0.12599,1e-05,0.59927,0.001,13.175,13.175,13.0,0
3.565,0.12734,1e-05,0.59906,0.001,13.303,13.303,13.0,0
3.57,0.1287,1e-05,0.59883,0.001,13.432,13.432,13.0,0
3.575,0.13008,1e-05,0.59861,0.001,13.563,13.563,13.0,0
3.58,0.13148,1e-05,0.59837,0.001,13.695,13.695,13.0,0
3.585,0.1329,1e-05,0.59813,0.001,13.83,13.83,13.0,0
3.59,0.13434,1e-05,0.59788,0.001,13.966,13.966,13.0,0
3.595,0.1358,1e-05,0.59763,0.001,14.103,14.103,13.0,0
3.6,0.13728,1e-05,0.59736,0.001,14.243,14.243,13.0,0
3.605,0.13878,1e-05,0.59709,0.001,14.384,14.384,13.0,0
3.61,0.1403,1e-05,0.59682,0.001,14.528,14.528,13.0,0
3.615,0.14184,1e-05,0.59653,0.001,14.673,14.673,13.0,0
3.62,0.1434,1e-05,0.59624,0.001,14.82,14.82,13.0,0
3.625,0.14499,1e-05,0.59594,0.001,14.97,14.97,13.0,0
3.63,0.1466,1e-05,0.59563,0.001,15.121,15.121,13.0,0
3.635,0.14823,1e-05,0.59531,0.001,15.275,15.275,13.0,0
3.64,0.14989,1e-05,0.59498,0.001,15.431,15.431,13.0,0
3.645,0.15157,1e-05,0.59464,0.001,15.589,15.589,13.0,0
3.65,0.15327,1e-05,0.5943,0.002,15.75,15.75,13.0,0
3.655,0.155,1e-05,0.59394,0.002,15.913,15.913,13.0,0
3.66,0.15676,1e-05,0.59357,0.002,16.078,16.078,13.0,0
3.665,0.15854,1e-05,0.59319,0.002,16.246,16.246,13.0,0
3.67,0.16034,1e-05,0.5928,0.002,16.417,16.417,13.0,0
3.675,0.16218,1e-05,0.5924,0.002,16.59,16.59,13.0,0
3.68,0.16404,1e-05,0.59199,0.002,16.765,16.765,13.0,0
3.685,0.16593,1e-05,0.59156,0.002,16.943,16.943,13.0,0
3.69,0.16785,1e-05,0.59113,0.002,17.124,17.124,13.0,0
3.695,0.1698,1e-05,0.59067,0.002,17.308,17.308,13.0,0
3.7,0.17178,1e-05,0.59021,0.002,17.495,17.495,13.0,0
3.705,0.17379,1e-05,0.58973,0.002,17.684,17.684,13.0,0
3.71,0.17583,1e-05,0.58924,0.002,17.876,17.876,13.0,0
3.715,0.1779,1e-05,0.58873,0.002,18.071,18.071,13.0,0
3.72,0.18,1e-05,0.5882,0.002,18.27,18.27,13.0,0
3.725,0.18214,1e-05,0.58766,0.002,18.471,18.471,13.0,0
3.73,0.18431,1e-05,0.58711,0.002,18.676,18.676,13.0,0
3.735,0.18651,1e-05,0.58653,0.002,18.883,18.883,13.0,0
3.74,0.18875,1e-05,0.58594,0.002,19.094,19.094,13.0,0
3.745,0.19102,1e-05,0.58533,0.002,19.309,19.309,13.0,0
3.75,0.19332,1e-05,0.58471,0.002,19.527,19.527,13.0,0
3.755,0.19567,1e-05,0.58406,0.003,19.748,19.748,13.0,0
3.76,0.19804,1e-05,0.58339,0.003,19.973,19.973,13.0,0
3.765,0.20046,1e-05,0.5827,0.003,20.202,20.202,13.0,0
3.77,0.20291,1e-05,0.58199,0.003,20.434,20.434,13.0,0
3.775,0.2054,1e-05,0.58126,0.003,20.671,20.671,13.0,0
3.78,0.20793,1e-05,0.5805,0.003,20.911,20.911,13.0,0
3.785,0.2105,1e-05,0.57973,0.003,21.155,21.155,13.0,0
3.79,0.21311,1e-05,0.57892,0.003,21.403,21.403,12.99,0
3.795,0.21576,1e-05,0.57809,0.003,21.656,21.656,12.99,0
3.8,0.21845,1e-05,0.57724,0.003,21.912,21.912,12.98,0
3.805,0.22118,1e-05,0.57636,0.003,22.173,22.173,12.97,0
3.81,0.22395,1e-05,0.57545,0.003,22.438,22.438,12.96,0
3.815,0.22676,1e-05,0.57451,0.003,22.708,22.708,12.95,0
3.82,0.22962,1e-05,0.57354,0.003,22.982,22.982,12.95,0
3.825,0.23253,1e-05,0.57255,0.003,23.261,23.261,12.94,0
3.83,0.23547,1e-05,0.57152,0.003,23.545,23.545,12.93,0
3.835,0.23846,1e-05,0.57046,0.003,23.833,23.833,12.93,0
3.84,0.2415,1e-05,0.56936,0.003,24.126,24.126,12.92,0
3.845,0.24458,1e-05,0.56823,0.004,24.424,24.424,12.91,0
3.85,0.24771,2e-05,0.56706,0.004,24.728,24.728,12.9,0
3.855,0.25089,2e-05,0.56586,0.004,25.036,25.036,12.9,0
3.86,0.25411,2e-05,0.56462,0.004,25.349,25.349,12.89,0
3.865,0.25739,2e-05,0.56334,0.004,25.668,25.668,12.88,0
3.87,0.26071,2e-05,0.56202,0.004,25.993,25.993,12.87,0
3.875,0.26408,2e-05,0.56065,0.004,26.322,26.322,12.86,0
3.88,0.2675,2e-05,0.55924,0.004,26.658,26.658,12.86,0
3.885,0.27097,2e-05,0.55779,0.004,26.999,26.999,12.85,0
3.89,0.27449,2e-05,0.55629,0.004,27.346,27.346,12.84,0
3.895,0.27806,2e-05,0.55474,0.004,27.699,27.699,12.83,0
3.9,0.28169,2e-05,0.55314,0.004,28.058,28.058,12.82,0
3.905,0.28536,2e-05,0.5515,0.004,28.423,28.423,12.81,0
3.91,0.28909,2e-05,0.54979,0.004,28.794,28.794,12.8,0
3.915,0.29287,2e-05,0.54804,0.004,29.171,29.171,12.79,0
3.92,0.29671,2e-05,0.54623,0.004,29.555,29.555,12.78,0
3.925,0.3006,2e-05,0.54436,0.004,29.946,29.946,12.77,0
3.93,0.30454,2e-05,0.54243,0.004,30.343,30.343,12.76,0
3.935,0.30853,2e-05,0.54044,0.004,30.747,30.747,12.75,0
3.94,0.31258,2e-05,0.53838,0.004,31.157,31.157,12.74,0
3.945,0.31669,2e-05,0.53626,0.004,31.575,31.575,12.72,0
3.95,0.32085,2e-05,0.53407,0.004,32.0,32.0,12.71,0
3.955,0.32506,2e-05,0.53182,0.005,32.432,32.432,12.7,0
3.96,0.32933,2e-05,0.52949,0.005,32.872,32.872,12.69,0
3.965,0.33365,2e-05,0.52708,0.005,33.319,33.319,12.68,0
3.97,0.33803,2e-05,0.5246,0.005,33.773,33.773,12.66,0
3.975,0.34247,2e-05,0.52204,0.005,34.235,34.235,12.65,0
3.98,0.34695,2e-05,0.5194,0.005,34.705,34.705,12.64,0
3.985,0.3515,2e-05,0.51668,0.005,35.184,35.184,12.62,0
3.99,0.3561,2e-05,0.51387,0.005,35.67,35.67,12.61,0
3.995,0.36075,2e-05,0.51097,0.005,36.164,36.164,12.6,0
4.0,0.36545,2e-05,0.50798,0.005,36.667,36.667,12.58,0
4.005,0.37021,2e-05,0.5049,0.005,37.179,37.179,12.55,0
4.01,0.37503,2e-05,0.50173,0.005,37.699,37.699,12.5,0
4.015,0.3799,2e-05,0.49847,0.005,38.228,38.228,12.43,0
4.02,0.38483,2e-05,0.49511,0.005,38.767,38.767,12.34,0
4.025,0.3898,2e-05,0.49165,0.005,39.314,39.314,12.23,0
4.03,0.39484,2e-05,0.48808,0.005,39.871,39.871,12.09,0
4.035,0.39993,2e-05,0.48442,0.005,40.438,40.438,11.93,0
4.04,0.40507,2e-05,0.48065,0.005,41.013,41.013,11.75,0
4.045,0.41026,2e-05,0.47676,0.005,41.598,41.598,11.55,0
4.05,0.41551,2e-05,0.47277,0.005,42.193,42.193,11.33,0
4.055,0.4208,2e-05,0.46865,0.005,42.797,42.797,11.1,0
4.06,0.42615,2e-05,0.46442,0.005,43.411,43.411,10.84,0
4.065,0.43154,2e-05,0.46006,0.005,44.035,44.035,10.58,0
4.07,0.43698,2e-05,0.45557,0.005,44.669,44.669,10.29,0
4.075,0.44246,2e-05,0.45094,0.005,45.312,45.312,9.99,0
4.08,0.44799,2e-05,0.44618,0.005,45.966,45.966,9.68,0
4.085,0.45355,2e-05,0.44128,0.005,46.63,46.63,9.36,0
4.09,0.45915,2e-05,0.43624,0.005,47.305,47.305,9.02,0
4.095,0.46479,2e-05,0.43105,0.005,47.989,47.989,8.67,0
4.1,0.47046,2e-05,0.4257,0.005,48.685,48.685,8.31,0
4.105,0.47612,2e-05,0.42013,0.005,49.386,49.386,7.93,0
4.11,0.4818,2e-05,0.41439,0.005,50.096,50.096,5.0,0
4.115,0.4875,2e-05,0.40847,0.006,50.816,50.816,5.57,0
4.12,0.49323,2e-05,0.40239,0.006,51.549,51.549,5.9,0
4.125,0.49898,2e-05,0.39615,0.006,52.294,52.294,6.03,0
4.13,0.50475,2e-05,0.38974,0.006,53.054,53.054,5.98,0
4.135,0.51053,2e-05,0.38317,0.006,53.828,53.828,5.78,0
4.14,0.51632,2e-05,0.37642,0.006,54.616,54.616,5.47,0
4.145,0.52211,2e-05,0.3695,0.006,55.418,55.418,5.07,0
4.15,0.52787,2e-05,0.36237,0.006,56.23,56.23,4.61,0
4.155,0.53362,2e-05,0.35504,0.006,57.054,57.054,3.0,0
4.16,0.53938,2e-05,0.34751,0.006,57.89,57.89,2.92,0
4.165,0.54511,2e-05,0.33979,0.006,58.74,58.74,2.71,0
4.17,0.55083,2e-05,0.33187,0.006,59.604,59.604,2.45,0
4.175,0.55652,2e-05,0.32374,0.006,60.482,60.482,2.57,0
4.18,0.56218,2e-05,0.31542,0.006,61.373,61.373,2.72,0
4.185,0.56781,2e-05,0.30688,0.006,62.277,62.277,2.49,0
4.19,0.57341,2e-05,0.29813,0.006,63.193,63.193,2.64,0
4.195,0.57897,2e-05,0.28917,0.006,64.125,64.125,2.86,0
4.2,0.5845,2e-05,0.28002,0.006,65.071,65.071,3.07,0
4.205,0.59,3e-05,0.27066,0.006,66.03,66.03,2.83,0
4.21,0.59547,3e-05,0.26109,0.006,67.003,67.003,3.01,0
4.215,0.6009,3e-05,0.25132,0.006,67.991,67.991,3.25,0
4.22,0.6063,3e-05,0.24135,0.006,68.992,68.992,3.02,0
4.225,0.61168,3e-05,0.23118,0.006,70.006,70.006,3.22,0
4.23,0.61703,3e-05,0.2208,0.006,71.032,71.032,3.04,0
4.235,0.62234,3e-05,0.21021,0.006,72.074,72.074,3.29,0
4.24,0.62761,3e-05,0.19945,0.006,73.133,73.133,3.76,0
4.245,0.63288,3e-05,0.18848,0.006,74.202,74.202,3.35,0
4.25,0.6381,3e-05,0.1773,0.006,75.283,75.283,3.15,0
4.255,0.64331,3e-05,0.16593,0.006,76.377,76.377,3.48,0
4.26,0.64847,3e-05,0.15435,0.006,77.484,77.484,3.26,0
4.265,0.65362,3e-05,0.14258,0.006,78.607,78.607,3.87,0
4.27,0.65876,3e-05,0.13063,0.006,79.74,79.74,3.42,0
4.275,0.66384,3e-05,0.11845,0.006,80.884,80.884,3.2,0
4.28,0.66888,3e-05,0.10605,0.006,82.044,82.044,4.03,0
4.285,0.6739,3e-05,0.09351,0.006,83.227,83.227,5.01,0
4.29,0.6789,3e-05,0.08079,0.006,84.425,84.425,4.12,0
4.295,0.68518,3e-05,0.06967,0.022,85.612,85.612,3.89,0
4.3,0.69228,3e-05,0.05948,0.061,86.774,86.774,11.78,0
4.305,0.69986,3e-05,0.04987,0.156,87.944,87.944,19.54,0
4.31,0.70757,4e-05,0.04056,0.533,89.135,89.135,24.1,0
4.315,0.7151,4e-05,0.03133,178.296,89.646,90.354,26.87,0
4.32,0.72237,4e-05,0.02216,179.537,88.397,91.603,28.63,0
4.325,0.72897,4e-05,0.0129,179.446,88.439,91.561,30.0,0
4.33,0.7332,4e-05,0.00584,178.997,89.064,90.936,30.0,0
4.335,0.73533,4e-05,0.00245,178.158,89.487,90.512,28.72,0
4.34,0.73644,4e-05,0.00107,175.798,89.782,90.217,24.96,0
4.345,0.73704,4e-05,0.00079,106.94,89.984,90.005,22.76,0
4.35,0.73739,4e-05,0.00105,5.169,89.846,89.846,21.48,0
4.355,0.73756,4e-05,0.00167,2.754,89.736,89.737,20.53,0
4.36,0.73764,4e-05,0.00242,1.918,89.659,89.659,19.68,0
4.365,0.7376,5e-05,0.00329,1.516,89.614,89.614,18.22,0
4.37,0.73748,5e-05,0.00419,1.276,89.594,89.594,17.58,0
4.375,0.7373,5e-05,0.00509,1.135,89.594,89.594,17.13,0
4.38,0.73707,5e-05,0.00596,1.051,89.607,89.608,16.82,0
4.385,0.73681,5e-05,0.0068,1.012,89.631,89.631,16.69,0
4.39,0.73654,5e-05,0.00759,1.011,89.663,89.663,16.61,0
4.395,0.73627,5e-05,0.00834,1.047,89.699,89.699,16.56,0
4.4,0.73601,5e-05,0.00903,1.122,89.738,89.739,16.53,0
4.405,0.73576,5e-05,0.00968,1.247,89.779,89.779,16.51,0
4.41,0.73553,5e-05,0.01027,1.449,89.82,89.82,16.5,0
4.415,0.73531,5e-05,0.01081,1.778,89.859,89.859,16.48,0
4.42,0.73511,5e-05,0.01129,2.34,89.896,89.896,16.48,0
4.425,0.73493,5e-05,0.01173,3.427,89.93,89.931,16.48,0
4.43,0.73477,5e-05,0.01211,6.148,89.962,89.962,16.49,0
4.435,0.73463,5e-05,0.01244,21.324,89.989,89.989,16.5,0
4.44,0.7345,5e-05,0.01272,162.791,89.986,90.013,16.52,0
4.445,0.7344,5e-05,0.01295,172.839,89.966,90.033,16.55,0
4.45,0.73431,5e-05,0.01314,175.077,89.95,90.049,16.58,0
4.455,0.73424,5e-05,0.01329,175.976,89.938,90.062,16.62,0
4.46,0.73418,5e-05,0.01339,176.393,89.929,90.071,16.66,0
4.465,0.73413,5e-05,0.01347,176.575,89.923,90.076,16.7,0
4.47,0.7341,5e-05,0.01351,176.6,89.921,90.079,16.74,0
4.475,0.73408,5e-05,0.01353,176.553,89.92,90.08,16.78,0
4.48,0.73407,5e-05,0.01354,176.471,89.92,90.08,16.81,0
4.485,0.73406,5e-05,0.01353,176.372,89.92,90.08,16.83,0
4.49,0.73406,5e-05,0.01352,176.239,89.921,90.079,16.85,0
4.495,0.73405,5e-05,0.01351,176.075,89.923,90.077,16.87,0
4.5,0.73405,5e-05,0.01348,175.877,89.925,90.075,16.89,0
4.505,0.73405,5e-05,0.01345,175.644,89.928,90.072,16.91,0
4.51,0.73405,5e-05,0.01342,175.374,89.931,90.068,16.92,0
4.515,0.73405,5e-05,0.01339,175.061,89.935,90.065,16.94,0
4.52,0.73406,5e-05,0.01335,174.703,89.939,90.061,16.95,0
4.525,0.73406,5e-05,0.01331,174.292,89.943,90.057,16.97,0
4.53,0.73406,5e-05,0.01328,173.822,89.947,90.053,16.98,0
4.535,0.73406,5e-05,0.01324,173.285,89.951,90.049,16.99,0
4.54,0.73407,5e-05,0.0132,172.667,89.955,90.045,17.0,0
4.545,0.73407,5e-05,0.01317,171.957,89.958,90.041,17.01,0
4.55,0.73407,5e-05,0.01313,171.136,89.962,90.037,17.02,0
4.555,0.73408,5e-05,0.0131,170.175,89.966,90.034,17.03,0
4.56,0.73408,5e-05,0.01307,169.052,89.969,90.03,17.04,0
4.565,0.73408,5e-05,0.01304,167.705,89.973,90.027,17.04,0
4.57,0.73409,5e-05,0.01301,166.054,89.976,90.023,17.05,0
4.575,0.73409,5e-05,0.01298,163.985,89.979,90.02,17.05,0
4.58,0.73409,5e-05,0.01295,161.344,89.982,90.017,17.06,0
4.585,0.7341,5e-05,0.01293,157.9,89.985,90.014,17.06,0
4.59,0.7341,5e-05,0.01291,153.29,89.987,90.011,17.06,0
4.595,0.7341,5e-05,0.01289,146.931,89.99,90.009,17.06,0
4.6,0.73411,5e-05,0.01287,137.941,89.991,90.006,17.07,0
4.605,0.73411,5e-05,0.01285,125.206,89.993,90.004,17.07,0
4.61,0.73411,5e-05,0.01283,108.152,89.994,90.002,17.07,0
4.615,0.73411,5e-05,0.01281,88.558,89.994,90.0,17.07,0
4.62,0.73412,5e-05,0.0128,70.469,89.994,89.998,17.07,0
4.625,0.73412,5e-05,0.01278,56.556,89.993,89.996,17.07,0
4.63,0.73412,5e-05,0.01277,46.691,89.992,89.995,17.08,0
4.635,0.73412,5e-05,0.01276,39.785,89.991,89.993,17.08,0
4.64,0.73413,5e-05,0.01275,34.979,89.99,89.992,17.08,0
4.645,0.73413,5e-05,0.01274,31.575,89.989,89.991,17.08,0
4.65,0.73413,5e-05,0.01273,29.08,89.988,89.99,17.08,0
4.655,0.73413,5e-05,0.01272,27.185,89.988,89.989,17.08,0
4.66,0.73413,5e-05,0.01271,25.693,89.987,89.988,17.08,0
4.665,0.73413,5e-05,0.01271,24.478,89.986,89.987,17.09,0
4.67,0.73413,5e-05,0.0127,23.468,89.986,89.987,17.09,0
4.675,0.73413,5e-05,0.01269,22.613,89.985,89.986,17.09,0
4.68,0.73414,5e-05,0.01269,21.877,89.985,89.986,17.09,0
4.685,0.73414,5e-05,0.01268,21.24,89.984,89.985,17.09,0
4.69,0.73414,5e-05,0.01268,20.687,89.984,89.985,17.09,0
4.695,0.73414,5e-05,0.01267,20.203,89.984,89.985,17.09,0
4.7,0.73414,5e-05,0.01267,19.782,89.983,89.984,17.09,0
4.705,0.73414,5e-05,0.01267,19.413,89.983,89.984,17.09,0
4.71,0.73414,5e-05,0.01266,19.089,89.983,89.984,17.09,0
4.715,0.73414,5e-05,0.01266,18.807,89.982,89.983,17.09,0
4.72,0.73414,5e-05,0.01266,18.563,89.982,89.983,17.1,0
4.725,0.73414,5e-05,0.01266,18.351,89.982,89.983,17.1,0
4.73,0.73414,5e-05,0.01265,18.165,89.982,89.983,17.1,0
4.735,0.73414,5e-05,0.01265,17.997,89.982,89.983,17.1,0
4.74,0.73414,5e-05,0.01265,17.847,89.982,89.982,17.1,0
4.745,0.73414,5e-05,0.01265,17.711,89.981,89.982,17.1,0
4.75,0.73414,5e-05,0.01265,17.585,89.981,89.982,17.1,0
4.755,0.73414,5e-05,0.01265,17.469,89.981,89.982,17.1,0
4.76,0.73414,5e-05,0.01264,17.361,89.981,89.982,17.1,0
4.765,0.73414,5e-05,0.01264,17.257,89.981,89.982,17.1,0
4.77,0.73414,5e-05,0.01264,17.163,89.981,89.982,17.1,0
4.775,0.73414,5e-05,0.01264,17.075,89.981,89.982,17.1,0
4.78,0.73414,5e-05,0.01264,16.993,89.981,89.982,17.1,0
4.785,0.73414,5e-05,0.01264,16.915,89.981,89.982,17.1,0
4.79,0.73414,5e-05,0.01264,16.84,89.981,89.982,17.1,0
4.795,0.73414,5e-05,0.01264,16.771,89.981,89.982,17.1,0
4.8,0.73414,5e-05,0.01264,16.706,89.981,89.982,17.1,0
4.805,0.73414,5e-05,0.01264,16.646,89.981,89.982,17.1,0
4.81,0.73414,5e-05,0.01264,16.59,89.981,89.982,17.1,0
4.815,0.73414,5e-05,0.01264,16.538,89.981,89.982,17.1,0
4.82,0.73414,5e-05,0.01264,16.49,89.981,89.982,17.1,0
4.825,0.73414,5e-05,0.01264,16.446,89.981,89.982,17.1,0
4.83,0.73414,5e-05,0.01264,16.407,89.981,89.982,17.1,0
4.835,0.73414,5e-05,0.01264,16.373,89.981,89.982,17.1,0
4.84,0.73414,5e-05,0.01264,16.343,89.981,89.982,17.1,0
4.845,0.73414,5e-05,0.01264,16.317,89.981,89.982,17.1,0
4.85,0.73414,5e-05,0.01264,16.294,89.981,89.982,17.1,0
4.855,0.73414,5e-05,0.01264,16.275,89.981,89.982,17.1,0
4.86,0.73414,5e-05,0.01264,16.258,89.981,89.982,17.1,0
4.865,0.73414,5e-05,0.01264,16.243,89.981,89.982,17.1,0
4.87,0.73414,5e-05,0.01264,16.23,89.981,89.982,17.1,0
4.875,0.73414,5e-05,0.01264,16.219,89.981,89.982,17.1,0
4.88,0.73414,5e-05,0.01264,16.208,89.981,89.982,17.1,0
4.885,0.73414,5e-05,0.01264,16.199,89.981,89.982,17.1,0
4.89,0.73414,5e-05,0.01264,16.189,89.981,89.982,17.1,0
4.895,0.73414,5e-05,0.01264,16.181,89.981,89.982,17.1,0
4.9,0.73414,5e-05,0.01264,16.172,89.981,89.982,17.1,0
4.905,0.73414,5e-05,0.01264,16.163,89.982,89.982,17.1,0
4.91,0.73414,5e-05,0.01264,16.155,89.982,89.982,17.1,0
4.915,0.73414,5e-05,0.01264,16.146,89.982,89.982,17.1,0
4.92,0.73414,5e-05,0.01264,16.138,89.982,89.982,17.1,0
4.925,0.73414,5e-05,0.01264,16.129,89.982,89.982,17.1,0
4.93,0.73414,5e-05,0.01264,16.121,89.982,89.982,17.1,0
4.935,0.73414,5e-05,0.01264,16.113,89.982,89.982,17.1,0
4.94,0.73414,5e-05,0.01264,16.106,89.982,89.982,17.1,0
4.945,0.73413,5e-05,0.01264,16.098,89.982,89.982,17.1,0
4.95,0.73413,5e-05,0.01264,16.091,89.982,89.982,17.1,0
4.955,0.73413,5e-05,0.01264,16.083,89.982,89.982,17.1,0
4.96,0.73413,5e-05,0.01264,16.075,89.982,89.982,17.1,0
4.965,0.73413,5e-05,0.01264,16.068,89.982,89.982,17.1,0
4.97,0.73413,5e-05,0.01264,16.06,89.982,89.982,17.1,0
4.975,0.73413,5e-05,0.01264,16.053,89.982,89.983,17.1,0
4.98,0.73413,5e-05,0.01264,16.045,89.982,89.983,17.1,0
4.985,0.73413,5e-05,0.01264,16.038,89.982,89.983,17.1,0
4.99,0.73413,5e-05,0.01264,16.031,89.982,89.983,17.1,0
4.995,0.73413,5e-05,0.01264,16.024,89.982,89.983,17.1,0
5.0,0.73413,5e-05,0.01264,16.018,89.982,89.983,17.1,0
5.005,0.73413,5e-05,0.01264,16.011,89.982,89.983,17.1,0
5.01,0.73413,5e-05,0.01264,16.005,89.982,89.983,17.1,0
5.015,0.73413,5e-05,0.01264,15.999,89.982,89.983,17.1,0
5.02,0.73413,5e-05,0.01264,15.993,89.982,89.983,17.1,0
5.025,0.73413,5e-05,0.01264,15.987,89.982,89.983,17.1,0
5.03,0.73413,5e-05,0.01264,15.982,89.982,89.983,17.1,0
5.035,0.73413,5e-05,0.01264,15.976,89.982,89.983,17.1,0
5.04,0.73413,5e-05,0.01264,15.971,89.982,89.983,17.1,0
5.045,0.73413,5e-05,0.01264,15.966,89.982,89.983,17.1,0
5.05,0.73413,5e-05,0.01264,15.961,89.982,89.983,17.1,0
5.055,0.73413,5e-05,0.01264,15.956,89.982,89.983,17.1,0
5.06,0.73413,5e-05,0.01264,15.951,89.982,89.983,17.1,0
5.065,0.73413,5e-05,0.01264,15.947,89.982,89.983,17.1,0
5.07,0.73413,5e-05,0.01264,15.943,89.982,89.983,17.1,0
5.075,0.73413,5e-05,0.01264,15.939,89.982,89.983,17.1,0
5.08,0.73413,5e-05,0.01264,15.935,89.982,89.983,17.1,0
5.085,0.73413,5e-05,0.01264,15.932,89.982,89.983,17.1,0
5.09,0.73413,5e-05,0.01264,15.929,89.982,89.983,17.1,0
5.095,0.73413,5e-05,0.01264,15.927,89.982,89.983,17.1,0
5.1,0.73413,5e-05,0.01264,15.926,89.982,89.983,17.1,0
5.105,0.73413,5e-05,0.01264,15.924,89.982,89.983,17.1,0
5.11,0.73413,5e-05,0.01264,15.924,89.982,89.983,17.1,0
5.115,0.73413,5e-05,0.01264,15.923,89.982,89.983,17.1,0
5.12,0.73413,5e-05,0.01264,15.923,89.982,89.983,17.1,0
5.125,0.73413,5e-05,0.01264,15.924,89.982,89.983,17.1,0
5.13,0.73413,5e-05,0.01264,15.924,89.982,89.983,17.1,0
5.135,0.73413,5e-05,0.01264,15.925,89.982,89.983,17.1,0
5.14,0.73413,5e-05,0.01264,15.927,89.982,89.983,17.1,0
5.145,0.73413,5e-05,0.01264,15.928,89.982,89.983,17.1,0
5.15,0.73413,5e-05,0.01264,15.93,89.982,89.983,17.1,0
5.155,0.73413,5e-05,0.01264,15.933,89.982,89.983,17.1,0
5.16,0.73413,5e-05,0.01264,15.935,89.982,89.983,17.1,0
5.165,0.73413,5e-05,0.01264,15.938,89.982,89.983,17.11,0
5.17,0.73413,5e-05,0.01264,15.941,89.982,89.983,17.11,0
5.175,0.73413,5e-05,0.01264,15.945,89.982,89.983,17.11,0
5.18,0.73413,5e-05,0.01264,15.949,89.982,89.983,17.11,0
5.185,0.73413,5e-05,0.01264,15.953,89.982,89.983,17.11,0
5.19,0.73413,5e-05,0.01264,15.957,89.982,89.983,17.11,0
5.195,0.73412,5e-05,0.01264,15.961,89.982,89.983,17.11,0
5.2,0.73412,5e-05,0.01264,15.966,89.982,89.983,17.11,0
5.205,0.73412,5e-05,0.01264,15.97,89.982,89.983,17.11,0
5.21,0.73412,5e-05,0.01264,15.975,89.982,89.983,17.11,0
5.215,0.73412,5e-05,0.01264,15.98,89.982,89.983,17.11,0
5.22,0.73412,5e-05,0.01264,15.985,89.982,89.983,17.11,0
5.225,0.73412,5e-05,0.01264,15.991,89.982,89.983,17.11,0
5.23,0.73412,5e-05,0.01264,15.996,89.982,89.983,17.11,0
5.235,0.73412,5e-05,0.01264,16.002,89.982,89.983,17.11,0
5.24,0.73412,5e-05,0.01264,16.008,89.982,89.983,17.11,0
5.245,0.73412,5e-05,0.01264,16.014,89.982,89.983,17.11,0
5.25,0.73412,5e-05,0.01264,16.02,89.982,89.983,17.11,0
5.255,0.73412,5e-05,0.01264,16.027,89.982,89.983,17.11,0
5.26,0.73412,5e-05,0.01264,16.034,89.982,89.983,17.11,0
5.265,0.73412,5e-05,0.01264,16.039,89.982,89.983,17.11,0
5.27,0.73412,5e-05,0.01264,16.045,89.982,89.983,17.11,0
5.275,0.73412,5e-05,0.01264,16.051,89.982,89.983,17.11,0
5.28,0.73412,5e-05,0.01264,16.058,89.982,89.983,17.11,0
5.285,0.73412,5e-05,0.01264,16.066,89.982,89.983,17.11,0
5.29,0.73412,5e-05,0.01264,16.076,89.983,89.983,17.11,0
5.295,0.73412,5e-05,0.01264,16.086,89.983,89.983,17.11,0
5.3,0.73412,5e-05,0.01264,16.098,89.983,89.983,17.11,0
5.305,0.73412,5e-05,0.01264,16.11,89.983,89.983,17.11,0
5.31,0.73412,5e-05,0.01264,16.123,89.983,89.983,17.11,0
5.315,0.73412,5e-05,0.01264,16.136,89.983,89.983,17.11,0
5.32,0.73412,5e-05,0.01264,16.148,89.983,89.983,17.11,0
5.325,0.73412,5e-05,0.01264,16.16,89.983,89.983,17.11,0
5.33,0.73412,5e-05,0.01264,16.171,89.983,89.983,17.11,0
5.335,0.73412,5e-05,0.01264,16.182,89.983,89.983,17.11,0
5.34,0.73412,5e-05,0.01264,16.192,89.983,89.983,17.11,0
5.345,0.73412,4e-05,0.01264,16.202,89.983,89.983,17.11,0
5.35,0.73412,4e-05,0.01264,16.211,89.983,89.983,17.11,0
5.355,0.73412,4e-05,0.01264,16.22,89.983,89.983,17.11,0
5.36,0.73412,4e-05,0.01264,16.228,89.983,89.983,17.11,0
5.365,0.73412,4e-05,0.01264,16.237,89.983,89.983,17.11,0
5.37,0.73412,4e-05,0.01264,16.246,89.983,89.983,17.11,0
5.375,0.73412,4e-05,0.01264,16.254,89.983,89.983,17.11,0
5.38,0.73412,4e-05,0.01264,16.263,89.983,89.983,17.11,0
5.385,0.73412,4e-05,0.01263,16.272,89.983,89.983,17.11,0
5.39,0.73412,4e-05,0.01263,16.281,89.983,89.983,17.11,0
5.395,0.73412,4e-05,0.01263,16.29,89.983,89.983,17.11,0
5.4,0.73412,4e-05,0.01263,16.299,89.983,89.983,17.11,0
5.405,0.73412,4e-05,0.01263,16.308,89.983,89.983,17.11,0
5.41,0.73412,4e-05,0.01263,16.317,89.983,89.983,17.11,0
5.415,0.73412,4e-05,0.01263,16.327,89.983,89.983,17.11,0
5.42,0.73412,4e-05,0.01263,16.337,89.983,89.983,17.11,0
5.425,0.73412,4e-05,0.01263,16.347,89.983,89.983,17.11,0
5.43,0.73412,4e-05,0.01263,16.357,89.983,89.983,17.11,0
5.435,0.73412,4e-05,0.01263,16.368,89.983,89.983,17.11,0
5.44,0.73412,4e-05,0.01263,16.379,89.983,89.983,17.11,0
5.445,0.73412,4e-05,0.01263,16.39,89.983,89.984,17.11,0
5.45,0.73412,4e-05,0.01263,16.402,89.983,89.984,17.11,0
5.455,0.73412,4e-05,0.01263,16.414,89.983,89.984,17.11,0
5.46,0.73412,4e-05,0.01263,16.425,89.983,89.984,17.11,0
5.465,0.73412,4e-05,0.01263,16.437,89.983,89.984,17.11,0
5.47,0.73412,4e-05,0.01263,16.449,89.983,89.984,17.11,0
5.475,0.73412,4e-05,0.01263,16.462,89.983,89.984,17.11,0
5.48,0.73412,4e-05,0.01263,16.474,89.983,89.984,17.11,0
5.485,0.73412,4e-05,0.01263,16.486,89.983,89.984,17.11,0
5.49,0.73412,4e-05,0.01263,16.498,89.983,89.984,17.11,0
5.495,0.73412,4e-05,0.01263,16.51,89.983,89.984,17.11,0
5.5,0.73412,4e-05,0.01263,16.523,89.983,89.984,17.11,0
5.505,0.73412,4e-05,0.01263,16.535,89.983,89.984,17.11,0
5.51,0.73412,4e-05,0.01263,16.548,89.983,89.984,17.11,0
5.515,0.73412,4e-05,0.01263,16.56,89.983,89.984,17.11,0
5.52,0.73412,4e-05,0.01263,16.573,89.983,89.984,17.11,0
5.525,0.73412,4e-05,0.01263,16.585,89.983,89.984,17.11,0
5.53,0.73412,4e-05,0.01263,16.598,89.983,89.984,17.11,0
5.535,0.73412,4e-05,0.01263,16.61,89.983,89.984,17.11,0
5.54,0.73411,4e-05,0.01263,16.623,89.983,89.984,17.11,0
5.545,0.73411,4e-05,0.01263,16.636,89.983,89.984,17.11,0
5.55,0.73411,4e-05,0.01263,16.648,89.983,89.984,17.11,0
5.555,0.73411,4e-05,0.01263,16.661,89.983,89.984,17.11,0
5.56,0.73411,4e-05,0.01263,16.674,89.983,89.984,17.11,0
5.565,0.73411,4e-05,0.01263,16.686,89.983,89.984,17.11,0
5.57,0.73411,4e-05,0.01263,16.699,89.983,89.984,17.11,0
5.575,0.73411,4e-05,0.01263,16.712,89.983,89.984,17.11,0
5.58,0.73411,4e-05,0.01263,16.724,89.983,89.984,17.11,0
5.585,0.73411,4e-05,0.01263,16.737,89.983,89.984,17.11,0
5.59,0.73411,4e-05,0.01263,16.75,89.983,89.984,17.11,0
5.595,0.73411,4e-05,0.01263,16.762,89.983,89.984,17.11,0
5.6,0.73411,4e-05,0.01263,16.775,89.983,89.984,17.11,0
5.605,0.73411,4e-05,0.01263,16.788,89.983,89.984,17.11,0
5.61,0.73411,4e-05,0.01263,16.801,89.983,89.984,17.11,0
5.615,0.73411,4e-05,0.01263,16.814,89.983,89.984,17.11,0
5.62,0.73411,4e-05,0.01263,16.826,89.983,89.984,17.11,0
5.625,0.73411,4e-05,0.01263,16.837,89.983,89.984,17.11,0
5.63,0.73411,4e-05,0.01263,16.849,89.983,89.984,17.11,0
5.635,0.73411,4e-05,0.01263,16.86,89.983,89.984,17.11,0
5.64,0.73411,4e-05,0.01263,16.87,89.983,89.984,17.11,0
5.645,0.73411,4e-05,0.01263,16.88,89.983,89.984,17.11,0
5.65,0.73411,4e-05,0.01263,16.889,89.983,89.984,17.11,0
5.655,0.73411,4e-05,0.01263,16.898,89.983,89.984,17.11,0
5.66,0.73411,4e-05,0.01263,16.906,89.983,89.984,17.11,0
5.665,0.73411,4e-05,0.01263,16.912,89.983,89.984,17.11,0
5.67,0.73411,4e-05,0.01263,16.916,89.983,89.984,17.11,0
5.675,0.73411,4e-05,0.01263,16.917,89.983,89.984,17.11,0
5.68,0.73411,4e-05,0.01263,16.916,89.983,89.984,17.12,0
5.685,0.73411,4e-05,0.01263,16.914,89.983,89.984,17.12,0
5.69,0.73411,4e-05,0.01263,16.91,89.983,89.984,17.12,0
5.695,0.73411,4e-05,0.01263,16.903,89.983,89.984,17.12,0
5.7,0.73411,4e-05,0.01263,16.893,89.983,89.984,17.12,0
5.705,0.73411,4e-05,0.01263,16.882,89.983,89.984,17.12,0
5.71,0.73411,4e-05,0.01263,16.869,89.983,89.984,17.12,0
5.715,0.73411,4e-05,0.01263,16.855,89.983,89.984,17.12,0
5.72,0.73411,4e-05,0.01263,16.839,89.983,89.984,17.12,0
5.725,0.73411,4e-05,0.01263,16.819,89.983,89.984,17.12,0
5.73,0.73411,4e-05,0.01263,16.797,89.983,89.984,17.12,0
5.735,0.73411,4e-05,0.01263,16.772,89.983,89.984,17.12,0
5.74,0.73411,4e-05,0.01263,16.745,89.983,89.984,17.12,0
5.745,0.73411,4e-05,0.01263,16.715,89.983,89.984,17.12,0
5.75,0.73411,4e-05,0.01263,16.683,89.983,89.984,17.12,0
5.755,0.73411,4e-05,0.01263,16.649,89.983,89.984,17.12,0
5.76,0.73411,4e-05,0.01263,16.614,89.983,89.984,17.12,0
5.765,0.73411,4e-05,0.01263,16.578,89.983,89.984,17.12,0
5.77,0.73411,4e-05,0.01263,16.541,89.983,89.984,17.12,0
5.775,0.73411,4e-05,0.01263,16.504,89.983,89.984,17.12,0
5.78,0.73411,4e-05,0.01263,16.466,89.983,89.984,17.12,0
5.785,0.73411,4e-05,0.01263,16.428,89.983,89.984,17.12,0
5.79,0.73411,4e-05,0.01263,16.391,89.983,89.984,17.12,0
5.795,0.73411,4e-05,0.01263,16.353,89.983,89.984,17.12,0
5.8,0.73411,4e-05,0.01263,16.317,89.983,89.984,17.12,0
5.805,0.73411,4e-05,0.01263,16.28,89.983,89.984,17.12,0
5.81,0.73411,4e-05,0.01263,16.244,89.983,89.984,17.12,0
5.815,0.73411,4e-05,0.01263,16.209,89.983,89.984,17.12,0
5.82,0.73411,4e-05,0.01263,16.174,89.983,89.984,17.12,0
5.825,0.73411,4e-05,0.01263,16.14,89.983,89.984,17.12,0
5.83,0.73411,4e-05,0.01263,16.106,89.983,89.984,17.12,0
5.835,0.73411,4e-05,0.01263,16.073,89.983,89.984,17.12,0
5.84,0.73411,4e-05,0.01263,16.041,89.983,89.984,17.12,0
5.845,0.73411,4e-05,0.01263,16.009,89.984,89.984,17.12,0
5.85,0.73411,4e-05,0.01263,15.978,89.984,89.984,17.12,0
5.855,0.73411,4e-05,0.01263,15.947,89.984,89.984,17.12,0
5.86,0.73411,4e-05,0.01263,15.916,89.984,89.984,17.12,0
5.865,0.73411,4e-05,0.01263,15.886,89.984,89.984,17.12,0
5.87,0.73411,4e-05,0.01263,15.856,89.984,89.984,17.12,0
5.875,0.73411,4e-05,0.01263,15.827,89.984,89.984,17.12,0
5.88,0.73411,4e-05,0.01263,15.799,89.984,89.984,17.12,0
5.885,0.73411,4e-05,0.01263,15.771,89.984,89.984,17.12,0
5.89,0.73411,4e-05,0.01263,15.744,89.984,89.984,17.12,0
5.895,0.73411,4e-05,0.01263,15.718,89.984,89.984,17.12,0
5.9,0.7341,4e-05,0.01263,15.693,89.984,89.984,17.12,0
5.905,0.7341,4e-05,0.01263,15.669,89.984,89.984,17.12,0
5.91,0.7341,4e-05,0.01263,15.646,89.984,89.984,17.12,0
5.915,0.7341,4e-05,0.01263,15.624,89.984,89.984,17.12,0
5.92,0.7341,4e-05,0.01263,15.601,89.984,89.984,17.12,0
5.925,0.7341,4e-05,0.01263,15.58,89.984,89.984,17.12,0
5.93,0.7341,4e-05,0.01263,15.559,89.984,89.984,17.12,0
5.935,0.7341,4e-05,0.01263,15.538,89.984,89.984,17.12,0
5.94,0.7341,4e-05,0.01263,15.517,89.984,89.984,17.12,0
5.945,0.7341,4e-05,0.01263,15.497,89.984,89.984,17.12,0
5.95,0.7341,4e-05,0.01263,15.477,89.984,89.984,17.12,0
5.955,0.7341,4e-05,0.01263,15.457,89.984,89.984,17.12,0
5.96,0.7341,4e-05,0.01263,15.438,89.984,89.984,17.12,0
5.965,0.7341,4e-05,0.01263,15.419,89.984,89.984,17.12,0
5.97,0.7341,4e-05,0.01263,15.402,89.984,89.984,17.12,0
5.975,0.7341,4e-05,0.01263,15.384,89.984,89.984,17.12,0
5.98,0.7341,4e-05,0.01263,15.368,89.984,89.984,17.12,0
5.985,0.7341,4e-05,0.01263,15.352,89.984,89.984,17.12,0
5.99,0.7341,4e-05,0.01263,15.336,89.984,89.984,17.12,0
5.995,0.7341,4e-05,0.01263,15.322,89.984,89.984,17.12,0
6.0,0.7341,4e-05,0.01263,15.309,89.984,89.984,17.12,0
6.005,0.7341,4e-05,0.01263,15.298,89.984,89.984,17.12,0
6.01,0.7341,4e-05,0.01263,15.289,89.984,89.984,17.12,0
6.015,0.7341,4e-05,0.01263,15.281,89.984,89.984,17.12,0
6.02,0.7341,4e-05,0.01263,15.274,89.984,89.984,17.12,0
6.025,0.7341,4e-05,0.01263,15.269,89.984,89.984,17.12,0
6.03,0.7341,4e-05,0.01263,15.265,89.984,89.984,17.12,0
6.035,0.7341,4e-05,0.01263,15.261,89.984,89.984,17.12,0
6.04,0.7341,4e-05,0.01263,15.258,89.984,89.984,17.12,0
6.045,0.7341,4e-05,0.01263,15.255,89.984,89.984,17.12,0
6.05,0.7341,4e-05,0.01263,15.254,89.984,89.984,17.12,0
6.055,0.7341,4e-05,0.01263,15.252,89.984,89.984,17.12,0
6.06,0.7341,4e-05,0.01263,15.252,89.984,89.984,17.12,0
6.065,0.7341,4e-05,0.01263,15.251,89.984,89.984,17.12,0
6.07,0.7341,4e-05,0.01263,15.251,89.984,89.984,17.12,0
6.075,0.7341,4e-05,0.01263,15.252,89.984,89.984,17.12,0
6.08,0.7341,4e-05,0.01263,15.254,89.984,89.984,17.12,0
6.085,0.7341,4e-05,0.01263,15.258,89.984,89.984,17.12,0
6.09,0.7341,4e-05,0.01263,15.266,89.984,89.984,17.12,0
6.095,0.7341,4e-05,0.01263,15.276,89.984,89.984,17.12,0
6.1,0.7341,4e-05,0.01263,15.289,89.984,89.984,17.12,0
6.105,0.7341,4e-05,0.01263,15.303,89.984,89.984,17.12,0
6.11,0.7341,4e-05,0.01263,15.318,89.984,89.984,17.12,0
6.115,0.7341,4e-05,0.01263,15.334,89.984,89.984,17.12,0
6.12,0.7341,4e-05,0.01263,15.351,89.984,89.984,17.12,0
6.125,0.7341,4e-05,0.01263,15.368,89.984,89.985,17.12,0
6.13,0.7341,4e-05,0.01263,15.385,89.984,89.985,17.12,0
6.135,0.7341,4e-05,0.01262,15.4,89.984,89.985,17.12,0
6.14,0.7341,4e-05,0.01262,15.415,89.984,89.985,17.12,0
6.145,0.7341,4e-05,0.01262,15.429,89.984,89.985,17.12,0
6.15,0.7341,4e-05,0.01262,15.442,89.984,89.985,17.12,0
6.155,0.7341,4e-05,0.01262,15.454,89.984,89.985,17.12,0
6.16,0.7341,4e-05,0.01262,15.465,89.984,89.985,17.12,0
6.165,0.7341,4e-05,0.01262,15.476,89.984,89.985,17.12,0
6.17,0.7341,4e-05,0.01262,15.486,89.984,89.985,17.12,0
6.175,0.7341,4e-05,0.01262,15.496,89.984,89.985,17.12,0
6.18,0.7341,4e-05,0.01262,15.506,89.984,89.985,17.12,0
6.185,0.7341,4e-05,0.01262,15.515,89.984,89.985,17.12,0
6.19,0.7341,4e-05,0.01262,15.525,89.984,89.985,17.12,0
6.195,0.7341,4e-05,0.01262,15.534,89.984,89.985,17.12,0
6.2,0.7341,4e-05,0.01262,15.543,89.984,89.985,17.12,0
6.205,0.7341,4e-05,0.01262,15.553,89.984,89.985,17.12,0
6.21,0.7341,4e-05,0.01262,15.562,89.984,89.985,17.12,0
6.215,0.7341,4e-05,0.01262,15.571,89.984,89.985,17.12,0
6.22,0.7341,4e-05,0.01262,15.581,89.984,89.985,17.12,0
6.225,0.7341,4e-05,0.01262,15.591,89.984,89.985,17.12,0
6.23,0.7341,4e-05,0.01262,15.6,89.984,89.985,17.12,0
6.235,0.7341,4e-05,0.01262,15.61,89.984,89.985,17.12,0
6.24,0.7341,4e-05,0.01262,15.62,89.984,89.985,17.12,0
6.245,0.7341,4e-05,0.01262,15.629,89.984,89.985,17.12,0
6.25,0.7341,4e-05,0.01262,15.638,89.984,89.985,17.12,0
6.255,0.7341,4e-05,0.01262,15.647,89.984,89.985,17.12,0
6.26,0.7341,4e-05,0.01262,15.657,89.984,89.985,17.12,0
6.265,0.73409,4e-05,0.01262,15.668,89.984,89.985,17.12,0
6.27,0.73409,4e-05,0.01262,15.678,89.984,89.985,17.12,0
6.275,0.73409,4e-05,0.01262,15.688,89.984,89.985,17.12,0
6.28,0.73409,4e-05,0.01262,15.698,89.984,89.985,17.12,0
6.285,0.73409,4e-05,0.01262,15.708,89.984,89.985,17.12,0
6.29,0.73409,4e-05,0.01262,15.718,89.984,89.985,17.12,0
6.295,0.73409,4e-05,0.01262,15.728,89.984,89.985,17.12,0
6.3,0.73409,4e-05,0.01262,15.739,89.984,89.985,17.12,0
6.305,0.73409,4e-05,0.01262,15.749,89.984,89.985,17.12,0
6.31,0.73409,4e-05,0.01262,15.759,89.984,89.985,17.12,0
6.315,0.73409,4e-05,0.01262,15.769,89.984,89.985,17.12,0
6.32,0.73409,4e-05,0.01262,15.778,89.984,89.985,17.12,0
6.325,0.73409,4e-05,0.01262,15.787,89.984,89.985,17.12,0
6.33,0.73409,4e-05,0.01262,15.796,89.984,89.985,17.12,0
6.335,0.73409,4e-05,0.01262,15.804,89.984,89.985,17.12,0
6.34,0.73409,4e-05,0.01262,15.81,89.984,89.985,17.12,0
6.345,0.73409,4e-05,0.01262,15.815,89.984,89.985,17.12,0
6.35,0.73409,4e-05,0.01262,15.821,89.984,89.985,17.12,0
6.355,0.73409,4e-05,0.01262,15.827,89.984,89.985,17.12,0
6.36,0.73409,4e-05,0.01262,15.833,89.984,89.985,17.12,0
6.365,0.73409,4e-05,0.01262,15.841,89.984,89.985,17.12,0
6.37,0.73409,4e-05,0.01262,15.848,89.984,89.985,17.12,0
6.375,0.73409,4e-05,0.01262,15.856,89.984,89.985,17.12,0
6.38,0.73409,4e-05,0.01262,15.863,89.984,89.985,17.12,0
6.385,0.73409,4e-05,0.01262,15.87,89.984,89.985,17.12,0
6.39,0.73409,4e-05,0.01262,15.876,89.984,89.985,17.12,0
6.395,0.73409,4e-05,0.01262,15.884,89.984,89.985,17.12,0
6.4,0.73409,4e-05,0.01262,15.892,89.984,89.985,17.12,0
6.405,0.73409,4e-05,0.01262,15.902,89.984,89.985,17.12,0
6.41,0.73409,4e-05,0.01262,15.911,89.984,89.985,17.12,0
6.415,0.73409,4e-05,0.01262,15.92,89.984,89.985,17.12,0
6.42,0.73409,4e-05,0.01262,15.928,89.984,89.985,17.12,0
6.425,0.73409,4e-05,0.01262,15.935,89.984,89.985,17.12,0
6.43,0.73409,4e-05,0.01262,15.942,89.984,89.985,17.12,0
6.435,0.73409,4e-05,0.01262,15.948,89.984,89.985,17.12,0
6.44,0.73409,4e-05,0.01262,15.955,89.984,89.985,17.12,0
6.445,0.73409,4e-05,0.01262,15.961,89.984,89.985,17.12,0
6.45,0.73409,4e-05,0.01262,15.966,89.984,89.985,17.12,0
6.455,0.73409,4e-05,0.01262,15.972,89.984,89.985,17.12,0
6.46,0.73409,4e-05,0.01262,15.977,89.984,89.985,17.12,0
6.465,0.73409,4e-05,0.01262,15.983,89.984,89.985,17.12,0
6.47,0.73409,4e-05,0.01262,15.988,89.984,89.985,17.12,0
6.475,0.73409,4e-05,0.01262,15.993,89.984,89.985,17.12,0
6.48,0.73409,4e-05,0.01262,15.998,89.984,89.985,17.12,0
6.485,0.73409,4e-05,0.01262,16.002,89.984,89.985,17.12,0
6.49,0.73409,4e-05,0.01262,16.005,89.984,89.985,17.12,0
6.495,0.73409,4e-05,0.01262,16.009,89.984,89.985,17.12,0
6.5,0.73409,4e-05,0.01262,16.014,89.984,89.985,17.12,0
6.505,0.73409,4e-05,0.01262,16.02,89.984,89.985,17.12,0
6.51,0.73409,4e-05,0.01262,16.026,89.984,89.985,17.12,0
6.515,0.73409,4e-05,0.01262,16.034,89.984,89.985,17.12,0
6.52,0.73409,4e-05,0.01262,16.041,89.984,89.985,17.12,0
6.525,0.73409,4e-05,0.01262,16.051,89.984,89.985,17.12,0
6.53,0.73409,4e-05,0.01262,16.062,89.984,89.985,17.12,0
6.535,0.73409,4e-05,0.01262,16.077,89.984,89.985,17.12,0
6.54,0.73409,4e-05,0.01262,16.093,89.984,89.985,17.12,0
6.545,0.73409,4e-05,0.01262,16.113,89.984,89.985,17.12,0
6.55,0.73409,4e-05,0.01262,16.134,89.984,89.985,17.12,0
6.555,0.73409,4e-05,0.01262,16.159,89.984,89.985,17.12,0
6.56,0.73409,4e-05,0.01262,16.185,89.984,89.985,17.12,0
6.565,0.73409,4e-05,0.01262,16.214,89.984,89.985,17.12,0
6.57,0.73409,4e-05,0.01262,16.245,89.984,89.985,17.12,0
6.575,0.73409,4e-05,0.01262,16.279,89.984,89.985,17.12,0
6.58,0.73409,4e-05,0.01262,16.315,89.984,89.985,17.12,0
6.585,0.73409,4e-05,0.01262,16.353,89.984,89.985,17.12,0
6.59,0.73409,4e-05,0.01262,16.397,89.984,89.985,17.12,0
6.595,0.73409,4e-05,0.01262,16.441,89.984,89.985,17.12,0
6.6,0.73409,4e-05,0.01262,16.487,89.984,89.985,17.12,0
6.605,0.73409,4e-05,0.01262,16.534,89.984,89.985,17.12,0
6.61,0.73409,4e-05,0.01262,16.584,89.984,89.985,17.12,0
6.615,0.73409,4e-05,0.01262,16.636,89.984,89.985,17.12,0
6.62,0.73409,4e-05,0.01262,16.688,89.984,89.985,17.12,0
6.625,0.73409,4e-05,0.01262,16.741,89.984,89.985,17.12,0
6.63,0.73409,4e-05,0.01262,16.796,89.984,89.985,17.12,0
6.635,0.73409,4e-05,0.01262,16.854,89.984,89.985,17.12,0
6.64,0.73409,4e-05,0.01262,16.912,89.984,89.985,17.12,0
6.645,0.73409,4e-05,0.01262,16.971,89.984,89.985,17.12,0
6.65,0.73409,4e-05,0.01262,17.03,89.984,89.985,17.12,0
6.655,0.73409,4e-05,0.01262,17.091,89.984,89.985,17.12,0
6.66,0.73409,4e-05,0.01262,17.153,89.984,89.985,17.12,0
6.665,0.73409,4e-05,0.01262,17.217,89.984,89.985,17.12,0
6.67,0.73409,4e-05,0.01262,17.283,89.984,89.985,17.12,0
6.675,0.73409,4e-05,0.01262,17.345,89.984,89.985,17.12,0
6.68,0.73409,4e-05,0.01262,17.409,89.984,89.985,17.12,0
6.685,0.73409,4e-05,0.01262,17.473,89.984,89.985,17.12,0
6.69,0.73409,4e-05,0.01262,17.538,89.984,89.985,17.12,0
6.695,0.73409,4e-05,0.01262,17.6,89.984,89.985,17.12,0
6.7,0.73409,4e-05,0.01262,17.663,89.984,89.985,17.12,0
6.705,0.73409,4e-05,0.01262,17.726,89.984,89.985,17.12,0
6.71,0.73409,4e-05,0.01262,17.79,89.984,89.985,17.12,0
6.715,0.73409,4e-05,0.01262,17.85,89.984,89.985,17.12,0
6.72,0.73409,4e-05,0.01262,17.912,89.984,89.985,17.12,0
6.725,0.73409,4e-05,0.01262,17.974,89.984,89.985,17.12,0
6.73,0.73409,4e-05,0.01262,18.036,89.984,89.985,17.12,0
6.735,0.73409,4e-05,0.01262,18.096,89.984,89.985,17.12,0
6.74,0.73409,4e-05,0.01262,18.152,89.984,89.985,17.12,0
6.745,0.73409,4e-05,0.01262,18.21,89.984,89.985,17.13,0
6.75,0.73409,4e-05,0.01262,18.267,89.984,89.985,17.13,0
6.755,0.73409,4e-05,0.01262,18.326,89.984,89.985,17.13,0
6.76,0.73409,4e-05,0.01262,18.385,89.984,89.985,17.13,0
6.765,0.73409,4e-05,0.01262,18.442,89.984,89.985,17.13,0
6.77,0.73409,4e-05,0.01262,18.496,89.984,89.985,17.13,0
6.775,0.73409,4e-05,0.01262,18.551,89.984,89.985,17.13,0
6.78,0.73409,4e-05,0.01262,18.607,89.984,89.985,17.13,0
6.785,0.73409,4e-05,0.01262,18.663,89.984,89.985,17.13,0
6.79,0.73409,4e-05,0.01262,18.717,89.984,89.985,17.13,0
6.795,0.73409,4e-05,0.01262,18.773,89.984,89.985,17.13,0
6.8,0.73409,4e-05,0.01262,18.829,89.984,89.985,17.13,0
6.805,0.73409,4e-05,0.01262,18.883,89.984,89.985,17.13,0
6.81,0.73409,4e-05,0.01262,18.935,89.984,89.985,17.13,0
6.815,0.73409,4e-05,0.01262,18.987,89.984,89.985,17.13,0
6.82,0.73409,4e-05,0.01262,19.041,89.984,89.985,17.13,0
6.825,0.73409,4e-05,0.01262,19.095,89.984,89.985,17.13,0
6.83,0.73409,4e-05,0.01262,19.147,89.984,89.985,17.13,0
6.835,0.73409,4e-05,0.01262,19.197,89.984,89.985,17.13,0
6.84,0.73409,4e-05,0.01262,19.248,89.984,89.985,17.13,0
6.845,0.73409,4e-05,0.01262,19.3,89.984,89.985,17.13,0
6.85,0.73409,4e-05,0.01262,19.353,89.984,89.985,17.13,0
6.855,0.73409,4e-05,0.01262,19.404,89.984,89.985,17.13,0
6.86,0.73409,4e-05,0.01262,19.453,89.984,89.985,17.13,0
6.865,0.73409,4e-05,0.01262,19.504,89.984,89.985,17.13,0
6.87,0.73409,4e-05,0.01262,19.555,89.984,89.985,17.13,0
6.875,0.73409,4e-05,0.01262,19.608,89.984,89.985,17.13,0
6.88,0.73409,4e-05,0.01262,19.658,89.984,89.985,17.13,0
6.885,0.73409,4e-05,0.01262,19.706,89.984,89.985,17.13,0
6.89,0.73409,4e-05,0.01262,19.756,89.984,89.985,17.13,0
6.895,0.73409,4e-05,0.01262,19.807,89.984,89.985,17.13,0
6.9,0.73409,4e-05,0.01262,19.856,89.984,89.985,17.13,0
6.905,0.73408,4e-05,0.01262,19.906,89.984,89.985,17.13,0
6.91,0.73408,4e-05,0.01262,19.954,89.984,89.985,17.13,0
6.915,0.73408,4e-05,0.01262,20.003,89.984,89.985,17.13,0
6.92,0.73408,4e-05,0.01262,20.054,89.984,89.985,17.13,0
6.925,0.73408,4e-05,0.01262,20.102,89.984,89.985,17.13,0
6.93,0.73408,4e-05,0.01262,20.148,89.984,89.985,17.13,0
6.935,0.73408,4e-05,0.01262,20.196,89.984,89.985,17.13,0
6.94,0.73408,4e-05,0.01262,20.245,89.984,89.985,17.13,0
6.945,0.73408,4e-05,0.01262,20.296,89.984,89.985,17.13,0
6.95,0.73408,4e-05,0.01262,20.344,89.984,89.985,17.13,0
6.955,0.73408,4e-05,0.01262,20.391,89.984,89.985,17.13,0
6.96,0.73408,4e-05,0.01262,20.435,89.984,89.985,17.13,0
6.965,0.73408,4e-05,0.01262,20.481,89.984,89.985,17.13,0
6.97,0.73408,4e-05,0.01262,20.528,89.984,89.985,17.13,0
6.975,0.73408,4e-05,0.01262,20.576,89.984,89.985,17.13,0
6.98,0.73408,4e-05,0.01262,20.622,89.984,89.985,17.13,0
6.985,0.73408,4e-05,0.01262,20.667,89.984,89.985,17.13,0
6.99,0.73408,4e-05,0.01262,20.713,89.984,89.985,17.13,0
6.995,0.73408,4e-05,0.01262,20.761,89.984,89.985,17.13,0
7.0,0.73408,4e-05,0.01262,20.807,89.984,89.985,17.13,0
7.005,0.73408,4e-05,0.01262,20.85,89.984,89.985,17.13,0
7.01,0.73408,4e-05,0.01262,20.896,89.984,89.985,17.13,0
7.015,0.73408,4e-05,0.01262,20.943,89.984,89.985,17.13,0
7.02,0.73408,4e-05,0.01262,20.991,89.984,89.985,17.13,0
7.025,0.73408,4e-05,0.01262,21.037,89.984,89.985,17.13,0
7.03,0.73408,4e-05,0.01262,21.082,89.984,89.985,17.13,0
7.035,0.73408,4e-05,0.01262,21.125,89.984,89.985,17.13,0
7.04,0.73408,4e-05,0.01262,21.169,89.984,89.985,17.13,0
7.045,0.73408,4e-05,0.01262,21.215,89.984,89.985,17.13,0
7.05,0.73408,4e-05,0.01262,21.262,89.984,89.985,17.13,0
7.055,0.73408,4e-05,0.01262,21.307,89.984,89.985,17.13,0
7.06,0.73408,4e-05,0.01262,21.351,89.984,89.985,17.13,0
7.065,0.73408,4e-05,0.01262,21.396,89.984,89.985,17.13,0
7.07,0.73408,4e-05,0.01262,21.443,89.984,89.985,17.13,0
7.075,0.73408,4e-05,0.01262,21.487,89.984,89.985,17.13,0
7.08,0.73408,4e-05,0.01262,21.53,89.984,89.985,17.13,0
7.085,0.73408,4e-05,0.01262,21.575,89.984,89.985,17.13,0
7.09,0.73408,4e-05,0.01262,21.621,89.984,89.985,17.13,0
7.095,0.73408,4e-05,0.01262,21.669,89.984,89.985,17.13,0
7.1,0.73408,4e-05,0.01262,21.714,89.984,89.985,17.13,0
7.105,0.73408,4e-05,0.01262,21.758,89.984,89.985,17.13,0
7.11,0.73408,4e-05,0.01262,21.8,89.984,89.985,17.13,0
7.115,0.73408,4e-05,0.01262,21.844,89.984,89.985,17.13,0
7.12,0.73408,4e-05,0.01262,21.889,89.984,89.985,17.13,0
7.125,0.73408,4e-05,0.01262,21.935,89.984,89.985,17.13,0
7.13,0.73408,4e-05,0.01262,21.98,89.984,89.985,17.13,0
7.135,0.73408,4e-05,0.01262,22.022,89.984,89.985,17.13,0
7.14,0.73408,4e-05,0.01262,22.067,89.984,89.985,17.13,0
7.145,0.73408,4e-05,0.01262,22.113,89.984,89.985,17.13,0
7.15,0.73408,4e-05,0.01262,22.157,89.984,89.985,17.13,0
7.155,0.73408,4e-05,0.01262,22.2,89.984,89.985,17.13,0
7.16,0.73408,4e-05,0.01262,22.243,89.984,89.985,17.13,0
7.165,0.73408,4e-05,0.01262,22.289,89.984,89.985,17.13,0
7.17,0.73408,4e-05,0.01262,22.336,89.984,89.985,17.13,0
7.175,0.73408,4e-05,0.01262,22.381,89.984,89.985,17.13,0
7.18,0.73408,4e-05,0.01262,22.424,89.984,89.985,17.13,0
7.185,0.73408,4e-05,0.01262,22.469,89.984,89.985,17.13,0
7.19,0.73408,4e-05,0.01262,22.516,89.984,89.985,17.13,0
7.195,0.73408,4e-05,0.01262,22.56,89.984,89.985,17.13,0
7.2,0.73408,4e-05,0.01262,22.602,89.984,89.985,17.13,0
7.205,0.73408,4e-05,0.01262,22.647,89.984,89.985,17.13,0
7.21,0.73408,4e-05,0.01262,22.692,89.984,89.985,17.13,0
7.215,0.73408,4e-05,0.01262,22.739,89.984,89.985,17.13,0
7.22,0.73408,4e-05,0.01262,22.784,89.984,89.985,17.13,0
7.225,0.73408,4e-05,0.01262,22.827,89.984,89.985,17.13,0
7.23,0.73408,4e-05,0.01262,22.872,89.984,89.985,17.13,0
7.235,0.73408,4e-05,0.01262,22.919,89.984,89.985,17.13,0
7.24,0.73408,4e-05,0.01262,22.966,89.984,89.985,17.13,0
7.245,0.73408,4e-05,0.01262,23.012,89.984,89.985,17.13,0
7.25,0.73408,4e-05,0.01262,23.056,89.984,89.985,17.13,0
7.255,0.73408,4e-05,0.01262,23.102,89.984,89.986,17.13,0
7.26,0.73408,4e-05,0.01262,23.149,89.984,89.986,17.13,0
7.265,0.73408,4e-05,0.01262,23.197,89.984,89.986,17.13,0
7.27,0.73408,4e-05,0.01262,23.243,89.984,89.986,17.13,0
7.275,0.73408,4e-05,0.01262,23.287,89.984,89.986,17.13,0
7.28,0.73408,4e-05,0.01262,23.333,89.984,89.986,17.13,0
7.285,0.73408,4e-05,0.01262,23.38,89.984,89.986,17.13,0
7.29,0.73408,4e-05,0.01262,23.428,89.984,89.986,17.13,0
7.295,0.73408,4e-05,0.01262,23.474,89.984,89.986,17.13,0
7.3,0.73408,4e-05,0.01262,23.518,89.984,89.986,17.13,0
7.305,0.73408,4e-05,0.01262,23.564,89.984,89.986,17.13,0
7.31,0.73408,4e-05,0.01262,23.611,89.984,89.986,17.13,0
7.315,0.73408,4e-05,0.01262,23.659,89.984,89.986,17.13,0
7.32,0.73408,4e-05,0.01262,23.705,89.984,89.986,17.13,0
7.325,0.73408,4e-05,0.01262,23.749,89.984,89.986,17.13,0
7.33,0.73408,4e-05,0.01262,23.795,89.984,89.986,17.13,0
7.335,0.73408,4e-05,0.01262,23.842,89.984,89.986,17.13,0
7.34,0.73408,4e-05,0.01262,23.89,89.984,89.986,17.13,0
7.345,0.73408,4e-05,0.01262,23.935,89.984,89.986,17.13,0
7.35,0.73408,4e-05,0.01262,23.979,89.984,89.986,17.13,0
7.355,0.73408,4e-05,0.01262,24.025,89.984,89.986,17.13,0
7.36,0.73408,4e-05,0.01262,24.071,89.984,89.986,17.13,0
7.365,0.73408,4e-05,0.01262,24.119,89.984,89.986,17.13,0
7.37,0.73408,4e-05,0.01262,24.165,89.984,89.986,17.13,0
7.375,0.73408,4e-05,0.01262,24.208,89.984,89.986,17.13,0
7.38,0.73408,4e-05,0.01262,24.254,89.984,89.986,17.13,0
7.385,0.73408,4e-05,0.01262,24.3,89.984,89.986,17.13,0
7.39,0.73408,4e-05,0.01262,24.348,89.984,89.986,17.13,0
7.395,0.73408,4e-05,0.01262,24.393,89.984,89.986,17.13,0
7.4,0.73408,4e-05,0.01262,24.44,89.984,89.986,17.13,0
7.405,0.73408,4e-05,0.01262,24.485,89.984,89.986,17.13,0
7.41,0.73408,4e-05,0.01262,24.531,89.984,89.986,17.13,0
7.415,0.73408,4e-05,0.01262,24.579,89.984,89.986,17.13,0
7.42,0.73408,4e-05,0.01262,24.628,89.984,89.986,17.13,0
7.425,0.73408,4e-05,0.01262,24.674,89.984,89.986,17.13,0
7.43,0.73408,4e-05,0.01262,24.719,89.984,89.986,17.13,0
7.435,0.73408,4e-05,0.01262,24.765,89.984,89.986,17.13,0
7.44,0.73408,4e-05,0.01262,24.812,89.984,89.986,17.13,0
7.445,0.73408,4e-05,0.01262,24.86,89.984,89.986,17.13,0
7.45,0.73408,4e-05,0.01262,24.91,89.984,89.986,17.13,0
7.455,0.73408,4e-05,0.01262,24.957,89.984,89.986,17.13,0
7.46,0.73408,4e-05,0.01262,25.002,89.984,89.986,17.13,0
7.465,0.73408,4e-05,0.01262,25.048,89.984,89.986,17.13,0
7.47,0.73408,4e-05,0.01262,25.096,89.984,89.986,17.13,0
7.475,0.73408,4e-05,0.01262,25.145,89.984,89.986,17.13,0
7.48,0.73408,4e-05,0.01262,25.195,89.984,89.986,17.13,0
7.485,0.73408,4e-05,0.01262,25.242,89.984,89.986,17.13,0
7.49,0.73408,4e-05,0.01262,25.287,89.984,89.986,17.13,0
7.495,0.73408,4e-05,0.01262,25.334,89.984,89.986,17.13,0
7.5,0.73408,4e-05,0.01262,25.382,89.984,89.986,17.13,0
7.505,0.73408,4e-05,0.01262,25.431,89.984,89.986,17.13,0
7.51,0.73408,4e-05,0.01262,25.481,89.984,89.986,17.13,0
7.515,0.73408,4e-05,0.01262,25.528,89.984,89.986,17.13,0
7.52,0.73408,4e-05,0.01262,25.573,89.984,89.986,17.13,0
7.525,0.73408,4e-05,0.01262,25.62,89.984,89.986,17.13,0
7.53,0.73408,4e-05,0.01262,25.668,89.984,89.986,17.13,0
7.535,0.73408,4e-05,0.01262,25.717,89.984,89.986,17.13,0
7.54,0.73408,4e-05,0.01262,25.766,89.984,89.986,17.13,0
7.545,0.73408,4e-05,0.01262,25.814,89.984,89.986,17.13,0
7.55,0.73408,4e-05,0.01262,25.859,89.984,89.986,17.13,0
7.555,0.73408,4e-05,0.01262,25.905,89.984,89.986,17.13,0
7.56,0.73408,4e-05,0.01262,25.953,89.984,89.986,17.13,0
7.565,0.73408,4e-05,0.01262,26.001,89.984,89.986,17.13,0
7.57,0.73408,4e-05,0.01262,26.051,89.984,89.986,17.13,0
7.575,0.73408,4e-05,0.01262,26.098,89.984,89.986,17.13,0
7.58,0.73407,4e-05,0.01262,26.146,89.984,89.986,17.13,0
7.585,0.73407,4e-05,0.01262,26.196,89.984,89.986,17.13,0
7.59,0.73407,4e-05,0.01262,26.243,89.984,89.986,17.13,0
7.595,0.73407,4e-05,0.01262,26.291,89.984,89.986,17.13,0
7.6,0.73407,4e-05,0.01262,26.34,89.984,89.986,17.13,0
7.605,0.73407,4e-05,0.01262,26.391,89.984,89.986,17.13,0
7.61,0.73407,4e-05,0.01262,26.438,89.984,89.986,17.13,0
7.615,0.73407,4e-05,0.01262,26.487,89.984,89.986,17.13,0
7.62,0.73407,4e-05,0.01262,26.537,89.984,89.986,17.13,0
7.625,0.73407,4e-05,0.01262,26.588,89.984,89.986,17.13,0
7.63,0.73407,4e-05,0.01262,26.636,89.984,89.986,17.13,0
7.635,0.73407,4e-05,0.01262,26.685,89.984,89.986,17.13,0
7.64,0.73407,4e-05,0.01262,26.736,89.984,89.986,17.13,0
7.645,0.73407,4e-05,0.01262,26.787,89.984,89.986,17.13,0
7.65,0.73407,4e-05,0.01262,26.835,89.984,89.986,17.13,0
7.655,0.73407,4e-05,0.01262,26.885,89.984,89.986,17.13,0
7.66,0.73407,4e-05,0.01262,26.935,89.984,89.986,17.13,0
7.665,0.73407,4e-05,0.01262,26.986,89.984,89.986,17.13,0
7.67,0.73407,4e-05,0.01262,27.034,89.984,89.986,17.13,0
7.675,0.73407,4e-05,0.01262,27.084,89.984,89.986,17.13,0
7.68,0.73407,4e-05,0.01262,27.134,89.984,89.986,17.13,0
7.685,0.73407,4e-05,0.01262,27.186,89.984,89.986,17.13,0
7.69,0.73407,4e-05,0.01262,27.234,89.984,89.986,17.13,0
7.695,0.73407,4e-05,0.01262,27.283,89.984,89.986,17.13,0
7.7,0.73407,4e-05,0.01262,27.333,89.984,89.986,17.13,0
7.705,0.73407,4e-05,0.01262,27.385,89.984,89.986,17.13,0
7.71,0.73407,4e-05,0.01262,27.436,89.984,89.986,17.13,0
7.715,0.73407,4e-05,0.01262,27.485,89.984,89.986,17.13,0
7.72,0.73407,4e-05,0.01262,27.535,89.984,89.986,17.13,0
7.725,0.73407,4e-05,0.01262,27.586,89.984,89.986,17.13,0
7.73,0.73407,4e-05,0.01262,27.638,89.984,89.986,17.13,0
7.735,0.73407,4e-05,0.01262,27.686,89.984,89.986,17.13,0
7.74,0.73407,4e-05,0.01262,27.736,89.984,89.986,17.13,0
7.745,0.73407,4e-05,0.01262,27.787,89.984,89.986,17.13,0
7.75,0.73407,4e-05,0.01262,27.838,89.984,89.986,17.13,0
7.755,0.73407,4e-05,0.01262,27.89,89.984,89.986,17.13,0
7.76,0.73407,4e-05,0.01262,27.939,89.984,89.986,17.13,0
7.765,0.73407,4e-05,0.01262,27.989,89.984,89.986,17.13,0
7.77,0.73407,4e-05,0.01262,28.039,89.984,89.986,17.13,0
7.775,0.73407,4e-05,0.01262,28.091,89.984,89.986,17.13,0
7.78,0.73407,4e-05,0.01262,28.143,89.984,89.986,17.13,0
7.785,0.73407,4e-05,0.01262,28.192,89.984,89.986,17.13,0
7.79,0.73407,4e-05,0.01262,28.242,89.984,89.986,17.13,0
7.795,0.73407,4e-05,0.01262,28.293,89.984,89.986,17.13,0
7.8,0.73407,4e-05,0.01262,28.345,89.984,89.986,17.13,0
7.805,0.73407,4e-05,0.01262,28.397,89.984,89.986,17.13,0
7.81,0.73407,4e-05,0.01262,28.446,89.984,89.986,17.13,0
7.815,0.73407,4e-05,0.01262,28.496,89.984,89.986,17.13,0
7.82,0.73407,4e-05,0.01262,28.547,89.984,89.986,17.13,0
7.825,0.73407,4e-05,0.01262,28.598,89.984,89.986,17.13,0
7.83,0.73407,4e-05,0.01262,28.65,89.984,89.986,17.13,0
7.835,0.73407,4e-05,0.01262,28.702,89.984,89.986,17.13,0
7.84,0.73407,4e-05,0.01262,28.752,89.984,89.986,17.13,0
7.845,0.73407,4e-05,0.01262,28.802,89.984,89.986,17.13,0
7.85,0.73407,4e-05,0.01262,28.853,89.984,89.986,17.13,0
7.855,0.73407,4e-05,0.01262,28.905,89.984,89.986,17.13,0
7.86,0.73407,4e-05,0.01262,28.957,89.984,89.986,17.13,0
7.865,0.73407,4e-05,0.01262,29.01,89.984,89.986,17.13,0
7.87,0.73407,4e-05,0.01262,29.059,89.984,89.986,17.13,0
7.875,0.73407,4e-05,0.01262,29.11,89.984,89.986,17.13,0
7.88,0.73407,4e-05,0.01262,29.161,89.984,89.986,17.13,0
7.885,0.73407,4e-05,0.01262,29.213,89.984,89.986,17.13,0
7.89,0.73407,4e-05,0.01262,29.265,89.984,89.986,17.13,0
7.895,0.73407,4e-05,0.01261,29.317,89.984,89.986,17.13,0
7.9,0.73407,4e-05,0.01261,29.367,89.984,89.986,17.13,0
7.905,0.73407,4e-05,0.01261,29.417,89.984,89.986,17.13,0
7.91,0.73407,4e-05,0.01261,29.468,89.984,89.986,17.13,0
7.915,0.73407,4e-05,0.01261,29.519,89.984,89.986,17.13,0
7.92,0.73407,4e-05,0.01261,29.571,89.984,89.986,17.13,0
7.925,0.73407,4e-05,0.01261,29.623,89.984,89.986,17.13,0
7.93,0.73407,4e-05,0.01261,29.676,89.984,89.986,17.13,0
7.935,0.73407,4e-05,0.01261,29.725,89.984,89.986,17.13,0
7.94,0.73407,4e-05,0.01261,29.775,89.984,89.986,17.13,0
7.945,0.73407,4e-05,0.01261,29.826,89.984,89.986,17.13,0
7.95,0.73407,4e-05,0.01261,29.878,89.984,89.986,17.13,0
7.955,0.73407,4e-05,0.01261,29.929,89.984,89.986,17.13,0
7.96,0.73407,4e-05,0.01261,29.982,89.984,89.986,17.13,0
7.965,0.73407,4e-05,0.01261,30.034,89.984,89.986,17.13,0
7.97,0.73407,4e-05,0.01261,30.087,89.984,89.986,17.13,0
7.975,0.73407,4e-05,0.01261,30.137,89.984,89.986,17.13,0
7.98,0.73407,4e-05,0.01261,30.187,89.984,89.986,17.13,0
7.985,0.73407,4e-05,0.01261,30.238,89.984,89.986,17.13,0
7.99,0.73407,4e-05,0.01261,30.29,89.984,89.986,17.13,0
7.995,0.73407,4e-05,0.01261,30.342,89.984,89.986,17.13,0
8.0,0.73407,4e-05,0.01261,30.394,89.984,89.986,17.13,0
8.005,0.73407,4e-05,0.01261,30.446,89.984,89.986,17.13,0
8.01,0.73407,4e-05,0.01261,30.499,89.984,89.986,17.13,0
8.015,0.73407,4e-05,0.01261,30.552,89.984,89.986,17.13,0
8.02,0.73407,4e-05,0.01261,30.605,89.984,89.986,17.13,0
8.025,0.73407,4e-05,0.01261,30.659,89.984,89.986,17.13,0
8.03,0.73407,4e-05,0.01261,30.71,89.984,89.986,17.13,0
8.035,0.73407,4e-05,0.01261,30.761,89.984,89.986,17.13,0
8.04,0.73407,4e-05,0.01261,30.812,89.984,89.986,17.13,0
8.045,0.73407,4e-05,0.01261,30.864,89.984,89.986,17.13,0
8.05,0.73407,4e-05,0.01261,30.916,89.984,89.986,17.13,0
8.055,0.73407,4e-05,0.01261,30.968,89.984,89.986,17.13,0
8.06,0.73407,4e-05,0.01261,31.02,89.984,89.986,17.13,0
8.065,0.73407,4e-05,0.01261,31.073,89.984,89.986,17.13,0
8.07,0.73407,4e-05,0.01261,31.125,89.984,89.986,17.13,0
8.075,0.73407,4e-05,0.01261,31.179,89.984,89.986,17.13,0
8.08,0.73407,4e-05,0.01261,31.232,89.984,89.986,17.13,0
8.085,0.73407,4e-05,0.01261,31.286,89.984,89.986,17.13,0
8.09,0.73407,4e-05,0.01261,31.339,89.984,89.986,17.13,0
8.095,0.73407,4e-05,0.01261,31.393,89.984,89.986,17.13,0
8.1,0.73407,4e-05,0.01261,31.447,89.984,89.986,17.13,0
8.105,0.73407,4e-05,0.01261,31.502,89.984,89.986,17.13,0
8.11,0.73407,4e-05,0.01261,31.556,89.984,89.986,17.13,0
8.115,0.73407,4e-05,0.01261,31.61,89.984,89.986,17.13,0
8.12,0.73407,4e-05,0.01261,31.665,89.984,89.986,17.13,0
8.125,0.73407,4e-05,0.01261,31.719,89.984,89.986,17.13,0
8.13,0.73407,4e-05,0.01261,31.773,89.984,89.986,17.13,0
8.135,0.73407,4e-05,0.01261,31.828,89.984,89.986,17.13,0
8.14,0.73407,4e-05,0.01261,31.882,89.984,89.986,17.13,0
8.145,0.73407,4e-05,0.01261,31.936,89.984,89.986,17.13,0
8.15,0.73407,4e-05,0.01261,31.99,89.984,89.986,17.13,0
8.155,0.73407,4e-05,0.01261,32.045,89.984,89.986,17.13,0
8.16,0.73407,4e-05,0.01261,32.099,89.984,89.986,17.13,0
8.165,0.73407,4e-05,0.01261,32.153,89.984,89.986,17.13,0
8.17,0.73407,4e-05,0.01261,32.207,89.984,89.986,17.13,0
8.175,0.73407,4e-05,0.01261,32.261,89.984,89.986,17.13,0
8.18,0.73407,4e-05,0.01261,32.315,89.984,89.986,17.13,0
8.185,0.73407,4e-05,0.01261,32.369,89.984,89.986,17.13,0
8.19,0.73407,4e-05,0.01261,32.422,89.984,89.986,17.13,0
8.195,0.73407,4e-05,0.01261,32.476,89.984,89.986,17.13,0
8.2,0.73407,4e-05,0.01261,32.529,89.984,89.986,17.13,0
8.205,0.73407,4e-05,0.01261,32.582,89.984,89.986,17.13,0
8.21,0.73407,4e-05,0.01261,32.635,89.984,89.986,17.13,0
8.215,0.73407,4e-05,0.01261,32.688,89.984,89.986,17.13,0
8.22,0.73407,4e-05,0.01261,32.741,89.984,89.986,17.13,0
8.225,0.73406,4e-05,0.01261,32.794,89.984,89.986,17.13,0
8.23,0.73406,4e-05,0.01261,32.846,89.984,89.986,17.13,0
8.235,0.73406,4e-05,0.01261,32.899,89.984,89.986,17.13,0
8.24,0.73406,4e-05,0.01261,32.952,89.984,89.986,17.13,0
8.245,0.73406,4e-05,0.01261,33.004,89.984,89.986,17.13,0
8.25,0.73406,4e-05,0.01261,33.057,89.984,89.986,17.13,0
8.255,0.73406,4e-05,0.01261,33.109,89.984,89.986,17.13,0
8.26,0.73406,4e-05,0.01261,33.162,89.984,89.986,17.13,0
8.265,0.73406,4e-05,0.01261,33.214,89.984,89.986,17.13,0
8.27,0.73406,4e-05,0.01261,33.266,89.984,89.986,17.13,0
8.275,0.73406,4e-05,0.01261,33.319,89.984,89.986,17.13,0
8.28,0.73406,4e-05,0.01261,33.371,89.984,89.986,17.13,0
8.285,0.73406,4e-05,0.01261,33.423,89.984,89.986,17.13,0
8.29,0.73406,4e-05,0.01261,33.475,89.984,89.986,17.13,0
8.295,0.73406,4e-05,0.01261,33.527,89.984,89.986,17.13,0
8.3,0.73406,4e-05,0.01261,33.579,89.984,89.986,17.13,0
8.305,0.73406,4e-05,0.01261,33.631,89.984,89.986,17.13,0
8.31,0.73406,4e-05,0.01261,33.683,89.984,89.986,17.13,0
8.315,0.73406,4e-05,0.01261,33.735,89.984,89.986,17.13,0
8.32,0.73406,4e-05,0.01261,33.787,89.984,89.986,17.13,0
8.325,0.73406,4e-05,0.01261,33.839,89.984,89.986,17.13,0
8.33,0.73406,4e-05,0.01261,33.891,89.984,89.986,17.13,0
8.335,0.73406,4e-05,0.01261,33.943,89.984,89.986,17.13,0
8.34,0.73406,4e-05,0.01261,33.994,89.984,89.986,17.13,0
8.345,0.73406,4e-05,0.01261,34.046,89.984,89.986,17.13,0
8.35,0.73406,4e-05,0.01261,34.098,89.984,89.986,17.13,0
8.355,0.73406,4e-05,0.01261,34.149,89.984,89.986,17.13,0
8.36,0.73406,4e-05,0.01261,34.201,89.984,89.986,17.13,0
8.365,0.73406,4e-05,0.01261,34.252,89.984,89.986,17.13,0
8.37,0.73406,4e-05,0.01261,34.303,89.984,89.986,17.13,0
8.375,0.73406,4e-05,0.01261,34.355,89.984,89.986,17.13,0
8.38,0.73406,4e-05,0.01261,34.406,89.984,89.986,17.13,0
8.385,0.73406,4e-05,0.01261,34.457,89.984,89.986,17.13,0
8.39,0.73406,4e-05,0.01261,34.508,89.984,89.986,17.13,0
8.395,0.73406,4e-05,0.01261,34.559,89.984,89.986,17.13,0
8.4,0.73406,4e-05,0.01261,34.609,89.984,89.986,17.13,0
8.405,0.73406,4e-05,0.01261,34.66,89.984,89.986,17.13,0
8.41,0.73406,4e-05,0.01261,34.71,89.984,89.986,17.13,0
8.415,0.73406,4e-05,0.01261,34.76,89.984,89.986,17.13,0
8.42,0.73406,4e-05,0.01261,34.81,89.984,89.986,17.13,0
8.425,0.73406,4e-05,0.01261,34.86,89.984,89.986,17.13,0
8.43,0.73406,4e-05,0.01261,34.91,89.984,89.986,17.13,0
8.435,0.73406,4e-05,0.01261,34.96,89.984,89.986,17.13,0
8.44,0.73406,4e-05,0.01261,35.009,89.983,89.986,17.13,0
8.445,0.73406,4e-05,0.01261,35.059,89.983,89.986,17.13,0
8.45,0.73406,4e-05,0.01261,35.108,89.983,89.986,17.13,0
8.455,0.73406,4e-05,0.01261,35.158,89.983,89.986,17.13,0
8.46,0.73406,4e-05,0.01261,35.207,89.983,89.986,17.13,0
8.465,0.73406,4e-05,0.01261,35.257,89.983,89.987,17.13,0
8.47,0.73406,4e-05,0.01261,35.306,89.983,89.987,17.13,0
8.475,0.73406,4e-05,0.01261,35.355,89.983,89.987,17.13,0
8.48,0.73406,4e-05,0.01261,35.405,89.983,89.987,17.13,0
8.485,0.73406,4e-05,0.01261,35.454,89.983,89.987,17.13,0
8.49,0.73406,4e-05,0.01261,35.503,89.983,89.987,17.13,0
8.495,0.73406,4e-05,0.01261,35.552,89.983,89.987,17.13,0
8.5,0.73406,4e-05,0.01261,35.601,89.983,89.987,17.13,0
8.505,0.73406,4e-05,0.01261,35.65,89.983,89.987,17.13,0
8.51,0.73406,4e-05,0.01261,35.7,89.983,89.987,17.13,0
8.515,0.73406,4e-05,0.01261,35.749,89.983,89.987,17.13,0
8.52,0.73406,4e-05,0.01261,35.798,89.983,89.987,17.13,0
8.525,0.73406,4e-05,0.01261,35.846,89.983,89.987,17.13,0
8.53,0.73406,4e-05,0.01261,35.895,89.983,89.987,17.13,0
8.535,0.73406,4e-05,0.01261,35.944,89.983,89.987,17.13,0
8.54,0.73406,4e-05,0.01261,35.993,89.983,89.987,17.13,0
8.545,0.73406,4e-05,0.01261,36.042,89.983,89.987,17.13,0
8.55,0.73406,4e-05,0.01261,36.091,89.983,89.987,17.13,0
8.555,0.73406,4e-05,0.01261,36.139,89.983,89.987,17.13,0
8.56,0.73406,4e-05,0.01261,36.188,89.983,89.987,17.13,0
8.565,0.73406,4e-05,0.01261,36.237,89.983,89.987,17.13,0
8.57,0.73406,4e-05,0.01261,36.285,89.983,89.987,17.13,0
8.575,0.73406,4e-05,0.01261,36.334,89.983,89.987,17.13,0
8.58,0.73406,4e-05,0.01261,36.383,89.983,89.987,17.13,0
8.585,0.73406,4e-05,0.01261,36.431,89.983,89.987,17.13,0
8.59,0.73406,4e-05,0.01261,36.48,89.983,89.987,17.13,0
8.595,0.73406,4e-05,0.01261,36.528,89.983,89.987,17.13,0
8.6,0.73406,4e-05,0.01261,36.577,89.983,89.987,17.13,0
8.605,0.73406,4e-05,0.01261,36.625,89.983,89.987,17.13,0
8.61,0.73406,4e-05,0.01261,36.671,89.983,89.987,17.13,0
8.615,0.73406,4e-05,0.01261,36.714,89.983,89.987,17.13,0
8.62,0.73406,4e-05,0.01261,36.754,89.983,89.987,17.13,0
8.625,0.73406,4e-05,0.01261,36.792,89.983,89.987,17.13,0
8.63,0.73406,4e-05,0.01261,36.83,89.983,89.987,17.13,0
8.635,0.73406,4e-05,0.01261,36.867,89.983,89.987,17.13,0
8.64,0.73406,4e-05,0.01261,36.905,89.983,89.987,17.13,0
8.645,0.73406,4e-05,0.01261,36.94,89.983,89.987,17.13,0
8.65,0.73406,4e-05,0.01261,36.972,89.983,89.987,17.13,0
8.655,0.73406,4e-05,0.01261,37.005,89.983,89.987,17.13,0
8.66,0.73406,4e-05,0.01261,37.04,89.983,89.987,17.13,0
8.665,0.73406,4e-05,0.01261,37.071,89.983,89.987,17.13,0
8.67,0.73406,4e-05,0.01261,37.101,89.983,89.987,17.13,0
8.675,0.73406,4e-05,0.01261,37.133,89.983,89.987,17.13,0
8.68,0.73406,4e-05,0.01261,37.165,89.983,89.987,17.13,0
8.685,0.73406,4e-05,0.01261,37.195,89.983,89.987,17.13,0
8.69,0.73406,4e-05,0.01261,37.224,89.983,89.987,17.13,0
8.695,0.73406,4e-05,0.01261,37.254,89.983,89.987,17.13,0
8.7,0.73406,4e-05,0.01261,37.286,89.983,89.987,17.13,0
8.705,0.73406,4e-05,0.01261,37.315,89.983,89.987,17.13,0
8.71,0.73406,4e-05,0.01261,37.347,89.983,89.987,17.13,0
8.715,0.73406,4e-05,0.01261,37.376,89.983,89.987,17.13,0
8.72,0.73406,4e-05,0.01261,37.407,89.983,89.987,17.13,0
8.725,0.73406,4e-05,0.01261,37.436,89.983,89.987,17.13,0
8.73,0.73406,4e-05,0.01261,37.467,89.983,89.987,17.13,0
8.735,0.73406,4e-05,0.01261,37.5,89.983,89.987,17.13,0
8.74,0.73406,4e-05,0.01261,37.53,89.983,89.987,17.13,0
8.745,0.73406,4e-05,0.01261,37.559,89.983,89.987,17.13,0
8.75,0.73406,4e-05,0.01261,37.59,89.983,89.987,17.14,0
8.755,0.73406,4e-05,0.01261,37.622,89.983,89.987,17.14,0
8.76,0.73406,4e-05,0.01261,37.655,89.983,89.987,17.14,0
8.765,0.73406,4e-05,0.01261,37.687,89.983,89.987,17.14,0
8.77,0.73406,4e-05,0.01261,37.717,89.983,89.987,17.14,0
8.775,0.73406,4e-05,0.01261,37.749,89.983,89.987,17.14,0
8.78,0.73406,4e-05,0.01261,37.782,89.983,89.987,17.14,0
8.785,0.73406,4e-05,0.01261,37.813,89.983,89.987,17.14,0
8.79,0.73406,4e-05,0.01261,37.842,89.983,89.987,17.14,0
8.795,0.73406,4e-05,0.01261,37.87,89.983,89.987,17.14,0
8.8,0.73406,4e-05,0.01261,37.895,89.983,89.987,17.14,0
8.805,0.73406,4e-05,0.01261,37.916,89.983,89.987,17.14,0
8.81,0.73406,4e-05,0.01261,37.934,89.983,89.987,17.14,0
8.815,0.73406,4e-05,0.01261,37.948,89.983,89.987,17.14,0
8.82,0.73406,4e-05,0.01261,37.957,89.983,89.987,17.14,0
8.825,0.73406,4e-05,0.01261,37.964,89.983,89.987,17.14,0
8.83,0.73406,4e-05,0.01261,37.968,89.983,89.987,17.14,0
8.835,0.73406,4e-05,0.01261,37.968,89.983,89.987,17.14,0
8.84,0.73406,4e-05,0.01261,37.965,89.983,89.987,17.14,0
8.845,0.73406,4e-05,0.01261,37.96,89.983,89.987,17.14,0
8.85,0.73406,4e-05,0.01261,37.952,89.983,89.987,17.14,0
8.855,0.73406,4e-05,0.01261,37.942,89.983,89.987,17.14,0
8.86,0.73406,4e-05,0.01261,37.931,89.983,89.987,17.14,0
8.865,0.73406,4e-05,0.01261,37.917,89.983,89.987,17.14,0
8.87,0.73406,4e-05,0.01261,37.901,89.983,89.987,17.14,0
8.875,0.73406,4e-05,0.01261,37.884,89.983,89.987,17.14,0
8.88,0.73406,4e-05,0.01261,37.866,89.983,89.987,17.14,0
8.885,0.73406,4e-05,0.01261,37.847,89.983,89.987,17.14,0
8.89,0.73405,4e-05,0.01261,37.827,89.983,89.987,17.14,0
8.895,0.73405,4e-05,0.01261,37.806,89.983,89.987,17.14,0
8.9,0.73405,4e-05,0.01261,37.785,89.983,89.987,17.14,0
8.905,0.73405,4e-05,0.01261,37.764,89.983,89.987,17.14,0
8.91,0.73405,4e-05,0.01261,37.742,89.983,89.987,17.14,0
8.915,0.73405,4e-05,0.01261,37.72,89.983,89.987,17.14,0
8.92,0.73405,4e-05,0.01261,37.698,89.983,89.987,17.14,0
8.925,0.73405,4e-05,0.01261,37.676,89.983,89.987,17.14,0
8.93,0.73405,4e-05,0.01261,37.653,89.983,89.987,17.14,0
8.935,0.73405,4e-05,0.01261,37.631,89.983,89.987,17.14,0
8.94,0.73405,4e-05,0.01261,37.608,89.983,89.987,17.14,0
8.945,0.73405,4e-05,0.01261,37.586,89.983,89.987,17.14,0
8.95,0.73405,4e-05,0.01261,37.563,89.983,89.987,17.14,0
8.955,0.73405,4e-05,0.01261,37.541,89.983,89.987,17.14,0
8.96,0.73405,4e-05,0.01261,37.518,89.983,89.987,17.14,0
8.965,0.73405,4e-05,0.01261,37.495,89.983,89.987,17.14,0
8.97,0.73405,4e-05,0.01261,37.473,89.983,89.987,17.14,0
8.975,0.73405,4e-05,0.01261,37.45,89.983,89.987,17.14,0
8.98,0.73405,4e-05,0.01261,37.427,89.983,89.987,17.14,0
8.985,0.73405,4e-05,0.01261,37.405,89.984,89.987,17.14,0
8.99,0.73405,4e-05,0.01261,37.382,89.984,89.987,17.14,0
8.995,0.73405,4e-05,0.01261,37.359,89.984,89.987,17.14,0
9.0,0.73405,4e-05,0.01261,37.336,89.984,89.987,17.14,0
9.005,0.73405,4e-05,0.01261,37.313,89.984,89.987,17.14,0
9.01,0.73405,4e-05,0.01261,37.29,89.984,89.987,17.14,0
9.015,0.73405,4e-05,0.01261,37.267,89.984,89.987,17.14,0
9.02,0.73405,4e-05,0.01261,37.244,89.984,89.987,17.14,0
9.025,0.73405,4e-05,0.01261,37.221,89.984,89.987,17.14,0
9.03,0.73405,4e-05,0.01261,37.198,89.984,89.987,17.14,0
9.035,0.73405,4e-05,0.01261,37.175,89.984,89.987,17.14,0
9.04,0.73405,4e-05,0.01261,37.152,89.984,89.987,17.14,0
9.045,0.73405,4e-05,0.01261,37.129,89.984,89.987,17.14,0
9.05,0.73405,4e-05,0.01261,37.106,89.984,89.987,17.14,0
9.055,0.73405,4e-05,0.01261,37.082,89.984,89.987,17.14,0
9.06,0.73405,4e-05,0.01261,37.059,89.984,89.987,17.14,0
9.065,0.73405,4e-05,0.01261,37.036,89.984,89.987,17.14,0
9.07,0.73405,4e-05,0.01261,37.012,89.984,89.987,17.14,0
9.075,0.73405,4e-05,0.01261,36.989,89.984,89.987,17.14,0
9.08,0.73405,4e-05,0.01261,36.965,89.984,89.987,17.14,0
9.085,0.73405,4e-05,0.01261,36.942,89.984,89.987,17.14,0
9.09,0.73405,4e-05,0.01261,36.918,89.984,89.987,17.14,0
9.095,0.73405,4e-05,0.01261,36.895,89.984,89.987,17.14,0
9.1,0.73405,4e-05,0.01261,36.871,89.984,89.987,17.14,0
9.105,0.73405,4e-05,0.01261,36.847,89.984,89.987,17.14,0
9.11,0.73405,4e-05,0.01261,36.823,89.984,89.987,17.14,0
9.115,0.73405,4e-05,0.01261,36.799,89.984,89.987,17.14,0
9.12,0.73405,4e-05,0.01261,36.776,89.984,89.987,17.14,0
9.125,0.73405,4e-05,0.01261,36.752,89.984,89.987,17.14,0
9.13,0.73405,4e-05,0.01261,36.728,89.984,89.987,17.14,0
9.135,0.73405,4e-05,0.01261,36.704,89.984,89.987,17.14,0
9.14,0.73405,4e-05,0.01261,36.679,89.984,89.987,17.14,0
9.145,0.73405,4e-05,0.01261,36.655,89.984,89.987,17.14,0
9.15,0.73405,4e-05,0.01261,36.631,89.984,89.987,17.14,0
9.155,0.73405,4e-05,0.01261,36.607,89.984,89.987,17.14,0
9.16,0.73405,4e-05,0.01261,36.582,89.984,89.987,17.14,0
9.165,0.73405,4e-05,0.01261,36.558,89.984,89.987,17.14,0
9.17,0.73405,4e-05,0.01261,36.534,89.984,89.987,17.14,0
9.175,0.73405,4e-05,0.01261,36.509,89.984,89.987,17.14,0
9.18,0.73405,4e-05,0.01261,36.485,89.984,89.987,17.14,0
9.185,0.73405,4e-05,0.01261,36.46,89.984,89.987,17.14,0
9.19,0.73405,4e-05,0.01261,36.435,89.984,89.987,17.14,0
9.195,0.73405,4e-05,0.01261,36.411,89.984,89.987,17.14,0
9.2,0.73405,4e-05,0.01261,36.386,89.984,89.987,17.14,0
9.205,0.73405,4e-05,0.01261,36.361,89.984,89.987,17.14,0
9.21,0.73405,4e-05,0.01261,36.337,89.984,89.987,17.14,0
9.215,0.73405,4e-05,0.01261,36.312,89.984,89.987,17.14,0
9.22,0.73405,4e-05,0.01261,36.287,89.984,89.987,17.14,0
9.225,0.73405,4e-05,0.01261,36.262,89.984,89.987,17.14,0
9.23,0.73405,4e-05,0.01261,36.237,89.984,89.987,17.14,0
9.235,0.73405,4e-05,0.01261,36.212,89.984,89.987,17.14,0
9.24,0.73405,4e-05,0.01261,36.187,89.984,89.987,17.14,0
9.245,0.73405,4e-05,0.01261,36.161,89.984,89.987,17.14,0
9.25,0.73405,4e-05,0.01261,36.136,89.984,89.987,17.14,0
9.255,0.73405,4e-05,0.01261,36.114,89.984,89.987,17.14,0
9.26,0.73405,4e-05,0.01261,36.09,89.984,89.987,17.14,0
9.265,0.73405,4e-05,0.01261,36.068,89.984,89.987,17.14,0
9.27,0.73405,4e-05,0.01261,36.044,89.984,89.987,17.14,0
9.275,0.73405,4e-05,0.01261,36.021,89.984,89.987,17.14,0
9.28,0.73405,4e-05,0.01261,35.997,89.984,89.987,17.14,0
9.285,0.73405,4e-05,0.01261,35.974,89.984,89.987,17.14,0
9.29,0.73405,4e-05,0.01261,35.952,89.984,89.987,17.14,0
9.295,0.73405,4e-05,0.01261,35.93,89.984,89.987,17.14,0
9.3,0.73405,4e-05,0.01261,35.908,89.984,89.987,17.14,0
9.305,0.73405,4e-05,0.01261,35.886,89.984,89.987,17.14,0
9.31,0.73405,4e-05,0.01261,35.864,89.984,89.987,17.14,0
9.315,0.73405,4e-05,0.01261,35.841,89.984,89.987,17.14,0
9.32,0.73405,4e-05,0.01261,35.818,89.984,89.987,17.14,0
9.325,0.73405,4e-05,0.01261,35.795,89.984,89.987,17.14,0
9.33,0.73405,4e-05,0.01261,35.772,89.984,89.987,17.14,0
9.335,0.73405,4e-05,0.01261,35.748,89.984,89.987,17.14,0
9.34,0.73405,4e-05,0.01261,35.724,89.984,89.987,17.14,0
9.345,0.73405,4e-05,0.01261,35.701,89.984,89.987,17.14,0
9.35,0.73405,4e-05,0.01261,35.677,89.984,89.987,17.14,0
9.355,0.73405,4e-05,0.01261,35.653,89.984,89.987,17.14,0
9.36,0.73405,4e-05,0.01261,35.629,89.984,89.987,17.14,0
9.365,0.73405,4e-05,0.01261,35.605,89.984,89.987,17.14,0
9.37,0.73405,4e-05,0.01261,35.581,89.984,89.987,17.14,0
9.375,0.73405,4e-05,0.01261,35.554,89.984,89.987,17.14,0
9.38,0.73405,4e-05,0.01261,35.527,89.984,89.987,17.14,0
9.385,0.73405,4e-05,0.01261,35.499,89.984,89.987,17.14,0
9.39,0.73405,4e-05,0.01261,35.472,89.984,89.987,17.14,0
9.395,0.73405,4e-05,0.01261,35.445,89.984,89.987,17.14,0
9.4,0.73405,4e-05,0.01261,35.418,89.984,89.987,17.14,0
9.405,0.73405,4e-05,0.01261,35.392,89.984,89.987,17.14,0
9.41,0.73405,4e-05,0.01261,35.366,89.984,89.987,17.14,0
9.415,0.73405,4e-05,0.01261,35.341,89.984,89.987,17.14,0
9.42,0.73405,4e-05,0.01261,35.316,89.984,89.987,17.14,0
9.425,0.73405,4e-05,0.01261,35.291,89.984,89.987,17.14,0
9.43,0.73405,4e-05,0.01261,35.266,89.984,89.987,17.14,0
9.435,0.73405,4e-05,0.01261,35.242,89.984,89.987,17.14,0
9.44,0.73405,4e-05,0.01261,35.217,89.984,89.987,17.14,0
9.445,0.73405,4e-05,0.01261,35.193,89.984,89.987,17.14,0
9.45,0.73405,4e-05,0.01261,35.168,89.984,89.987,17.14,0
9.455,0.73405,4e-05,0.01261,35.144,89.984,89.987,17.14,0
9.46,0.73405,4e-05,0.01261,35.12,89.984,89.987,17.14,0
9.465,0.73405,4e-05,0.01261,35.095,89.984,89.987,17.14,0
9.47,0.73405,4e-05,0.01261,35.071,89.984,89.987,17.14,0
9.475,0.73405,4e-05,0.01261,35.046,89.984,89.987,17.14,0
9.48,0.73405,4e-05,0.01261,35.022,89.984,89.987,17.14,0
9.485,0.73405,4e-05,0.01261,34.997,89.984,89.987,17.14,0
9.49,0.73405,4e-05,0.01261,34.973,89.984,89.987,17.14,0
9.495,0.73405,4e-05,0.01261,34.948,89.984,89.987,17.14,0
9.5,0.73405,4e-05,0.01261,34.924,89.984,89.987,17.14,0
9.505,0.73405,4e-05,0.01261,34.899,89.984,89.987,17.14,0
9.51,0.73405,4e-05,0.01261,34.874,89.984,89.987,17.14,0
9.515,0.73405,4e-05,0.01261,34.85,89.984,89.987,17.14,0
9.52,0.73405,4e-05,0.01261,34.825,89.984,89.987,17.14,0
9.525,0.73405,4e-05,0.01261,34.8,89.984,89.987,17.14,0
9.53,0.73405,4e-05,0.01261,34.775,89.984,89.987,17.14,0
9.535,0.73405,4e-05,0.01261,34.75,89.984,89.987,17.14,0
9.54,0.73404,4e-05,0.01261,34.725,89.984,89.987,17.14,0
9.545,0.73404,4e-05,0.01261,34.7,89.984,89.987,17.14,0
9.55,0.73404,4e-05,0.01261,34.675,89.984,89.987,17.14,0
9.555,0.73404,4e-05,0.01261,34.65,89.984,89.987,17.14,0
9.56,0.73404,4e-05,0.01261,34.624,89.984,89.987,17.14,0
9.565,0.73404,4e-05,0.01261,34.599,89.985,89.987,17.14,0
9.57,0.73404,4e-05,0.01261,34.574,89.985,89.987,17.14,0
9.575,0.73404,4e-05,0.01261,34.548,89.985,89.987,17.14,0
9.58,0.73404,4e-05,0.01261,34.523,89.985,89.987,17.14,0
9.585,0.73404,4e-05,0.01261,34.498,89.985,89.987,17.14,0
9.59,0.73404,4e-05,0.01261,34.472,89.985,89.987,17.14,0
9.595,0.73404,4e-05,0.01261,34.447,89.985,89.987,17.14,0
9.6,0.73404,4e-05,0.01261,34.422,89.985,89.987,17.14,0
9.605,0.73404,4e-05,0.01261,34.397,89.985,89.987,17.14,0
9.61,0.73404,4e-05,0.01261,34.372,89.985,89.987,17.14,0
9.615,0.73404,4e-05,0.01261,34.346,89.985,89.987,17.14,0
9.62,0.73404,4e-05,0.01261,34.324,89.985,89.987,17.14,0
9.625,0.73404,4e-05,0.01261,34.3,89.985,89.987,17.14,0
9.63,0.73404,4e-05,0.01261,34.278,89.985,89.987,17.14,0
9.635,0.73404,4e-05,0.01261,34.254,89.985,89.987,17.14,0
9.64,0.73404,4e-05,0.01261,34.232,89.985,89.987,17.14,0
9.645,0.73404,4e-05,0.01261,34.211,89.985,89.987,17.14,0
9.65,0.73404,4e-05,0.01261,34.19,89.985,89.987,17.14,0
9.655,0.73404,4e-05,0.01261,34.168,89.985,89.987,17.14,0
9.66,0.73404,4e-05,0.01261,34.147,89.985,89.987,17.14,0
9.665,0.73404,4e-05,0.01261,34.125,89.985,89.987,17.14,0
9.67,0.73404,4e-05,0.01261,34.103,89.985,89.987,17.14,0
9.675,0.73404,4e-05,0.01261,34.08,89.985,89.987,17.14,0
9.68,0.73404,4e-05,0.01261,34.057,89.985,89.987,17.14,0
9.685,0.73404,4e-05,0.01261,34.034,89.985,89.987,17.14,0
9.69,0.73404,4e-05,0.01261,34.011,89.985,89.987,17.14,0
9.695,0.73404,4e-05,0.01261,33.987,89.985,89.987,17.14,0
9.7,0.73404,4e-05,0.01261,33.963,89.985,89.987,17.14,0
9.705,0.73404,4e-05,0.01261,33.94,89.985,89.987,17.14,0
9.71,0.73404,4e-05,0.01261,33.916,89.985,89.987,17.14,0
9.715,0.73404,4e-05,0.01261,33.892,89.985,89.987,17.14,0
9.72,0.73404,4e-05,0.01261,33.868,89.985,89.987,17.14,0
9.725,0.73404,4e-05,0.01261,33.844,89.985,89.987,17.14,0
9.73,0.73404,4e-05,0.01261,33.82,89.985,89.987,17.14,0
9.735,0.73404,4e-05,0.0126,33.796,89.985,89.987,17.14,0
9.74,0.73404,4e-05,0.0126,33.771,89.985,89.987,17.14,0
9.745,0.73404,4e-05,0.0126,33.747,89.985,89.987,17.14,0
9.75,0.73404,4e-05,0.0126,33.724,89.985,89.987,17.14,0
9.755,0.73404,4e-05,0.0126,33.7,89.985,89.987,17.14,0
9.76,0.73404,4e-05,0.0126,33.676,89.985,89.987,17.14,0
9.765,0.73404,4e-05,0.0126,33.652,89.985,89.987,17.14,0
9.77,0.73404,4e-05,0.0126,33.628,89.985,89.987,17.14,0
9.775,0.73404,4e-05,0.0126,33.605,89.985,89.987,17.14,0
9.78,0.73404,4e-05,0.0126,33.581,89.985,89.987,17.14,0
9.785,0.73404,4e-05,0.0126,33.558,89.985,89.987,17.14,0
9.79,0.73404,4e-05,0.0126,33.534,89.985,89.987,17.14,0
9.795,0.73404,4e-05,0.0126,33.511,89.985,89.987,17.14,0
9.8,0.73404,4e-05,0.0126,33.488,89.985,89.987,17.14,0
9.805,0.73404,4e-05,0.0126,33.465,89.985,89.987,17.14,0
9.81,0.73404,4e-05,0.0126,33.442,89.985,89.987,17.14,0
9.815,0.73404,4e-05,0.0126,33.419,89.985,89.987,17.14,0
9.82,0.73404,4e-05,0.0126,33.396,89.985,89.987,17.14,0
9.825,0.73404,4e-05,0.0126,33.374,89.985,89.987,17.14,0
9.83,0.73404,4e-05,0.0126,33.351,89.985,89.987,17.14,0
9.835,0.73404,4e-05,0.0126,33.329,89.985,89.987,17.14,0
9.84,0.73404,4e-05,0.0126,33.306,89.985,89.987,17.14,0
9.845,0.73404,4e-05,0.0126,33.284,89.985,89.987,17.14,0
9.85,0.73404,4e-05,0.0126,33.262,89.985,89.987,17.14,0
9.855,0.73404,4e-05,0.0126,33.24,89.985,89.987,17.14,0
9.86,0.73404,4e-05,0.0126,33.218,89.985,89.987,17.14,0
9.865,0.73404,4e-05,0.0126,33.196,89.985,89.987,17.14,0
9.87,0.73404,4e-05,0.0126,33.175,89.985,89.987,17.14,0
9.875,0.73404,4e-05,0.0126,33.153,89.985,89.987,17.14,0
9.88,0.73404,4e-05,0.0126,33.132,89.985,89.987,17.14,0
9.885,0.73404,4e-05,0.0126,33.111,89.985,89.987,17.14,0
9.89,0.73404,4e-05,0.0126,33.089,89.985,89.987,17.14,0
9.895,0.73404,4e-05,0.0126,33.068,89.985,89.987,17.14,0
9.9,0.73404,4e-05,0.0126,33.047,89.985,89.987,17.14,0
9.905,0.73404,4e-05,0.0126,33.026,89.985,89.987,17.14,0
9.91,0.73404,4e-05,0.0126,33.006,89.985,89.987,17.14,0
9.915,0.73404,4e-05,0.0126,32.985,89.985,89.987,17.14,0
9.92,0.73404,4e-05,0.0126,32.965,89.985,89.987,17.14,0
9.925,0.73404,4e-05,0.0126,32.944,89.985,89.987,17.14,0
9.93,0.73404,4e-05,0.0126,32.924,89.985,89.987,17.14,0
9.935,0.73404,4e-05,0.0126,32.904,89.985,89.987,17.14,0
9.94,0.73404,4e-05,0.0126,32.884,89.985,89.987,17.14,0
9.945,0.73404,4e-05,0.0126,32.864,89.985,89.987,17.14,0
9.95,0.73404,4e-05,0.0126,32.844,89.985,89.987,17.14,0
9.955,0.73404,4e-05,0.0126,32.824,89.985,89.987,17.14,0
9.96,0.73404,4e-05,0.0126,32.805,89.985,89.987,17.14,0
9.965,0.73404,4e-05,0.0126,32.787,89.985,89.987,17.14,0
9.97,0.73404,4e-05,0.0126,32.769,89.985,89.987,17.14,0
9.975,0.73404,4e-05,0.0126,32.751,89.985,89.987,17.14,0
9.98,0.73404,4e-05,0.0126,32.733,89.985,89.987,17.14,0
9.985,0.73404,4e-05,0.0126,32.715,89.985,89.987,17.14,0
9.99,0.73404,4e-05,0.0126,32.696,89.985,89.987,17.14,0
9.995,0.73404,4e-05,0.0126,32.677,89.985,89.987,17.14,0
