time,pelvis_x,pelvis_y,pelvis_z,roll_deg,pitch_deg,tilt_deg,max_torque_nm,is_pushing
0.0,-0.0,0.0,0.63875,0.0,0.0,0.0,0.0,0
0.005,-0.0,0.0,0.63826,0.0,0.0,0.0,0.0,0
0.01,-0.0,0.0,0.63753,0.0,0.0,0.0,0.0,0
0.015,-0.0,0.0,0.63655,0.0,0.0,0.0,0.0,0
0.02,-0.0,0.0,0.63532,0.0,0.0,0.0,0.0,0
0.025,-0.0,0.0,0.63385,0.0,0.0,0.0,0.0,0
0.03,-0.0,0.0,0.63213,0.0,0.0,0.0,0.0,0
0.035,-0.0,0.0,0.63017,0.0,0.0,0.0,0.0,0
0.04,-0.0,0.0,0.62796,0.0,0.0,0.0,0.0,0
0.045,-0.0,0.0,0.62551,0.0,0.0,0.0,0.0,0
0.05,-0.0,0.0,0.62281,0.0,0.0,0.0,0.0,0
0.055,-0.0,0.0,0.61987,0.0,0.0,0.0,0.0,0
0.06,-0.0,0.0,0.61668,0.0,0.0,0.0,0.0,0
0.065,-0.0,0.0,0.61325,0.0,0.0,0.0,0.0,0
0.07,0.00019,-0.0,0.61094,0.0,-0.055,0.055,0.0,0
0.075,0.0006,-0.0,0.60953,0.0,-0.16,0.16,9.46,0
0.08,0.00117,-0.0,0.60879,0.0,-0.295,0.295,14.15,0
0.085,0.00182,-0.0,0.60854,0.0,-0.442,0.442,15.95,0
0.09,0.0025,-0.0,0.60861,0.0,-0.586,0.586,16.0,0
0.095,0.00315,-0.0,0.60885,0.0,-0.716,0.716,15.14,0
0.1,0.00373,-0.0,0.6092,0.0,-0.825,0.825,14.04,0
0.105,0.00424,-0.0,0.60958,0.0,-0.91,0.91,12.9,0
0.11,0.00465,-0.0,0.60995,0.0,-0.97,0.97,11.84,0
0.115,0.00497,-0.0,0.61029,0.0,-1.006,1.006,10.94,0
0.12,0.00522,-0.0,0.6106,0.0,-1.02,1.02,10.18,0
0.125,0.00539,-0.0,0.61087,0.0,-1.015,1.015,9.55,0
0.13,0.0055,-0.0,0.61109,0.0,-0.993,0.993,9.05,0
0.135,0.00558,-0.0,0.61129,0.0,-0.962,0.962,8.64,0
0.14,0.00563,-0.0,0.61146,0.0,-0.925,0.925,8.23,0
0.145,0.00567,-0.0,0.6116,0.0,-0.882,0.882,7.87,0
0.15,0.00569,-0.0,0.61172,0.0,-0.837,0.837,7.58,0
0.155,0.00571,-0.0,0.61182,0.0,-0.789,0.789,7.34,0
0.16,0.00573,-1e-05,0.61189,0.001,-0.739,0.739,7.14,0
0.165,0.00575,-1e-05,0.61195,0.001,-0.69,0.69,6.98,0
0.17,0.00577,-1e-05,0.61199,0.001,-0.642,0.642,6.85,0
0.175,0.00581,-1e-05,0.61201,0.001,-0.595,0.595,6.74,0
0.18,0.00585,-1e-05,0.61203,0.001,-0.549,0.549,6.65,0
0.185,0.0059,-1e-05,0.61204,0.001,-0.506,0.506,6.58,0
0.19,0.00597,-1e-05,0.61204,0.001,-0.465,0.465,6.53,0
0.195,0.00604,-1e-05,0.61203,0.001,-0.426,0.426,6.48,0
0.2,0.00613,-1e-05,0.61202,0.001,-0.39,0.39,6.44,0
0.205,0.00623,-1e-05,0.61201,0.001,-0.356,0.356,6.39,0
0.21,0.00633,-1e-05,0.612,0.001,-0.323,0.323,6.39,0
0.215,0.00645,-1e-05,0.61199,0.001,-0.292,0.292,6.4,0
0.22,0.00657,-1e-05,0.61197,0.001,-0.263,0.263,6.41,0
0.225,0.0067,-1e-05,0.61196,0.001,-0.234,0.234,6.42,0
0.23,0.00683,-1e-05,0.61194,0.001,-0.207,0.207,6.45,0
0.235,0.00697,-1e-05,0.61193,0.001,-0.18,0.18,6.49,0
0.24,0.00712,-1e-05,0.61191,0.001,-0.154,0.154,6.53,0
0.245,0.00726,-1e-05,0.61189,0.001,-0.129,0.129,6.58,0
0.25,0.00742,-1e-05,0.61187,0.001,-0.105,0.105,6.63,0
0.255,0.00757,-1e-05,0.61185,0.001,-0.081,0.081,6.68,0
0.26,0.00773,-1e-05,0.61183,0.001,-0.057,0.057,6.74,0
0.265,0.00789,-1e-05,0.6118,0.001,-0.034,0.034,6.79,0
0.27,0.00806,-1e-05,0.61178,0.001,-0.011,0.011,6.85,0
0.275,0.00822,-1e-05,0.61176,0.001,0.012,0.012,6.9,0
0.28,0.00839,-1e-05,0.61173,0.001,0.034,0.034,6.96,0
0.285,0.00856,-1e-05,0.61171,0.001,0.056,0.056,7.02,0
0.29,0.00873,-1e-05,0.61168,0.001,0.079,0.079,7.07,0
0.295,0.0089,-1e-05,0.61166,0.001,0.101,0.101,7.13,0
0.3,0.00907,-1e-05,0.61163,0.001,0.124,0.124,7.19,0
0.305,0.00925,-1e-05,0.61161,0.001,0.146,0.146,7.24,0
0.31,0.00942,-1e-05,0.61158,0.001,0.169,0.169,7.3,0
0.315,0.0096,-1e-05,0.61156,0.001,0.191,0.191,7.36,0
0.32,0.00977,-1e-05,0.61153,0.001,0.214,0.214,7.41,0
0.325,0.00995,-1e-05,0.6115,0.001,0.237,0.237,7.47,0
0.33,0.01012,-1e-05,0.61148,0.001,0.26,0.26,7.52,0
0.335,0.0103,-1e-05,0.61145,0.001,0.284,0.284,7.57,0
0.34,0.01047,-1e-05,0.61142,0.001,0.307,0.307,7.63,0
0.345,0.01065,-1e-05,0.6114,0.001,0.331,0.331,7.68,0
0.35,0.01082,-1e-05,0.61137,0.001,0.355,0.355,7.73,0
0.355,0.011,-1e-05,0.61134,0.001,0.379,0.379,7.79,0
0.36,0.01117,-1e-05,0.61131,0.001,0.403,0.403,7.84,0
0.365,0.01135,-1e-05,0.61129,0.001,0.427,0.427,7.89,0
0.37,0.01152,-1e-05,0.61126,0.001,0.451,0.451,7.94,0
0.375,0.01169,-1e-05,0.61123,0.001,0.476,0.476,7.99,0
0.38,0.01187,-1e-05,0.6112,0.001,0.5,0.5,8.05,0
0.385,0.01204,-1e-05,0.61117,0.001,0.525,0.525,8.1,0
0.39,0.01221,-1e-05,0.61115,0.001,0.549,0.549,8.15,0
0.395,0.01239,-1e-05,0.61112,0.001,0.574,0.574,8.2,0
0.4,0.01256,-1e-05,0.61109,0.001,0.599,0.599,8.25,0
0.405,0.01273,-1e-05,0.61106,0.001,0.624,0.624,8.3,0
0.41,0.0129,-1e-05,0.61104,0.001,0.648,0.648,8.35,0
0.415,0.01308,-1e-05,0.61101,0.001,0.673,0.673,8.4,0
0.42,0.01325,-1e-05,0.61098,0.001,0.698,0.698,8.45,0
0.425,0.01342,-1e-05,0.61095,0.001,0.723,0.723,8.5,0
0.43,0.01359,-1e-05,0.61092,0.001,0.747,0.747,8.55,0
0.435,0.01376,-1e-05,0.6109,0.001,0.772,0.772,8.6,0
0.44,0.01393,-1e-05,0.61087,0.001,0.797,0.797,8.65,0
0.445,0.0141,-1e-05,0.61084,0.001,0.821,0.821,8.7,0
0.45,0.01427,-1e-05,0.61081,0.001,0.846,0.846,8.75,0
0.455,0.01444,-1e-05,0.61078,0.001,0.87,0.87,8.8,0
0.46,0.0146,-1e-05,0.61076,0.001,0.894,0.894,8.85,0
0.465,0.01477,-1e-05,0.61073,0.001,0.919,0.919,8.89,0
0.47,0.01494,-1e-05,0.6107,0.001,0.943,0.943,8.94,0
0.475,0.0151,-1e-05,0.61067,0.001,0.967,0.967,8.99,0
0.48,0.01527,-1e-05,0.61065,0.001,0.991,0.991,9.04,0
0.485,0.01544,-1e-05,0.61062,0.001,1.014,1.014,9.09,0
0.49,0.0156,-1e-05,0.61059,0.001,1.038,1.038,9.14,0
0.495,0.01576,-1e-05,0.61056,0.001,1.062,1.062,9.18,0
0.5,0.01592,-1e-05,0.61054,0.001,1.085,1.085,9.23,0
0.505,0.01609,-0.0,0.61051,0.001,1.108,1.108,9.28,0
0.51,0.01625,-0.0,0.61048,0.001,1.132,1.132,9.32,0
0.515,0.01641,-0.0,0.61046,0.0,1.155,1.155,9.37,0
0.52,0.01657,-0.0,0.61043,0.0,1.177,1.177,9.42,0
0.525,0.01672,-0.0,0.6104,0.0,1.2,1.2,9.46,0
0.53,0.01688,-0.0,0.61038,0.0,1.223,1.223,9.51,0
0.535,0.01704,-0.0,0.61035,0.0,1.245,1.245,9.55,0
0.54,0.01719,-0.0,0.61032,0.0,1.268,1.268,9.6,0
0.545,0.01735,-0.0,0.6103,0.0,1.29,1.29,9.64,0
0.55,0.0175,-0.0,0.61027,0.0,1.312,1.312,9.69,0
0.555,0.01765,-0.0,0.61024,0.0,1.333,1.333,9.73,0
0.56,0.0178,-0.0,0.61022,0.0,1.355,1.355,9.77,0
0.565,0.01795,-0.0,0.61019,0.0,1.376,1.376,9.82,0
0.57,0.0181,-0.0,0.61017,0.0,1.398,1.398,9.86,0
0.575,0.01824,-0.0,0.61014,0.0,1.419,1.419,9.9,0
0.58,0.01839,-0.0,0.61012,0.0,1.44,1.44,9.94,0
0.585,0.01853,-0.0,0.61009,0.0,1.46,1.46,9.98,0
0.59,0.01868,-0.0,0.61007,0.0,1.481,1.481,10.03,0
0.595,0.01882,-0.0,0.61004,0.0,1.501,1.501,10.07,0
0.6,0.01896,-0.0,0.61002,0.0,1.521,1.521,10.11,0
0.605,0.0191,-0.0,0.61,0.0,1.541,1.541,10.15,0
0.61,0.01923,-0.0,0.60997,0.0,1.561,1.561,10.18,0
0.615,0.01937,-0.0,0.60995,0.0,1.58,1.58,10.22,0
0.62,0.0195,-0.0,0.60993,0.0,1.599,1.599,10.26,0
0.625,0.01963,-0.0,0.6099,0.0,1.618,1.618,10.3,0
0.63,0.01976,-0.0,0.60988,0.0,1.637,1.637,10.34,0
0.635,0.01989,-0.0,0.60986,0.0,1.656,1.656,10.37,0
0.64,0.02002,-0.0,0.60984,0.0,1.674,1.674,10.41,0
0.645,0.02015,-0.0,0.60981,0.0,1.692,1.692,10.45,0
0.65,0.02027,-0.0,0.60979,0.0,1.71,1.71,10.48,0
0.655,0.02039,-0.0,0.60977,0.0,1.728,1.728,10.52,0
0.66,0.02052,-0.0,0.60975,0.0,1.745,1.745,10.55,0
0.665,0.02063,-0.0,0.60973,0.0,1.762,1.762,10.58,0
0.67,0.02075,-0.0,0.60971,0.0,1.779,1.779,10.62,0
0.675,0.02087,-0.0,0.60969,0.0,1.796,1.796,10.65,0
0.68,0.02098,-0.0,0.60967,0.0,1.812,1.812,10.68,0
0.685,0.02109,-0.0,0.60965,0.0,1.828,1.828,10.71,0
0.69,0.02121,-0.0,0.60963,0.0,1.844,1.844,10.74,0
0.695,0.02131,-0.0,0.60961,0.001,1.86,1.86,10.77,0
0.7,0.02142,-0.0,0.60959,0.001,1.875,1.875,10.8,0
0.705,0.02153,-0.0,0.60957,0.001,1.891,1.891,10.83,0
0.71,0.02163,-0.0,0.60955,0.001,1.905,1.905,10.86,0
0.715,0.02173,-1e-05,0.60954,0.001,1.92,1.92,10.89,0
0.72,0.02183,-1e-05,0.60952,0.001,1.934,1.934,10.92,0
0.725,0.02193,-1e-05,0.6095,0.001,1.948,1.948,10.95,0
0.73,0.02202,-1e-05,0.60948,0.001,1.962,1.962,10.97,0
0.735,0.02212,-1e-05,0.60947,0.001,1.976,1.976,11.0,0
0.74,0.02221,-1e-05,0.60945,0.001,1.989,1.989,11.02,0
0.745,0.0223,-1e-05,0.60943,0.001,2.002,2.002,11.05,0
0.75,0.02239,-1e-05,0.60942,0.001,2.014,2.014,11.07,0
0.755,0.02247,-1e-05,0.6094,0.001,2.027,2.027,11.1,0
0.76,0.02256,-1e-05,0.60939,0.001,2.039,2.039,11.12,0
0.765,0.02264,-1e-05,0.60937,0.001,2.051,2.051,11.14,0
0.77,0.02272,-1e-05,0.60936,0.001,2.062,2.062,11.16,0
0.775,0.0228,-1e-05,0.60935,0.001,2.073,2.073,11.18,0
0.78,0.02287,-1e-05,0.60933,0.001,2.084,2.084,11.2,0
0.785,0.02295,-1e-05,0.60932,0.001,2.095,2.095,11.22,0
0.79,0.02302,-1e-05,0.60931,0.001,2.105,2.105,11.24,0
0.795,0.02309,-1e-05,0.60929,0.001,2.115,2.115,11.26,0
0.8,0.02316,-1e-05,0.60928,0.001,2.125,2.125,11.28,0
0.805,0.02322,-1e-05,0.60927,0.001,2.134,2.134,11.3,0
0.81,0.02328,-1e-05,0.60926,0.001,2.143,2.143,11.31,0
0.815,0.02335,-1e-05,0.60925,0.001,2.152,2.152,11.33,0
0.82,0.02341,-1e-05,0.60924,0.001,2.161,2.161,11.34,0
0.825,0.02346,-1e-05,0.60923,0.001,2.169,2.169,11.36,0
0.83,0.02352,-1e-05,0.60922,0.001,2.177,2.177,11.37,0
0.835,0.02357,-1e-05,0.60921,0.001,2.185,2.185,11.39,0
0.84,0.02362,-1e-05,0.6092,0.001,2.192,2.192,11.4,0
0.845,0.02367,-1e-05,0.60919,0.001,2.199,2.199,11.41,0
0.85,0.02372,-1e-05,0.60918,0.001,2.206,2.206,11.42,0
0.855,0.02377,-1e-05,0.60918,0.001,2.212,2.212,11.43,0
0.86,0.02381,-1e-05,0.60917,0.001,2.218,2.218,11.44,0
0.865,0.02385,-1e-05,0.60916,0.001,2.224,2.224,11.44,0
0.87,0.02389,-1e-05,0.60915,0.001,2.229,2.229,11.45,0
0.875,0.02393,-1e-05,0.60915,0.001,2.235,2.235,11.45,0
0.88,0.02396,-1e-05,0.60914,0.001,2.239,2.239,11.46,0
0.885,0.024,-1e-05,0.60914,0.001,2.244,2.244,11.46,0
0.89,0.02403,-1e-05,0.60913,0.001,2.248,2.248,11.47,0
0.895,0.02406,-1e-05,0.60913,0.001,2.252,2.252,11.48,0
0.9,0.02409,-1e-05,0.60912,0.001,2.255,2.255,11.48,0
0.905,0.02411,-1e-05,0.60912,0.001,2.259,2.259,11.48,0
0.91,0.02414,-1e-05,0.60911,0.001,2.261,2.261,11.49,0
0.915,0.02416,-1e-05,0.60911,0.001,2.264,2.264,11.49,0
0.92,0.02418,-1e-05,0.60911,0.001,2.267,2.267,11.49,0
0.925,0.0242,-1e-05,0.60911,0.001,2.269,2.269,11.49,0
0.93,0.02421,-1e-05,0.6091,0.001,2.271,2.271,11.49,0
0.935,0.02423,-1e-05,0.6091,0.001,2.272,2.272,11.49,0
0.94,0.02424,-1e-05,0.6091,0.001,2.274,2.274,11.49,0
0.945,0.02425,-1e-05,0.6091,0.001,2.275,2.275,11.49,0
0.95,0.02426,-1e-05,0.6091,0.001,2.276,2.276,11.49,0
0.955,0.02426,-1e-05,0.6091,0.001,2.277,2.277,11.49,0
0.96,0.02427,-1e-05,0.6091,0.001,2.277,2.277,11.49,0
0.965,0.02427,-1e-05,0.60909,0.001,2.278,2.278,11.49,0
0.97,0.02427,-1e-05,0.60909,0.001,2.278,2.278,11.49,0
0.975,0.02427,-1e-05,0.6091,0.001,2.278,2.278,11.49,0
0.98,0.02426,-1e-05,0.6091,0.001,2.278,2.278,11.49,0
0.985,0.02425,-1e-05,0.6091,0.001,2.278,2.278,11.49,0
0.99,0.02425,-1e-05,0.6091,0.001,2.277,2.277,11.49,0
0.995,0.02424,-1e-05,0.6091,0.001,2.276,2.276,11.49,0
1.0,0.02423,-1e-05,0.6091,0.001,2.276,2.276,11.49,0
1.005,0.02421,-1e-05,0.6091,0.001,2.275,2.275,11.49,0
1.01,0.0242,-1e-05,0.6091,0.001,2.274,2.274,11.49,0
1.015,0.02418,-1e-05,0.6091,0.001,2.272,2.272,11.49,0
1.02,0.02417,-1e-05,0.60911,0.001,2.271,2.271,11.49,0
1.025,0.02415,-0.0,0.60911,0.001,2.269,2.269,11.49,0
1.03,0.02413,-0.0,0.60911,0.001,2.268,2.268,11.49,0
1.035,0.02411,-0.0,0.60911,0.001,2.266,2.266,11.49,0
1.04,0.02409,-0.0,0.60912,0.001,2.264,2.264,11.49,0
1.045,0.02407,-0.0,0.60912,0.001,2.262,2.262,11.49,0
1.05,0.02404,-0.0,0.60912,0.001,2.26,2.26,11.49,0
1.055,0.02402,-0.0,0.60912,0.001,2.258,2.258,11.49,0
1.06,0.024,-0.0,0.60913,0.001,2.256,2.256,11.49,0
1.065,0.02397,-0.0,0.60913,0.001,2.254,2.254,11.49,0
1.07,0.02395,-0.0,0.60913,0.001,2.251,2.251,11.48,0
1.075,0.02392,-0.0,0.60914,0.001,2.249,2.249,11.47,0
1.08,0.0239,-0.0,0.60914,0.001,2.246,2.246,11.45,0
1.085,0.02387,-0.0,0.60914,0.001,2.244,2.244,11.44,0
1.09,0.02385,-0.0,0.60915,0.001,2.241,2.241,11.42,0
1.095,0.02382,-0.0,0.60915,0.001,2.239,2.239,11.41,0
1.1,0.02379,-0.0,0.60916,0.001,2.236,2.236,11.4,0
1.105,0.02376,-0.0,0.60916,0.001,2.233,2.233,11.39,0
1.11,0.02374,-0.0,0.60917,0.001,2.23,2.23,11.37,0
1.115,0.02371,-0.0,0.60917,0.001,2.228,2.228,11.36,0
1.12,0.02368,-0.0,0.60918,0.001,2.225,2.225,11.35,0
1.125,0.02365,-0.0,0.60918,0.0,2.222,2.222,11.34,0
1.13,0.02363,-0.0,0.60919,0.0,2.219,2.219,11.33,0
1.135,0.0236,-0.0,0.60919,0.0,2.216,2.216,11.31,0
1.14,0.02357,-0.0,0.6092,0.0,2.214,2.214,11.3,0
1.145,0.02354,-0.0,0.6092,0.0,2.211,2.211,11.29,0
1.15,0.02351,-0.0,0.60921,0.0,2.208,2.208,11.28,0
1.155,0.02348,-0.0,0.60921,0.0,2.205,2.205,11.27,0
1.16,0.02345,-0.0,0.60922,0.0,2.202,2.202,11.25,0
1.165,0.02342,-0.0,0.60923,0.0,2.199,2.199,11.24,0
1.17,0.02339,-0.0,0.60923,0.0,2.196,2.196,11.23,0
1.175,0.02336,-0.0,0.60924,0.0,2.193,2.193,11.22,0
1.18,0.02333,-0.0,0.60924,0.0,2.19,2.19,11.21,0
1.185,0.0233,-0.0,0.60925,0.0,2.187,2.187,11.19,0
1.19,0.02327,-0.0,0.60925,0.0,2.184,2.184,11.18,0
1.195,0.02324,-0.0,0.60926,0.0,2.181,2.181,11.17,0
1.2,0.02321,-0.0,0.60927,0.0,2.178,2.178,11.16,0
1.205,0.02318,-0.0,0.60927,0.0,2.175,2.175,11.15,0
1.21,0.02315,-0.0,0.60928,0.0,2.172,2.172,11.13,0
1.215,0.02312,-0.0,0.60928,0.0,2.169,2.169,11.12,0
1.22,0.02309,-0.0,0.60929,0.0,2.166,2.166,11.11,0
1.225,0.02306,-0.0,0.60929,0.0,2.163,2.163,11.1,0
1.23,0.02303,-0.0,0.6093,0.0,2.16,2.16,11.09,0
1.235,0.023,-0.0,0.6093,0.0,2.157,2.157,11.07,0
1.24,0.02297,-0.0,0.60931,0.0,2.154,2.154,11.06,0
1.245,0.02294,-0.0,0.60932,0.0,2.151,2.151,11.05,0
1.25,0.02291,-0.0,0.60932,0.0,2.147,2.147,11.04,0
1.255,0.02288,-0.0,0.60933,0.0,2.144,2.144,11.03,0
1.26,0.02285,-0.0,0.60933,0.0,2.142,2.142,11.01,0
1.265,0.02282,-0.0,0.60934,0.001,2.139,2.139,11.0,0
1.27,0.02279,-0.0,0.60934,0.001,2.136,2.136,10.99,0
1.275,0.02276,-0.0,0.60935,0.001,2.133,2.133,10.98,0
1.28,0.02274,-0.0,0.60935,0.001,2.13,2.13,10.97,0
1.285,0.02271,-0.0,0.60936,0.001,2.127,2.127,10.96,0
1.29,0.02268,-0.0,0.60937,0.001,2.124,2.124,10.95,0
1.295,0.02265,-0.0,0.60937,0.001,2.121,2.121,10.94,0
1.3,0.02262,-0.0,0.60938,0.001,2.118,2.118,10.93,0
1.305,0.0226,-0.0,0.60938,0.001,2.115,2.115,10.92,0
1.31,0.02257,-0.0,0.60939,0.001,2.113,2.113,10.91,0
1.315,0.02254,-0.0,0.60939,0.001,2.11,2.11,10.9,0
1.32,0.02251,-0.0,0.6094,0.001,2.107,2.107,10.89,0
1.325,0.02249,-0.0,0.6094,0.001,2.104,2.104,10.88,0
1.33,0.02246,-0.0,0.60941,0.001,2.102,2.102,10.87,0
1.335,0.02244,-0.0,0.60941,0.001,2.099,2.099,10.86,0
1.34,0.02241,-0.0,0.60942,0.001,2.097,2.097,10.85,0
1.345,0.02238,-0.0,0.60942,0.001,2.094,2.094,10.84,0
1.35,0.02236,-0.0,0.60943,0.001,2.091,2.091,10.83,0
1.355,0.02233,-0.0,0.60943,0.001,2.089,2.089,10.82,0
1.36,0.02231,-0.0,0.60943,0.001,2.086,2.086,10.81,0
1.365,0.02229,-0.0,0.60944,0.001,2.084,2.084,10.81,0
1.37,0.02226,-0.0,0.60944,0.001,2.081,2.081,10.8,0
1.375,0.02224,-0.0,0.60945,0.001,2.079,2.079,10.79,0
1.38,0.02222,-0.0,0.60945,0.001,2.077,2.077,10.78,0
1.385,0.02219,-0.0,0.60946,0.001,2.074,2.074,10.77,0
1.39,0.02217,-0.0,0.60946,0.001,2.072,2.072,10.77,0
1.395,0.02215,-0.0,0.60946,0.001,2.07,2.07,10.76,0
1.4,0.02213,-0.0,0.60947,0.001,2.068,2.068,10.75,0
1.405,0.02211,-0.0,0.60947,0.001,2.066,2.066,10.74,0
1.41,0.02209,-0.0,0.60948,0.001,2.063,2.063,10.74,0
1.415,0.02207,-0.0,0.60948,0.001,2.061,2.061,10.73,0
1.42,0.02205,-0.0,0.60948,0.001,2.059,2.059,10.72,0
1.425,0.02203,-0.0,0.60949,0.001,2.057,2.057,10.72,0
1.43,0.02201,-0.0,0.60949,0.001,2.055,2.055,10.71,0
1.435,0.02199,-0.0,0.60949,0.001,2.053,2.053,10.71,0
1.44,0.02197,-0.0,0.6095,0.001,2.051,2.051,10.7,0
1.445,0.02196,-0.0,0.6095,0.001,2.05,2.05,10.7,0
1.45,0.02194,-0.0,0.6095,0.001,2.048,2.048,10.69,0
1.455,0.02192,-0.0,0.60951,0.001,2.046,2.046,10.68,0
1.46,0.02191,-0.0,0.60951,0.001,2.044,2.044,10.68,0
1.465,0.02189,-0.0,0.60951,0.001,2.043,2.043,10.67,0
1.47,0.02188,-0.0,0.60952,0.001,2.041,2.041,10.67,0
1.475,0.02186,-0.0,0.60952,0.001,2.04,2.04,10.67,0
1.48,0.02185,-0.0,0.60952,0.001,2.038,2.038,10.66,0
1.485,0.02183,-0.0,0.60952,0.001,2.037,2.037,10.66,0
1.49,0.02182,-0.0,0.60953,0.001,2.035,2.035,10.65,0
1.495,0.02181,-0.0,0.60953,0.001,2.034,2.034,10.65,0
1.5,0.02179,-0.0,0.60953,0.001,2.032,2.032,10.65,0
1.505,0.02178,-0.0,0.60953,0.001,2.031,2.031,10.64,0
1.51,0.02177,-0.0,0.60954,0.001,2.03,2.03,10.64,0
1.515,0.02176,-0.0,0.60954,0.001,2.029,2.029,10.64,0
1.52,0.02175,-0.0,0.60954,0.001,2.028,2.028,10.63,0
1.525,0.02174,-0.0,0.60954,0.001,2.026,2.026,10.63,0
1.53,0.02173,-0.0,0.60954,0.001,2.025,2.025,10.63,0
1.535,0.02172,-0.0,0.60955,0.001,2.024,2.024,10.63,0
1.54,0.02171,-0.0,0.60955,0.001,2.023,2.023,10.62,0
1.545,0.0217,-0.0,0.60955,0.001,2.022,2.022,10.62,0
1.55,0.0217,-0.0,0.60955,0.001,2.022,2.022,10.62,0
1.555,0.02169,-0.0,0.60955,0.001,2.021,2.021,10.62,0
1.56,0.02168,-0.0,0.60955,0.001,2.02,2.02,10.62,0
1.565,0.02168,-0.0,0.60955,0.001,2.019,2.019,10.62,0
1.57,0.02167,-0.0,0.60956,0.001,2.019,2.019,10.62,0
1.575,0.02166,-0.0,0.60956,0.001,2.018,2.018,10.62,0
1.58,0.02166,-0.0,0.60956,0.001,2.017,2.017,10.62,0
1.585,0.02165,-0.0,0.60956,0.001,2.017,2.017,10.62,0
1.59,0.02165,-0.0,0.60956,0.001,2.016,2.016,10.62,0
1.595,0.02165,-0.0,0.60956,0.001,2.016,2.016,10.62,0
1.6,0.02164,-0.0,0.60956,0.001,2.015,2.015,10.62,0
1.605,0.02164,-0.0,0.60956,0.001,2.015,2.015,10.62,0
1.61,0.02164,-1e-05,0.60956,0.001,2.015,2.015,10.62,0
1.615,0.02164,-1e-05,0.60956,0.001,2.014,2.014,10.62,0
1.62,0.02164,-1e-05,0.60956,0.001,2.014,2.014,10.62,0
1.625,0.02164,-1e-05,0.60956,0.001,2.014,2.014,10.62,0
1.63,0.02163,-1e-05,0.60956,0.001,2.014,2.014,10.62,0
1.635,0.02163,-1e-05,0.60956,0.001,2.014,2.014,10.62,0
1.64,0.02164,-1e-05,0.60956,0.001,2.014,2.014,10.61,0
1.645,0.02164,-1e-05,0.60956,0.001,2.014,2.014,10.61,0
1.65,0.02164,-1e-05,0.60956,0.001,2.013,2.013,10.61,0
1.655,0.02164,-1e-05,0.60956,0.001,2.014,2.014,10.61,0
1.66,0.02164,-1e-05,0.60956,0.001,2.014,2.014,10.61,0
1.665,0.02164,-1e-05,0.60956,0.001,2.014,2.014,10.61,0
1.67,0.02164,-1e-05,0.60956,0.001,2.014,2.014,10.61,0
1.675,0.02165,-1e-05,0.60956,0.001,2.014,2.014,10.61,0
1.68,0.02165,-1e-05,0.60956,0.001,2.014,2.014,10.61,0
1.685,0.02165,-1e-05,0.60956,0.001,2.014,2.014,10.61,0
1.69,0.02166,-1e-05,0.60956,0.001,2.014,2.014,10.61,0
1.695,0.02166,-1e-05,0.60956,0.001,2.015,2.015,10.61,0
1.7,0.02166,-1e-05,0.60956,0.001,2.015,2.015,10.61,0
1.705,0.02167,-1e-05,0.60956,0.001,2.015,2.015,10.61,0
1.71,0.02167,-1e-05,0.60956,0.001,2.016,2.016,10.61,0
1.715,0.02168,-1e-05,0.60956,0.001,2.016,2.016,10.61,0
1.72,0.02168,-1e-05,0.60956,0.001,2.016,2.016,10.61,0
1.725,0.02169,-1e-05,0.60956,0.001,2.017,2.017,10.61,0
1.73,0.02169,-1e-05,0.60956,0.001,2.017,2.017,10.61,0
1.735,0.0217,-1e-05,0.60956,0.001,2.017,2.017,10.61,0
1.74,0.0217,-1e-05,0.60955,0.001,2.018,2.018,10.61,0
1.745,0.02171,-1e-05,0.60955,0.001,2.018,2.018,10.61,0
1.75,0.02171,-1e-05,0.60955,0.001,2.018,2.018,10.61,0
1.755,0.02171,-1e-05,0.60955,0.001,2.019,2.019,10.61,0
1.76,0.02172,-1e-05,0.60955,0.001,2.019,2.019,10.61,0
1.765,0.02172,-1e-05,0.60955,0.001,2.02,2.02,10.61,0
1.77,0.02173,-1e-05,0.60955,0.001,2.02,2.02,10.61,0
1.775,0.02173,-1e-05,0.60955,0.001,2.02,2.02,10.61,0
1.78,0.02174,-1e-05,0.60955,0.001,2.021,2.021,10.61,0
1.785,0.02174,-1e-05,0.60955,0.001,2.021,2.021,10.61,0
1.79,0.02174,-1e-05,0.60955,0.001,2.021,2.021,10.61,0
1.795,0.02175,-1e-05,0.60955,0.001,2.022,2.022,10.61,0
1.8,0.02175,-1e-05,0.60955,0.001,2.022,2.022,10.61,0
1.805,0.02176,-1e-05,0.60955,0.001,2.022,2.022,10.61,0
1.81,0.02176,-1e-05,0.60955,0.001,2.023,2.023,10.61,0
1.815,0.02176,-1e-05,0.60955,0.001,2.023,2.023,10.61,0
1.82,0.02177,-1e-05,0.60955,0.001,2.023,2.023,10.61,0
1.825,0.02177,-1e-05,0.60955,0.001,2.023,2.023,10.61,0
1.83,0.02177,-1e-05,0.60955,0.001,2.024,2.024,10.61,0
1.835,0.02177,-1e-05,0.60955,0.001,2.024,2.024,10.61,0
1.84,0.02178,-1e-05,0.60955,0.001,2.024,2.024,10.61,0
1.845,0.02178,-1e-05,0.60955,0.001,2.024,2.024,10.61,0
1.85,0.02178,-1e-05,0.60955,0.001,2.024,2.024,10.61,0
1.855,0.02178,-1e-05,0.60955,0.001,2.024,2.024,10.61,0
1.86,0.02178,-1e-05,0.60955,0.001,2.024,2.024,10.61,0
1.865,0.02178,-1e-05,0.60955,0.001,2.024,2.024,10.61,0
1.87,0.02178,-1e-05,0.60955,0.001,2.024,2.024,10.61,0
1.875,0.02178,-1e-05,0.60955,0.001,2.024,2.024,10.61,0
1.88,0.02178,-1e-05,0.60955,0.001,2.024,2.024,10.61,0
1.885,0.02179,-1e-05,0.60955,0.001,2.024,2.024,10.61,0
1.89,0.02179,-1e-05,0.60955,0.001,2.024,2.024,10.61,0
1.895,0.02178,-1e-05,0.60955,0.001,2.024,2.024,10.61,0
1.9,0.02178,-1e-05,0.60955,0.001,2.024,2.024,10.61,0
1.905,0.02178,-1e-05,0.60955,0.001,2.024,2.024,10.61,0
1.91,0.02178,-1e-05,0.60955,0.001,2.024,2.024,10.61,0
1.915,0.02178,-1e-05,0.60955,0.001,2.024,2.024,10.61,0
1.92,0.02178,-1e-05,0.60955,0.001,2.024,2.024,10.61,0
1.925,0.02178,-1e-05,0.60955,0.001,2.024,2.024,10.61,0
1.93,0.02178,-1e-05,0.60955,0.001,2.023,2.023,10.61,0
1.935,0.02178,-1e-05,0.60955,0.001,2.023,2.023,10.61,0
1.94,0.02177,-1e-05,0.60955,0.001,2.023,2.023,10.61,0
1.945,0.02177,-1e-05,0.60955,0.001,2.023,2.023,10.61,0
1.95,0.02177,-1e-05,0.60955,0.001,2.022,2.022,10.61,0
1.955,0.02177,-1e-05,0.60955,0.001,2.022,2.022,10.61,0
1.96,0.02176,-1e-05,0.60955,0.001,2.022,2.022,10.61,0
1.965,0.02176,-1e-05,0.60955,0.001,2.022,2.022,10.61,0
1.97,0.02176,-1e-05,0.60955,0.001,2.021,2.021,10.61,0
1.975,0.02176,-1e-05,0.60955,0.001,2.021,2.021,10.61,0
1.98,0.02175,-1e-05,0.60955,0.001,2.021,2.021,10.61,0
1.985,0.02175,-1e-05,0.60955,0.001,2.02,2.02,10.61,0
1.99,0.02175,-1e-05,0.60955,0.001,2.02,2.02,10.61,0
1.995,0.02174,-1e-05,0.60955,0.001,2.02,2.02,10.61,0
2.0,0.02174,-1e-05,0.60955,0.001,2.019,2.019,10.61,0
2.005,0.02174,-1e-05,0.60955,0.001,2.019,2.019,10.61,0
2.01,0.02173,-1e-05,0.60955,0.001,2.019,2.019,10.61,0
2.015,0.02173,-1e-05,0.60955,0.001,2.018,2.018,10.61,0
2.02,0.02173,-1e-05,0.60955,0.001,2.018,2.018,10.61,0
2.025,0.02172,-1e-05,0.60955,0.001,2.018,2.018,10.61,0
2.03,0.02172,-1e-05,0.60955,0.001,2.017,2.017,10.61,0
2.035,0.02172,-1e-05,0.60955,0.001,2.017,2.017,10.61,0
2.04,0.02172,-1e-05,0.60955,0.001,2.017,2.017,10.61,0
2.045,0.02171,-1e-05,0.60956,0.001,2.016,2.016,10.61,0
2.05,0.02171,-1e-05,0.60956,0.001,2.016,2.016,10.61,0
2.055,0.02171,-1e-05,0.60956,0.001,2.016,2.016,10.61,0
2.06,0.0217,-1e-05,0.60956,0.001,2.015,2.015,10.61,0
2.065,0.0217,-1e-05,0.60956,0.001,2.015,2.015,10.61,0
2.07,0.0217,-1e-05,0.60956,0.001,2.015,2.015,10.61,0
2.075,0.0217,-1e-05,0.60956,0.001,2.014,2.014,10.61,0
2.08,0.02169,-1e-05,0.60956,0.001,2.014,2.014,10.61,0
2.085,0.02169,-1e-05,0.60956,0.001,2.014,2.014,10.61,0
2.09,0.02169,-1e-05,0.60956,0.001,2.014,2.014,10.61,0
2.095,0.02169,-1e-05,0.60956,0.001,2.013,2.013,10.61,0
2.1,0.02169,-1e-05,0.60956,0.001,2.013,2.013,10.61,0
2.105,0.02168,-1e-05,0.60956,0.001,2.013,2.013,10.61,0
2.11,0.02168,-1e-05,0.60956,0.001,2.012,2.012,10.61,0
2.115,0.02168,-1e-05,0.60956,0.001,2.012,2.012,10.61,0
2.12,0.02168,-1e-05,0.60956,0.001,2.012,2.012,10.61,0
2.125,0.02168,-1e-05,0.60956,0.001,2.012,2.012,10.61,0
2.13,0.02168,-1e-05,0.60956,0.001,2.012,2.012,10.61,0
2.135,0.02167,-1e-05,0.60956,0.001,2.011,2.011,10.61,0
2.14,0.02167,-1e-05,0.60956,0.001,2.011,2.011,10.61,0
2.145,0.02167,-1e-05,0.60956,0.001,2.011,2.011,10.61,0
2.15,0.02167,-1e-05,0.60956,0.001,2.011,2.011,10.61,0
2.155,0.02167,-1e-05,0.60956,0.001,2.011,2.011,10.61,0
2.16,0.02167,-1e-05,0.60956,0.001,2.011,2.011,10.61,0
2.165,0.02167,-1e-05,0.60956,0.001,2.011,2.011,10.61,0
2.17,0.02167,-1e-05,0.60956,0.001,2.01,2.01,10.61,0
2.175,0.02167,-1e-05,0.60956,0.001,2.01,2.01,10.61,0
2.18,0.02167,-1e-05,0.60956,0.001,2.01,2.01,10.61,0
2.185,0.02167,-1e-05,0.60956,0.001,2.01,2.01,10.61,0
2.19,0.02167,-1e-05,0.60956,0.001,2.01,2.01,10.61,0
2.195,0.02167,-1e-05,0.60956,0.001,2.01,2.01,10.61,0
2.2,0.02167,-1e-05,0.60956,0.001,2.01,2.01,10.61,0
2.205,0.02167,-1e-05,0.60956,0.001,2.01,2.01,10.61,0
2.21,0.02167,-1e-05,0.60956,0.001,2.01,2.01,10.61,0
2.215,0.02167,-1e-05,0.60956,0.001,2.01,2.01,10.61,0
2.22,0.02167,-1e-05,0.60956,0.001,2.01,2.01,10.61,0
2.225,0.02167,-1e-05,0.60956,0.001,2.01,2.01,10.61,0
2.23,0.02167,-1e-05,0.60956,0.001,2.01,2.01,10.61,0
2.235,0.02167,-1e-05,0.60956,0.001,2.01,2.01,10.61,0
2.24,0.02167,-1e-05,0.60956,0.001,2.01,2.01,10.61,0
2.245,0.02168,-1e-05,0.60956,0.001,2.01,2.01,10.61,0
2.25,0.02168,-1e-05,0.60956,0.001,2.01,2.01,10.61,0
2.255,0.02168,-1e-05,0.60956,0.001,2.01,2.01,10.61,0
2.26,0.02168,-1e-05,0.60956,0.001,2.01,2.01,10.61,0
2.265,0.02168,-1e-05,0.60956,0.001,2.01,2.01,10.61,0
2.27,0.02168,-1e-05,0.60956,0.001,2.01,2.01,10.61,0
2.275,0.02168,-1e-05,0.60956,0.001,2.01,2.01,10.61,0
2.28,0.02168,-1e-05,0.60956,0.001,2.01,2.01,10.61,0
2.285,0.02168,-1e-05,0.60956,0.001,2.01,2.01,10.61,0
2.29,0.02168,-1e-05,0.60956,0.001,2.01,2.01,10.61,0
2.295,0.02168,-1e-05,0.60956,0.001,2.01,2.01,10.61,0
2.3,0.02169,-1e-05,0.60956,0.001,2.01,2.01,10.61,0
2.305,0.02169,-1e-05,0.60956,0.001,2.01,2.01,10.61,0
2.31,0.02169,-1e-05,0.60956,0.001,2.01,2.01,10.61,0
2.315,0.02169,-1e-05,0.60956,0.001,2.01,2.01,10.61,0
2.32,0.02169,-1e-05,0.60956,0.001,2.01,2.01,10.61,0
2.325,0.02169,-1e-05,0.60956,0.001,2.01,2.01,10.61,0
2.33,0.02169,-1e-05,0.60956,0.001,2.01,2.01,10.61,0
2.335,0.02169,-1e-05,0.60956,0.001,2.011,2.011,10.61,0
2.34,0.02169,-1e-05,0.60956,0.001,2.011,2.011,10.61,0
2.345,0.02169,-1e-05,0.60956,0.001,2.011,2.011,10.61,0
2.35,0.02169,-1e-05,0.60956,0.001,2.011,2.011,10.61,0
2.355,0.02169,-1e-05,0.60956,0.001,2.011,2.011,10.61,0
2.36,0.02169,-1e-05,0.60956,0.001,2.011,2.011,10.61,0
2.365,0.02169,-1e-05,0.60956,0.001,2.011,2.011,10.61,0
2.37,0.02169,-1e-05,0.60956,0.001,2.011,2.011,10.61,0
2.375,0.0217,-1e-05,0.60956,0.001,2.011,2.011,10.61,0
2.38,0.0217,-1e-05,0.60956,0.001,2.011,2.011,10.61,0
2.385,0.0217,-1e-05,0.60956,0.001,2.01,2.01,10.61,0
2.39,0.0217,-1e-05,0.60956,0.001,2.01,2.01,10.61,0
2.395,0.0217,-1e-05,0.60956,0.001,2.01,2.01,10.61,0
2.4,0.0217,-1e-05,0.60956,0.001,2.01,2.01,10.61,0
2.405,0.0217,-1e-05,0.60956,0.001,2.01,2.01,10.61,0
2.41,0.0217,-1e-05,0.60956,0.001,2.01,2.01,10.61,0
2.415,0.0217,-1e-05,0.60956,0.001,2.01,2.01,10.61,0
2.42,0.0217,-1e-05,0.60956,0.001,2.01,2.01,10.61,0
2.425,0.0217,-1e-05,0.60956,0.001,2.01,2.01,10.61,0
2.43,0.02169,-1e-05,0.60956,0.001,2.01,2.01,10.61,0
2.435,0.02169,-1e-05,0.60956,0.001,2.01,2.01,10.61,0
2.44,0.02169,-1e-05,0.60956,0.001,2.01,2.01,10.61,0
2.445,0.02169,-1e-05,0.60956,0.001,2.01,2.01,10.61,0
2.45,0.02169,-1e-05,0.60956,0.001,2.01,2.01,10.61,0
2.455,0.02169,-1e-05,0.60956,0.001,2.01,2.01,10.61,0
2.46,0.02169,-1e-05,0.60956,0.001,2.009,2.009,10.61,0
2.465,0.02169,-1e-05,0.60956,0.001,2.009,2.009,10.61,0
2.47,0.02169,-1e-05,0.60956,0.001,2.009,2.009,10.61,0
2.475,0.02169,-1e-05,0.60956,0.001,2.009,2.009,10.61,0
2.48,0.02169,-1e-05,0.60956,0.001,2.009,2.009,10.61,0
2.485,0.02169,-1e-05,0.60956,0.001,2.009,2.009,10.61,0
2.49,0.02169,-1e-05,0.60956,0.001,2.009,2.009,10.61,0
2.495,0.02169,-1e-05,0.60956,0.001,2.009,2.009,10.61,0
2.5,0.02169,-1e-05,0.60956,0.001,2.008,2.008,10.61,0
2.505,0.02168,-1e-05,0.60956,0.001,2.008,2.008,10.61,0
2.51,0.02168,-1e-05,0.60956,0.001,2.008,2.008,10.6,0
2.515,0.02168,-1e-05,0.60956,0.001,2.008,2.008,10.6,0
2.52,0.02168,-1e-05,0.60956,0.001,2.008,2.008,10.6,0
2.525,0.02168,-1e-05,0.60956,0.001,2.008,2.008,10.6,0
2.53,0.02168,-1e-05,0.60956,0.001,2.008,2.008,10.6,0
2.535,0.02168,-1e-05,0.60956,0.001,2.007,2.007,10.6,0
2.54,0.02168,-1e-05,0.60956,0.001,2.007,2.007,10.6,0
2.545,0.02168,-1e-05,0.60956,0.001,2.007,2.007,10.6,0
2.55,0.02167,-1e-05,0.60956,0.001,2.007,2.007,10.6,0
2.555,0.02167,-1e-05,0.60956,0.001,2.007,2.007,10.6,0
2.56,0.02167,-1e-05,0.60956,0.001,2.007,2.007,10.6,0
2.565,0.02167,-1e-05,0.60956,0.001,2.006,2.006,10.6,0
2.57,0.02167,-1e-05,0.60956,0.001,2.006,2.006,10.6,0
2.575,0.02167,-1e-05,0.60956,0.001,2.006,2.006,10.6,0
2.58,0.02167,-1e-05,0.60956,0.001,2.006,2.006,10.6,0
2.585,0.02167,-1e-05,0.60956,0.001,2.006,2.006,10.6,0
2.59,0.02167,-1e-05,0.60956,0.001,2.006,2.006,10.6,0
2.595,0.02166,-1e-05,0.60956,0.001,2.006,2.006,10.6,0
2.6,0.02166,-1e-05,0.60956,0.001,2.005,2.005,10.6,0
2.605,0.02166,-1e-05,0.60956,0.001,2.005,2.005,10.6,0
2.61,0.02166,-1e-05,0.60956,0.001,2.005,2.005,10.6,0
2.615,0.02166,-1e-05,0.60956,0.001,2.005,2.005,10.6,0
2.62,0.02166,-1e-05,0.60956,0.001,2.005,2.005,10.6,0
2.625,0.02166,-1e-05,0.60956,0.001,2.005,2.005,10.6,0
2.63,0.02166,-1e-05,0.60956,0.001,2.005,2.005,10.6,0
2.635,0.02166,-1e-05,0.60957,0.001,2.004,2.004,10.6,0
2.64,0.02166,-1e-05,0.60957,0.001,2.004,2.004,10.6,0
2.645,0.02166,-1e-05,0.60957,0.001,2.004,2.004,10.6,0
2.65,0.02166,-1e-05,0.60957,0.001,2.004,2.004,10.6,0
2.655,0.02165,-1e-05,0.60957,0.001,2.004,2.004,10.6,0
2.66,0.02165,-1e-05,0.60957,0.001,2.004,2.004,10.6,0
2.665,0.02165,-1e-05,0.60957,0.001,2.004,2.004,10.6,0
2.67,0.02165,-1e-05,0.60957,0.001,2.004,2.004,10.6,0
2.675,0.02165,-1e-05,0.60957,0.001,2.004,2.004,10.6,0
2.68,0.02165,-1e-05,0.60957,0.001,2.003,2.003,10.6,0
2.685,0.02165,-1e-05,0.60957,0.001,2.003,2.003,10.6,0
2.69,0.02165,-1e-05,0.60957,0.001,2.003,2.003,10.6,0
2.695,0.02165,-1e-05,0.60957,0.001,2.003,2.003,10.6,0
2.7,0.02165,-1e-05,0.60957,0.001,2.003,2.003,10.6,0
2.705,0.02165,-1e-05,0.60957,0.001,2.003,2.003,10.6,0
2.71,0.02165,-1e-05,0.60957,0.001,2.003,2.003,10.6,0
2.715,0.02165,-1e-05,0.60957,0.001,2.003,2.003,10.6,0
2.72,0.02165,-1e-05,0.60957,0.001,2.003,2.003,10.6,0
2.725,0.02165,-1e-05,0.60957,0.001,2.003,2.003,10.6,0
2.73,0.02165,-1e-05,0.60957,0.001,2.003,2.003,10.6,0
2.735,0.02165,-1e-05,0.60957,0.001,2.002,2.002,10.6,0
2.74,0.02165,-1e-05,0.60957,0.001,2.002,2.002,10.6,0
2.745,0.02165,-1e-05,0.60957,0.001,2.002,2.002,10.6,0
2.75,0.02165,-1e-05,0.60957,0.001,2.002,2.002,10.6,0
2.755,0.02165,-1e-05,0.60957,0.001,2.002,2.002,10.6,0
2.76,0.02165,-1e-05,0.60957,0.001,2.002,2.002,10.6,0
2.765,0.02165,-1e-05,0.60957,0.001,2.002,2.002,10.6,0
2.77,0.02165,-1e-05,0.60957,0.001,2.002,2.002,10.6,0
2.775,0.02165,-1e-05,0.60957,0.001,2.002,2.002,10.6,0
2.78,0.02165,-1e-05,0.60957,0.001,2.002,2.002,10.6,0
2.785,0.02165,-1e-05,0.60957,0.001,2.002,2.002,10.6,0
2.79,0.02165,-1e-05,0.60957,0.001,2.002,2.002,10.6,0
2.795,0.02165,-1e-05,0.60957,0.001,2.002,2.002,10.6,0
2.8,0.02165,-1e-05,0.60957,0.001,2.002,2.002,10.6,0
2.805,0.02165,-1e-05,0.60957,0.001,2.002,2.002,10.6,0
2.81,0.02165,-1e-05,0.60957,0.001,2.002,2.002,10.6,0
2.815,0.02165,-1e-05,0.60957,0.001,2.001,2.001,10.6,0
2.82,0.02165,-1e-05,0.60957,0.001,2.001,2.001,10.6,0
2.825,0.02165,-1e-05,0.60957,0.001,2.001,2.001,10.6,0
2.83,0.02165,-1e-05,0.60957,0.001,2.001,2.001,10.6,0
2.835,0.02165,-1e-05,0.60957,0.001,2.001,2.001,10.6,0
2.84,0.02165,-1e-05,0.60957,0.001,2.001,2.001,10.6,0
2.845,0.02165,-1e-05,0.60957,0.001,2.001,2.001,10.6,0
2.85,0.02165,-1e-05,0.60957,0.001,2.001,2.001,10.6,0
2.855,0.02165,-1e-05,0.60957,0.001,2.001,2.001,10.6,0
2.86,0.02165,-1e-05,0.60957,0.001,2.001,2.001,10.6,0
2.865,0.02165,-1e-05,0.60957,0.001,2.001,2.001,10.6,0
2.87,0.02165,-1e-05,0.60957,0.001,2.001,2.001,10.6,0
2.875,0.02165,-1e-05,0.60957,0.001,2.001,2.001,10.6,0
2.88,0.02165,-1e-05,0.60957,0.001,2.001,2.001,10.6,0
2.885,0.02165,-1e-05,0.60957,0.001,2.001,2.001,10.6,0
2.89,0.02165,-1e-05,0.60957,0.001,2.001,2.001,10.6,0
2.895,0.02165,-1e-05,0.60957,0.001,2.001,2.001,10.6,0
2.9,0.02165,-1e-05,0.60957,0.001,2.001,2.001,10.6,0
2.905,0.02165,-1e-05,0.60957,0.001,2.0,2.0,10.6,0
2.91,0.02165,-1e-05,0.60957,0.001,2.0,2.0,10.6,0
2.915,0.02164,-1e-05,0.60957,0.001,2.0,2.0,10.6,0
2.92,0.02164,-1e-05,0.60957,0.001,2.0,2.0,10.6,0
2.925,0.02164,-1e-05,0.60957,0.001,2.0,2.0,10.6,0
2.93,0.02164,-1e-05,0.60957,0.001,2.0,2.0,10.6,0
2.935,0.02164,-1e-05,0.60957,0.001,2.0,2.0,10.6,0
2.94,0.02164,-1e-05,0.60957,0.001,2.0,2.0,10.6,0
2.945,0.02164,-1e-05,0.60957,0.001,2.0,2.0,10.6,0
2.95,0.02164,-1e-05,0.60957,0.001,2.0,2.0,10.6,0
2.955,0.02164,-1e-05,0.60957,0.001,2.0,2.0,10.6,0
2.96,0.02164,-1e-05,0.60957,0.001,2.0,2.0,10.6,0
2.965,0.02164,-1e-05,0.60957,0.001,2.0,2.0,10.6,0
2.97,0.02164,-1e-05,0.60957,0.001,2.0,2.0,10.6,0
2.975,0.02164,-1e-05,0.60957,0.001,1.999,1.999,10.6,0
2.98,0.02164,-1e-05,0.60957,0.001,1.999,1.999,10.6,0
2.985,0.02164,-1e-05,0.60957,0.001,1.999,1.999,10.6,0
2.99,0.02164,-1e-05,0.60957,0.001,1.999,1.999,10.6,0
2.995,0.02164,-1e-05,0.60957,0.001,1.999,1.999,10.6,0
3.0,0.02164,-1e-05,0.60957,0.001,1.999,1.999,10.6,0
3.005,0.02174,-1e-05,0.60957,0.001,1.987,1.987,10.6,1
3.01,0.02194,-1e-05,0.60957,0.001,1.966,1.966,10.74,1
3.015,0.0222,-1e-05,0.60957,0.001,1.939,1.939,10.93,1
3.02,0.02254,-1e-05,0.60956,0.001,1.91,1.91,11.15,1
3.025,0.02293,-1e-05,0.60955,0.001,1.881,1.881,11.4,1
3.03,0.02337,-1e-05,0.60952,0.001,1.855,1.855,11.66,1
3.035,0.02384,-1e-05,0.60949,0.001,1.832,1.832,11.94,1
3.04,0.02435,-1e-05,0.60945,0.001,1.815,1.815,12.23,1
3.045,0.02489,-1e-05,0.6094,0.001,1.805,1.805,12.52,1
3.05,0.02545,-1e-05,0.60934,0.001,1.802,1.802,12.81,1
3.055,0.02603,-1e-05,0.60928,0.001,1.807,1.807,13.1,1
3.06,0.02664,-1e-05,0.6092,0.001,1.821,1.821,13.39,1
3.065,0.02724,-1e-05,0.60914,0.001,1.846,1.846,13.68,1
3.07,0.02784,-1e-05,0.6091,0.001,1.883,1.883,13.62,1
3.075,0.02845,-1e-05,0.60907,0.001,1.93,1.93,13.52,1
3.08,0.02907,-1e-05,0.60905,0.001,1.986,1.986,13.42,1
3.085,0.0297,-1e-05,0.60903,0.001,2.049,2.049,13.35,1
3.09,0.03036,-1e-05,0.60901,0.001,2.118,2.118,13.31,1
3.095,0.03104,-1e-05,0.60899,0.001,2.192,2.192,13.25,1
3.1,0.03176,-1e-05,0.60897,0.001,2.27,2.27,13.21,1
3.105,0.03239,-1e-05,0.60894,0.001,2.366,2.366,13.17,0
3.11,0.03295,-1e-05,0.60888,0.001,2.477,2.477,13.13,0
3.115,0.03346,-1e-05,0.60881,0.001,2.599,2.599,13.09,0
3.12,0.03391,-1e-05,0.60873,0.001,2.729,2.729,13.07,0
3.125,0.03433,-1e-05,0.60863,0.001,2.867,2.867,13.05,0
3.13,0.03472,-1e-05,0.60853,0.001,3.009,3.009,13.04,0
3.135,0.03508,-0.0,0.60842,0.001,3.153,3.153,13.03,0
3.14,0.03543,-0.0,0.60831,0.001,3.298,3.298,13.04,0
3.145,0.03576,-0.0,0.6082,0.0,3.442,3.442,13.05,0
3.15,0.03608,-0.0,0.60809,0.0,3.585,3.585,13.06,0
3.155,0.0364,-0.0,0.60798,0.0,3.725,3.725,13.06,0
3.16,0.03671,-0.0,0.60787,0.0,3.861,3.861,13.06,0
3.165,0.03703,-0.0,0.60776,0.0,3.992,3.992,13.06,0
3.17,0.03734,-0.0,0.60766,0.0,4.117,4.117,13.06,0
3.175,0.03767,-0.0,0.60757,0.0,4.237,4.237,13.06,0
3.18,0.038,-0.0,0.60748,0.0,4.351,4.351,13.06,0
3.185,0.03833,-0.0,0.60739,0.0,4.458,4.458,13.06,0
3.19,0.03868,-0.0,0.60732,0.0,4.559,4.559,13.06,0
3.195,0.03903,-0.0,0.60725,0.0,4.654,4.654,13.06,0
3.2,0.03939,-0.0,0.60719,0.0,4.742,4.742,13.06,0
3.205,0.03976,-0.0,0.60713,0.0,4.823,4.823,13.06,0
3.21,0.04013,-0.0,0.60708,0.0,4.898,4.898,13.06,0
3.215,0.04052,-0.0,0.60704,0.0,4.968,4.968,13.06,0
3.22,0.04091,-0.0,0.607,0.0,5.032,5.032,13.06,0
3.225,0.0413,-0.0,0.60697,0.0,5.09,5.09,13.06,0
3.23,0.0417,-0.0,0.60695,0.0,5.144,5.144,13.05,0
3.235,0.0421,-0.0,0.60693,0.0,5.193,5.193,13.05,0
3.24,0.0425,-0.0,0.60691,0.0,5.237,5.237,13.05,0
3.245,0.0429,-0.0,0.6069,0.0,5.279,5.279,13.05,0
3.25,0.0433,-0.0,0.60689,0.0,5.318,5.318,13.05,0
3.255,0.04369,-0.0,0.60688,0.0,5.356,5.356,13.05,0
3.26,0.04407,-0.0,0.60687,0.0,5.392,5.392,13.05,0
3.265,0.04444,-0.0,0.60686,0.0,5.428,5.428,13.05,0
3.27,0.04481,-0.0,0.60685,0.0,5.463,5.463,13.05,0
3.275,0.04517,-0.0,0.60684,0.0,5.496,5.496,13.05,0
3.28,0.04552,-0.0,0.60683,0.0,5.529,5.529,13.05,0
3.285,0.04586,-0.0,0.60682,0.0,5.562,5.562,13.05,0
3.29,0.04619,-0.0,0.60681,0.0,5.593,5.593,13.05,0
3.295,0.04652,-0.0,0.6068,0.0,5.624,5.624,13.05,0
3.3,0.04683,-0.0,0.60679,0.0,5.654,5.654,13.05,0
3.305,0.04714,-0.0,0.60678,0.0,5.683,5.683,13.05,0
3.31,0.04745,-0.0,0.60677,0.0,5.712,5.712,13.05,0
3.315,0.04774,-0.0,0.60677,0.0,5.74,5.74,13.05,0
3.32,0.04803,-0.0,0.60676,0.0,5.767,5.767,13.06,0
3.325,0.04831,-0.0,0.60675,0.0,5.793,5.793,13.06,0
3.33,0.04858,-0.0,0.60674,0.0,5.819,5.819,13.06,0
3.335,0.04885,-0.0,0.60673,0.0,5.844,5.844,13.06,0
3.34,0.04911,-0.0,0.60672,0.0,5.869,5.869,13.06,0
3.345,0.04936,-0.0,0.60671,0.0,5.893,5.893,13.06,0
3.35,0.04961,-0.0,0.6067,0.0,5.916,5.916,13.06,0
3.355,0.04985,-0.0,0.60669,0.0,5.938,5.938,13.06,0
3.36,0.05008,-0.0,0.60669,0.0,5.96,5.96,13.06,0
3.365,0.0503,-0.0,0.60668,0.0,5.982,5.982,13.06,0
3.37,0.05052,-0.0,0.60667,0.0,6.002,6.002,13.06,0
3.375,0.05073,-0.0,0.60666,0.001,6.023,6.023,13.06,0
3.38,0.05094,-0.0,0.60665,0.001,6.042,6.042,13.06,0
3.385,0.05114,-0.0,0.60665,0.001,6.061,6.061,13.06,0
3.39,0.05133,-0.0,0.60664,0.001,6.079,6.079,13.06,0
3.395,0.05152,-1e-05,0.60663,0.001,6.097,6.097,13.06,0
3.4,0.0517,-1e-05,0.60663,0.001,6.114,6.114,13.06,0
3.405,0.05188,-1e-05,0.60662,0.001,6.131,6.131,13.06,0
3.41,0.05204,-1e-05,0.60661,0.001,6.147,6.147,13.06,0
3.415,0.05221,-1e-05,0.60661,0.001,6.162,6.162,13.06,0
3.42,0.05236,-1e-05,0.6066,0.001,6.177,6.177,13.06,0
3.425,0.05252,-1e-05,0.60659,0.001,6.191,6.191,13.06,0
3.43,0.05266,-1e-05,0.60659,0.001,6.205,6.205,13.06,0
3.435,0.0528,-1e-05,0.60658,0.001,6.218,6.218,13.06,0
3.44,0.05293,-1e-05,0.60658,0.001,6.231,6.231,13.06,0
3.445,0.05306,-1e-05,0.60657,0.001,6.243,6.243,13.06,0
3.45,0.05318,-1e-05,0.60657,0.001,6.254,6.254,13.06,0
3.455,0.0533,-1e-05,0.60656,0.001,6.265,6.265,13.06,0
3.46,0.05341,-1e-05,0.60656,0.001,6.276,6.276,13.06,0
3.465,0.05352,-1e-05,0.60655,0.001,6.286,6.286,13.06,0
3.47,0.05362,-1e-05,0.60655,0.001,6.295,6.295,13.06,0
3.475,0.05371,-1e-05,0.60654,0.001,6.304,6.304,13.06,0
3.48,0.0538,-1e-05,0.60654,0.001,6.313,6.313,13.06,0
3.485,0.05388,-1e-05,0.60654,0.001,6.32,6.32,13.06,0
3.49,0.05396,-1e-05,0.60653,0.001,6.328,6.328,13.06,0
3.495,0.05403,-1e-05,0.60653,0.001,6.335,6.335,13.06,0
3.5,0.0541,-1e-05,0.60653,0.001,6.341,6.341,13.06,0
3.505,0.05416,-1e-05,0.60653,0.001,6.347,6.347,13.06,0
3.51,0.05422,-1e-05,0.60652,0.001,6.352,6.352,13.06,0
3.515,0.05427,-1e-05,0.60652,0.001,6.357,6.357,13.06,0
3.52,0.05431,-1e-05,0.60652,0.001,6.361,6.361,13.06,0
3.525,0.05435,-1e-05,0.60652,0.001,6.365,6.365,13.06,0
3.53,0.05439,-1e-05,0.60652,0.001,6.369,6.369,13.06,0
3.535,0.05442,-1e-05,0.60651,0.001,6.371,6.371,13.06,0
3.54,0.05444,-1e-05,0.60651,0.001,6.374,6.374,13.06,0
3.545,0.05446,-1e-05,0.60651,0.001,6.376,6.376,13.06,0
3.55,0.05448,-1e-05,0.60651,0.001,6.377,6.377,13.06,0
3.555,0.05448,-1e-05,0.60651,0.001,6.378,6.378,13.06,0
3.56,0.05449,-1e-05,0.60651,0.001,6.378,6.378,13.06,0
3.565,0.05449,-1e-05,0.60651,0.001,6.378,6.378,13.06,0
3.57,0.05448,-1e-05,0.60651,0.001,6.377,6.377,13.06,0
3.575,0.05447,-1e-05,0.60651,0.001,6.376,6.376,13.06,0
3.58,0.05445,-1e-05,0.60651,0.001,6.375,6.375,13.06,0
3.585,0.05443,-1e-05,0.60651,0.001,6.372,6.372,13.06,0
3.59,0.0544,-1e-05,0.60651,0.001,6.37,6.37,13.06,0
3.595,0.05436,-1e-05,0.60652,0.001,6.367,6.367,13.06,0
3.6,0.05433,-1e-05,0.60652,0.001,6.363,6.363,13.06,0
3.605,0.05428,-1e-05,0.60652,0.001,6.359,6.359,13.06,0
3.61,0.05423,-1e-05,0.60652,0.001,6.354,6.354,13.06,0
3.615,0.05418,-1e-05,0.60652,0.001,6.349,6.349,13.06,0
3.62,0.05412,-1e-05,0.60653,0.001,6.344,6.344,13.06,0
3.625,0.05405,-1e-05,0.60653,0.001,6.337,6.337,13.06,0
3.63,0.05398,-1e-05,0.60653,0.001,6.331,6.331,13.06,0
3.635,0.05391,-1e-05,0.60654,0.001,6.324,6.324,13.06,0
3.64,0.05382,-1e-05,0.60654,0.001,6.316,6.316,13.06,0
3.645,0.05374,-1e-05,0.60654,0.001,6.308,6.308,13.06,0
3.65,0.05364,-1e-05,0.60655,0.001,6.299,6.299,13.06,0
3.655,0.05355,-1e-05,0.60655,0.001,6.29,6.29,13.06,0
3.66,0.05344,-1e-05,0.60655,0.001,6.28,6.28,13.06,0
3.665,0.05333,-1e-05,0.60656,0.001,6.27,6.27,13.06,0
3.67,0.05322,-1e-05,0.60656,0.001,6.259,6.259,13.06,0
3.675,0.0531,-1e-05,0.60657,0.001,6.247,6.247,13.06,0
3.68,0.05297,-1e-05,0.60657,0.001,6.236,6.236,13.06,0
3.685,0.05284,-1e-05,0.60658,0.001,6.223,6.223,13.06,0
3.69,0.0527,-1e-05,0.60658,0.001,6.21,6.21,13.06,0
3.695,0.05256,-1e-05,0.60659,0.001,6.197,6.197,13.06,0
3.7,0.05241,-1e-05,0.6066,0.001,6.183,6.183,13.06,0
3.705,0.05225,-1e-05,0.6066,0.001,6.168,6.168,13.06,0
3.71,0.05209,-1e-05,0.60661,0.001,6.153,6.153,13.06,0
3.715,0.05192,-1e-05,0.60661,0.001,6.137,6.137,13.06,0
3.72,0.05175,-1e-05,0.60662,0.001,6.121,6.121,13.06,0
3.725,0.05157,-1e-05,0.60663,0.001,6.104,6.104,13.06,0
3.73,0.05138,-1e-05,0.60663,0.001,6.086,6.086,13.06,0
3.735,0.05119,-1e-05,0.60664,0.001,6.068,6.068,13.06,0
3.74,0.05099,-1e-05,0.60665,0.001,6.049,6.049,13.06,0
3.745,0.05079,-1e-05,0.60666,0.001,6.03,6.03,13.06,0
3.75,0.05058,-1e-05,0.60666,0.001,6.01,6.01,13.06,0
3.755,0.05036,-1e-05,0.60667,0.001,5.99,5.99,13.06,0
3.76,0.05014,-1e-05,0.60668,0.001,5.969,5.969,13.06,0
3.765,0.0499,-1e-05,0.60669,0.001,5.947,5.947,13.06,0
3.77,0.04967,-1e-05,0.6067,0.001,5.924,5.924,13.06,0
3.775,0.04942,-1e-05,0.6067,0.001,5.901,5.901,13.06,0
3.78,0.04917,-1e-05,0.60671,0.001,5.878,5.878,13.06,0
3.785,0.04891,-1e-05,0.60672,0.001,5.853,5.853,13.06,0
3.79,0.04865,-1e-05,0.60673,0.001,5.828,5.828,13.06,0
3.795,0.04838,-1e-05,0.60674,0.001,5.803,5.803,13.06,0
3.8,0.0481,-1e-05,0.60675,0.001,5.776,5.776,13.06,0
3.805,0.04781,-1e-05,0.60676,0.001,5.749,5.749,13.06,0
3.81,0.04751,-1e-05,0.60677,0.001,5.721,5.721,13.06,0
3.815,0.04721,-1e-05,0.60678,0.001,5.693,5.693,13.06,0
3.82,0.0469,-1e-05,0.60679,0.001,5.664,5.664,13.06,0
3.825,0.04659,-1e-05,0.6068,0.001,5.634,5.634,13.06,0
3.83,0.04626,-1e-05,0.60681,0.001,5.603,5.603,13.06,0
3.835,0.04593,-1e-05,0.60682,0.001,5.572,5.572,13.06,0
3.84,0.04559,-1e-05,0.60682,0.001,5.54,5.54,13.06,0
3.845,0.04524,-1e-05,0.60683,0.001,5.507,5.507,13.06,0
3.85,0.04488,-1e-05,0.60684,0.001,5.473,5.473,13.06,0
3.855,0.04452,-1e-05,0.60685,0.001,5.439,5.439,13.06,0
3.86,0.04414,-1e-05,0.60686,0.001,5.404,5.404,13.06,0
3.865,0.04376,-1e-05,0.60687,0.001,5.368,5.368,13.06,0
3.87,0.04337,-1e-05,0.60688,0.001,5.331,5.331,13.06,0
3.875,0.04297,-1e-05,0.60689,0.001,5.293,5.293,13.06,0
3.88,0.04256,-1e-05,0.6069,0.001,5.255,5.255,13.06,0
3.885,0.04214,-1e-05,0.60691,0.001,5.215,5.215,13.06,0
3.89,0.04172,-1e-05,0.60692,0.001,5.175,5.175,13.06,0
3.895,0.04128,-1e-05,0.60693,0.001,5.134,5.134,13.06,0
3.9,0.04084,-1e-05,0.60694,0.001,5.092,5.092,13.06,0
3.905,0.04038,-1e-05,0.60695,0.001,5.049,5.049,13.06,0
3.91,0.03992,-1e-05,0.60696,0.001,5.005,5.005,13.06,0
3.915,0.03944,-1e-05,0.60697,0.001,4.96,4.96,13.06,0
3.92,0.03896,-1e-05,0.60698,0.001,4.915,4.915,13.06,0
3.925,0.03846,-1e-05,0.60698,0.001,4.868,4.868,13.06,0
3.93,0.03795,-1e-05,0.60699,0.001,4.82,4.82,13.06,0
3.935,0.03744,-1e-05,0.607,0.001,4.772,4.772,13.06,0
3.94,0.03691,-1e-05,0.60701,0.001,4.722,4.722,13.06,0
3.945,0.03637,-1e-05,0.60702,0.001,4.671,4.671,13.06,0
3.95,0.03583,-1e-05,0.60702,0.001,4.62,4.62,13.06,0
3.955,0.0353,-1e-05,0.60706,0.001,4.559,4.559,13.06,0
3.96,0.0348,-1e-05,0.60711,0.001,4.493,4.493,12.98,0
3.965,0.03431,-1e-05,0.60717,0.001,4.422,4.422,12.9,0
3.97,0.03382,-1e-05,0.60724,0.001,4.348,4.348,12.83,0
3.975,0.03336,-1e-05,0.60731,0.001,4.27,4.27,12.77,0
3.98,0.0329,-1e-05,0.60738,0.001,4.189,4.189,12.71,0
3.985,0.03246,-1e-05,0.60746,0.001,4.105,4.105,12.66,0
3.99,0.03202,-1e-05,0.60753,0.001,4.019,4.019,12.61,0
3.995,0.03159,-1e-05,0.60761,0.001,3.931,3.931,12.54,0
4.0,0.03117,-1e-05,0.60769,0.001,3.843,3.843,12.47,0
4.005,0.03074,-1e-05,0.60778,0.001,3.755,3.755,12.4,0
4.01,0.03032,-1e-05,0.60786,0.001,3.666,3.666,12.32,0
4.015,0.0299,-1e-05,0.60794,0.001,3.579,3.579,12.24,0
4.02,0.02948,-1e-05,0.60802,0.001,3.492,3.492,12.15,0
4.025,0.02906,-1e-05,0.60811,0.001,3.407,3.407,12.06,0
4.03,0.02863,-1e-05,0.60819,0.001,3.322,3.322,11.97,0
4.035,0.0282,-1e-05,0.60828,0.001,3.24,3.24,11.87,0
4.04,0.02776,-0.0,0.60836,0.001,3.159,3.159,11.76,0
4.045,0.02733,-0.0,0.60844,0.001,3.079,3.079,11.65,0
4.05,0.02689,-0.0,0.60853,0.001,3.001,3.001,11.54,0
4.055,0.02644,-0.0,0.60861,0.001,2.925,2.925,11.42,0
4.06,0.026,-0.0,0.60869,0.0,2.85,2.85,11.29,0
4.065,0.02555,-0.0,0.60878,0.0,2.777,2.777,11.17,0
4.07,0.0251,-0.0,0.60886,0.0,2.705,2.705,11.04,0
4.075,0.02465,-0.0,0.60894,0.0,2.634,2.634,10.91,0
4.08,0.0242,-0.0,0.60902,0.0,2.565,2.565,10.78,0
4.085,0.02374,-0.0,0.60911,0.0,2.497,2.497,10.64,0
4.09,0.02329,-0.0,0.60919,0.0,2.43,2.43,10.51,0
4.095,0.02284,-0.0,0.60927,0.0,2.364,2.364,10.37,0
4.1,0.02239,-0.0,0.60935,0.0,2.299,2.299,10.23,0
4.105,0.02194,-0.0,0.60943,0.0,2.234,2.234,10.1,0
4.11,0.02149,-0.0,0.60951,0.0,2.171,2.171,9.96,0
4.115,0.02104,-0.0,0.60958,0.0,2.108,2.108,9.82,0
4.12,0.02059,-0.0,0.60966,0.0,2.046,2.046,9.69,0
4.125,0.02015,-0.0,0.60974,0.0,1.984,1.984,9.56,0
4.13,0.01971,-0.0,0.60981,0.0,1.923,1.923,9.42,0
4.135,0.01928,-0.0,0.60989,0.0,1.863,1.863,9.29,0
4.14,0.01884,-0.0,0.60996,0.0,1.803,1.803,9.16,0
4.145,0.01841,-0.0,0.61004,0.0,1.743,1.743,9.04,0
4.15,0.01799,-0.0,0.61011,0.0,1.684,1.684,8.91,0
4.155,0.01757,0.0,0.61018,0.0,1.626,1.626,8.79,0
4.16,0.01715,0.0,0.61025,0.0,1.568,1.568,8.66,0
4.165,0.01673,0.0,0.61032,0.0,1.51,1.51,8.54,0
4.17,0.01633,0.0,0.61039,0.0,1.453,1.453,8.42,0
4.175,0.01592,0.0,0.61046,0.0,1.396,1.396,8.3,0
4.18,0.01552,0.0,0.61052,0.0,1.34,1.34,8.19,0
4.185,0.01512,0.0,0.61059,0.0,1.284,1.284,8.07,0
4.19,0.01473,0.0,0.61066,0.0,1.229,1.229,7.96,0
4.195,0.01435,0.0,0.61072,0.0,1.174,1.174,7.85,0
4.2,0.01396,0.0,0.61078,0.0,1.119,1.119,7.74,0
4.205,0.01359,0.0,0.61084,0.0,1.066,1.066,7.63,0
4.21,0.01321,0.0,0.61091,0.0,1.013,1.013,7.53,0
4.215,0.01285,0.0,0.61097,0.0,0.96,0.96,7.42,0
4.22,0.01248,0.0,0.61102,0.0,0.908,0.908,7.32,0
4.225,0.01213,0.0,0.61108,0.0,0.857,0.857,7.22,0
4.23,0.01177,0.0,0.61114,0.0,0.806,0.806,7.12,0
4.235,0.01142,0.0,0.6112,0.0,0.756,0.756,7.02,0
4.24,0.01108,0.0,0.61125,0.0,0.706,0.706,6.92,0
4.245,0.01074,0.0,0.6113,0.0,0.657,0.657,6.82,0
4.25,0.01041,0.0,0.61136,0.0,0.609,0.609,6.73,0
4.255,0.01008,0.0,0.61141,0.0,0.562,0.562,6.64,0
4.26,0.00976,0.0,0.61146,0.0,0.515,0.515,6.55,0
4.265,0.00944,0.0,0.61151,0.0,0.469,0.469,6.46,0
4.27,0.00913,0.0,0.61156,0.0,0.424,0.424,6.37,0
4.275,0.00882,0.0,0.61161,0.0,0.379,0.379,6.28,0
4.28,0.00851,0.0,0.61165,0.0,0.335,0.335,6.2,0
4.285,0.00822,0.0,0.6117,0.0,0.292,0.292,6.12,0
4.29,0.00792,0.0,0.61175,0.0,0.25,0.25,6.03,0
4.295,0.00764,0.0,0.61179,0.0,0.208,0.208,5.96,0
4.3,0.00736,0.0,0.61183,0.0,0.168,0.168,5.88,0
4.305,0.00708,0.0,0.61188,0.0,0.128,0.128,5.8,0
4.31,0.00681,0.0,0.61192,0.0,0.089,0.089,5.73,0
4.315,0.00654,0.0,0.61196,0.0,0.05,0.05,5.7,0
4.32,0.00628,0.0,0.612,0.0,0.013,0.013,5.75,0
4.325,0.00603,-0.0,0.61203,0.0,-0.024,0.024,5.8,0
4.33,0.00578,-0.0,0.61207,0.0,-0.06,0.06,5.85,0
4.335,0.00554,-0.0,0.61211,0.0,-0.095,0.095,5.89,0
4.34,0.0053,-0.0,0.61214,0.0,-0.129,0.129,5.94,0
4.345,0.00507,-0.0,0.61218,0.0,-0.162,0.162,5.99,0
4.35,0.00484,-0.0,0.61221,0.0,-0.195,0.195,6.03,0
4.355,0.00462,-0.0,0.61224,0.0,-0.227,0.227,6.07,0
4.36,0.00441,-0.0,0.61228,0.0,-0.258,0.258,6.12,0
4.365,0.0042,-0.0,0.61231,0.0,-0.288,0.288,6.16,0
4.37,0.004,-0.0,0.61234,0.0,-0.317,0.317,6.2,0
4.375,0.0038,-0.0,0.61237,0.0,-0.345,0.345,6.23,0
4.38,0.00361,-0.0,0.61239,0.0,-0.373,0.373,6.27,0
4.385,0.00342,-0.0,0.61242,0.0,-0.4,0.4,6.31,0
4.39,0.00325,-0.0,0.61245,0.0,-0.425,0.425,6.34,0
4.395,0.00307,-0.0,0.61247,0.0,-0.45,0.45,6.37,0
4.4,0.0029,-0.0,0.6125,0.0,-0.475,0.475,6.41,0
4.405,0.00274,-0.0,0.61252,0.0,-0.498,0.498,6.44,0
4.41,0.00259,-0.0,0.61254,0.0,-0.52,0.52,6.47,0
4.415,0.00244,-0.0,0.61256,0.0,-0.542,0.542,6.49,0
4.42,0.00229,-0.0,0.61258,0.0,-0.562,0.562,6.52,0
4.425,0.00216,-0.0,0.6126,0.0,-0.582,0.582,6.55,0
4.43,0.00202,-0.0,0.61262,0.0,-0.601,0.601,6.57,0
4.435,0.0019,-0.0,0.61264,0.0,-0.619,0.619,6.59,0
4.44,0.00178,-0.0,0.61266,0.0,-0.637,0.637,6.62,0
4.445,0.00167,-0.0,0.61267,0.001,-0.653,0.653,6.64,0
4.45,0.00156,-0.0,0.61269,0.001,-0.669,0.669,6.66,0
4.455,0.00146,-0.0,0.6127,0.001,-0.683,0.683,6.67,0
4.46,0.00136,-0.0,0.61272,0.001,-0.697,0.697,6.69,0
4.465,0.00127,-0.0,0.61273,0.001,-0.71,0.71,6.71,0
4.47,0.00119,-0.0,0.61274,0.001,-0.722,0.722,6.72,0
4.475,0.00111,-0.0,0.61275,0.001,-0.733,0.733,6.73,0
4.48,0.00104,-0.0,0.61276,0.001,-0.744,0.744,6.75,0
4.485,0.00097,-0.0,0.61277,0.001,-0.753,0.753,6.76,0
4.49,0.00091,-0.0,0.61278,0.001,-0.762,0.762,6.76,0
4.495,0.00086,-0.0,0.61279,0.001,-0.77,0.77,6.77,0
4.5,0.00081,-0.0,0.61279,0.001,-0.776,0.776,6.78,0
4.505,0.00077,-0.0,0.6128,0.001,-0.782,0.782,6.78,0
4.51,0.00073,-0.0,0.6128,0.001,-0.787,0.787,6.78,0
4.515,0.00069,-0.0,0.61281,0.001,-0.791,0.791,6.78,0
4.52,0.00067,-0.0,0.61281,0.001,-0.795,0.795,6.77,0
4.525,0.00065,-0.0,0.61281,0.001,-0.797,0.797,6.77,0
4.53,0.00063,-0.0,0.61281,0.0,-0.799,0.799,6.77,0
4.535,0.00062,-0.0,0.61281,0.0,-0.8,0.8,6.77,0
4.54,0.00062,-0.0,0.61281,0.0,-0.801,0.801,6.77,0
4.545,0.00062,-0.0,0.61281,0.0,-0.801,0.801,6.77,0
4.55,0.00063,-0.0,0.61281,0.0,-0.8,0.8,6.77,0
4.555,0.00064,-0.0,0.61281,0.0,-0.799,0.799,6.77,0
4.56,0.00066,-0.0,0.61281,0.0,-0.797,0.797,6.77,0
4.565,0.00069,-0.0,0.61281,0.0,-0.795,0.795,6.77,0
4.57,0.00072,-0.0,0.6128,0.0,-0.792,0.792,6.77,0
4.575,0.00075,-0.0,0.6128,0.0,-0.789,0.789,6.77,0
4.58,0.00079,-0.0,0.61279,0.0,-0.786,0.786,6.77,0
4.585,0.00083,-0.0,0.61279,0.0,-0.782,0.782,6.77,0
4.59,0.00088,-0.0,0.61278,0.0,-0.777,0.777,6.77,0
4.595,0.00093,-0.0,0.61278,0.0,-0.772,0.772,6.77,0
4.6,0.00099,-0.0,0.61277,0.0,-0.766,0.766,6.77,0
4.605,0.00105,-0.0,0.61276,0.0,-0.76,0.76,6.77,0
4.61,0.00112,-0.0,0.61275,0.0,-0.754,0.754,6.77,0
4.615,0.00118,-0.0,0.61274,0.001,-0.747,0.747,6.77,0
4.62,0.00126,-0.0,0.61273,0.001,-0.74,0.74,6.77,0
4.625,0.00133,-0.0,0.61272,0.001,-0.732,0.732,6.77,0
4.63,0.00142,-0.0,0.61271,0.001,-0.724,0.724,6.77,0
4.635,0.0015,-0.0,0.61269,0.001,-0.715,0.715,6.77,0
4.64,0.00159,-0.0,0.61268,0.001,-0.706,0.706,6.77,0
4.645,0.00168,-0.0,0.61266,0.001,-0.697,0.697,6.77,0
4.65,0.00178,-0.0,0.61265,0.001,-0.687,0.687,6.77,0
4.655,0.00188,-0.0,0.61263,0.001,-0.677,0.677,6.77,0
4.66,0.00198,-0.0,0.61262,0.001,-0.667,0.667,6.77,0
4.665,0.00209,-0.0,0.6126,0.001,-0.656,0.656,6.77,0
4.67,0.0022,-0.0,0.61258,0.001,-0.645,0.645,6.77,0
4.675,0.00231,-0.0,0.61257,0.001,-0.633,0.633,6.77,0
4.68,0.00243,-0.0,0.61255,0.001,-0.621,0.621,6.77,0
4.685,0.00255,-0.0,0.61253,0.001,-0.609,0.609,6.77,0
4.69,0.00267,-0.0,0.61251,0.001,-0.597,0.597,6.77,0
4.695,0.0028,-0.0,0.61249,0.001,-0.584,0.584,6.77,0
4.7,0.00292,-0.0,0.61247,0.001,-0.571,0.571,6.76,0
4.705,0.00306,-0.0,0.61245,0.001,-0.558,0.558,6.76,0
4.71,0.00319,-0.0,0.61243,0.001,-0.544,0.544,6.76,0
4.715,0.00333,-0.0,0.61241,0.001,-0.53,0.53,6.76,0
4.72,0.00347,-0.0,0.61239,0.001,-0.516,0.516,6.76,0
4.725,0.00361,-0.0,0.61236,0.001,-0.501,0.501,6.75,0
4.73,0.00375,-0.0,0.61234,0.001,-0.486,0.486,6.74,0
4.735,0.0039,-0.0,0.61232,0.001,-0.47,0.47,6.72,0
4.74,0.00404,-0.0,0.61229,0.001,-0.454,0.454,6.7,0
4.745,0.00419,-0.0,0.61227,0.001,-0.437,0.437,6.68,0
4.75,0.00434,-0.0,0.61225,0.001,-0.42,0.42,6.65,0
4.755,0.00449,-0.0,0.61222,0.001,-0.403,0.403,6.62,0
4.76,0.00464,-0.0,0.6122,0.001,-0.385,0.385,6.6,0
4.765,0.0048,-0.0,0.61218,0.001,-0.367,0.367,6.57,0
4.77,0.00496,-0.0,0.61216,0.001,-0.348,0.348,6.54,0
4.775,0.00511,-0.0,0.61213,0.001,-0.329,0.329,6.5,0
4.78,0.00527,-0.0,0.61211,0.001,-0.31,0.31,6.47,0
4.785,0.00544,-0.0,0.61209,0.001,-0.291,0.291,6.44,0
4.79,0.0056,-0.0,0.61207,0.001,-0.271,0.271,6.4,0
4.795,0.00576,-0.0,0.61205,0.001,-0.251,0.251,6.36,0
4.8,0.00593,-0.0,0.61202,0.001,-0.231,0.231,6.33,0
4.805,0.0061,-0.0,0.612,0.0,-0.21,0.21,6.29,0
4.81,0.00627,-0.0,0.61198,0.0,-0.19,0.19,6.34,0
4.815,0.00644,-0.0,0.61196,0.0,-0.169,0.169,6.39,0
4.82,0.00661,-0.0,0.61193,0.0,-0.148,0.148,6.44,0
4.825,0.00679,-0.0,0.61191,0.0,-0.126,0.126,6.5,0
4.83,0.00696,-0.0,0.61189,0.0,-0.105,0.105,6.55,0
4.835,0.00714,-0.0,0.61186,0.0,-0.083,0.083,6.61,0
4.84,0.00731,-0.0,0.61184,0.0,-0.062,0.062,6.66,0
4.845,0.00749,-0.0,0.61181,0.0,-0.04,0.04,6.72,0
4.85,0.00767,-0.0,0.61179,0.0,-0.018,0.018,6.77,0
4.855,0.00785,-0.0,0.61176,0.0,0.005,0.005,6.83,0
4.86,0.00804,-0.0,0.61174,0.0,0.027,0.027,6.88,0
4.865,0.00822,-0.0,0.61172,0.0,0.049,0.049,6.94,0
4.87,0.0084,-0.0,0.61169,0.0,0.072,0.072,7.0,0
4.875,0.00859,-0.0,0.61166,0.0,0.094,0.094,7.05,0
4.88,0.00877,-0.0,0.61164,0.0,0.117,0.117,7.11,0
4.885,0.00896,-0.0,0.61161,0.0,0.14,0.14,7.17,0
4.89,0.00915,-0.0,0.61159,0.0,0.163,0.163,7.23,0
4.895,0.00934,-0.0,0.61156,0.001,0.186,0.186,7.28,0
4.9,0.00953,-0.0,0.61154,0.001,0.209,0.209,7.34,0
4.905,0.00971,-0.0,0.61151,0.001,0.232,0.232,7.4,0
4.91,0.0099,-0.0,0.61148,0.001,0.255,0.255,7.46,0
4.915,0.01009,-0.0,0.61146,0.001,0.278,0.278,7.52,0
4.92,0.01028,-0.0,0.61143,0.001,0.302,0.302,7.58,0
4.925,0.01047,-0.0,0.6114,0.001,0.325,0.325,7.63,0
4.93,0.01066,-0.0,0.61138,0.001,0.349,0.349,7.69,0
4.935,0.01085,-0.0,0.61135,0.001,0.372,0.372,7.75,0
4.94,0.01104,-0.0,0.61132,0.001,0.396,0.396,7.81,0
4.945,0.01123,-0.0,0.61129,0.001,0.421,0.421,7.86,0
4.95,0.01142,-0.0,0.61127,0.001,0.445,0.445,7.92,0
4.955,0.01161,-0.0,0.61124,0.001,0.47,0.47,7.98,0
4.96,0.0118,-0.0,0.61121,0.001,0.494,0.494,8.03,0
4.965,0.01198,-0.0,0.61118,0.001,0.519,0.519,8.09,0
4.97,0.01217,-0.0,0.61115,0.001,0.544,0.544,8.14,0
4.975,0.01235,-0.0,0.61112,0.001,0.57,0.57,8.2,0
4.98,0.01254,-0.0,0.61109,0.001,0.595,0.595,8.25,0
4.985,0.01272,-0.0,0.61107,0.001,0.621,0.621,8.3,0
4.99,0.0129,-0.0,0.61104,0.001,0.646,0.646,8.36,0
4.995,0.01309,-0.0,0.61101,0.001,0.672,0.672,8.41,0
5.0,0.01327,-0.0,0.61098,0.001,0.698,0.698,8.46,0
5.005,0.01345,-0.0,0.61095,0.001,0.723,0.723,8.52,0
5.01,0.01363,-0.0,0.61092,0.001,0.749,0.749,8.57,0
5.015,0.01381,-0.0,0.61089,0.001,0.775,0.775,8.62,0
5.02,0.01399,-0.0,0.61086,0.001,0.801,0.801,8.67,0
5.025,0.01417,-0.0,0.61083,0.001,0.826,0.826,8.72,0
5.03,0.01434,-0.0,0.6108,0.001,0.852,0.852,8.78,0
5.035,0.01452,-0.0,0.61077,0.0,0.878,0.878,8.83,0
5.04,0.0147,-0.0,0.61074,0.0,0.904,0.904,8.88,0
5.045,0.01487,-0.0,0.61071,0.0,0.929,0.929,8.93,0
5.05,0.01505,-0.0,0.61069,0.0,0.955,0.955,8.98,0
5.055,0.01522,-0.0,0.61066,0.0,0.98,0.98,9.03,0
5.06,0.0154,-0.0,0.61063,0.0,1.005,1.005,9.08,0
5.065,0.01557,-0.0,0.6106,0.0,1.03,1.03,9.13,0
5.07,0.01574,-0.0,0.61057,0.0,1.055,1.055,9.18,0
5.075,0.01591,-0.0,0.61054,0.0,1.08,1.08,9.23,0
5.08,0.01608,-0.0,0.61051,0.0,1.105,1.105,9.28,0
5.085,0.01625,-0.0,0.61048,0.0,1.129,1.129,9.33,0
5.09,0.01642,-0.0,0.61046,0.0,1.154,1.154,9.38,0
5.095,0.01659,-0.0,0.61043,0.0,1.178,1.178,9.43,0
5.1,0.01676,-0.0,0.6104,0.0,1.202,1.202,9.47,0
5.105,0.01692,-0.0,0.61037,0.0,1.226,1.226,9.52,0
5.11,0.01709,-0.0,0.61034,0.0,1.25,1.25,9.57,0
5.115,0.01725,-0.0,0.61032,0.0,1.274,1.274,9.62,0
5.12,0.01741,-0.0,0.61029,0.0,1.297,1.297,9.67,0
5.125,0.01757,-0.0,0.61026,0.0,1.32,1.32,9.71,0
5.13,0.01773,-0.0,0.61023,0.0,1.343,1.343,9.76,0
5.135,0.01789,-0.0,0.61021,0.0,1.366,1.366,9.8,0
5.14,0.01805,-0.0,0.61018,0.0,1.389,1.389,9.85,0
5.145,0.01821,-0.0,0.61015,0.0,1.411,1.411,9.89,0
5.15,0.01836,-0.0,0.61013,0.0,1.434,1.434,9.94,0
5.155,0.01852,-0.0,0.6101,0.0,1.456,1.456,9.98,0
5.16,0.01867,-0.0,0.61007,0.0,1.478,1.478,10.03,0
5.165,0.01882,-0.0,0.61005,0.0,1.499,1.499,10.07,0
5.17,0.01897,-0.0,0.61002,0.0,1.521,1.521,10.11,0
5.175,0.01912,0.0,0.61,0.0,1.542,1.542,10.16,0
5.18,0.01926,0.0,0.60997,0.0,1.563,1.563,10.2,0
5.185,0.01941,0.0,0.60994,0.0,1.584,1.584,10.24,0
5.19,0.01955,0.0,0.60992,0.0,1.605,1.605,10.28,0
5.195,0.0197,0.0,0.6099,0.0,1.625,1.625,10.32,0
5.2,0.01984,0.0,0.60987,0.0,1.645,1.645,10.36,0
5.205,0.01997,0.0,0.60985,0.0,1.665,1.665,10.4,0
5.21,0.02011,0.0,0.60982,0.0,1.685,1.685,10.44,0
5.215,0.02025,0.0,0.6098,0.0,1.704,1.704,10.48,0
5.22,0.02038,0.0,0.60978,0.0,1.724,1.724,10.52,0
5.225,0.02051,0.0,0.60975,0.0,1.743,1.743,10.55,0
5.23,0.02064,0.0,0.60973,0.0,1.761,1.761,10.59,0
5.235,0.02077,0.0,0.60971,0.0,1.78,1.78,10.63,0
5.24,0.0209,0.0,0.60968,0.0,1.798,1.798,10.66,0
5.245,0.02102,0.0,0.60966,0.0,1.816,1.816,10.7,0
5.25,0.02115,0.0,0.60964,0.0,1.834,1.834,10.73,0
5.255,0.02127,0.0,0.60962,0.0,1.851,1.851,10.77,0
5.26,0.02139,0.0,0.6096,0.0,1.868,1.868,10.8,0
5.265,0.02151,0.0,0.60958,0.0,1.885,1.885,10.83,0
5.27,0.02162,0.0,0.60956,0.0,1.902,1.902,10.87,0
5.275,0.02173,0.0,0.60954,0.0,1.918,1.918,10.9,0
5.28,0.02185,0.0,0.60952,0.0,1.934,1.934,10.93,0
5.285,0.02196,0.0,0.6095,0.0,1.95,1.95,10.96,0
5.29,0.02206,0.0,0.60948,0.0,1.966,1.966,10.99,0
5.295,0.02217,0.0,0.60946,0.0,1.981,1.981,11.02,0
5.3,0.02227,0.0,0.60944,0.0,1.996,1.996,11.05,0
5.305,0.02238,0.0,0.60942,0.0,2.011,2.011,11.08,0
5.31,0.02248,0.0,0.60941,0.0,2.025,2.025,11.1,0
5.315,0.02257,0.0,0.60939,0.0,2.039,2.039,11.13,0
5.32,0.02267,0.0,0.60937,0.0,2.053,2.053,11.16,0
5.325,0.02276,0.0,0.60935,0.0,2.066,2.066,11.18,0
5.33,0.02286,0.0,0.60934,0.0,2.08,2.08,11.21,0
5.335,0.02295,0.0,0.60932,0.0,2.092,2.092,11.23,0
5.34,0.02303,0.0,0.60931,0.0,2.105,2.105,11.26,0
5.345,0.02312,0.0,0.60929,0.0,2.117,2.117,11.28,0
5.35,0.0232,0.0,0.60928,0.0,2.129,2.129,11.3,0
5.355,0.02328,0.0,0.60926,0.0,2.141,2.141,11.33,0
5.36,0.02336,0.0,0.60925,0.0,2.152,2.152,11.35,0
5.365,0.02344,0.0,0.60923,0.0,2.164,2.164,11.37,0
5.37,0.02351,0.0,0.60922,0.0,2.174,2.174,11.39,0
5.375,0.02359,0.0,0.60921,0.0,2.185,2.185,11.41,0
5.38,0.02366,0.0,0.60919,0.0,2.195,2.195,11.43,0
5.385,0.02373,-0.0,0.60918,0.0,2.205,2.205,11.44,0
5.39,0.02379,-0.0,0.60917,0.0,2.214,2.214,11.46,0
5.395,0.02386,-0.0,0.60916,0.0,2.223,2.223,11.48,0
5.4,0.02392,-0.0,0.60915,0.0,2.232,2.232,11.49,0
5.405,0.02398,-0.0,0.60914,0.0,2.241,2.241,11.51,0
5.41,0.02404,-0.0,0.60913,0.0,2.249,2.249,11.52,0
5.415,0.02409,-0.0,0.60912,0.0,2.257,2.257,11.54,0
5.42,0.02415,-0.0,0.60911,0.0,2.265,2.265,11.55,0
5.425,0.0242,-0.0,0.6091,0.0,2.272,2.272,11.56,0
5.43,0.02425,-0.0,0.60909,0.0,2.279,2.279,11.58,0
5.435,0.02429,-0.0,0.60908,0.0,2.286,2.286,11.59,0
5.44,0.02434,-0.0,0.60908,0.0,2.292,2.292,11.6,0
5.445,0.02438,-0.0,0.60907,0.0,2.298,2.298,11.6,0
5.45,0.02442,-0.0,0.60906,0.0,2.304,2.304,11.6,0
5.455,0.02446,-0.0,0.60905,0.0,2.309,2.309,11.61,0
5.46,0.0245,-0.0,0.60905,0.0,2.314,2.314,11.61,0
5.465,0.02453,-0.0,0.60904,0.0,2.318,2.318,11.62,0
5.47,0.02456,-0.0,0.60904,0.0,2.323,2.323,11.62,0
5.475,0.0246,-0.0,0.60903,0.0,2.327,2.327,11.63,0
5.48,0.02462,-0.0,0.60903,0.0,2.33,2.33,11.63,0
5.485,0.02465,-0.0,0.60902,0.0,2.334,2.334,11.64,0
5.49,0.02468,-0.0,0.60902,0.0,2.337,2.337,11.64,0
5.495,0.0247,-0.0,0.60902,0.0,2.339,2.339,11.64,0
5.5,0.02472,-0.0,0.60901,0.0,2.342,2.342,11.64,0
5.505,0.02474,-0.0,0.60901,0.0,2.344,2.344,11.64,0
5.51,0.02475,-0.0,0.60901,0.0,2.346,2.346,11.64,0
5.515,0.02477,-0.0,0.60901,0.0,2.347,2.347,11.64,0
5.52,0.02478,-0.0,0.609,0.0,2.349,2.349,11.64,0
5.525,0.02479,-0.0,0.609,0.0,2.35,2.35,11.64,0
5.53,0.02479,-0.0,0.609,0.0,2.351,2.351,11.64,0
5.535,0.0248,-0.0,0.609,0.0,2.352,2.352,11.64,0
5.54,0.0248,-0.0,0.609,0.0,2.352,2.352,11.64,0
5.545,0.0248,-0.0,0.609,0.0,2.353,2.353,11.64,0
5.55,0.0248,-0.0,0.609,0.0,2.353,2.353,11.64,0
5.555,0.0248,-0.0,0.609,0.0,2.353,2.353,11.64,0
5.56,0.02479,-0.0,0.609,0.0,2.353,2.353,11.64,0
5.565,0.02479,-0.0,0.609,0.0,2.352,2.352,11.64,0
5.57,0.02478,-0.0,0.609,0.0,2.351,2.351,11.64,0
5.575,0.02477,-0.0,0.60901,0.0,2.351,2.351,11.64,0
5.58,0.02475,-0.0,0.60901,0.0,2.35,2.35,11.64,0
5.585,0.02474,-0.0,0.60901,0.0,2.349,2.349,11.64,0
5.59,0.02472,-0.0,0.60901,0.0,2.347,2.347,11.64,0
5.595,0.02471,-0.0,0.60901,0.0,2.346,2.346,11.64,0
5.6,0.02469,-0.0,0.60901,0.0,2.344,2.344,11.64,0
5.605,0.02467,-0.0,0.60902,0.0,2.343,2.343,11.64,0
5.61,0.02465,-0.0,0.60902,0.0,2.341,2.341,11.64,0
5.615,0.02463,0.0,0.60902,0.0,2.339,2.339,11.65,0
5.62,0.0246,0.0,0.60902,0.0,2.337,2.337,11.65,0
5.625,0.02458,0.0,0.60903,0.0,2.335,2.335,11.65,0
5.63,0.02455,0.0,0.60903,0.0,2.333,2.333,11.65,0
5.635,0.02453,0.0,0.60903,0.0,2.33,2.33,11.65,0
5.64,0.0245,0.0,0.60904,0.0,2.328,2.328,11.65,0
5.645,0.02448,0.0,0.60904,0.0,2.325,2.325,11.63,0
5.65,0.02445,0.0,0.60904,0.0,2.323,2.323,11.62,0
5.655,0.02442,0.0,0.60905,0.0,2.32,2.32,11.6,0
5.66,0.0244,0.0,0.60905,0.0,2.317,2.317,11.59,0
5.665,0.02437,0.0,0.60906,0.0,2.315,2.315,11.57,0
5.67,0.02434,0.0,0.60906,0.0,2.312,2.312,11.56,0
5.675,0.02431,0.0,0.60907,0.0,2.309,2.309,11.54,0
5.68,0.02428,0.0,0.60907,0.0,2.306,2.306,11.53,0
5.685,0.02425,0.0,0.60908,0.0,2.303,2.303,11.52,0
5.69,0.02422,0.0,0.60908,0.0,2.3,2.3,11.51,0
5.695,0.02419,0.0,0.60909,0.0,2.297,2.297,11.49,0
5.7,0.02416,0.0,0.60909,0.0,2.294,2.294,11.48,0
5.705,0.02413,0.0,0.6091,0.0,2.291,2.291,11.47,0
5.71,0.0241,0.0,0.6091,0.0,2.288,2.288,11.45,0
5.715,0.02407,0.0,0.60911,0.0,2.285,2.285,11.44,0
5.72,0.02404,0.0,0.60912,0.0,2.281,2.281,11.43,0
5.725,0.024,0.0,0.60912,0.0,2.278,2.278,11.41,0
5.73,0.02397,0.0,0.60913,0.0,2.275,2.275,11.4,0
5.735,0.02394,0.0,0.60913,0.0,2.272,2.272,11.39,0
5.74,0.02391,0.0,0.60914,0.0,2.268,2.268,11.37,0
5.745,0.02387,0.0,0.60915,0.0,2.265,2.265,11.36,0
5.75,0.02384,0.0,0.60915,0.0,2.262,2.262,11.35,0
5.755,0.02381,0.0,0.60916,0.0,2.259,2.259,11.33,0
5.76,0.02377,0.0,0.60917,0.0,2.255,2.255,11.32,0
5.765,0.02374,0.0,0.60917,0.0,2.252,2.252,11.31,0
5.77,0.02371,0.0,0.60918,0.0,2.248,2.248,11.29,0
5.775,0.02367,0.0,0.60919,0.0,2.245,2.245,11.28,0
5.78,0.02364,0.0,0.60919,0.0,2.242,2.242,11.27,0
5.785,0.0236,0.0,0.6092,0.0,2.238,2.238,11.25,0
5.79,0.02357,0.0,0.6092,0.0,2.235,2.235,11.24,0
5.795,0.02354,0.0,0.60921,0.0,2.231,2.231,11.22,0
5.8,0.0235,0.0,0.60922,0.0,2.228,2.228,11.21,0
5.805,0.02347,0.0,0.60922,0.0,2.224,2.224,11.2,0
5.81,0.02343,0.0,0.60923,0.0,2.221,2.221,11.18,0
5.815,0.0234,0.0,0.60924,0.0,2.217,2.217,11.17,0
5.82,0.02337,0.0,0.60924,0.0,2.214,2.214,11.16,0
5.825,0.02333,0.0,0.60925,0.0,2.211,2.211,11.14,0
5.83,0.0233,0.0,0.60926,0.0,2.207,2.207,11.13,0
5.835,0.02326,0.0,0.60926,0.0,2.204,2.204,11.12,0
5.84,0.02323,0.0,0.60927,0.0,2.2,2.2,11.1,0
5.845,0.0232,0.0,0.60927,0.0,2.197,2.197,11.09,0
5.85,0.02316,0.0,0.60928,0.0,2.194,2.194,11.08,0
5.855,0.02313,0.0,0.60929,0.0,2.19,2.19,11.06,0
5.86,0.0231,0.0,0.60929,0.0,2.187,2.187,11.05,0
5.865,0.02307,0.0,0.6093,0.0,2.183,2.183,11.04,0
5.87,0.02303,0.0,0.60931,0.0,2.18,2.18,11.03,0
5.875,0.023,0.0,0.60931,0.0,2.177,2.177,11.01,0
5.88,0.02297,0.0,0.60932,0.0,2.174,2.174,11.0,0
5.885,0.02294,0.0,0.60932,0.0,2.17,2.17,10.99,0
5.89,0.02291,0.0,0.60933,0.0,2.167,2.167,10.98,0
5.895,0.02287,0.0,0.60934,0.0,2.164,2.164,10.96,0
5.9,0.02284,0.0,0.60934,0.0,2.161,2.161,10.95,0
5.905,0.02281,0.0,0.60935,0.0,2.158,2.158,10.94,0
5.91,0.02278,0.0,0.60935,0.0,2.154,2.154,10.93,0
5.915,0.02275,0.0,0.60936,0.0,2.151,2.151,10.92,0
5.92,0.02272,0.0,0.60936,0.0,2.148,2.148,10.91,0
5.925,0.02269,0.0,0.60937,0.0,2.145,2.145,10.9,0
5.93,0.02266,0.0,0.60938,0.0,2.142,2.142,10.89,0
5.935,0.02264,0.0,0.60938,0.0,2.139,2.139,10.88,0
5.94,0.02261,0.0,0.60939,0.0,2.136,2.136,10.87,0
5.945,0.02258,0.0,0.60939,0.0,2.134,2.134,10.86,0
5.95,0.02255,0.0,0.6094,0.0,2.131,2.131,10.85,0
5.955,0.02252,0.0,0.6094,0.0,2.128,2.128,10.84,0
5.96,0.0225,0.0,0.60941,0.0,2.125,2.125,10.83,0
5.965,0.02247,0.0,0.60941,0.0,2.122,2.122,10.82,0
5.97,0.02245,0.0,0.60942,0.0,2.12,2.12,10.81,0
5.975,0.02242,0.0,0.60942,0.0,2.117,2.117,10.8,0
5.98,0.02239,0.0,0.60943,0.0,2.115,2.115,10.79,0
5.985,0.02237,0.0,0.60943,0.0,2.112,2.112,10.78,0
5.99,0.02235,0.0,0.60944,0.0,2.109,2.109,10.78,0
5.995,0.02232,0.0,0.60944,0.0,2.107,2.107,10.77,0
6.0,0.0223,0.0,0.60944,0.0,2.105,2.105,10.76,0
6.005,0.02228,0.0,0.60945,0.0,2.102,2.102,10.75,0
6.01,0.02225,0.0,0.60945,0.0,2.1,2.1,10.75,0
6.015,0.02223,0.0,0.60946,0.0,2.098,2.098,10.74,0
6.02,0.02221,0.0,0.60946,0.0,2.095,2.095,10.73,0
6.025,0.02219,0.0,0.60947,0.0,2.093,2.093,10.72,0
6.03,0.02217,0.0,0.60947,0.0,2.091,2.091,10.72,0
6.035,0.02215,0.0,0.60947,0.0,2.089,2.089,10.71,0
6.04,0.02213,0.0,0.60948,0.0,2.087,2.087,10.7,0
6.045,0.02211,0.0,0.60948,0.0,2.085,2.085,10.7,0
6.05,0.02209,0.0,0.60948,0.0,2.083,2.083,10.69,0
6.055,0.02207,0.0,0.60949,0.0,2.081,2.081,10.69,0
6.06,0.02206,0.0,0.60949,0.0,2.079,2.079,10.68,0
6.065,0.02204,0.0,0.60949,0.0,2.077,2.077,10.68,0
6.07,0.02202,0.0,0.6095,0.0,2.076,2.076,10.67,0
6.075,0.02201,0.0,0.6095,0.0,2.074,2.074,10.67,0
6.08,0.02199,0.0,0.6095,0.0,2.072,2.072,10.66,0
6.085,0.02198,0.0,0.60951,0.0,2.071,2.071,10.66,0
6.09,0.02196,0.0,0.60951,0.0,2.069,2.069,10.65,0
6.095,0.02195,0.0,0.60951,0.0,2.068,2.068,10.65,0
6.1,0.02194,0.0,0.60951,0.0,2.066,2.066,10.65,0
6.105,0.02192,0.0,0.60952,0.0,2.065,2.065,10.64,0
6.11,0.02191,0.0,0.60952,0.0,2.063,2.063,10.64,0
6.115,0.0219,0.0,0.60952,0.0,2.062,2.062,10.64,0
6.12,0.02189,0.0,0.60952,0.0,2.061,2.061,10.63,0
6.125,0.02188,0.0,0.60952,0.0,2.06,2.06,10.63,0
6.13,0.02187,0.0,0.60953,0.0,2.059,2.059,10.63,0
6.135,0.02186,-0.0,0.60953,0.0,2.058,2.058,10.63,0
6.14,0.02185,-0.0,0.60953,0.0,2.057,2.057,10.63,0
6.145,0.02184,-0.0,0.60953,0.0,2.056,2.056,10.62,0
6.15,0.02183,-0.0,0.60953,0.0,2.055,2.055,10.62,0
6.155,0.02183,-0.0,0.60953,0.0,2.054,2.054,10.62,0
6.16,0.02182,-0.0,0.60953,0.0,2.053,2.053,10.62,0
6.165,0.02181,-0.0,0.60954,0.0,2.052,2.052,10.62,0
6.17,0.02181,-0.0,0.60954,0.0,2.052,2.052,10.62,0
6.175,0.0218,-0.0,0.60954,0.0,2.051,2.051,10.62,0
6.18,0.0218,-0.0,0.60954,0.0,2.05,2.05,10.62,0
6.185,0.02179,-0.0,0.60954,0.0,2.05,2.05,10.62,0
6.19,0.02179,-0.0,0.60954,0.0,2.049,2.049,10.62,0
6.195,0.02179,-0.0,0.60954,0.0,2.049,2.049,10.62,0
6.2,0.02179,-0.0,0.60954,0.0,2.048,2.048,10.62,0
6.205,0.02178,-0.0,0.60954,0.0,2.048,2.048,10.62,0
6.21,0.02178,-0.0,0.60954,0.0,2.048,2.048,10.62,0
6.215,0.02178,-0.0,0.60954,0.0,2.047,2.047,10.62,0
6.22,0.02178,-0.0,0.60954,0.0,2.047,2.047,10.62,0
6.225,0.02178,-0.0,0.60954,0.0,2.047,2.047,10.62,0
6.23,0.02178,-0.0,0.60954,0.0,2.047,2.047,10.62,0
6.235,0.02178,-0.0,0.60954,0.0,2.047,2.047,10.62,0
6.24,0.02178,-0.0,0.60954,0.0,2.047,2.047,10.62,0
6.245,0.02178,-0.0,0.60954,0.0,2.047,2.047,10.62,0
6.25,0.02178,-0.0,0.60954,0.0,2.047,2.047,10.62,0
6.255,0.02179,-0.0,0.60954,0.0,2.047,2.047,10.62,0
6.26,0.02179,-0.0,0.60954,0.0,2.047,2.047,10.62,0
6.265,0.02179,-0.0,0.60954,0.0,2.047,2.047,10.62,0
6.27,0.0218,-0.0,0.60954,0.0,2.047,2.047,10.62,0
6.275,0.0218,-0.0,0.60954,0.0,2.047,2.047,10.62,0
6.28,0.0218,-0.0,0.60954,0.0,2.048,2.048,10.62,0
6.285,0.02181,-0.0,0.60954,0.0,2.048,2.048,10.62,0
6.29,0.02181,-0.0,0.60954,0.0,2.048,2.048,10.62,0
6.295,0.02182,-0.0,0.60954,0.0,2.048,2.048,10.62,0
6.3,0.02182,-0.0,0.60954,0.0,2.049,2.049,10.62,0
6.305,0.02182,-0.0,0.60954,0.0,2.049,2.049,10.62,0
6.31,0.02183,-0.0,0.60954,0.0,2.049,2.049,10.61,0
6.315,0.02183,-0.0,0.60954,0.0,2.05,2.05,10.61,0
6.32,0.02184,-0.0,0.60954,0.0,2.05,2.05,10.61,0
6.325,0.02184,-0.0,0.60954,0.0,2.051,2.051,10.61,0
6.33,0.02185,-0.0,0.60954,0.0,2.051,2.051,10.61,0
6.335,0.02185,-0.0,0.60953,0.0,2.051,2.051,10.61,0
6.34,0.02186,-0.0,0.60953,0.0,2.052,2.052,10.61,0
6.345,0.02187,-0.0,0.60953,0.0,2.052,2.052,10.61,0
6.35,0.02187,-0.0,0.60953,0.0,2.053,2.053,10.61,0
6.355,0.02188,-0.0,0.60953,0.0,2.053,2.053,10.61,0
6.36,0.02188,-0.0,0.60953,0.0,2.053,2.053,10.61,0
6.365,0.02189,-0.0,0.60953,0.0,2.054,2.054,10.61,0
6.37,0.02189,-0.0,0.60953,0.0,2.054,2.054,10.61,0
6.375,0.02189,-0.0,0.60953,0.0,2.055,2.055,10.61,0
6.38,0.0219,-0.0,0.60953,0.0,2.055,2.055,10.61,0
6.385,0.0219,-0.0,0.60953,0.0,2.055,2.055,10.61,0
6.39,0.02191,-0.0,0.60953,0.0,2.056,2.056,10.61,0
6.395,0.02191,-0.0,0.60953,0.0,2.056,2.056,10.61,0
6.4,0.02192,-0.0,0.60953,0.0,2.056,2.056,10.61,0
6.405,0.02192,-0.0,0.60953,0.0,2.056,2.056,10.61,0
6.41,0.02192,-0.0,0.60953,0.0,2.057,2.057,10.61,0
6.415,0.02193,-0.0,0.60953,0.0,2.057,2.057,10.61,0
6.42,0.02193,-0.0,0.60953,0.0,2.057,2.057,10.61,0
6.425,0.02193,-0.0,0.60953,0.0,2.057,2.057,10.61,0
6.43,0.02193,-0.0,0.60953,0.0,2.058,2.058,10.61,0
6.435,0.02194,-0.0,0.60953,0.0,2.058,2.058,10.61,0
6.44,0.02194,-0.0,0.60953,0.0,2.058,2.058,10.61,0
6.445,0.02194,-0.0,0.60953,0.0,2.058,2.058,10.61,0
6.45,0.02194,-0.0,0.60953,0.0,2.058,2.058,10.61,0
6.455,0.02194,-0.0,0.60952,0.0,2.058,2.058,10.61,0
6.46,0.02194,-0.0,0.60952,0.0,2.058,2.058,10.61,0
6.465,0.02194,-0.0,0.60952,0.0,2.058,2.058,10.61,0
6.47,0.02194,-0.0,0.60952,0.0,2.058,2.058,10.61,0
6.475,0.02194,-0.0,0.60952,0.0,2.058,2.058,10.61,0
6.48,0.02194,-0.0,0.60952,0.0,2.058,2.058,10.61,0
6.485,0.02194,-0.0,0.60953,0.0,2.058,2.058,10.61,0
6.49,0.02194,-0.0,0.60953,0.0,2.058,2.058,10.61,0
6.495,0.02194,-0.0,0.60953,0.0,2.058,2.058,10.61,0
6.5,0.02194,-0.0,0.60953,0.0,2.058,2.058,10.61,0
6.505,0.02194,-0.0,0.60953,0.0,2.058,2.058,10.61,0
6.51,0.02194,-0.0,0.60953,0.0,2.057,2.057,10.61,0
6.515,0.02194,-0.0,0.60953,0.0,2.057,2.057,10.61,0
6.52,0.02193,-0.0,0.60953,0.0,2.057,2.057,10.61,0
6.525,0.02193,-0.0,0.60953,0.0,2.057,2.057,10.61,0
6.53,0.02193,-0.0,0.60953,0.0,2.056,2.056,10.61,0
6.535,0.02193,-0.0,0.60953,0.0,2.056,2.056,10.61,0
6.54,0.02192,-0.0,0.60953,0.0,2.056,2.056,10.61,0
6.545,0.02192,-0.0,0.60953,0.0,2.056,2.056,10.61,0
6.55,0.02192,-0.0,0.60953,0.0,2.055,2.055,10.61,0
6.555,0.02192,-0.0,0.60953,0.0,2.055,2.055,10.61,0
6.56,0.02191,-0.0,0.60953,0.0,2.055,2.055,10.61,0
6.565,0.02191,-0.0,0.60953,0.0,2.054,2.054,10.61,0
6.57,0.02191,-0.0,0.60953,0.0,2.054,2.054,10.61,0
6.575,0.0219,-0.0,0.60953,0.0,2.053,2.053,10.61,0
6.58,0.0219,-0.0,0.60953,0.0,2.053,2.053,10.61,0
6.585,0.0219,-0.0,0.60953,0.0,2.053,2.053,10.61,0
6.59,0.02189,-0.0,0.60953,0.0,2.052,2.052,10.61,0
6.595,0.02189,-0.0,0.60953,0.0,2.052,2.052,10.61,0
6.6,0.02189,-0.0,0.60953,0.0,2.051,2.051,10.61,0
6.605,0.02188,-0.0,0.60953,0.0,2.051,2.051,10.61,0
6.61,0.02188,-0.0,0.60953,0.0,2.051,2.051,10.61,0
6.615,0.02188,-0.0,0.60953,0.0,2.05,2.05,10.61,0
6.62,0.02187,-0.0,0.60953,0.0,2.05,2.05,10.61,0
6.625,0.02187,-0.0,0.60954,0.0,2.049,2.049,10.61,0
6.63,0.02186,-0.0,0.60954,0.0,2.049,2.049,10.61,0
6.635,0.02186,-0.0,0.60954,0.0,2.049,2.049,10.61,0
6.64,0.02186,-0.0,0.60954,0.0,2.048,2.048,10.61,0
6.645,0.02185,-0.0,0.60954,0.0,2.048,2.048,10.61,0
6.65,0.02185,-0.0,0.60954,0.0,2.047,2.047,10.61,0
6.655,0.02185,-0.0,0.60954,0.0,2.047,2.047,10.61,0
6.66,0.02185,-0.0,0.60954,0.0,2.047,2.047,10.61,0
6.665,0.02184,-0.0,0.60954,0.0,2.046,2.046,10.61,0
6.67,0.02184,-0.0,0.60954,0.0,2.046,2.046,10.61,0
6.675,0.02184,-0.0,0.60954,0.0,2.046,2.046,10.61,0
6.68,0.02183,-0.0,0.60954,0.0,2.045,2.045,10.61,0
6.685,0.02183,-0.0,0.60954,0.0,2.045,2.045,10.61,0
6.69,0.02183,-0.0,0.60954,0.0,2.045,2.045,10.61,0
6.695,0.02183,-0.0,0.60954,0.0,2.044,2.044,10.61,0
6.7,0.02183,-0.0,0.60954,0.0,2.044,2.044,10.61,0
6.705,0.02182,-0.0,0.60954,0.0,2.044,2.044,10.61,0
6.71,0.02182,-0.0,0.60954,0.0,2.044,2.044,10.61,0
6.715,0.02182,-0.0,0.60954,0.0,2.043,2.043,10.61,0
6.72,0.02182,-0.0,0.60954,0.0,2.043,2.043,10.61,0
6.725,0.02182,-0.0,0.60954,0.0,2.043,2.043,10.61,0
6.73,0.02182,-0.0,0.60954,0.0,2.043,2.043,10.61,0
6.735,0.02181,-0.0,0.60954,0.0,2.042,2.042,10.61,0
6.74,0.02181,-0.0,0.60954,0.0,2.042,2.042,10.61,0
6.745,0.02181,-0.0,0.60954,0.0,2.042,2.042,10.61,0
6.75,0.02181,-0.0,0.60954,0.0,2.042,2.042,10.61,0
6.755,0.02181,-0.0,0.60954,0.0,2.042,2.042,10.61,0
6.76,0.02181,-0.0,0.60954,0.0,2.042,2.042,10.61,0
6.765,0.02181,-0.0,0.60954,0.0,2.041,2.041,10.61,0
6.77,0.02181,-0.0,0.60954,0.0,2.041,2.041,10.61,0
6.775,0.02181,-0.0,0.60954,0.0,2.041,2.041,10.61,0
6.78,0.02181,-0.0,0.60954,0.0,2.041,2.041,10.61,0
6.785,0.02181,-0.0,0.60954,0.0,2.041,2.041,10.61,0
6.79,0.02181,-0.0,0.60954,0.0,2.041,2.041,10.61,0
6.795,0.02181,-0.0,0.60954,0.0,2.041,2.041,10.61,0
6.8,0.02181,-0.0,0.60954,0.0,2.041,2.041,10.61,0
6.805,0.02181,-0.0,0.60954,0.0,2.041,2.041,10.61,0
6.81,0.02181,-0.0,0.60954,0.0,2.041,2.041,10.61,0
6.815,0.02181,-0.0,0.60954,0.0,2.041,2.041,10.61,0
6.82,0.02181,-0.0,0.60954,0.0,2.041,2.041,10.61,0
6.825,0.02181,-0.0,0.60954,0.0,2.041,2.041,10.61,0
6.83,0.02181,-0.0,0.60954,0.0,2.041,2.041,10.61,0
6.835,0.02181,-0.0,0.60954,0.0,2.041,2.041,10.61,0
6.84,0.02182,-0.0,0.60954,0.0,2.041,2.041,10.61,0
6.845,0.02182,-0.0,0.60954,0.0,2.041,2.041,10.61,0
6.85,0.02182,-0.0,0.60954,0.0,2.041,2.041,10.61,0
6.855,0.02182,-0.0,0.60954,0.0,2.041,2.041,10.61,0
6.86,0.02182,-0.0,0.60954,0.0,2.041,2.041,10.61,0
6.865,0.02182,-0.0,0.60954,0.0,2.041,2.041,10.61,0
6.87,0.02182,-0.0,0.60954,0.0,2.041,2.041,10.61,0
6.875,0.02182,-0.0,0.60954,0.0,2.041,2.041,10.61,0
6.88,0.02182,-0.0,0.60954,0.0,2.041,2.041,10.61,0
6.885,0.02182,-0.0,0.60954,0.0,2.041,2.041,10.61,0
6.89,0.02182,-0.0,0.60954,0.0,2.041,2.041,10.61,0
6.895,0.02183,-0.0,0.60954,0.0,2.041,2.041,10.61,0
6.9,0.02183,-0.0,0.60954,0.0,2.041,2.041,10.6,0
6.905,0.02183,-0.0,0.60954,0.0,2.041,2.041,10.6,0
6.91,0.02183,-0.0,0.60954,0.0,2.041,2.041,10.6,0
6.915,0.02183,-0.0,0.60954,0.0,2.041,2.041,10.6,0
6.92,0.02183,-0.0,0.60954,0.0,2.041,2.041,10.6,0
6.925,0.02183,-0.0,0.60954,0.0,2.041,2.041,10.6,0
6.93,0.02183,-0.0,0.60954,0.0,2.041,2.041,10.6,0
6.935,0.02183,-0.0,0.60954,0.0,2.041,2.041,10.6,0
6.94,0.02183,-0.0,0.60954,0.0,2.041,2.041,10.6,0
6.945,0.02183,-0.0,0.60954,0.0,2.041,2.041,10.6,0
6.95,0.02183,-0.0,0.60954,0.0,2.041,2.041,10.6,0
6.955,0.02183,-0.0,0.60954,0.0,2.041,2.041,10.6,0
6.96,0.02183,-0.0,0.60954,0.0,2.041,2.041,10.6,0
6.965,0.02183,-0.0,0.60954,0.0,2.041,2.041,10.6,0
6.97,0.02183,-0.0,0.60954,0.0,2.041,2.041,10.6,0
6.975,0.02183,-0.0,0.60954,0.0,2.04,2.04,10.6,0
6.98,0.02183,-0.0,0.60954,0.0,2.04,2.04,10.6,0
6.985,0.02183,-0.0,0.60954,0.0,2.04,2.04,10.6,0
6.99,0.02183,-0.0,0.60954,0.0,2.04,2.04,10.6,0
6.995,0.02183,-0.0,0.60954,0.0,2.04,2.04,10.6,0
7.0,0.02183,-0.0,0.60954,0.0,2.04,2.04,10.6,0
7.005,0.02183,-0.0,0.60954,0.0,2.04,2.04,10.6,0
7.01,0.02183,-0.0,0.60954,0.0,2.04,2.04,10.6,0
7.015,0.02183,-0.0,0.60954,0.0,2.04,2.04,10.6,0
7.02,0.02183,-0.0,0.60954,0.0,2.04,2.04,10.6,0
7.025,0.02183,-0.0,0.60954,0.0,2.04,2.04,10.6,0
7.03,0.02183,-0.0,0.60954,0.0,2.04,2.04,10.6,0
7.035,0.02183,-0.0,0.60954,0.0,2.039,2.039,10.6,0
7.04,0.02183,-0.0,0.60954,0.0,2.039,2.039,10.6,0
7.045,0.02183,-0.0,0.60954,0.0,2.039,2.039,10.6,0
7.05,0.02183,-0.0,0.60954,0.0,2.039,2.039,10.6,0
7.055,0.02183,-0.0,0.60954,0.0,2.039,2.039,10.6,0
7.06,0.02183,-0.0,0.60954,0.0,2.039,2.039,10.6,0
7.065,0.02183,-0.0,0.60954,0.0,2.039,2.039,10.6,0
7.07,0.02182,-0.0,0.60954,0.0,2.038,2.038,10.6,0
7.075,0.02182,-0.0,0.60954,0.0,2.038,2.038,10.6,0
7.08,0.02182,-0.0,0.60954,0.0,2.038,2.038,10.6,0
7.085,0.02182,-0.0,0.60954,0.0,2.038,2.038,10.6,0
7.09,0.02182,-0.0,0.60954,0.0,2.038,2.038,10.6,0
7.095,0.02182,-0.0,0.60954,0.0,2.038,2.038,10.6,0
7.1,0.02182,-0.0,0.60954,0.0,2.037,2.037,10.6,0
7.105,0.02182,-0.0,0.60954,0.0,2.037,2.037,10.6,0
7.11,0.02182,-0.0,0.60955,0.0,2.037,2.037,10.6,0
7.115,0.02181,-0.0,0.60955,0.0,2.037,2.037,10.6,0
7.12,0.02181,-0.0,0.60955,0.0,2.037,2.037,10.6,0
7.125,0.02181,-0.0,0.60955,0.0,2.036,2.036,10.6,0
7.13,0.02181,-0.0,0.60955,0.0,2.036,2.036,10.6,0
7.135,0.02181,-0.0,0.60955,0.0,2.036,2.036,10.6,0
7.14,0.02181,-0.0,0.60955,0.0,2.036,2.036,10.6,0
7.145,0.02181,-0.0,0.60955,0.0,2.036,2.036,10.6,0
7.15,0.02181,-0.0,0.60955,0.0,2.035,2.035,10.6,0
7.155,0.0218,-0.0,0.60955,0.0,2.035,2.035,10.6,0
7.16,0.0218,-0.0,0.60955,0.0,2.035,2.035,10.6,0
7.165,0.0218,-0.0,0.60955,0.0,2.035,2.035,10.6,0
7.17,0.0218,-0.0,0.60955,0.0,2.035,2.035,10.6,0
7.175,0.0218,-0.0,0.60955,0.0,2.035,2.035,10.6,0
7.18,0.0218,-0.0,0.60955,0.0,2.034,2.034,10.6,0
7.185,0.0218,-0.0,0.60955,0.0,2.034,2.034,10.6,0
7.19,0.0218,-0.0,0.60955,0.0,2.034,2.034,10.6,0
7.195,0.02179,-0.0,0.60955,0.0,2.034,2.034,10.6,0
7.2,0.02179,-0.0,0.60955,0.0,2.034,2.034,10.6,0
7.205,0.02179,-0.0,0.60955,0.0,2.033,2.033,10.6,0
7.21,0.02179,-0.0,0.60955,0.0,2.033,2.033,10.6,0
7.215,0.02179,-0.0,0.60955,0.0,2.033,2.033,10.6,0
7.22,0.02179,-0.0,0.60955,0.0,2.033,2.033,10.6,0
7.225,0.02179,-0.0,0.60955,0.0,2.033,2.033,10.6,0
7.23,0.02179,-0.0,0.60955,0.0,2.033,2.033,10.6,0
7.235,0.02179,-0.0,0.60955,0.0,2.032,2.032,10.6,0
7.24,0.02179,-0.0,0.60955,0.0,2.032,2.032,10.6,0
7.245,0.02178,-0.0,0.60955,0.0,2.032,2.032,10.6,0
7.25,0.02178,-0.0,0.60955,0.0,2.032,2.032,10.6,0
7.255,0.02178,-0.0,0.60955,0.0,2.032,2.032,10.6,0
7.26,0.02178,-0.0,0.60955,0.0,2.032,2.032,10.6,0
7.265,0.02178,-0.0,0.60955,0.0,2.032,2.032,10.6,0
7.27,0.02178,-0.0,0.60955,0.0,2.031,2.031,10.6,0
7.275,0.02178,-0.0,0.60955,0.0,2.031,2.031,10.6,0
7.28,0.02178,-0.0,0.60955,0.0,2.031,2.031,10.6,0
7.285,0.02178,-0.0,0.60955,0.0,2.031,2.031,10.6,0
7.29,0.02178,-0.0,0.60955,0.0,2.031,2.031,10.6,0
7.295,0.02178,-0.0,0.60955,0.0,2.031,2.031,10.6,0
7.3,0.02178,-0.0,0.60955,0.0,2.031,2.031,10.6,0
7.305,0.02178,-0.0,0.60955,0.0,2.03,2.03,10.6,0
7.31,0.02178,-0.0,0.60955,0.0,2.03,2.03,10.6,0
7.315,0.02178,-0.0,0.60955,0.0,2.03,2.03,10.6,0
7.32,0.02178,-0.0,0.60955,0.0,2.03,2.03,10.6,0
7.325,0.02177,-0.0,0.60955,0.0,2.03,2.03,10.6,0
7.33,0.02177,-0.0,0.60955,0.0,2.03,2.03,10.6,0
7.335,0.02177,-0.0,0.60955,0.0,2.03,2.03,10.6,0
7.34,0.02177,-0.0,0.60955,0.0,2.03,2.03,10.6,0
7.345,0.02177,-0.0,0.60955,0.0,2.03,2.03,10.6,0
7.35,0.02177,-0.0,0.60955,0.0,2.03,2.03,10.6,0
7.355,0.02177,-0.0,0.60955,0.0,2.029,2.029,10.6,0
7.36,0.02177,-0.0,0.60955,0.0,2.029,2.029,10.6,0
7.365,0.02177,-0.0,0.60955,0.0,2.029,2.029,10.6,0
7.37,0.02177,-0.0,0.60955,0.0,2.029,2.029,10.6,0
7.375,0.02177,-0.0,0.60955,0.0,2.029,2.029,10.6,0
7.38,0.02177,-0.0,0.60955,0.0,2.029,2.029,10.6,0
7.385,0.02177,-0.0,0.60955,0.0,2.029,2.029,10.6,0
7.39,0.02177,-0.0,0.60955,0.0,2.029,2.029,10.6,0
7.395,0.02177,-0.0,0.60955,0.0,2.029,2.029,10.6,0
7.4,0.02177,-0.0,0.60955,0.0,2.029,2.029,10.6,0
7.405,0.02177,-0.0,0.60955,0.0,2.029,2.029,10.6,0
7.41,0.02177,-0.0,0.60955,0.0,2.029,2.029,10.6,0
7.415,0.02177,-0.0,0.60955,0.0,2.028,2.028,10.6,0
7.42,0.02177,-0.0,0.60955,0.0,2.028,2.028,10.6,0
7.425,0.02177,-0.0,0.60955,0.0,2.028,2.028,10.6,0
7.43,0.02177,-0.0,0.60955,0.0,2.028,2.028,10.6,0
7.435,0.02177,-0.0,0.60955,0.0,2.028,2.028,10.6,0
7.44,0.02177,-0.0,0.60955,0.0,2.028,2.028,10.6,0
7.445,0.02177,-0.0,0.60955,0.0,2.028,2.028,10.6,0
7.45,0.02177,-0.0,0.60955,0.0,2.028,2.028,10.6,0
7.455,0.02177,-0.0,0.60955,0.0,2.028,2.028,10.6,0
7.46,0.02177,-0.0,0.60955,0.0,2.028,2.028,10.6,0
7.465,0.02177,-0.0,0.60955,0.0,2.028,2.028,10.6,0
7.47,0.02177,-0.0,0.60955,0.0,2.028,2.028,10.6,0
7.475,0.02177,-0.0,0.60955,0.0,2.028,2.028,10.6,0
7.48,0.02177,-0.0,0.60955,0.0,2.027,2.027,10.6,0
7.485,0.02177,-0.0,0.60955,0.0,2.027,2.027,10.6,0
7.49,0.02177,-0.0,0.60955,0.0,2.027,2.027,10.6,0
7.495,0.02177,-0.0,0.60955,0.0,2.027,2.027,10.6,0
7.5,0.02177,-0.0,0.60955,0.0,2.027,2.027,10.6,0
7.505,0.02177,-0.0,0.60955,0.0,2.027,2.027,10.6,0
7.51,0.02177,-0.0,0.60955,0.0,2.027,2.027,10.6,0
7.515,0.02177,-0.0,0.60955,0.0,2.027,2.027,10.59,0
7.52,0.02177,-0.0,0.60955,0.0,2.027,2.027,10.59,0
7.525,0.02177,-0.0,0.60955,0.0,2.027,2.027,10.59,0
7.53,0.02177,-0.0,0.60955,0.0,2.026,2.026,10.59,0
7.535,0.02177,-0.0,0.60955,0.0,2.026,2.026,10.59,0
7.54,0.02177,-0.0,0.60955,0.0,2.026,2.026,10.59,0
7.545,0.02177,-0.0,0.60955,0.0,2.026,2.026,10.59,0
7.55,0.02176,-0.0,0.60955,0.0,2.026,2.026,10.59,0
7.555,0.02176,-0.0,0.60955,0.0,2.026,2.026,10.59,0
7.56,0.02176,-0.0,0.60955,0.0,2.026,2.026,10.59,0
7.565,0.02176,-0.0,0.60955,0.0,2.026,2.026,10.59,0
7.57,0.02176,-0.0,0.60955,0.0,2.026,2.026,10.59,0
7.575,0.02176,-0.0,0.60955,0.0,2.026,2.026,10.59,0
7.58,0.02176,-0.0,0.60955,0.0,2.025,2.025,10.59,0
7.585,0.02176,-0.0,0.60956,0.0,2.025,2.025,10.59,0
7.59,0.02176,-0.0,0.60956,0.0,2.025,2.025,10.59,0
7.595,0.02176,-0.0,0.60956,0.0,2.025,2.025,10.59,0
7.6,0.02176,-0.0,0.60956,0.0,2.025,2.025,10.59,0
7.605,0.02176,-0.0,0.60956,0.0,2.025,2.025,10.59,0
7.61,0.02176,-0.0,0.60956,0.0,2.025,2.025,10.59,0
7.615,0.02176,-0.0,0.60956,0.0,2.025,2.025,10.59,0
7.62,0.02176,-0.0,0.60956,0.0,2.024,2.024,10.59,0
7.625,0.02176,-0.0,0.60956,0.0,2.024,2.024,10.59,0
7.63,0.02176,-0.0,0.60956,0.0,2.024,2.024,10.59,0
7.635,0.02175,-0.0,0.60956,0.0,2.024,2.024,10.59,0
7.64,0.02175,-0.0,0.60956,0.0,2.024,2.024,10.59,0
7.645,0.02175,-0.0,0.60956,0.0,2.024,2.024,10.59,0
7.65,0.02175,-0.0,0.60956,0.0,2.024,2.024,10.59,0
7.655,0.02175,-0.0,0.60956,0.0,2.024,2.024,10.59,0
7.66,0.02175,-0.0,0.60956,0.0,2.023,2.023,10.59,0
7.665,0.02175,-0.0,0.60956,0.0,2.023,2.023,10.59,0
7.67,0.02175,-0.0,0.60956,0.0,2.023,2.023,10.59,0
7.675,0.02175,-0.0,0.60956,0.0,2.023,2.023,10.59,0
7.68,0.02175,-0.0,0.60956,0.0,2.023,2.023,10.59,0
7.685,0.02175,-0.0,0.60956,0.0,2.023,2.023,10.59,0
7.69,0.02175,-0.0,0.60956,0.0,2.023,2.023,10.59,0
7.695,0.02175,-0.0,0.60956,0.0,2.023,2.023,10.59,0
7.7,0.02175,-0.0,0.60956,0.0,2.022,2.022,10.59,0
7.705,0.02175,-0.0,0.60956,0.0,2.022,2.022,10.59,0
7.71,0.02174,-0.0,0.60956,0.0,2.022,2.022,10.59,0
7.715,0.02174,-0.0,0.60956,0.0,2.022,2.022,10.59,0
7.72,0.02174,-0.0,0.60956,0.0,2.022,2.022,10.59,0
7.725,0.02174,-0.0,0.60956,0.0,2.022,2.022,10.59,0
7.73,0.02174,-0.0,0.60956,0.0,2.022,2.022,10.59,0
7.735,0.02174,-0.0,0.60956,0.0,2.022,2.022,10.59,0
7.74,0.02174,-0.0,0.60956,0.0,2.021,2.021,10.59,0
7.745,0.02174,-0.0,0.60956,0.0,2.021,2.021,10.59,0
7.75,0.02174,-0.0,0.60956,0.0,2.021,2.021,10.59,0
7.755,0.02174,-0.0,0.60956,0.0,2.021,2.021,10.59,0
7.76,0.02174,-0.0,0.60956,0.0,2.021,2.021,10.59,0
7.765,0.02174,-0.0,0.60956,0.0,2.021,2.021,10.59,0
7.77,0.02174,-0.0,0.60956,0.0,2.021,2.021,10.59,0
7.775,0.02174,-0.0,0.60956,0.0,2.021,2.021,10.59,0
7.78,0.02174,-0.0,0.60956,0.0,2.02,2.02,10.59,0
7.785,0.02174,-0.0,0.60956,0.0,2.02,2.02,10.59,0
7.79,0.02173,-0.0,0.60956,0.0,2.02,2.02,10.59,0
7.795,0.02173,-0.0,0.60956,0.0,2.02,2.02,10.59,0
7.8,0.02173,-0.0,0.60956,0.0,2.02,2.02,10.59,0
7.805,0.02173,-0.0,0.60956,0.0,2.02,2.02,10.59,0
7.81,0.02173,-0.0,0.60956,0.0,2.02,2.02,10.59,0
7.815,0.02173,-0.0,0.60956,0.0,2.02,2.02,10.59,0
7.82,0.02173,-0.0,0.60956,0.0,2.02,2.02,10.59,0
7.825,0.02173,-0.0,0.60956,0.0,2.019,2.019,10.59,0
7.83,0.02173,-0.0,0.60956,0.0,2.019,2.019,10.59,0
7.835,0.02173,-0.0,0.60956,0.0,2.019,2.019,10.59,0
7.84,0.02173,-0.0,0.60956,0.0,2.019,2.019,10.59,0
7.845,0.02173,-0.0,0.60956,0.0,2.019,2.019,10.59,0
7.85,0.02173,-0.0,0.60956,0.0,2.019,2.019,10.59,0
7.855,0.02173,-0.0,0.60956,0.0,2.019,2.019,10.59,0
7.86,0.02173,-0.0,0.60956,0.0,2.019,2.019,10.59,0
7.865,0.02173,-0.0,0.60956,0.0,2.019,2.019,10.59,0
7.87,0.02173,-0.0,0.60956,0.0,2.018,2.018,10.59,0
7.875,0.02173,-0.0,0.60956,0.0,2.018,2.018,10.59,0
7.88,0.02173,-0.0,0.60956,0.0,2.018,2.018,10.59,0
7.885,0.02173,-0.0,0.60956,0.0,2.018,2.018,10.59,0
7.89,0.02173,-0.0,0.60956,0.0,2.018,2.018,10.59,0
7.895,0.02173,-0.0,0.60956,0.0,2.018,2.018,10.59,0
7.9,0.02172,-0.0,0.60956,0.0,2.018,2.018,10.59,0
7.905,0.02172,-0.0,0.60956,0.0,2.018,2.018,10.59,0
7.91,0.02172,-0.0,0.60956,0.0,2.018,2.018,10.59,0
7.915,0.02172,-0.0,0.60956,0.0,2.018,2.018,10.59,0
7.92,0.02172,-0.0,0.60956,0.0,2.017,2.017,10.59,0
7.925,0.02172,-0.0,0.60956,0.0,2.017,2.017,10.59,0
7.93,0.02172,-0.0,0.60956,0.0,2.017,2.017,10.59,0
7.935,0.02172,-0.0,0.60956,0.0,2.017,2.017,10.59,0
7.94,0.02172,-0.0,0.60956,0.0,2.017,2.017,10.59,0
7.945,0.02172,-0.0,0.60956,0.0,2.017,2.017,10.59,0
7.95,0.02172,-0.0,0.60956,0.0,2.017,2.017,10.59,0
7.955,0.02172,-0.0,0.60956,0.0,2.017,2.017,10.59,0
7.96,0.02172,-0.0,0.60956,0.0,2.017,2.017,10.59,0
7.965,0.02172,-0.0,0.60956,0.0,2.017,2.017,10.59,0
7.97,0.02172,-0.0,0.60956,0.0,2.017,2.017,10.59,0
7.975,0.02172,-0.0,0.60956,0.0,2.016,2.016,10.59,0
7.98,0.02172,-0.0,0.60956,0.0,2.016,2.016,10.59,0
7.985,0.02172,-0.0,0.60956,0.0,2.016,2.016,10.59,0
7.99,0.02172,-0.0,0.60956,0.0,2.016,2.016,10.59,0
7.995,0.02172,-0.0,0.60956,0.0,2.016,2.016,10.59,0
8.0,0.02172,-0.0,0.60956,0.0,2.016,2.016,10.59,0
8.005,0.02172,-0.0,0.60956,0.0,2.016,2.016,10.59,0
8.01,0.02172,-0.0,0.60956,0.0,2.016,2.016,10.59,0
8.015,0.02172,-0.0,0.60956,0.0,2.016,2.016,10.59,0
8.02,0.02172,-0.0,0.60956,0.0,2.016,2.016,10.59,0
8.025,0.02172,-0.0,0.60956,0.0,2.015,2.015,10.59,0
8.03,0.02171,-0.0,0.60956,0.0,2.015,2.015,10.59,0
8.035,0.02171,-0.0,0.60956,0.0,2.015,2.015,10.59,0
8.04,0.02171,-0.0,0.60956,0.0,2.015,2.015,10.59,0
8.045,0.02171,-0.0,0.60956,0.0,2.015,2.015,10.59,0
8.05,0.02171,-0.0,0.60956,0.0,2.015,2.015,10.59,0
8.055,0.02171,-0.0,0.60956,0.0,2.015,2.015,10.59,0
8.06,0.02171,-0.0,0.60956,0.0,2.015,2.015,10.59,0
8.065,0.02171,-0.0,0.60956,0.0,2.015,2.015,10.59,0
8.07,0.02171,-0.0,0.60956,0.0,2.015,2.015,10.59,0
8.075,0.02171,-0.0,0.60956,0.0,2.014,2.014,10.59,0
8.08,0.02171,-0.0,0.60956,0.0,2.014,2.014,10.59,0
8.085,0.02171,-0.0,0.60956,0.0,2.014,2.014,10.59,0
8.09,0.02171,-0.0,0.60956,0.0,2.014,2.014,10.59,0
8.095,0.02171,-0.0,0.60956,0.0,2.014,2.014,10.59,0
8.1,0.02171,-0.0,0.60956,0.0,2.014,2.014,10.59,0
8.105,0.02171,-0.0,0.60956,0.0,2.014,2.014,10.59,0
8.11,0.02171,-0.0,0.60956,0.0,2.014,2.014,10.59,0
8.115,0.02171,-0.0,0.60956,0.0,2.014,2.014,10.59,0
8.12,0.02171,-0.0,0.60956,0.0,2.014,2.014,10.59,0
8.125,0.02171,-0.0,0.60957,0.0,2.013,2.013,10.59,0
8.13,0.02171,-0.0,0.60957,0.0,2.013,2.013,10.59,0
8.135,0.02171,-0.0,0.60957,0.0,2.013,2.013,10.59,0
8.14,0.02171,-0.0,0.60957,0.0,2.013,2.013,10.59,0
8.145,0.0217,-0.0,0.60957,0.0,2.013,2.013,10.59,0
8.15,0.0217,-0.0,0.60957,0.0,2.013,2.013,10.59,0
8.155,0.0217,-0.0,0.60957,0.0,2.013,2.013,10.59,0
8.16,0.0217,-0.0,0.60957,0.0,2.013,2.013,10.59,0
8.165,0.0217,-0.0,0.60957,0.0,2.013,2.013,10.59,0
8.17,0.0217,-0.0,0.60957,0.0,2.013,2.013,10.59,0
8.175,0.0217,-0.0,0.60957,0.0,2.012,2.012,10.59,0
8.18,0.0217,-0.0,0.60957,0.0,2.012,2.012,10.59,0
8.185,0.0217,-0.0,0.60957,0.0,2.012,2.012,10.59,0
8.19,0.0217,-0.0,0.60957,0.0,2.012,2.012,10.59,0
8.195,0.0217,-0.0,0.60957,0.0,2.012,2.012,10.59,0
8.2,0.0217,-0.0,0.60957,0.0,2.012,2.012,10.59,0
8.205,0.0217,-0.0,0.60957,0.0,2.012,2.012,10.59,0
8.21,0.0217,-0.0,0.60957,0.0,2.012,2.012,10.59,0
8.215,0.0217,-0.0,0.60957,0.0,2.012,2.012,10.59,0
8.22,0.0217,-0.0,0.60957,0.0,2.011,2.011,10.59,0
8.225,0.0217,-0.0,0.60957,0.0,2.011,2.011,10.59,0
8.23,0.0217,-0.0,0.60957,0.0,2.011,2.011,10.59,0
8.235,0.0217,-0.0,0.60957,0.0,2.011,2.011,10.59,0
8.24,0.0217,-0.0,0.60957,0.0,2.011,2.011,10.59,0
8.245,0.02169,-0.0,0.60957,0.0,2.011,2.011,10.59,0
8.25,0.02169,-0.0,0.60957,0.0,2.011,2.011,10.59,0
8.255,0.02169,-0.0,0.60957,0.0,2.011,2.011,10.58,0
8.26,0.02169,-0.0,0.60957,0.0,2.011,2.011,10.58,0
8.265,0.02169,-0.0,0.60957,0.0,2.011,2.011,10.58,0
8.27,0.02169,-0.0,0.60957,0.0,2.01,2.01,10.58,0
8.275,0.02169,-0.0,0.60957,0.0,2.01,2.01,10.58,0
8.28,0.02169,-0.0,0.60957,0.0,2.01,2.01,10.58,0
8.285,0.02169,-0.0,0.60957,0.0,2.01,2.01,10.58,0
8.29,0.02169,-0.0,0.60957,0.0,2.01,2.01,10.58,0
8.295,0.02169,-0.0,0.60957,0.0,2.01,2.01,10.58,0
8.3,0.02169,-0.0,0.60957,0.0,2.01,2.01,10.58,0
8.305,0.02169,-0.0,0.60957,0.0,2.01,2.01,10.58,0
8.31,0.02169,-0.0,0.60957,0.0,2.01,2.01,10.58,0
8.315,0.02169,-0.0,0.60957,0.0,2.009,2.009,10.58,0
8.32,0.02169,-0.0,0.60957,0.0,2.009,2.009,10.58,0
8.325,0.02169,-0.0,0.60957,0.0,2.009,2.009,10.58,0
8.33,0.02169,-0.0,0.60957,0.0,2.009,2.009,10.58,0
8.335,0.02169,-0.0,0.60957,0.0,2.009,2.009,10.58,0
8.34,0.02169,-0.0,0.60957,0.0,2.009,2.009,10.58,0
8.345,0.02169,-0.0,0.60957,0.0,2.009,2.009,10.58,0
8.35,0.02169,-0.0,0.60957,0.0,2.009,2.009,10.58,0
8.355,0.02168,-0.0,0.60957,0.0,2.009,2.009,10.58,0
8.36,0.02168,-0.0,0.60957,0.0,2.009,2.009,10.58,0
8.365,0.02168,-0.0,0.60957,0.0,2.008,2.008,10.58,0
8.37,0.02168,-0.0,0.60957,0.0,2.008,2.008,10.58,0
8.375,0.02168,-0.0,0.60957,0.0,2.008,2.008,10.58,0
8.38,0.02168,-0.0,0.60957,0.0,2.008,2.008,10.58,0
8.385,0.02168,-0.0,0.60957,0.0,2.008,2.008,10.58,0
8.39,0.02168,-0.0,0.60957,0.0,2.008,2.008,10.58,0
8.395,0.02168,-0.0,0.60957,0.0,2.008,2.008,10.58,0
8.4,0.02168,-0.0,0.60957,0.0,2.008,2.008,10.58,0
8.405,0.02168,-0.0,0.60957,0.0,2.008,2.008,10.58,0
8.41,0.02168,-0.0,0.60957,0.0,2.008,2.008,10.58,0
8.415,0.02168,-0.0,0.60957,0.0,2.008,2.008,10.58,0
8.42,0.02168,-0.0,0.60957,0.0,2.007,2.007,10.58,0
8.425,0.02168,-0.0,0.60957,0.0,2.007,2.007,10.58,0
8.43,0.02168,-0.0,0.60957,0.0,2.007,2.007,10.58,0
8.435,0.02168,-0.0,0.60957,0.0,2.007,2.007,10.58,0
8.44,0.02168,-0.0,0.60957,0.0,2.007,2.007,10.58,0
8.445,0.02168,-0.0,0.60957,0.0,2.007,2.007,10.58,0
8.45,0.02168,-0.0,0.60957,0.0,2.007,2.007,10.58,0
8.455,0.02168,-0.0,0.60957,0.0,2.007,2.007,10.58,0
8.46,0.02168,-0.0,0.60957,0.0,2.007,2.007,10.58,0
8.465,0.02168,-0.0,0.60957,0.0,2.007,2.007,10.58,0
8.47,0.02168,-0.0,0.60957,0.0,2.006,2.006,10.58,0
8.475,0.02167,-0.0,0.60957,0.0,2.006,2.006,10.58,0
8.48,0.02167,-0.0,0.60957,0.0,2.006,2.006,10.58,0
8.485,0.02167,-0.0,0.60957,0.0,2.006,2.006,10.58,0
8.49,0.02167,-0.0,0.60957,0.0,2.006,2.006,10.58,0
8.495,0.02167,-0.0,0.60957,0.0,2.006,2.006,10.58,0
8.5,0.02167,-0.0,0.60957,0.0,2.006,2.006,10.58,0
8.505,0.02167,-0.0,0.60957,0.0,2.006,2.006,10.58,0
8.51,0.02167,-0.0,0.60957,0.0,2.006,2.006,10.58,0
8.515,0.02167,-0.0,0.60957,0.0,2.006,2.006,10.58,0
8.52,0.02167,-0.0,0.60957,0.0,2.006,2.006,10.58,0
8.525,0.02167,-0.0,0.60957,0.0,2.005,2.005,10.58,0
8.53,0.02167,-0.0,0.60957,0.0,2.005,2.005,10.58,0
8.535,0.02167,-0.0,0.60957,0.0,2.005,2.005,10.58,0
8.54,0.02167,-0.0,0.60957,0.0,2.005,2.005,10.58,0
8.545,0.02167,-0.0,0.60957,0.0,2.005,2.005,10.58,0
8.55,0.02167,-0.0,0.60957,0.0,2.005,2.005,10.58,0
8.555,0.02167,-0.0,0.60957,0.0,2.005,2.005,10.58,0
8.56,0.02167,-0.0,0.60957,0.0,2.005,2.005,10.58,0
8.565,0.02167,-0.0,0.60957,0.0,2.005,2.005,10.58,0
8.57,0.02167,-0.0,0.60957,0.0,2.005,2.005,10.58,0
8.575,0.02167,-0.0,0.60957,0.0,2.005,2.005,10.58,0
8.58,0.02167,-0.0,0.60957,0.0,2.004,2.004,10.58,0
8.585,0.02167,-0.0,0.60957,0.0,2.004,2.004,10.58,0
8.59,0.02167,-0.0,0.60957,0.0,2.004,2.004,10.58,0
8.595,0.02167,-0.0,0.60957,0.0,2.004,2.004,10.58,0
8.6,0.02166,-0.0,0.60957,0.0,2.004,2.004,10.58,0
8.605,0.02166,-0.0,0.60957,0.0,2.004,2.004,10.58,0
8.61,0.02166,-0.0,0.60957,0.0,2.004,2.004,10.58,0
8.615,0.02166,-0.0,0.60957,0.0,2.004,2.004,10.58,0
8.62,0.02166,-0.0,0.60957,0.0,2.004,2.004,10.58,0
8.625,0.02166,-0.0,0.60957,0.0,2.004,2.004,10.58,0
8.63,0.02166,-0.0,0.60957,0.0,2.003,2.003,10.58,0
8.635,0.02166,-0.0,0.60957,0.0,2.003,2.003,10.58,0
8.64,0.02166,-0.0,0.60957,0.0,2.003,2.003,10.58,0
8.645,0.02166,-0.0,0.60957,0.0,2.003,2.003,10.58,0
8.65,0.02166,-0.0,0.60957,0.0,2.003,2.003,10.58,0
8.655,0.02166,-0.0,0.60957,0.0,2.003,2.003,10.58,0
8.66,0.02166,-0.0,0.60957,0.0,2.003,2.003,10.58,0
8.665,0.02166,-0.0,0.60957,0.0,2.003,2.003,10.58,0
8.67,0.02166,-0.0,0.60957,0.0,2.003,2.003,10.58,0
8.675,0.02166,-0.0,0.60957,0.0,2.003,2.003,10.58,0
8.68,0.02166,-0.0,0.60957,0.0,2.003,2.003,10.58,0
8.685,0.02166,-0.0,0.60957,0.0,2.002,2.002,10.58,0
8.69,0.02166,-0.0,0.60957,0.0,2.002,2.002,10.58,0
8.695,0.02166,-0.0,0.60957,0.0,2.002,2.002,10.58,0
8.7,0.02166,-0.0,0.60957,0.0,2.002,2.002,10.58,0
8.705,0.02166,-0.0,0.60957,0.0,2.002,2.002,10.58,0
8.71,0.02166,-0.0,0.60957,0.0,2.002,2.002,10.58,0
8.715,0.02166,-0.0,0.60957,0.0,2.002,2.002,10.58,0
8.72,0.02165,-0.0,0.60957,0.0,2.002,2.002,10.58,0
8.725,0.02165,-0.0,0.60957,0.0,2.002,2.002,10.58,0
8.73,0.02165,-0.0,0.60957,0.0,2.002,2.002,10.58,0
8.735,0.02165,-0.0,0.60958,0.0,2.002,2.002,10.58,0
8.74,0.02165,-0.0,0.60958,0.0,2.001,2.001,10.58,0
8.745,0.02165,-0.0,0.60958,0.0,2.001,2.001,10.58,0
8.75,0.02165,-0.0,0.60958,0.0,2.001,2.001,10.58,0
8.755,0.02165,-0.0,0.60958,0.0,2.001,2.001,10.58,0
8.76,0.02165,-0.0,0.60958,0.0,2.001,2.001,10.58,0
8.765,0.02165,-0.0,0.60958,0.0,2.001,2.001,10.58,0
8.77,0.02165,-0.0,0.60958,0.0,2.001,2.001,10.58,0
8.775,0.02165,-0.0,0.60958,0.0,2.001,2.001,10.58,0
8.78,0.02165,-0.0,0.60958,0.0,2.001,2.001,10.58,0
8.785,0.02165,-0.0,0.60958,0.0,2.001,2.001,10.58,0
8.79,0.02165,-0.0,0.60958,0.0,2.0,2.0,10.58,0
8.795,0.02165,-0.0,0.60958,0.0,2.0,2.0,10.58,0
8.8,0.02165,-0.0,0.60958,0.0,2.0,2.0,10.58,0
8.805,0.02165,-0.0,0.60958,0.0,2.0,2.0,10.58,0
8.81,0.02165,-0.0,0.60958,0.0,2.0,2.0,10.58,0
8.815,0.02165,-0.0,0.60958,0.0,2.0,2.0,10.58,0
8.82,0.02165,-0.0,0.60958,0.0,2.0,2.0,10.58,0
8.825,0.02165,-0.0,0.60958,0.0,2.0,2.0,10.58,0
8.83,0.02165,-0.0,0.60958,0.0,2.0,2.0,10.58,0
8.835,0.02165,-0.0,0.60958,0.0,2.0,2.0,10.58,0
8.84,0.02164,-0.0,0.60958,0.0,2.0,2.0,10.58,0
8.845,0.02164,-0.0,0.60958,0.0,1.999,1.999,10.58,0
8.85,0.02164,-0.0,0.60958,0.0,1.999,1.999,10.58,0
8.855,0.02164,-0.0,0.60958,0.0,1.999,1.999,10.58,0
8.86,0.02164,-0.0,0.60958,0.0,1.999,1.999,10.58,0
8.865,0.02164,-0.0,0.60958,0.0,1.999,1.999,10.58,0
8.87,0.02164,-0.0,0.60958,0.0,1.999,1.999,10.58,0
8.875,0.02164,-0.0,0.60958,0.0,1.999,1.999,10.58,0
8.88,0.02164,-0.0,0.60958,0.0,1.999,1.999,10.58,0
8.885,0.02164,-0.0,0.60958,0.0,1.999,1.999,10.58,0
8.89,0.02164,-0.0,0.60958,0.0,1.999,1.999,10.58,0
8.895,0.02164,-0.0,0.60958,0.0,1.999,1.999,10.58,0
8.9,0.02164,-0.0,0.60958,0.0,1.998,1.998,10.58,0
8.905,0.02164,-0.0,0.60958,0.0,1.998,1.998,10.58,0
8.91,0.02164,-0.0,0.60958,0.0,1.998,1.998,10.58,0
8.915,0.02164,-0.0,0.60958,0.0,1.998,1.998,10.58,0
8.92,0.02164,-0.0,0.60958,0.0,1.998,1.998,10.58,0
8.925,0.02164,-0.0,0.60958,0.0,1.998,1.998,10.58,0
8.93,0.02164,-0.0,0.60958,0.0,1.998,1.998,10.58,0
8.935,0.02164,-0.0,0.60958,0.0,1.998,1.998,10.58,0
8.94,0.02164,-0.0,0.60958,0.0,1.998,1.998,10.58,0
8.945,0.02164,-0.0,0.60958,0.0,1.998,1.998,10.58,0
8.95,0.02164,-0.0,0.60958,0.0,1.998,1.998,10.58,0
8.955,0.02164,-0.0,0.60958,0.0,1.998,1.998,10.58,0
8.96,0.02164,-0.0,0.60958,0.0,1.997,1.997,10.58,0
8.965,0.02163,-0.0,0.60958,0.0,1.997,1.997,10.58,0
8.97,0.02163,-0.0,0.60958,0.0,1.997,1.997,10.58,0
8.975,0.02163,-0.0,0.60958,0.0,1.997,1.997,10.58,0
8.98,0.02163,-0.0,0.60958,0.0,1.997,1.997,10.58,0
8.985,0.02163,-0.0,0.60958,0.0,1.997,1.997,10.58,0
8.99,0.02163,-0.0,0.60958,0.0,1.997,1.997,10.58,0
8.995,0.02163,-0.0,0.60958,0.0,1.997,1.997,10.58,0
9.0,0.02163,-0.0,0.60958,0.0,1.997,1.997,10.58,0
9.005,0.02163,-0.0,0.60958,0.0,1.997,1.997,10.58,0
9.01,0.02163,-0.0,0.60958,0.0,1.997,1.997,10.58,0
9.015,0.02163,-0.0,0.60958,0.0,1.996,1.996,10.58,0
9.02,0.02163,-0.0,0.60958,0.0,1.996,1.996,10.58,0
9.025,0.02163,-0.0,0.60958,0.0,1.996,1.996,10.58,0
9.03,0.02163,-0.0,0.60958,0.0,1.996,1.996,10.58,0
9.035,0.02163,-0.0,0.60958,0.0,1.996,1.996,10.58,0
9.04,0.02163,-0.0,0.60958,0.0,1.996,1.996,10.58,0
9.045,0.02163,-0.0,0.60958,0.0,1.996,1.996,10.58,0
9.05,0.02163,-0.0,0.60958,0.0,1.996,1.996,10.58,0
9.055,0.02163,-0.0,0.60958,0.0,1.996,1.996,10.58,0
9.06,0.02163,-0.0,0.60958,0.0,1.996,1.996,10.58,0
9.065,0.02163,-0.0,0.60958,0.0,1.996,1.996,10.58,0
9.07,0.02163,-0.0,0.60958,0.0,1.995,1.995,10.58,0
9.075,0.02163,-0.0,0.60958,0.0,1.995,1.995,10.58,0
9.08,0.02163,-0.0,0.60958,0.0,1.995,1.995,10.58,0
9.085,0.02163,-0.0,0.60958,0.0,1.995,1.995,10.58,0
9.09,0.02163,-0.0,0.60958,0.0,1.995,1.995,10.58,0
9.095,0.02162,-0.0,0.60958,0.0,1.995,1.995,10.58,0
9.1,0.02162,-0.0,0.60958,0.0,1.995,1.995,10.58,0
9.105,0.02162,-0.0,0.60958,0.0,1.995,1.995,10.58,0
9.11,0.02162,-0.0,0.60958,0.0,1.995,1.995,10.58,0
9.115,0.02162,-0.0,0.60958,0.0,1.995,1.995,10.58,0
9.12,0.02162,-0.0,0.60958,0.0,1.995,1.995,10.58,0
9.125,0.02162,-0.0,0.60958,0.0,1.995,1.995,10.58,0
9.13,0.02162,-0.0,0.60958,0.0,1.994,1.994,10.58,0
9.135,0.02162,-0.0,0.60958,0.0,1.994,1.994,10.58,0
9.14,0.02162,-0.0,0.60958,0.0,1.994,1.994,10.58,0
9.145,0.02162,-0.0,0.60958,0.0,1.994,1.994,10.58,0
9.15,0.02162,-0.0,0.60958,0.0,1.994,1.994,10.58,0
9.155,0.02162,-0.0,0.60958,0.0,1.994,1.994,10.58,0
9.16,0.02162,-0.0,0.60958,0.0,1.994,1.994,10.57,0
9.165,0.02162,-0.0,0.60958,0.0,1.994,1.994,10.57,0
9.17,0.02162,-0.0,0.60958,0.0,1.994,1.994,10.57,0
9.175,0.02162,-0.0,0.60958,0.0,1.994,1.994,10.57,0
9.18,0.02162,-0.0,0.60958,0.0,1.994,1.994,10.57,0
9.185,0.02162,-0.0,0.60958,0.0,1.994,1.994,10.57,0
9.19,0.02162,-0.0,0.60958,0.0,1.993,1.993,10.57,0
9.195,0.02162,-0.0,0.60958,0.0,1.993,1.993,10.57,0
9.2,0.02162,-0.0,0.60958,0.0,1.993,1.993,10.57,0
9.205,0.02162,-0.0,0.60958,0.0,1.993,1.993,10.57,0
9.21,0.02162,-0.0,0.60958,0.0,1.993,1.993,10.57,0
9.215,0.02162,-0.0,0.60958,0.0,1.993,1.993,10.57,0
9.22,0.02162,-0.0,0.60958,0.0,1.993,1.993,10.57,0
9.225,0.02161,-0.0,0.60958,0.0,1.993,1.993,10.57,0
9.23,0.02161,-0.0,0.60958,0.0,1.993,1.993,10.57,0
9.235,0.02161,-0.0,0.60958,0.0,1.993,1.993,10.57,0
9.24,0.02161,-0.0,0.60958,0.0,1.993,1.993,10.57,0
9.245,0.02161,-0.0,0.60958,0.0,1.992,1.992,10.57,0
9.25,0.02161,-0.0,0.60958,0.0,1.992,1.992,10.57,0
9.255,0.02161,-0.0,0.60958,0.0,1.992,1.992,10.57,0
9.26,0.02161,-0.0,0.60958,0.0,1.992,1.992,10.57,0
9.265,0.02161,-0.0,0.60958,0.0,1.992,1.992,10.57,0
9.27,0.02161,-0.0,0.60958,0.0,1.992,1.992,10.57,0
9.275,0.02161,-0.0,0.60958,0.0,1.992,1.992,10.57,0
9.28,0.02161,-0.0,0.60958,0.0,1.992,1.992,10.57,0
9.285,0.02161,-0.0,0.60958,0.0,1.992,1.992,10.57,0
9.29,0.02161,-0.0,0.60958,0.0,1.992,1.992,10.57,0
9.295,0.02161,-0.0,0.60958,0.0,1.992,1.992,10.57,0
9.3,0.02161,-0.0,0.60958,0.0,1.992,1.992,10.57,0
9.305,0.02161,-0.0,0.60958,0.0,1.991,1.991,10.57,0
9.31,0.02161,-0.0,0.60958,0.0,1.991,1.991,10.57,0
9.315,0.02161,-0.0,0.60958,0.0,1.991,1.991,10.57,0
9.32,0.02161,-0.0,0.60958,0.0,1.991,1.991,10.57,0
9.325,0.02161,-0.0,0.60958,0.0,1.991,1.991,10.57,0
9.33,0.02161,-0.0,0.60958,0.0,1.991,1.991,10.57,0
9.335,0.02161,-0.0,0.60958,0.0,1.991,1.991,10.57,0
9.34,0.02161,-0.0,0.60958,0.0,1.991,1.991,10.57,0
9.345,0.02161,-0.0,0.60958,0.0,1.991,1.991,10.57,0
9.35,0.02161,-0.0,0.60958,0.0,1.991,1.991,10.57,0
9.355,0.02161,-0.0,0.60958,0.0,1.991,1.991,10.57,0
9.36,0.0216,-0.0,0.60958,0.0,1.991,1.991,10.57,0
9.365,0.0216,-0.0,0.60958,0.0,1.99,1.99,10.57,0
9.37,0.0216,-0.0,0.60958,0.0,1.99,1.99,10.57,0
9.375,0.0216,-0.0,0.60958,0.0,1.99,1.99,10.57,0
9.38,0.0216,-0.0,0.60958,0.0,1.99,1.99,10.57,0
9.385,0.0216,-0.0,0.60958,0.0,1.99,1.99,10.57,0
9.39,0.0216,-0.0,0.60958,0.0,1.99,1.99,10.57,0
9.395,0.0216,-0.0,0.60958,0.0,1.99,1.99,10.57,0
9.4,0.0216,-0.0,0.60958,0.0,1.99,1.99,10.57,0
9.405,0.0216,-0.0,0.60958,0.0,1.99,1.99,10.57,0
9.41,0.0216,-0.0,0.60958,0.0,1.99,1.99,10.57,0
9.415,0.0216,-0.0,0.60958,0.0,1.99,1.99,10.57,0
9.42,0.0216,-0.0,0.60959,0.0,1.99,1.99,10.57,0
9.425,0.0216,-0.0,0.60959,0.0,1.989,1.989,10.57,0
9.43,0.0216,-0.0,0.60959,0.0,1.989,1.989,10.57,0
9.435,0.0216,-0.0,0.60959,0.0,1.989,1.989,10.57,0
9.44,0.0216,-0.0,0.60959,0.0,1.989,1.989,10.57,0
9.445,0.0216,-0.0,0.60959,0.0,1.989,1.989,10.57,0
9.45,0.0216,-0.0,0.60959,0.0,1.989,1.989,10.57,0
9.455,0.0216,-0.0,0.60959,0.0,1.989,1.989,10.57,0
9.46,0.0216,-0.0,0.60959,0.0,1.989,1.989,10.57,0
9.465,0.0216,-0.0,0.60959,0.0,1.989,1.989,10.57,0
9.47,0.0216,-0.0,0.60959,0.0,1.989,1.989,10.57,0
9.475,0.0216,-0.0,0.60959,0.0,1.989,1.989,10.57,0
9.48,0.0216,-0.0,0.60959,0.0,1.989,1.989,10.57,0
9.485,0.0216,-0.0,0.60959,0.0,1.988,1.988,10.57,0
9.49,0.0216,-0.0,0.60959,0.0,1.988,1.988,10.57,0
9.495,0.02159,-0.0,0.60959,0.0,1.988,1.988,10.57,0
9.5,0.02159,-0.0,0.60959,0.0,1.988,1.988,10.57,0
9.505,0.02159,-0.0,0.60959,0.0,1.988,1.988,10.57,0
9.51,0.02159,-0.0,0.60959,0.0,1.988,1.988,10.57,0
9.515,0.02159,-0.0,0.60959,0.0,1.988,1.988,10.57,0
9.52,0.02159,-0.0,0.60959,0.0,1.988,1.988,10.57,0
9.525,0.02159,-0.0,0.60959,0.0,1.988,1.988,10.57,0
9.53,0.02159,-0.0,0.60959,0.0,1.988,1.988,10.57,0
9.535,0.02159,-0.0,0.60959,0.0,1.988,1.988,10.57,0
9.54,0.02159,-0.0,0.60959,0.0,1.988,1.988,10.57,0
9.545,0.02159,-0.0,0.60959,0.0,1.988,1.988,10.57,0
9.55,0.02159,-0.0,0.60959,0.0,1.987,1.987,10.57,0
9.555,0.02159,-0.0,0.60959,0.0,1.987,1.987,10.57,0
9.56,0.02159,-0.0,0.60959,0.0,1.987,1.987,10.57,0
9.565,0.02159,-0.0,0.60959,0.0,1.987,1.987,10.57,0
9.57,0.02159,-0.0,0.60959,0.0,1.987,1.987,10.57,0
9.575,0.02159,-0.0,0.60959,0.0,1.987,1.987,10.57,0
9.58,0.02159,-0.0,0.60959,0.0,1.987,1.987,10.57,0
9.585,0.02159,-0.0,0.60959,0.0,1.987,1.987,10.57,0
9.59,0.02159,-0.0,0.60959,0.0,1.987,1.987,10.57,0
9.595,0.02159,-0.0,0.60959,0.0,1.987,1.987,10.57,0
9.6,0.02159,-0.0,0.60959,0.0,1.987,1.987,10.57,0
9.605,0.02159,-0.0,0.60959,0.0,1.987,1.987,10.57,0
9.61,0.02159,-0.0,0.60959,0.0,1.986,1.986,10.57,0
9.615,0.02159,-0.0,0.60959,0.0,1.986,1.986,10.57,0
9.62,0.02159,-0.0,0.60959,0.0,1.986,1.986,10.57,0
9.625,0.02159,-0.0,0.60959,0.0,1.986,1.986,10.57,0
9.63,0.02159,-0.0,0.60959,0.0,1.986,1.986,10.57,0
9.635,0.02159,-0.0,0.60959,0.0,1.986,1.986,10.57,0
9.64,0.02158,-0.0,0.60959,0.0,1.986,1.986,10.57,0
9.645,0.02158,-0.0,0.60959,0.0,1.986,1.986,10.57,0
9.65,0.02158,-0.0,0.60959,0.0,1.986,1.986,10.57,0
9.655,0.02158,-0.0,0.60959,0.0,1.986,1.986,10.57,0
9.66,0.02158,-0.0,0.60959,0.0,1.986,1.986,10.57,0
9.665,0.02158,-0.0,0.60959,0.0,1.986,1.986,10.57,0
9.67,0.02158,-0.0,0.60959,0.0,1.986,1.986,10.57,0
9.675,0.02158,-0.0,0.60959,0.0,1.985,1.985,10.57,0
9.68,0.02158,-0.0,0.60959,0.0,1.985,1.985,10.57,0
9.685,0.02158,-0.0,0.60959,0.0,1.985,1.985,10.57,0
9.69,0.02158,-0.0,0.60959,0.0,1.985,1.985,10.57,0
9.695,0.02158,-0.0,0.60959,0.0,1.985,1.985,10.57,0
9.7,0.02158,-0.0,0.60959,0.0,1.985,1.985,10.57,0
9.705,0.02158,-0.0,0.60959,0.0,1.985,1.985,10.57,0
9.71,0.02158,-0.0,0.60959,0.0,1.985,1.985,10.57,0
9.715,0.02158,-0.0,0.60959,0.0,1.985,1.985,10.57,0
9.72,0.02158,-0.0,0.60959,0.0,1.985,1.985,10.57,0
9.725,0.02158,-0.0,0.60959,0.0,1.985,1.985,10.57,0
9.73,0.02158,-0.0,0.60959,0.0,1.985,1.985,10.57,0
9.735,0.02158,-0.0,0.60959,0.0,1.985,1.985,10.57,0
9.74,0.02158,-0.0,0.60959,0.0,1.984,1.984,10.57,0
9.745,0.02158,-0.0,0.60959,0.0,1.984,1.984,10.57,0
9.75,0.02158,-0.0,0.60959,0.0,1.984,1.984,10.57,0
9.755,0.02158,-0.0,0.60959,0.0,1.984,1.984,10.57,0
9.76,0.02158,-0.0,0.60959,0.0,1.984,1.984,10.57,0
9.765,0.02158,-0.0,0.60959,0.0,1.984,1.984,10.57,0
9.77,0.02158,-0.0,0.60959,0.0,1.984,1.984,10.57,0
9.775,0.02158,-0.0,0.60959,0.0,1.984,1.984,10.57,0
9.78,0.02157,-0.0,0.60959,0.0,1.984,1.984,10.57,0
9.785,0.02157,-0.0,0.60959,0.0,1.984,1.984,10.57,0
9.79,0.02157,-0.0,0.60959,0.0,1.984,1.984,10.57,0
9.795,0.02157,-0.0,0.60959,0.0,1.984,1.984,10.57,0
9.8,0.02157,-0.0,0.60959,0.0,1.984,1.984,10.57,0
9.805,0.02157,-0.0,0.60959,0.0,1.983,1.983,10.57,0
9.81,0.02157,-0.0,0.60959,0.0,1.983,1.983,10.57,0
9.815,0.02157,-0.0,0.60959,0.0,1.983,1.983,10.57,0
9.82,0.02157,-0.0,0.60959,0.0,1.983,1.983,10.57,0
9.825,0.02157,-0.0,0.60959,0.0,1.983,1.983,10.57,0
9.83,0.02157,-0.0,0.60959,0.0,1.983,1.983,10.57,0
9.835,0.02157,-0.0,0.60959,0.0,1.983,1.983,10.57,0
9.84,0.02157,-0.0,0.60959,0.0,1.983,1.983,10.57,0
9.845,0.02157,-0.0,0.60959,0.0,1.983,1.983,10.57,0
9.85,0.02157,-0.0,0.60959,0.0,1.983,1.983,10.57,0
9.855,0.02157,-0.0,0.60959,0.0,1.983,1.983,10.57,0
9.86,0.02157,-0.0,0.60959,0.0,1.983,1.983,10.57,0
9.865,0.02157,-0.0,0.60959,0.0,1.983,1.983,10.57,0
9.87,0.02157,-0.0,0.60959,0.0,1.982,1.982,10.57,0
9.875,0.02157,-0.0,0.60959,0.0,1.982,1.982,10.57,0
9.88,0.02157,-0.0,0.60959,0.0,1.982,1.982,10.57,0
9.885,0.02157,-0.0,0.60959,0.0,1.982,1.982,10.57,0
9.89,0.02157,-0.0,0.60959,0.0,1.982,1.982,10.57,0
9.895,0.02157,-0.0,0.60959,0.0,1.982,1.982,10.57,0
9.9,0.02157,-0.0,0.60959,0.0,1.982,1.982,10.57,0
9.905,0.02157,-0.0,0.60959,0.0,1.982,1.982,10.57,0
9.91,0.02157,-0.0,0.60959,0.0,1.982,1.982,10.57,0
9.915,0.02157,-0.0,0.60959,0.0,1.982,1.982,10.57,0
9.92,0.02157,-0.0,0.60959,0.0,1.982,1.982,10.57,0
9.925,0.02157,-0.0,0.60959,0.0,1.982,1.982,10.57,0
9.93,0.02156,-0.0,0.60959,0.0,1.982,1.982,10.57,0
9.935,0.02156,-0.0,0.60959,0.0,1.981,1.981,10.57,0
9.94,0.02156,-0.0,0.60959,0.0,1.981,1.981,10.57,0
9.945,0.02156,-0.0,0.60959,0.0,1.981,1.981,10.57,0
9.95,0.02156,-0.0,0.60959,0.0,1.981,1.981,10.57,0
9.955,0.02156,-0.0,0.60959,0.0,1.981,1.981,10.57,0
9.96,0.02156,-0.0,0.60959,0.0,1.981,1.981,10.57,0
9.965,0.02156,-0.0,0.60959,0.0,1.981,1.981,10.57,0
9.97,0.02156,-0.0,0.60959,0.0,1.981,1.981,10.57,0
9.975,0.02156,-0.0,0.60959,0.0,1.981,1.981,10.57,0
9.98,0.02156,-0.0,0.60959,0.0,1.981,1.981,10.57,0
9.985,0.02156,-0.0,0.60959,0.0,1.981,1.981,10.57,0
9.99,0.02156,-0.0,0.60959,0.0,1.981,1.981,10.57,0
9.995,0.02156,-0.0,0.60959,0.0,1.981,1.981,10.57,0
