time,pelvis_x,pelvis_y,pelvis_z,roll_deg,pitch_deg,tilt_deg,max_torque_nm,is_pushing
0.0,-0.0,0.0,0.63875,0.0,0.0,0.0,0.0,0
0.005,-0.0,0.0,0.63826,0.0,0.0,0.0,0.0,0
0.01,-0.0,0.0,0.63753,0.0,0.0,0.0,0.0,0
0.015,-0.0,0.0,0.63655,0.0,0.0,0.0,0.0,0
0.02,-0.0,0.0,0.63532,0.0,0.0,0.0,0.0,0
0.025,-0.0,0.0,0.63385,0.0,0.0,0.0,0.0,0
0.03,-0.0,0.0,0.63213,0.0,0.0,0.0,0.0,0
0.035,-0.0,0.0,0.63017,0.0,0.0,0.0,0.0,0
0.04,-0.0,0.0,0.62796,0.0,0.0,0.0,0.0,0
0.045,-0.0,0.0,0.62551,0.0,0.0,0.0,0.0,0
0.05,-0.0,0.0,0.62281,0.0,0.0,0.0,0.0,0
0.055,-0.0,0.0,0.61987,0.0,0.0,0.0,0.0,0
0.06,-0.0,0.0,0.61668,0.0,0.0,0.0,0.0,0
0.065,-0.0,0.0,0.61325,0.0,0.0,0.0,0.0,0
0.07,0.00019,-0.0,0.61094,0.0,-0.055,0.055,0.0,0
0.075,0.0006,-0.0,0.60953,0.0,-0.16,0.16,9.46,0
0.08,0.00117,-0.0,0.60879,0.0,-0.295,0.295,14.15,0
0.085,0.00182,-0.0,0.60854,0.0,-0.442,0.442,15.95,0
0.09,0.0025,-0.0,0.60861,0.0,-0.586,0.586,16.0,0
0.095,0.00315,-0.0,0.60885,0.0,-0.716,0.716,15.14,0
0.1,0.00373,-0.0,0.6092,0.0,-0.825,0.825,14.04,0
0.105,0.00424,-0.0,0.60958,0.0,-0.91,0.91,12.9,0
0.11,0.00465,-0.0,0.60995,0.0,-0.97,0.97,11.84,0
0.115,0.00497,-0.0,0.61029,0.0,-1.006,1.006,10.94,0
0.12,0.00522,-0.0,0.6106,0.0,-1.02,1.02,10.18,0
0.125,0.00539,-0.0,0.61087,0.0,-1.015,1.015,9.55,0
0.13,0.0055,-0.0,0.61109,0.0,-0.993,0.993,9.05,0
0.135,0.00558,-0.0,0.61129,0.0,-0.962,0.962,8.64,0
0.14,0.00563,-0.0,0.61146,0.0,-0.925,0.925,8.23,0
0.145,0.00567,-0.0,0.6116,0.0,-0.882,0.882,7.87,0
0.15,0.00569,-0.0,0.61172,0.0,-0.837,0.837,7.58,0
0.155,0.00571,-0.0,0.61182,0.0,-0.789,0.789,7.34,0
0.16,0.00573,-1e-05,0.61189,0.001,-0.739,0.739,7.14,0
0.165,0.00575,-1e-05,0.61195,0.001,-0.69,0.69,6.98,0
0.17,0.00577,-1e-05,0.61199,0.001,-0.642,0.642,6.85,0
0.175,0.00581,-1e-05,0.61201,0.001,-0.595,0.595,6.74,0
0.18,0.00585,-1e-05,0.61203,0.001,-0.549,0.549,6.65,0
0.185,0.0059,-1e-05,0.61204,0.001,-0.506,0.506,6.58,0
0.19,0.00597,-1e-05,0.61204,0.001,-0.465,0.465,6.53,0
0.195,0.00604,-1e-05,0.61203,0.001,-0.426,0.426,6.48,0
0.2,0.00613,-1e-05,0.61202,0.001,-0.39,0.39,6.44,0
0.205,0.00623,-1e-05,0.61201,0.001,-0.356,0.356,6.39,0
0.21,0.00633,-1e-05,0.612,0.001,-0.323,0.323,6.39,0
0.215,0.00645,-1e-05,0.61199,0.001,-0.292,0.292,6.4,0
0.22,0.00657,-1e-05,0.61197,0.001,-0.263,0.263,6.41,0
0.225,0.0067,-1e-05,0.61196,0.001,-0.234,0.234,6.42,0
0.23,0.00683,-1e-05,0.61194,0.001,-0.207,0.207,6.45,0
0.235,0.00697,-1e-05,0.61193,0.001,-0.18,0.18,6.49,0
0.24,0.00712,-1e-05,0.61191,0.001,-0.154,0.154,6.53,0
0.245,0.00726,-1e-05,0.61189,0.001,-0.129,0.129,6.58,0
0.25,0.00742,-1e-05,0.61187,0.001,-0.105,0.105,6.63,0
0.255,0.00757,-1e-05,0.61185,0.001,-0.081,0.081,6.68,0
0.26,0.00773,-1e-05,0.61183,0.001,-0.057,0.057,6.74,0
0.265,0.00789,-1e-05,0.6118,0.001,-0.034,0.034,6.79,0
0.27,0.00806,-1e-05,0.61178,0.001,-0.011,0.011,6.85,0
0.275,0.00822,-1e-05,0.61176,0.001,0.012,0.012,6.9,0
0.28,0.00839,-1e-05,0.61173,0.001,0.034,0.034,6.96,0
0.285,0.00856,-1e-05,0.61171,0.001,0.056,0.056,7.02,0
0.29,0.00873,-1e-05,0.61168,0.001,0.079,0.079,7.07,0
0.295,0.0089,-1e-05,0.61166,0.001,0.101,0.101,7.13,0
0.3,0.00907,-1e-05,0.61163,0.001,0.124,0.124,7.19,0
0.305,0.00925,-1e-05,0.61161,0.001,0.146,0.146,7.24,0
0.31,0.00942,-1e-05,0.61158,0.001,0.169,0.169,7.3,0
0.315,0.0096,-1e-05,0.61156,0.001,0.191,0.191,7.36,0
0.32,0.00977,-1e-05,0.61153,0.001,0.214,0.214,7.41,0
0.325,0.00995,-1e-05,0.6115,0.001,0.237,0.237,7.47,0
0.33,0.01012,-1e-05,0.61148,0.001,0.26,0.26,7.52,0
0.335,0.0103,-1e-05,0.61145,0.001,0.284,0.284,7.57,0
0.34,0.01047,-1e-05,0.61142,0.001,0.307,0.307,7.63,0
0.345,0.01065,-1e-05,0.6114,0.001,0.331,0.331,7.68,0
0.35,0.01082,-1e-05,0.61137,0.001,0.355,0.355,7.73,0
0.355,0.011,-1e-05,0.61134,0.001,0.379,0.379,7.79,0
0.36,0.01117,-1e-05,0.61131,0.001,0.403,0.403,7.84,0
0.365,0.01135,-1e-05,0.61129,0.001,0.427,0.427,7.89,0
0.37,0.01152,-1e-05,0.61126,0.001,0.451,0.451,7.94,0
0.375,0.01169,-1e-05,0.61123,0.001,0.476,0.476,7.99,0
0.38,0.01187,-1e-05,0.6112,0.001,0.5,0.5,8.05,0
0.385,0.01204,-1e-05,0.61117,0.001,0.525,0.525,8.1,0
0.39,0.01221,-1e-05,0.61115,0.001,0.549,0.549,8.15,0
0.395,0.01239,-1e-05,0.61112,0.001,0.574,0.574,8.2,0
0.4,0.01256,-1e-05,0.61109,0.001,0.599,0.599,8.25,0
0.405,0.01273,-1e-05,0.61106,0.001,0.624,0.624,8.3,0
0.41,0.0129,-1e-05,0.61104,0.001,0.648,0.648,8.35,0
0.415,0.01308,-1e-05,0.61101,0.001,0.673,0.673,8.4,0
0.42,0.01325,-1e-05,0.61098,0.001,0.698,0.698,8.45,0
0.425,0.01342,-1e-05,0.61095,0.001,0.723,0.723,8.5,0
0.43,0.01359,-1e-05,0.61092,0.001,0.747,0.747,8.55,0
0.435,0.01376,-1e-05,0.6109,0.001,0.772,0.772,8.6,0
0.44,0.01393,-1e-05,0.61087,0.001,0.797,0.797,8.65,0
0.445,0.0141,-1e-05,0.61084,0.001,0.821,0.821,8.7,0
0.45,0.01427,-1e-05,0.61081,0.001,0.846,0.846,8.75,0
0.455,0.01444,-1e-05,0.61078,0.001,0.87,0.87,8.8,0
0.46,0.0146,-1e-05,0.61076,0.001,0.894,0.894,8.85,0
0.465,0.01477,-1e-05,0.61073,0.001,0.919,0.919,8.89,0
0.47,0.01494,-1e-05,0.6107,0.001,0.943,0.943,8.94,0
0.475,0.0151,-1e-05,0.61067,0.001,0.967,0.967,8.99,0
0.48,0.01527,-1e-05,0.61065,0.001,0.991,0.991,9.04,0
0.485,0.01544,-1e-05,0.61062,0.001,1.014,1.014,9.09,0
0.49,0.0156,-1e-05,0.61059,0.001,1.038,1.038,9.14,0
0.495,0.01576,-1e-05,0.61056,0.001,1.062,1.062,9.18,0
0.5,0.01592,-1e-05,0.61054,0.001,1.085,1.085,9.23,0
0.505,0.01609,-0.0,0.61051,0.001,1.108,1.108,9.28,0
0.51,0.01625,-0.0,0.61048,0.001,1.132,1.132,9.32,0
0.515,0.01641,-0.0,0.61046,0.0,1.155,1.155,9.37,0
0.52,0.01657,-0.0,0.61043,0.0,1.177,1.177,9.42,0
0.525,0.01672,-0.0,0.6104,0.0,1.2,1.2,9.46,0
0.53,0.01688,-0.0,0.61038,0.0,1.223,1.223,9.51,0
0.535,0.01704,-0.0,0.61035,0.0,1.245,1.245,9.55,0
0.54,0.01719,-0.0,0.61032,0.0,1.268,1.268,9.6,0
0.545,0.01735,-0.0,0.6103,0.0,1.29,1.29,9.64,0
0.55,0.0175,-0.0,0.61027,0.0,1.312,1.312,9.69,0
0.555,0.01765,-0.0,0.61024,0.0,1.333,1.333,9.73,0
0.56,0.0178,-0.0,0.61022,0.0,1.355,1.355,9.77,0
0.565,0.01795,-0.0,0.61019,0.0,1.376,1.376,9.82,0
0.57,0.0181,-0.0,0.61017,0.0,1.398,1.398,9.86,0
0.575,0.01824,-0.0,0.61014,0.0,1.419,1.419,9.9,0
0.58,0.01839,-0.0,0.61012,0.0,1.44,1.44,9.94,0
0.585,0.01853,-0.0,0.61009,0.0,1.46,1.46,9.98,0
0.59,0.01868,-0.0,0.61007,0.0,1.481,1.481,10.03,0
0.595,0.01882,-0.0,0.61004,0.0,1.501,1.501,10.07,0
0.6,0.01896,-0.0,0.61002,0.0,1.521,1.521,10.11,0
0.605,0.0191,-0.0,0.61,0.0,1.541,1.541,10.15,0
0.61,0.01923,-0.0,0.60997,0.0,1.561,1.561,10.18,0
0.615,0.01937,-0.0,0.60995,0.0,1.58,1.58,10.22,0
0.62,0.0195,-0.0,0.60993,0.0,1.599,1.599,10.26,0
0.625,0.01963,-0.0,0.6099,0.0,1.618,1.618,10.3,0
0.63,0.01976,-0.0,0.60988,0.0,1.637,1.637,10.34,0
0.635,0.01989,-0.0,0.60986,0.0,1.656,1.656,10.37,0
0.64,0.02002,-0.0,0.60984,0.0,1.674,1.674,10.41,0
0.645,0.02015,-0.0,0.60981,0.0,1.692,1.692,10.45,0
0.65,0.02027,-0.0,0.60979,0.0,1.71,1.71,10.48,0
0.655,0.02039,-0.0,0.60977,0.0,1.728,1.728,10.52,0
0.66,0.02052,-0.0,0.60975,0.0,1.745,1.745,10.55,0
0.665,0.02063,-0.0,0.60973,0.0,1.762,1.762,10.58,0
0.67,0.02075,-0.0,0.60971,0.0,1.779,1.779,10.62,0
0.675,0.02087,-0.0,0.60969,0.0,1.796,1.796,10.65,0
0.68,0.02098,-0.0,0.60967,0.0,1.812,1.812,10.68,0
0.685,0.02109,-0.0,0.60965,0.0,1.828,1.828,10.71,0
0.69,0.02121,-0.0,0.60963,0.0,1.844,1.844,10.74,0
0.695,0.02131,-0.0,0.60961,0.001,1.86,1.86,10.77,0
0.7,0.02142,-0.0,0.60959,0.001,1.875,1.875,10.8,0
0.705,0.02153,-0.0,0.60957,0.001,1.891,1.891,10.83,0
0.71,0.02163,-0.0,0.60955,0.001,1.905,1.905,10.86,0
0.715,0.02173,-1e-05,0.60954,0.001,1.92,1.92,10.89,0
0.72,0.02183,-1e-05,0.60952,0.001,1.934,1.934,10.92,0
0.725,0.02193,-1e-05,0.6095,0.001,1.948,1.948,10.95,0
0.73,0.02202,-1e-05,0.60948,0.001,1.962,1.962,10.97,0
0.735,0.02212,-1e-05,0.60947,0.001,1.976,1.976,11.0,0
0.74,0.02221,-1e-05,0.60945,0.001,1.989,1.989,11.02,0
0.745,0.0223,-1e-05,0.60943,0.001,2.002,2.002,11.05,0
0.75,0.02239,-1e-05,0.60942,0.001,2.014,2.014,11.07,0
0.755,0.02247,-1e-05,0.6094,0.001,2.027,2.027,11.1,0
0.76,0.02256,-1e-05,0.60939,0.001,2.039,2.039,11.12,0
0.765,0.02264,-1e-05,0.60937,0.001,2.051,2.051,11.14,0
0.77,0.02272,-1e-05,0.60936,0.001,2.062,2.062,11.16,0
0.775,0.0228,-1e-05,0.60935,0.001,2.073,2.073,11.18,0
0.78,0.02287,-1e-05,0.60933,0.001,2.084,2.084,11.2,0
0.785,0.02295,-1e-05,0.60932,0.001,2.095,2.095,11.22,0
0.79,0.02302,-1e-05,0.60931,0.001,2.105,2.105,11.24,0
0.795,0.02309,-1e-05,0.60929,0.001,2.115,2.115,11.26,0
0.8,0.02316,-1e-05,0.60928,0.001,2.125,2.125,11.28,0
0.805,0.02322,-1e-05,0.60927,0.001,2.134,2.134,11.3,0
0.81,0.02328,-1e-05,0.60926,0.001,2.143,2.143,11.31,0
0.815,0.02335,-1e-05,0.60925,0.001,2.152,2.152,11.33,0
0.82,0.02341,-1e-05,0.60924,0.001,2.161,2.161,11.34,0
0.825,0.02346,-1e-05,0.60923,0.001,2.169,2.169,11.36,0
0.83,0.02352,-1e-05,0.60922,0.001,2.177,2.177,11.37,0
0.835,0.02357,-1e-05,0.60921,0.001,2.185,2.185,11.39,0
0.84,0.02362,-1e-05,0.6092,0.001,2.192,2.192,11.4,0
0.845,0.02367,-1e-05,0.60919,0.001,2.199,2.199,11.41,0
0.85,0.02372,-1e-05,0.60918,0.001,2.206,2.206,11.42,0
0.855,0.02377,-1e-05,0.60918,0.001,2.212,2.212,11.43,0
0.86,0.02381,-1e-05,0.60917,0.001,2.218,2.218,11.44,0
0.865,0.02385,-1e-05,0.60916,0.001,2.224,2.224,11.44,0
0.87,0.02389,-1e-05,0.60915,0.001,2.229,2.229,11.45,0
0.875,0.02393,-1e-05,0.60915,0.001,2.235,2.235,11.45,0
0.88,0.02396,-1e-05,0.60914,0.001,2.239,2.239,11.46,0
0.885,0.024,-1e-05,0.60914,0.001,2.244,2.244,11.46,0
0.89,0.02403,-1e-05,0.60913,0.001,2.248,2.248,11.47,0
0.895,0.02406,-1e-05,0.60913,0.001,2.252,2.252,11.48,0
0.9,0.02409,-1e-05,0.60912,0.001,2.255,2.255,11.48,0
0.905,0.02411,-1e-05,0.60912,0.001,2.259,2.259,11.48,0
0.91,0.02414,-1e-05,0.60911,0.001,2.261,2.261,11.49,0
0.915,0.02416,-1e-05,0.60911,0.001,2.264,2.264,11.49,0
0.92,0.02418,-1e-05,0.60911,0.001,2.267,2.267,11.49,0
0.925,0.0242,-1e-05,0.60911,0.001,2.269,2.269,11.49,0
0.93,0.02421,-1e-05,0.6091,0.001,2.271,2.271,11.49,0
0.935,0.02423,-1e-05,0.6091,0.001,2.272,2.272,11.49,0
0.94,0.02424,-1e-05,0.6091,0.001,2.274,2.274,11.49,0
0.945,0.02425,-1e-05,0.6091,0.001,2.275,2.275,11.49,0
0.95,0.02426,-1e-05,0.6091,0.001,2.276,2.276,11.49,0
0.955,0.02426,-1e-05,0.6091,0.001,2.277,2.277,11.49,0
0.96,0.02427,-1e-05,0.6091,0.001,2.277,2.277,11.49,0
0.965,0.02427,-1e-05,0.60909,0.001,2.278,2.278,11.49,0
0.97,0.02427,-1e-05,0.60909,0.001,2.278,2.278,11.49,0
0.975,0.02427,-1e-05,0.6091,0.001,2.278,2.278,11.49,0
0.98,0.02426,-1e-05,0.6091,0.001,2.278,2.278,11.49,0
0.985,0.02425,-1e-05,0.6091,0.001,2.278,2.278,11.49,0
0.99,0.02425,-1e-05,0.6091,0.001,2.277,2.277,11.49,0
0.995,0.02424,-1e-05,0.6091,0.001,2.276,2.276,11.49,0
1.0,0.02423,-1e-05,0.6091,0.001,2.276,2.276,11.49,0
1.005,0.02421,-1e-05,0.6091,0.001,2.275,2.275,11.49,0
1.01,0.0242,-1e-05,0.6091,0.001,2.274,2.274,11.49,0
1.015,0.02418,-1e-05,0.6091,0.001,2.272,2.272,11.49,0
1.02,0.02417,-1e-05,0.60911,0.001,2.271,2.271,11.49,0
1.025,0.02415,-0.0,0.60911,0.001,2.269,2.269,11.49,0
1.03,0.02413,-0.0,0.60911,0.001,2.268,2.268,11.49,0
1.035,0.02411,-0.0,0.60911,0.001,2.266,2.266,11.49,0
1.04,0.02409,-0.0,0.60912,0.001,2.264,2.264,11.49,0
1.045,0.02407,-0.0,0.60912,0.001,2.262,2.262,11.49,0
1.05,0.02404,-0.0,0.60912,0.001,2.26,2.26,11.49,0
1.055,0.02402,-0.0,0.60912,0.001,2.258,2.258,11.49,0
1.06,0.024,-0.0,0.60913,0.001,2.256,2.256,11.49,0
1.065,0.02397,-0.0,0.60913,0.001,2.254,2.254,11.49,0
1.07,0.02395,-0.0,0.60913,0.001,2.251,2.251,11.48,0
1.075,0.02392,-0.0,0.60914,0.001,2.249,2.249,11.47,0
1.08,0.0239,-0.0,0.60914,0.001,2.246,2.246,11.45,0
1.085,0.02387,-0.0,0.60914,0.001,2.244,2.244,11.44,0
1.09,0.02385,-0.0,0.60915,0.001,2.241,2.241,11.42,0
1.095,0.02382,-0.0,0.60915,0.001,2.239,2.239,11.41,0
1.1,0.02379,-0.0,0.60916,0.001,2.236,2.236,11.4,0
1.105,0.02376,-0.0,0.60916,0.001,2.233,2.233,11.39,0
1.11,0.02374,-0.0,0.60917,0.001,2.23,2.23,11.37,0
1.115,0.02371,-0.0,0.60917,0.001,2.228,2.228,11.36,0
1.12,0.02368,-0.0,0.60918,0.001,2.225,2.225,11.35,0
1.125,0.02365,-0.0,0.60918,0.0,2.222,2.222,11.34,0
1.13,0.02363,-0.0,0.60919,0.0,2.219,2.219,11.33,0
1.135,0.0236,-0.0,0.60919,0.0,2.216,2.216,11.31,0
1.14,0.02357,-0.0,0.6092,0.0,2.214,2.214,11.3,0
1.145,0.02354,-0.0,0.6092,0.0,2.211,2.211,11.29,0
1.15,0.02351,-0.0,0.60921,0.0,2.208,2.208,11.28,0
1.155,0.02348,-0.0,0.60921,0.0,2.205,2.205,11.27,0
1.16,0.02345,-0.0,0.60922,0.0,2.202,2.202,11.25,0
1.165,0.02342,-0.0,0.60923,0.0,2.199,2.199,11.24,0
1.17,0.02339,-0.0,0.60923,0.0,2.196,2.196,11.23,0
1.175,0.02336,-0.0,0.60924,0.0,2.193,2.193,11.22,0
1.18,0.02333,-0.0,0.60924,0.0,2.19,2.19,11.21,0
1.185,0.0233,-0.0,0.60925,0.0,2.187,2.187,11.19,0
1.19,0.02327,-0.0,0.60925,0.0,2.184,2.184,11.18,0
1.195,0.02324,-0.0,0.60926,0.0,2.181,2.181,11.17,0
1.2,0.02321,-0.0,0.60927,0.0,2.178,2.178,11.16,0
1.205,0.02318,-0.0,0.60927,0.0,2.175,2.175,11.15,0
1.21,0.02315,-0.0,0.60928,0.0,2.172,2.172,11.13,0
1.215,0.02312,-0.0,0.60928,0.0,2.169,2.169,11.12,0
1.22,0.02309,-0.0,0.60929,0.0,2.166,2.166,11.11,0
1.225,0.02306,-0.0,0.60929,0.0,2.163,2.163,11.1,0
1.23,0.02303,-0.0,0.6093,0.0,2.16,2.16,11.09,0
1.235,0.023,-0.0,0.6093,0.0,2.157,2.157,11.07,0
1.24,0.02297,-0.0,0.60931,0.0,2.154,2.154,11.06,0
1.245,0.02294,-0.0,0.60932,0.0,2.151,2.151,11.05,0
1.25,0.02291,-0.0,0.60932,0.0,2.147,2.147,11.04,0
1.255,0.02288,-0.0,0.60933,0.0,2.144,2.144,11.03,0
1.26,0.02285,-0.0,0.60933,0.0,2.142,2.142,11.01,0
1.265,0.02282,-0.0,0.60934,0.001,2.139,2.139,11.0,0
1.27,0.02279,-0.0,0.60934,0.001,2.136,2.136,10.99,0
1.275,0.02276,-0.0,0.60935,0.001,2.133,2.133,10.98,0
1.28,0.02274,-0.0,0.60935,0.001,2.13,2.13,10.97,0
1.285,0.02271,-0.0,0.60936,0.001,2.127,2.127,10.96,0
1.29,0.02268,-0.0,0.60937,0.001,2.124,2.124,10.95,0
1.295,0.02265,-0.0,0.60937,0.001,2.121,2.121,10.94,0
1.3,0.02262,-0.0,0.60938,0.001,2.118,2.118,10.93,0
1.305,0.0226,-0.0,0.60938,0.001,2.115,2.115,10.92,0
1.31,0.02257,-0.0,0.60939,0.001,2.113,2.113,10.91,0
1.315,0.02254,-0.0,0.60939,0.001,2.11,2.11,10.9,0
1.32,0.02251,-0.0,0.6094,0.001,2.107,2.107,10.89,0
1.325,0.02249,-0.0,0.6094,0.001,2.104,2.104,10.88,0
1.33,0.02246,-0.0,0.60941,0.001,2.102,2.102,10.87,0
1.335,0.02244,-0.0,0.60941,0.001,2.099,2.099,10.86,0
1.34,0.02241,-0.0,0.60942,0.001,2.097,2.097,10.85,0
1.345,0.02238,-0.0,0.60942,0.001,2.094,2.094,10.84,0
1.35,0.02236,-0.0,0.60943,0.001,2.091,2.091,10.83,0
1.355,0.02233,-0.0,0.60943,0.001,2.089,2.089,10.82,0
1.36,0.02231,-0.0,0.60943,0.001,2.086,2.086,10.81,0
1.365,0.02229,-0.0,0.60944,0.001,2.084,2.084,10.81,0
1.37,0.02226,-0.0,0.60944,0.001,2.081,2.081,10.8,0
1.375,0.02224,-0.0,0.60945,0.001,2.079,2.079,10.79,0
1.38,0.02222,-0.0,0.60945,0.001,2.077,2.077,10.78,0
1.385,0.02219,-0.0,0.60946,0.001,2.074,2.074,10.77,0
1.39,0.02217,-0.0,0.60946,0.001,2.072,2.072,10.77,0
1.395,0.02215,-0.0,0.60946,0.001,2.07,2.07,10.76,0
1.4,0.02213,-0.0,0.60947,0.001,2.068,2.068,10.75,0
1.405,0.02211,-0.0,0.60947,0.001,2.066,2.066,10.74,0
1.41,0.02209,-0.0,0.60948,0.001,2.063,2.063,10.74,0
1.415,0.02207,-0.0,0.60948,0.001,2.061,2.061,10.73,0
1.42,0.02205,-0.0,0.60948,0.001,2.059,2.059,10.72,0
1.425,0.02203,-0.0,0.60949,0.001,2.057,2.057,10.72,0
1.43,0.02201,-0.0,0.60949,0.001,2.055,2.055,10.71,0
1.435,0.02199,-0.0,0.60949,0.001,2.053,2.053,10.71,0
1.44,0.02197,-0.0,0.6095,0.001,2.051,2.051,10.7,0
1.445,0.02196,-0.0,0.6095,0.001,2.05,2.05,10.7,0
1.45,0.02194,-0.0,0.6095,0.001,2.048,2.048,10.69,0
1.455,0.02192,-0.0,0.60951,0.001,2.046,2.046,10.68,0
1.46,0.02191,-0.0,0.60951,0.001,2.044,2.044,10.68,0
1.465,0.02189,-0.0,0.60951,0.001,2.043,2.043,10.67,0
1.47,0.02188,-0.0,0.60952,0.001,2.041,2.041,10.67,0
1.475,0.02186,-0.0,0.60952,0.001,2.04,2.04,10.67,0
1.48,0.02185,-0.0,0.60952,0.001,2.038,2.038,10.66,0
1.485,0.02183,-0.0,0.60952,0.001,2.037,2.037,10.66,0
1.49,0.02182,-0.0,0.60953,0.001,2.035,2.035,10.65,0
1.495,0.02181,-0.0,0.60953,0.001,2.034,2.034,10.65,0
1.5,0.02179,-0.0,0.60953,0.001,2.032,2.032,10.65,0
1.505,0.02178,-0.0,0.60953,0.001,2.031,2.031,10.64,0
1.51,0.02177,-0.0,0.60954,0.001,2.03,2.03,10.64,0
1.515,0.02176,-0.0,0.60954,0.001,2.029,2.029,10.64,0
1.52,0.02175,-0.0,0.60954,0.001,2.028,2.028,10.63,0
1.525,0.02174,-0.0,0.60954,0.001,2.026,2.026,10.63,0
1.53,0.02173,-0.0,0.60954,0.001,2.025,2.025,10.63,0
1.535,0.02172,-0.0,0.60955,0.001,2.024,2.024,10.63,0
1.54,0.02171,-0.0,0.60955,0.001,2.023,2.023,10.62,0
1.545,0.0217,-0.0,0.60955,0.001,2.022,2.022,10.62,0
1.55,0.0217,-0.0,0.60955,0.001,2.022,2.022,10.62,0
1.555,0.02169,-0.0,0.60955,0.001,2.021,2.021,10.62,0
1.56,0.02168,-0.0,0.60955,0.001,2.02,2.02,10.62,0
1.565,0.02168,-0.0,0.60955,0.001,2.019,2.019,10.62,0
1.57,0.02167,-0.0,0.60956,0.001,2.019,2.019,10.62,0
1.575,0.02166,-0.0,0.60956,0.001,2.018,2.018,10.62,0
1.58,0.02166,-0.0,0.60956,0.001,2.017,2.017,10.62,0
1.585,0.02165,-0.0,0.60956,0.001,2.017,2.017,10.62,0
1.59,0.02165,-0.0,0.60956,0.001,2.016,2.016,10.62,0
1.595,0.02165,-0.0,0.60956,0.001,2.016,2.016,10.62,0
1.6,0.02164,-0.0,0.60956,0.001,2.015,2.015,10.62,0
1.605,0.02164,-0.0,0.60956,0.001,2.015,2.015,10.62,0
1.61,0.02164,-1e-05,0.60956,0.001,2.015,2.015,10.62,0
1.615,0.02164,-1e-05,0.60956,0.001,2.014,2.014,10.62,0
1.62,0.02164,-1e-05,0.60956,0.001,2.014,2.014,10.62,0
1.625,0.02164,-1e-05,0.60956,0.001,2.014,2.014,10.62,0
1.63,0.02163,-1e-05,0.60956,0.001,2.014,2.014,10.62,0
1.635,0.02163,-1e-05,0.60956,0.001,2.014,2.014,10.62,0
1.64,0.02164,-1e-05,0.60956,0.001,2.014,2.014,10.61,0
1.645,0.02164,-1e-05,0.60956,0.001,2.014,2.014,10.61,0
1.65,0.02164,-1e-05,0.60956,0.001,2.013,2.013,10.61,0
1.655,0.02164,-1e-05,0.60956,0.001,2.014,2.014,10.61,0
1.66,0.02164,-1e-05,0.60956,0.001,2.014,2.014,10.61,0
1.665,0.02164,-1e-05,0.60956,0.001,2.014,2.014,10.61,0
1.67,0.02164,-1e-05,0.60956,0.001,2.014,2.014,10.61,0
1.675,0.02165,-1e-05,0.60956,0.001,2.014,2.014,10.61,0
1.68,0.02165,-1e-05,0.60956,0.001,2.014,2.014,10.61,0
1.685,0.02165,-1e-05,0.60956,0.001,2.014,2.014,10.61,0
1.69,0.02166,-1e-05,0.60956,0.001,2.014,2.014,10.61,0
1.695,0.02166,-1e-05,0.60956,0.001,2.015,2.015,10.61,0
1.7,0.02166,-1e-05,0.60956,0.001,2.015,2.015,10.61,0
1.705,0.02167,-1e-05,0.60956,0.001,2.015,2.015,10.61,0
1.71,0.02167,-1e-05,0.60956,0.001,2.016,2.016,10.61,0
1.715,0.02168,-1e-05,0.60956,0.001,2.016,2.016,10.61,0
1.72,0.02168,-1e-05,0.60956,0.001,2.016,2.016,10.61,0
1.725,0.02169,-1e-05,0.60956,0.001,2.017,2.017,10.61,0
1.73,0.02169,-1e-05,0.60956,0.001,2.017,2.017,10.61,0
1.735,0.0217,-1e-05,0.60956,0.001,2.017,2.017,10.61,0
1.74,0.0217,-1e-05,0.60955,0.001,2.018,2.018,10.61,0
1.745,0.02171,-1e-05,0.60955,0.001,2.018,2.018,10.61,0
1.75,0.02171,-1e-05,0.60955,0.001,2.018,2.018,10.61,0
1.755,0.02171,-1e-05,0.60955,0.001,2.019,2.019,10.61,0
1.76,0.02172,-1e-05,0.60955,0.001,2.019,2.019,10.61,0
1.765,0.02172,-1e-05,0.60955,0.001,2.02,2.02,10.61,0
1.77,0.02173,-1e-05,0.60955,0.001,2.02,2.02,10.61,0
1.775,0.02173,-1e-05,0.60955,0.001,2.02,2.02,10.61,0
1.78,0.02174,-1e-05,0.60955,0.001,2.021,2.021,10.61,0
1.785,0.02174,-1e-05,0.60955,0.001,2.021,2.021,10.61,0
1.79,0.02174,-1e-05,0.60955,0.001,2.021,2.021,10.61,0
1.795,0.02175,-1e-05,0.60955,0.001,2.022,2.022,10.61,0
1.8,0.02175,-1e-05,0.60955,0.001,2.022,2.022,10.61,0
1.805,0.02176,-1e-05,0.60955,0.001,2.022,2.022,10.61,0
1.81,0.02176,-1e-05,0.60955,0.001,2.023,2.023,10.61,0
1.815,0.02176,-1e-05,0.60955,0.001,2.023,2.023,10.61,0
1.82,0.02177,-1e-05,0.60955,0.001,2.023,2.023,10.61,0
1.825,0.02177,-1e-05,0.60955,0.001,2.023,2.023,10.61,0
1.83,0.02177,-1e-05,0.60955,0.001,2.024,2.024,10.61,0
1.835,0.02177,-1e-05,0.60955,0.001,2.024,2.024,10.61,0
1.84,0.02178,-1e-05,0.60955,0.001,2.024,2.024,10.61,0
1.845,0.02178,-1e-05,0.60955,0.001,2.024,2.024,10.61,0
1.85,0.02178,-1e-05,0.60955,0.001,2.024,2.024,10.61,0
1.855,0.02178,-1e-05,0.60955,0.001,2.024,2.024,10.61,0
1.86,0.02178,-1e-05,0.60955,0.001,2.024,2.024,10.61,0
1.865,0.02178,-1e-05,0.60955,0.001,2.024,2.024,10.61,0
1.87,0.02178,-1e-05,0.60955,0.001,2.024,2.024,10.61,0
1.875,0.02178,-1e-05,0.60955,0.001,2.024,2.024,10.61,0
1.88,0.02178,-1e-05,0.60955,0.001,2.024,2.024,10.61,0
1.885,0.02179,-1e-05,0.60955,0.001,2.024,2.024,10.61,0
1.89,0.02179,-1e-05,0.60955,0.001,2.024,2.024,10.61,0
1.895,0.02178,-1e-05,0.60955,0.001,2.024,2.024,10.61,0
1.9,0.02178,-1e-05,0.60955,0.001,2.024,2.024,10.61,0
1.905,0.02178,-1e-05,0.60955,0.001,2.024,2.024,10.61,0
1.91,0.02178,-1e-05,0.60955,0.001,2.024,2.024,10.61,0
1.915,0.02178,-1e-05,0.60955,0.001,2.024,2.024,10.61,0
1.92,0.02178,-1e-05,0.60955,0.001,2.024,2.024,10.61,0
1.925,0.02178,-1e-05,0.60955,0.001,2.024,2.024,10.61,0
1.93,0.02178,-1e-05,0.60955,0.001,2.023,2.023,10.61,0
1.935,0.02178,-1e-05,0.60955,0.001,2.023,2.023,10.61,0
1.94,0.02177,-1e-05,0.60955,0.001,2.023,2.023,10.61,0
1.945,0.02177,-1e-05,0.60955,0.001,2.023,2.023,10.61,0
1.95,0.02177,-1e-05,0.60955,0.001,2.022,2.022,10.61,0
1.955,0.02177,-1e-05,0.60955,0.001,2.022,2.022,10.61,0
1.96,0.02176,-1e-05,0.60955,0.001,2.022,2.022,10.61,0
1.965,0.02176,-1e-05,0.60955,0.001,2.022,2.022,10.61,0
1.97,0.02176,-1e-05,0.60955,0.001,2.021,2.021,10.61,0
1.975,0.02176,-1e-05,0.60955,0.001,2.021,2.021,10.61,0
1.98,0.02175,-1e-05,0.60955,0.001,2.021,2.021,10.61,0
1.985,0.02175,-1e-05,0.60955,0.001,2.02,2.02,10.61,0
1.99,0.02175,-1e-05,0.60955,0.001,2.02,2.02,10.61,0
1.995,0.02174,-1e-05,0.60955,0.001,2.02,2.02,10.61,0
2.0,0.02174,-1e-05,0.60955,0.001,2.019,2.019,10.61,0
2.005,0.02174,-1e-05,0.60955,0.001,2.019,2.019,10.61,0
2.01,0.02173,-1e-05,0.60955,0.001,2.019,2.019,10.61,0
2.015,0.02173,-1e-05,0.60955,0.001,2.018,2.018,10.61,0
2.02,0.02173,-1e-05,0.60955,0.001,2.018,2.018,10.61,0
2.025,0.02172,-1e-05,0.60955,0.001,2.018,2.018,10.61,0
2.03,0.02172,-1e-05,0.60955,0.001,2.017,2.017,10.61,0
2.035,0.02172,-1e-05,0.60955,0.001,2.017,2.017,10.61,0
2.04,0.02172,-1e-05,0.60955,0.001,2.017,2.017,10.61,0
2.045,0.02171,-1e-05,0.60956,0.001,2.016,2.016,10.61,0
2.05,0.02171,-1e-05,0.60956,0.001,2.016,2.016,10.61,0
2.055,0.02171,-1e-05,0.60956,0.001,2.016,2.016,10.61,0
2.06,0.0217,-1e-05,0.60956,0.001,2.015,2.015,10.61,0
2.065,0.0217,-1e-05,0.60956,0.001,2.015,2.015,10.61,0
2.07,0.0217,-1e-05,0.60956,0.001,2.015,2.015,10.61,0
2.075,0.0217,-1e-05,0.60956,0.001,2.014,2.014,10.61,0
2.08,0.02169,-1e-05,0.60956,0.001,2.014,2.014,10.61,0
2.085,0.02169,-1e-05,0.60956,0.001,2.014,2.014,10.61,0
2.09,0.02169,-1e-05,0.60956,0.001,2.014,2.014,10.61,0
2.095,0.02169,-1e-05,0.60956,0.001,2.013,2.013,10.61,0
2.1,0.02169,-1e-05,0.60956,0.001,2.013,2.013,10.61,0
2.105,0.02168,-1e-05,0.60956,0.001,2.013,2.013,10.61,0
2.11,0.02168,-1e-05,0.60956,0.001,2.012,2.012,10.61,0
2.115,0.02168,-1e-05,0.60956,0.001,2.012,2.012,10.61,0
2.12,0.02168,-1e-05,0.60956,0.001,2.012,2.012,10.61,0
2.125,0.02168,-1e-05,0.60956,0.001,2.012,2.012,10.61,0
2.13,0.02168,-1e-05,0.60956,0.001,2.012,2.012,10.61,0
2.135,0.02167,-1e-05,0.60956,0.001,2.011,2.011,10.61,0
2.14,0.02167,-1e-05,0.60956,0.001,2.011,2.011,10.61,0
2.145,0.02167,-1e-05,0.60956,0.001,2.011,2.011,10.61,0
2.15,0.02167,-1e-05,0.60956,0.001,2.011,2.011,10.61,0
2.155,0.02167,-1e-05,0.60956,0.001,2.011,2.011,10.61,0
2.16,0.02167,-1e-05,0.60956,0.001,2.011,2.011,10.61,0
2.165,0.02167,-1e-05,0.60956,0.001,2.011,2.011,10.61,0
2.17,0.02167,-1e-05,0.60956,0.001,2.01,2.01,10.61,0
2.175,0.02167,-1e-05,0.60956,0.001,2.01,2.01,10.61,0
2.18,0.02167,-1e-05,0.60956,0.001,2.01,2.01,10.61,0
2.185,0.02167,-1e-05,0.60956,0.001,2.01,2.01,10.61,0
2.19,0.02167,-1e-05,0.60956,0.001,2.01,2.01,10.61,0
2.195,0.02167,-1e-05,0.60956,0.001,2.01,2.01,10.61,0
2.2,0.02167,-1e-05,0.60956,0.001,2.01,2.01,10.61,0
2.205,0.02167,-1e-05,0.60956,0.001,2.01,2.01,10.61,0
2.21,0.02167,-1e-05,0.60956,0.001,2.01,2.01,10.61,0
2.215,0.02167,-1e-05,0.60956,0.001,2.01,2.01,10.61,0
2.22,0.02167,-1e-05,0.60956,0.001,2.01,2.01,10.61,0
2.225,0.02167,-1e-05,0.60956,0.001,2.01,2.01,10.61,0
2.23,0.02167,-1e-05,0.60956,0.001,2.01,2.01,10.61,0
2.235,0.02167,-1e-05,0.60956,0.001,2.01,2.01,10.61,0
2.24,0.02167,-1e-05,0.60956,0.001,2.01,2.01,10.61,0
2.245,0.02168,-1e-05,0.60956,0.001,2.01,2.01,10.61,0
2.25,0.02168,-1e-05,0.60956,0.001,2.01,2.01,10.61,0
2.255,0.02168,-1e-05,0.60956,0.001,2.01,2.01,10.61,0
2.26,0.02168,-1e-05,0.60956,0.001,2.01,2.01,10.61,0
2.265,0.02168,-1e-05,0.60956,0.001,2.01,2.01,10.61,0
2.27,0.02168,-1e-05,0.60956,0.001,2.01,2.01,10.61,0
2.275,0.02168,-1e-05,0.60956,0.001,2.01,2.01,10.61,0
2.28,0.02168,-1e-05,0.60956,0.001,2.01,2.01,10.61,0
2.285,0.02168,-1e-05,0.60956,0.001,2.01,2.01,10.61,0
2.29,0.02168,-1e-05,0.60956,0.001,2.01,2.01,10.61,0
2.295,0.02168,-1e-05,0.60956,0.001,2.01,2.01,10.61,0
2.3,0.02169,-1e-05,0.60956,0.001,2.01,2.01,10.61,0
2.305,0.02169,-1e-05,0.60956,0.001,2.01,2.01,10.61,0
2.31,0.02169,-1e-05,0.60956,0.001,2.01,2.01,10.61,0
2.315,0.02169,-1e-05,0.60956,0.001,2.01,2.01,10.61,0
2.32,0.02169,-1e-05,0.60956,0.001,2.01,2.01,10.61,0
2.325,0.02169,-1e-05,0.60956,0.001,2.01,2.01,10.61,0
2.33,0.02169,-1e-05,0.60956,0.001,2.01,2.01,10.61,0
2.335,0.02169,-1e-05,0.60956,0.001,2.011,2.011,10.61,0
2.34,0.02169,-1e-05,0.60956,0.001,2.011,2.011,10.61,0
2.345,0.02169,-1e-05,0.60956,0.001,2.011,2.011,10.61,0
2.35,0.02169,-1e-05,0.60956,0.001,2.011,2.011,10.61,0
2.355,0.02169,-1e-05,0.60956,0.001,2.011,2.011,10.61,0
2.36,0.02169,-1e-05,0.60956,0.001,2.011,2.011,10.61,0
2.365,0.02169,-1e-05,0.60956,0.001,2.011,2.011,10.61,0
2.37,0.02169,-1e-05,0.60956,0.001,2.011,2.011,10.61,0
2.375,0.0217,-1e-05,0.60956,0.001,2.011,2.011,10.61,0
2.38,0.0217,-1e-05,0.60956,0.001,2.011,2.011,10.61,0
2.385,0.0217,-1e-05,0.60956,0.001,2.01,2.01,10.61,0
2.39,0.0217,-1e-05,0.60956,0.001,2.01,2.01,10.61,0
2.395,0.0217,-1e-05,0.60956,0.001,2.01,2.01,10.61,0
2.4,0.0217,-1e-05,0.60956,0.001,2.01,2.01,10.61,0
2.405,0.0217,-1e-05,0.60956,0.001,2.01,2.01,10.61,0
2.41,0.0217,-1e-05,0.60956,0.001,2.01,2.01,10.61,0
2.415,0.0217,-1e-05,0.60956,0.001,2.01,2.01,10.61,0
2.42,0.0217,-1e-05,0.60956,0.001,2.01,2.01,10.61,0
2.425,0.0217,-1e-05,0.60956,0.001,2.01,2.01,10.61,0
2.43,0.02169,-1e-05,0.60956,0.001,2.01,2.01,10.61,0
2.435,0.02169,-1e-05,0.60956,0.001,2.01,2.01,10.61,0
2.44,0.02169,-1e-05,0.60956,0.001,2.01,2.01,10.61,0
2.445,0.02169,-1e-05,0.60956,0.001,2.01,2.01,10.61,0
2.45,0.02169,-1e-05,0.60956,0.001,2.01,2.01,10.61,0
2.455,0.02169,-1e-05,0.60956,0.001,2.01,2.01,10.61,0
2.46,0.02169,-1e-05,0.60956,0.001,2.009,2.009,10.61,0
2.465,0.02169,-1e-05,0.60956,0.001,2.009,2.009,10.61,0
2.47,0.02169,-1e-05,0.60956,0.001,2.009,2.009,10.61,0
2.475,0.02169,-1e-05,0.60956,0.001,2.009,2.009,10.61,0
2.48,0.02169,-1e-05,0.60956,0.001,2.009,2.009,10.61,0
2.485,0.02169,-1e-05,0.60956,0.001,2.009,2.009,10.61,0
2.49,0.02169,-1e-05,0.60956,0.001,2.009,2.009,10.61,0
2.495,0.02169,-1e-05,0.60956,0.001,2.009,2.009,10.61,0
2.5,0.02169,-1e-05,0.60956,0.001,2.008,2.008,10.61,0
2.505,0.02168,-1e-05,0.60956,0.001,2.008,2.008,10.61,0
2.51,0.02168,-1e-05,0.60956,0.001,2.008,2.008,10.6,0
2.515,0.02168,-1e-05,0.60956,0.001,2.008,2.008,10.6,0
2.52,0.02168,-1e-05,0.60956,0.001,2.008,2.008,10.6,0
2.525,0.02168,-1e-05,0.60956,0.001,2.008,2.008,10.6,0
2.53,0.02168,-1e-05,0.60956,0.001,2.008,2.008,10.6,0
2.535,0.02168,-1e-05,0.60956,0.001,2.007,2.007,10.6,0
2.54,0.02168,-1e-05,0.60956,0.001,2.007,2.007,10.6,0
2.545,0.02168,-1e-05,0.60956,0.001,2.007,2.007,10.6,0
2.55,0.02167,-1e-05,0.60956,0.001,2.007,2.007,10.6,0
2.555,0.02167,-1e-05,0.60956,0.001,2.007,2.007,10.6,0
2.56,0.02167,-1e-05,0.60956,0.001,2.007,2.007,10.6,0
2.565,0.02167,-1e-05,0.60956,0.001,2.006,2.006,10.6,0
2.57,0.02167,-1e-05,0.60956,0.001,2.006,2.006,10.6,0
2.575,0.02167,-1e-05,0.60956,0.001,2.006,2.006,10.6,0
2.58,0.02167,-1e-05,0.60956,0.001,2.006,2.006,10.6,0
2.585,0.02167,-1e-05,0.60956,0.001,2.006,2.006,10.6,0
2.59,0.02167,-1e-05,0.60956,0.001,2.006,2.006,10.6,0
2.595,0.02166,-1e-05,0.60956,0.001,2.006,2.006,10.6,0
2.6,0.02166,-1e-05,0.60956,0.001,2.005,2.005,10.6,0
2.605,0.02166,-1e-05,0.60956,0.001,2.005,2.005,10.6,0
2.61,0.02166,-1e-05,0.60956,0.001,2.005,2.005,10.6,0
2.615,0.02166,-1e-05,0.60956,0.001,2.005,2.005,10.6,0
2.62,0.02166,-1e-05,0.60956,0.001,2.005,2.005,10.6,0
2.625,0.02166,-1e-05,0.60956,0.001,2.005,2.005,10.6,0
2.63,0.02166,-1e-05,0.60956,0.001,2.005,2.005,10.6,0
2.635,0.02166,-1e-05,0.60957,0.001,2.004,2.004,10.6,0
2.64,0.02166,-1e-05,0.60957,0.001,2.004,2.004,10.6,0
2.645,0.02166,-1e-05,0.60957,0.001,2.004,2.004,10.6,0
2.65,0.02166,-1e-05,0.60957,0.001,2.004,2.004,10.6,0
2.655,0.02165,-1e-05,0.60957,0.001,2.004,2.004,10.6,0
2.66,0.02165,-1e-05,0.60957,0.001,2.004,2.004,10.6,0
2.665,0.02165,-1e-05,0.60957,0.001,2.004,2.004,10.6,0
2.67,0.02165,-1e-05,0.60957,0.001,2.004,2.004,10.6,0
2.675,0.02165,-1e-05,0.60957,0.001,2.004,2.004,10.6,0
2.68,0.02165,-1e-05,0.60957,0.001,2.003,2.003,10.6,0
2.685,0.02165,-1e-05,0.60957,0.001,2.003,2.003,10.6,0
2.69,0.02165,-1e-05,0.60957,0.001,2.003,2.003,10.6,0
2.695,0.02165,-1e-05,0.60957,0.001,2.003,2.003,10.6,0
2.7,0.02165,-1e-05,0.60957,0.001,2.003,2.003,10.6,0
2.705,0.02165,-1e-05,0.60957,0.001,2.003,2.003,10.6,0
2.71,0.02165,-1e-05,0.60957,0.001,2.003,2.003,10.6,0
2.715,0.02165,-1e-05,0.60957,0.001,2.003,2.003,10.6,0
2.72,0.02165,-1e-05,0.60957,0.001,2.003,2.003,10.6,0
2.725,0.02165,-1e-05,0.60957,0.001,2.003,2.003,10.6,0
2.73,0.02165,-1e-05,0.60957,0.001,2.003,2.003,10.6,0
2.735,0.02165,-1e-05,0.60957,0.001,2.002,2.002,10.6,0
2.74,0.02165,-1e-05,0.60957,0.001,2.002,2.002,10.6,0
2.745,0.02165,-1e-05,0.60957,0.001,2.002,2.002,10.6,0
2.75,0.02165,-1e-05,0.60957,0.001,2.002,2.002,10.6,0
2.755,0.02165,-1e-05,0.60957,0.001,2.002,2.002,10.6,0
2.76,0.02165,-1e-05,0.60957,0.001,2.002,2.002,10.6,0
2.765,0.02165,-1e-05,0.60957,0.001,2.002,2.002,10.6,0
2.77,0.02165,-1e-05,0.60957,0.001,2.002,2.002,10.6,0
2.775,0.02165,-1e-05,0.60957,0.001,2.002,2.002,10.6,0
2.78,0.02165,-1e-05,0.60957,0.001,2.002,2.002,10.6,0
2.785,0.02165,-1e-05,0.60957,0.001,2.002,2.002,10.6,0
2.79,0.02165,-1e-05,0.60957,0.001,2.002,2.002,10.6,0
2.795,0.02165,-1e-05,0.60957,0.001,2.002,2.002,10.6,0
2.8,0.02165,-1e-05,0.60957,0.001,2.002,2.002,10.6,0
2.805,0.02165,-1e-05,0.60957,0.001,2.002,2.002,10.6,0
2.81,0.02165,-1e-05,0.60957,0.001,2.002,2.002,10.6,0
2.815,0.02165,-1e-05,0.60957,0.001,2.001,2.001,10.6,0
2.82,0.02165,-1e-05,0.60957,0.001,2.001,2.001,10.6,0
2.825,0.02165,-1e-05,0.60957,0.001,2.001,2.001,10.6,0
2.83,0.02165,-1e-05,0.60957,0.001,2.001,2.001,10.6,0
2.835,0.02165,-1e-05,0.60957,0.001,2.001,2.001,10.6,0
2.84,0.02165,-1e-05,0.60957,0.001,2.001,2.001,10.6,0
2.845,0.02165,-1e-05,0.60957,0.001,2.001,2.001,10.6,0
2.85,0.02165,-1e-05,0.60957,0.001,2.001,2.001,10.6,0
2.855,0.02165,-1e-05,0.60957,0.001,2.001,2.001,10.6,0
2.86,0.02165,-1e-05,0.60957,0.001,2.001,2.001,10.6,0
2.865,0.02165,-1e-05,0.60957,0.001,2.001,2.001,10.6,0
2.87,0.02165,-1e-05,0.60957,0.001,2.001,2.001,10.6,0
2.875,0.02165,-1e-05,0.60957,0.001,2.001,2.001,10.6,0
2.88,0.02165,-1e-05,0.60957,0.001,2.001,2.001,10.6,0
2.885,0.02165,-1e-05,0.60957,0.001,2.001,2.001,10.6,0
2.89,0.02165,-1e-05,0.60957,0.001,2.001,2.001,10.6,0
2.895,0.02165,-1e-05,0.60957,0.001,2.001,2.001,10.6,0
2.9,0.02165,-1e-05,0.60957,0.001,2.001,2.001,10.6,0
2.905,0.02165,-1e-05,0.60957,0.001,2.0,2.0,10.6,0
2.91,0.02165,-1e-05,0.60957,0.001,2.0,2.0,10.6,0
2.915,0.02164,-1e-05,0.60957,0.001,2.0,2.0,10.6,0
2.92,0.02164,-1e-05,0.60957,0.001,2.0,2.0,10.6,0
2.925,0.02164,-1e-05,0.60957,0.001,2.0,2.0,10.6,0
2.93,0.02164,-1e-05,0.60957,0.001,2.0,2.0,10.6,0
2.935,0.02164,-1e-05,0.60957,0.001,2.0,2.0,10.6,0
2.94,0.02164,-1e-05,0.60957,0.001,2.0,2.0,10.6,0
2.945,0.02164,-1e-05,0.60957,0.001,2.0,2.0,10.6,0
2.95,0.02164,-1e-05,0.60957,0.001,2.0,2.0,10.6,0
2.955,0.02164,-1e-05,0.60957,0.001,2.0,2.0,10.6,0
2.96,0.02164,-1e-05,0.60957,0.001,2.0,2.0,10.6,0
2.965,0.02164,-1e-05,0.60957,0.001,2.0,2.0,10.6,0
2.97,0.02164,-1e-05,0.60957,0.001,2.0,2.0,10.6,0
2.975,0.02164,-1e-05,0.60957,0.001,1.999,1.999,10.6,0
2.98,0.02164,-1e-05,0.60957,0.001,1.999,1.999,10.6,0
2.985,0.02164,-1e-05,0.60957,0.001,1.999,1.999,10.6,0
2.99,0.02164,-1e-05,0.60957,0.001,1.999,1.999,10.6,0
2.995,0.02164,-1e-05,0.60957,0.001,1.999,1.999,10.6,0
3.0,0.02164,-1e-05,0.60957,0.001,1.999,1.999,10.6,0
3.005,0.02186,-1e-05,0.60958,0.001,1.97,1.97,10.6,1
3.01,0.02228,-1e-05,0.60958,0.001,1.922,1.922,10.9,1
3.015,0.02286,-1e-05,0.60958,0.001,1.86,1.86,11.33,1
3.02,0.02357,-1e-05,0.60957,0.001,1.792,1.792,11.82,1
3.025,0.0244,-1e-05,0.60954,0.001,1.723,1.723,12.36,1
3.03,0.02532,-1e-05,0.6095,0.001,1.658,1.658,12.94,1
3.035,0.02632,-1e-05,0.60943,0.001,1.6,1.6,13.56,1
3.04,0.0274,-1e-05,0.60935,0.001,1.553,1.553,14.19,1
3.045,0.02851,-1e-05,0.60934,0.001,1.522,1.522,14.81,1
3.05,0.02966,-1e-05,0.60938,0.001,1.507,1.507,14.55,1
3.055,0.03087,-1e-05,0.60946,0.001,1.505,1.505,14.3,1
3.06,0.03213,-1e-05,0.60954,0.001,1.518,1.518,14.07,1
3.065,0.03344,-1e-05,0.60963,0.001,1.545,1.545,13.87,1
3.07,0.03481,-1e-05,0.60972,0.001,1.585,1.585,13.69,1
3.075,0.03624,-1e-05,0.6098,0.001,1.639,1.639,13.54,1
3.08,0.03773,-1e-05,0.60987,0.001,1.706,1.706,13.42,1
3.085,0.03928,-1e-05,0.60993,0.001,1.787,1.787,13.31,1
3.09,0.04089,-1e-05,0.60998,0.001,1.881,1.881,13.23,1
3.095,0.04257,-1e-05,0.61001,0.001,1.987,1.987,13.16,1
3.1,0.04431,-1e-05,0.61004,0.001,2.107,2.107,13.11,1
3.105,0.04589,-1e-05,0.61,0.001,2.267,2.267,13.07,0
3.11,0.04734,-1e-05,0.60993,0.001,2.462,2.462,13.02,0
3.115,0.04867,-1e-05,0.60981,0.001,2.683,2.683,12.98,0
3.12,0.04992,-0.0,0.60967,0.001,2.926,2.926,12.95,0
3.125,0.05111,-0.0,0.6095,0.001,3.186,3.186,12.94,0
3.13,0.05224,-0.0,0.6093,0.001,3.459,3.459,12.93,0
3.135,0.05332,-0.0,0.6091,0.001,3.741,3.741,12.93,0
3.14,0.05438,-0.0,0.60888,0.001,4.028,4.028,12.93,0
3.145,0.05543,-0.0,0.60865,0.001,4.319,4.319,12.95,0
3.15,0.05646,-0.0,0.60842,0.001,4.61,4.61,12.96,0
3.155,0.05749,-0.0,0.60819,0.001,4.9,4.9,12.97,0
3.16,0.05852,-0.0,0.60795,0.001,5.186,5.186,12.97,0
3.165,0.05957,-0.0,0.60772,0.001,5.467,5.467,12.97,0
3.17,0.06063,-0.0,0.60749,0.0,5.741,5.741,12.97,0
3.175,0.06172,-0.0,0.60727,0.0,6.008,6.008,12.98,0
3.18,0.06282,-0.0,0.60706,0.0,6.266,6.266,12.97,0
3.185,0.06395,-0.0,0.60685,0.0,6.516,6.516,12.97,0
3.19,0.06512,-0.0,0.60665,0.0,6.756,6.756,12.97,0
3.195,0.06631,-0.0,0.60645,0.0,6.986,6.986,12.97,0
3.2,0.06753,-0.0,0.60627,0.0,7.207,7.207,12.97,0
3.205,0.06878,-0.0,0.60609,0.0,7.418,7.418,12.97,0
3.21,0.07006,-0.0,0.60592,0.0,7.62,7.62,12.97,0
3.215,0.07137,-0.0,0.60576,0.0,7.813,7.813,12.97,0
3.22,0.07271,-0.0,0.60561,0.0,7.998,7.998,12.97,0
3.225,0.07408,-0.0,0.60546,0.0,8.174,8.174,12.97,0
3.23,0.07547,-0.0,0.60531,0.0,8.343,8.343,12.97,0
3.235,0.07689,-0.0,0.60518,0.0,8.504,8.504,12.96,0
3.24,0.07833,-0.0,0.60504,0.0,8.66,8.66,12.96,0
3.245,0.0798,-0.0,0.60491,0.0,8.809,8.809,12.96,0
3.25,0.08128,-0.0,0.60478,0.0,8.955,8.955,12.96,0
3.255,0.08277,-0.0,0.60465,0.0,9.099,9.099,12.96,0
3.26,0.08427,-0.0,0.60451,0.0,9.243,9.243,12.96,0
3.265,0.08578,-0.0,0.60437,0.0,9.386,9.386,12.96,0
3.27,0.08729,-0.0,0.60423,0.0,9.529,9.529,12.96,0
3.275,0.0888,-0.0,0.60409,0.0,9.673,9.673,12.96,0
3.28,0.09032,-0.0,0.60394,0.0,9.817,9.817,12.96,0
3.285,0.09185,-0.0,0.60378,0.0,9.962,9.962,12.96,0
3.29,0.09338,-0.0,0.60362,0.0,10.107,10.107,12.96,0
3.295,0.09492,-0.0,0.60346,0.0,10.253,10.253,12.96,0
3.3,0.09647,-0.0,0.60329,0.0,10.399,10.399,12.96,0
3.305,0.09802,-0.0,0.60311,0.0,10.547,10.547,12.96,0
3.31,0.09959,-0.0,0.60293,0.001,10.695,10.695,12.96,0
3.315,0.10116,-0.0,0.60275,0.001,10.844,10.844,12.96,0
3.32,0.10274,-0.0,0.60256,0.001,10.994,10.994,12.96,0
3.325,0.10433,-0.0,0.60236,0.001,11.145,11.145,12.96,0
3.33,0.10593,-0.0,0.60216,0.001,11.297,11.297,12.96,0
3.335,0.10754,-0.0,0.60195,0.001,11.45,11.45,12.96,0
3.34,0.10917,0.0,0.60174,0.001,11.604,11.604,12.96,0
3.345,0.1108,0.0,0.60152,0.001,11.759,11.759,12.96,0
3.35,0.11245,0.0,0.6013,0.001,11.914,11.914,12.96,0
3.355,0.11411,0.0,0.60107,0.001,12.072,12.072,12.96,0
3.36,0.11579,0.0,0.60083,0.001,12.23,12.23,12.96,0
3.365,0.11748,0.0,0.60059,0.001,12.389,12.389,12.96,0
3.37,0.11918,0.0,0.60034,0.001,12.55,12.55,12.96,0
3.375,0.1209,0.0,0.60008,0.001,12.712,12.712,12.96,0
3.38,0.12264,0.0,0.59981,0.001,12.875,12.875,12.96,0
3.385,0.12439,0.0,0.59954,0.001,13.039,13.039,12.96,0
3.39,0.12616,0.0,0.59926,0.001,13.206,13.206,12.96,0
3.395,0.12794,0.0,0.59898,0.001,13.373,13.373,12.96,0
3.4,0.12974,0.0,0.59868,0.001,13.543,13.543,12.96,0
3.405,0.13157,0.0,0.59838,0.001,13.713,13.713,12.96,0
3.41,0.1334,0.0,0.59807,0.001,13.886,13.886,12.96,0
3.415,0.13526,0.0,0.59774,0.001,14.061,14.061,12.96,0
3.42,0.13714,0.0,0.59741,0.001,14.237,14.237,12.96,0
3.425,0.13904,0.0,0.59707,0.001,14.415,14.415,12.96,0
3.43,0.14096,0.0,0.59672,0.001,14.595,14.595,12.96,0
3.435,0.1429,0.0,0.59636,0.001,14.778,14.778,12.96,0
3.44,0.14486,0.0,0.59599,0.001,14.962,14.962,12.96,0
3.445,0.14684,0.0,0.59561,0.001,15.148,15.148,12.96,0
3.45,0.14885,0.0,0.59522,0.001,15.337,15.337,12.96,0
3.455,0.15088,0.0,0.59481,0.001,15.528,15.528,12.96,0
3.46,0.15294,0.0,0.5944,0.001,15.721,15.721,12.96,0
3.465,0.15501,0.0,0.59397,0.001,15.917,15.917,12.96,0
3.47,0.15712,0.0,0.59353,0.001,16.114,16.114,12.96,0
3.475,0.15925,0.0,0.59307,0.001,16.315,16.315,12.96,0
3.48,0.16141,0.0,0.59261,0.001,16.517,16.517,12.96,0
3.485,0.16359,0.0,0.59212,0.001,16.723,16.723,12.96,0
3.49,0.1658,0.0,0.59163,0.001,16.93,16.93,12.96,0
3.495,0.16804,0.0,0.59112,0.001,17.141,17.141,12.96,0
3.5,0.17031,0.0,0.59059,0.001,17.354,17.354,12.96,0
3.505,0.17261,0.0,0.59005,0.001,17.57,17.57,12.96,0
3.51,0.17494,0.0,0.58949,0.001,17.789,17.789,12.96,0
3.515,0.1773,1e-05,0.58892,0.001,18.011,18.011,12.96,0
3.52,0.17969,1e-05,0.58832,0.001,18.236,18.236,12.96,0
3.525,0.18211,1e-05,0.58771,0.002,18.464,18.464,12.96,0
3.53,0.18456,1e-05,0.58708,0.002,18.695,18.695,12.96,0
3.535,0.18705,1e-05,0.58643,0.002,18.93,18.93,12.96,0
3.54,0.18957,1e-05,0.58576,0.002,19.167,19.167,12.96,0
3.545,0.19213,1e-05,0.58507,0.002,19.408,19.408,12.96,0
3.55,0.19472,1e-05,0.58436,0.002,19.653,19.653,12.96,0
3.555,0.19735,1e-05,0.58363,0.002,19.901,19.901,12.96,0
3.56,0.20001,1e-05,0.58287,0.002,20.153,20.153,12.96,0
3.565,0.20271,1e-05,0.58209,0.002,20.409,20.409,12.96,0
3.57,0.20544,1e-05,0.58129,0.002,20.668,20.668,12.96,0
3.575,0.20822,1e-05,0.58046,0.002,20.931,20.931,12.96,0
3.58,0.21103,1e-05,0.57961,0.002,21.199,21.199,12.96,0
3.585,0.21388,1e-05,0.57873,0.002,21.47,21.47,12.96,0
3.59,0.21678,1e-05,0.57782,0.002,21.746,21.746,12.96,0
3.595,0.21971,1e-05,0.57688,0.002,22.025,22.025,12.96,0
3.6,0.22268,1e-05,0.57591,0.002,22.309,22.309,12.96,0
3.605,0.22569,1e-05,0.57491,0.002,22.598,22.598,12.96,0
3.61,0.22875,1e-05,0.57388,0.002,22.891,22.891,12.95,0
3.615,0.23185,1e-05,0.57282,0.002,23.189,23.189,12.93,0
3.62,0.23499,1e-05,0.57173,0.002,23.491,23.491,12.92,0
3.625,0.23818,1e-05,0.5706,0.002,23.798,23.798,12.91,0
3.63,0.24141,1e-05,0.56943,0.002,24.11,24.11,12.9,0
3.635,0.24469,1e-05,0.56823,0.002,24.427,24.427,12.9,0
3.64,0.24801,1e-05,0.56699,0.002,24.749,24.749,12.89,0
3.645,0.25138,1e-05,0.56571,0.002,25.076,25.076,12.88,0
3.65,0.2548,1e-05,0.5644,0.002,25.408,25.408,12.87,0
3.655,0.25826,1e-05,0.56303,0.002,25.746,25.746,12.86,0
3.66,0.26177,1e-05,0.56163,0.002,26.089,26.089,12.85,0
3.665,0.26534,1e-05,0.56018,0.002,26.437,26.437,12.84,0
3.67,0.26894,1e-05,0.55869,0.002,26.791,26.791,12.83,0
3.675,0.2726,1e-05,0.55714,0.002,27.151,27.151,12.82,0
3.68,0.27631,1e-05,0.55555,0.002,27.517,27.517,12.81,0
3.685,0.28007,1e-05,0.55391,0.002,27.889,27.889,12.81,0
3.69,0.28388,1e-05,0.55221,0.002,28.266,28.266,12.8,0
3.695,0.28775,1e-05,0.55046,0.002,28.65,28.65,12.79,0
3.7,0.29166,1e-05,0.54866,0.002,29.041,29.041,12.78,0
3.705,0.29563,1e-05,0.54679,0.002,29.437,29.437,12.77,0
3.71,0.29964,1e-05,0.54487,0.002,29.84,29.84,12.76,0
3.715,0.30371,1e-05,0.54289,0.002,30.25,30.25,12.75,0
3.72,0.30784,1e-05,0.54084,0.002,30.666,30.666,12.73,0
3.725,0.31202,1e-05,0.53873,0.002,31.09,31.09,12.72,0
3.73,0.31625,1e-05,0.53655,0.002,31.52,31.52,12.71,0
3.735,0.32053,1e-05,0.5343,0.002,31.957,31.957,12.7,0
3.74,0.32487,1e-05,0.53198,0.002,32.402,32.402,12.69,0
3.745,0.32926,1e-05,0.52958,0.002,32.854,32.854,12.67,0
3.75,0.33371,1e-05,0.52711,0.002,33.313,33.313,12.66,0
3.755,0.33821,1e-05,0.52456,0.002,33.78,33.78,12.65,0
3.76,0.34276,1e-05,0.52193,0.002,34.255,34.255,12.64,0
3.765,0.34737,1e-05,0.51922,0.002,34.737,34.737,12.62,0
3.77,0.35203,1e-05,0.51642,0.002,35.228,35.228,12.61,0
3.775,0.35674,1e-05,0.51354,0.002,35.726,35.726,12.6,0
3.78,0.36151,1e-05,0.51056,0.002,36.233,36.233,12.58,0
3.785,0.36633,1e-05,0.50749,0.002,36.749,36.749,12.55,0
3.79,0.37121,1e-05,0.50434,0.002,37.273,37.273,12.5,0
3.795,0.37614,1e-05,0.50108,0.002,37.806,37.806,12.44,0
3.8,0.38112,1e-05,0.49774,0.002,38.348,38.348,12.34,0
3.805,0.38615,1e-05,0.49429,0.002,38.899,38.899,12.23,0
3.81,0.39125,1e-05,0.49074,0.002,39.46,39.46,12.09,0
3.815,0.39639,1e-05,0.48709,0.002,40.029,40.029,11.94,0
3.82,0.40158,1e-05,0.48334,0.002,40.608,40.608,11.76,0
3.825,0.40683,1e-05,0.47947,0.002,41.196,41.196,11.56,0
3.83,0.41213,1e-05,0.47549,0.002,41.794,41.794,11.35,0
3.835,0.41748,1e-05,0.47139,0.002,42.401,42.401,11.11,0
3.84,0.42288,1e-05,0.46717,0.002,43.018,43.018,10.86,0
3.845,0.42832,1e-05,0.46283,0.002,43.644,43.644,10.59,0
3.85,0.43381,1e-05,0.45836,0.002,44.28,44.28,10.31,0
3.855,0.43935,1e-05,0.45376,0.002,44.926,44.926,10.01,0
3.86,0.44492,1e-05,0.44902,0.002,45.583,45.583,9.7,0
3.865,0.45054,1e-05,0.44414,0.002,46.249,46.249,9.38,0
3.87,0.4562,1e-05,0.43911,0.002,46.926,46.926,9.04,0
3.875,0.46188,1e-05,0.43394,0.002,47.613,47.613,8.7,0
3.88,0.46761,1e-05,0.42862,0.002,48.31,48.31,8.34,0
3.885,0.47331,1e-05,0.42307,0.002,49.013,49.013,7.97,0
3.89,0.47904,1e-05,0.41734,0.002,49.725,49.725,5.01,0
3.895,0.4848,1e-05,0.41145,0.002,50.447,50.447,5.59,0
3.9,0.49058,1e-05,0.40539,0.002,51.181,51.181,5.94,0
3.905,0.49638,1e-05,0.39917,0.002,51.928,51.928,6.07,0
3.91,0.5022,1e-05,0.39279,0.002,52.69,52.69,6.03,0
3.915,0.50803,1e-05,0.38624,0.002,53.465,53.465,5.83,0
3.92,0.51387,1e-05,0.37952,0.002,54.255,54.255,5.52,0
3.925,0.51971,1e-05,0.37263,0.002,55.058,55.058,5.13,0
3.93,0.52552,1e-05,0.36552,0.002,55.872,55.872,4.67,0
3.935,0.53133,1e-05,0.35822,0.002,56.696,56.696,3.03,0
3.94,0.53713,1e-05,0.35072,0.002,57.534,57.534,2.96,0
3.945,0.54292,1e-05,0.34302,0.002,58.384,58.384,2.76,0
3.95,0.5487,1e-05,0.33512,0.002,59.249,59.249,2.44,0
3.955,0.55444,1e-05,0.32702,0.002,60.128,60.128,2.54,0
3.96,0.56016,1e-05,0.31873,0.002,61.02,61.02,2.69,0
3.965,0.56584,1e-05,0.31022,0.002,61.924,61.924,2.46,0
3.97,0.57149,1e-05,0.30149,0.002,62.842,62.842,2.61,0
3.975,0.57711,1e-05,0.29256,0.002,63.774,63.774,2.83,0
3.98,0.5827,1e-05,0.28343,0.002,64.72,64.72,3.04,0
3.985,0.58825,1e-05,0.2741,0.003,65.68,65.68,2.8,0
3.99,0.59377,1e-05,0.26455,0.003,66.653,66.653,2.98,0
3.995,0.59926,1e-05,0.25481,0.003,67.641,67.641,3.22,0
4.0,0.60473,1e-05,0.24487,0.003,68.638,68.638,2.99,0
4.005,0.61017,1e-05,0.23471,0.003,69.646,69.646,2.8,0
4.01,0.61558,1e-05,0.22434,0.003,70.669,70.669,3.06,0
4.015,0.62095,1e-05,0.21376,0.003,71.708,71.708,3.68,0
4.02,0.62628,1e-05,0.20301,0.003,72.766,72.766,3.94,0
4.025,0.6316,1e-05,0.19207,0.003,73.835,73.835,3.49,0
4.03,0.63689,-1e-05,0.18092,-0.055,74.916,74.916,3.29,0
4.035,0.64214,-1e-05,0.16957,-0.073,76.009,76.009,3.64,0
4.04,0.64736,-1e-05,0.158,-0.089,77.115,77.115,3.49,0
4.045,0.65256,-1e-05,0.14626,-0.112,78.239,78.239,4.37,0
4.05,0.65774,-1e-05,0.13433,-0.139,79.374,79.374,3.57,0
4.055,0.66288,-1e-05,0.12217,-0.172,80.521,80.521,3.41,0
4.06,0.66798,-3e-05,0.10983,-0.28,81.685,81.685,4.04,0
4.065,0.67307,-3e-05,0.09732,-0.391,82.865,82.865,4.97,0
4.07,0.67812,-2e-05,0.0846,-0.397,84.059,84.059,4.25,0
4.075,0.68316,-2e-05,0.07172,-0.446,85.268,85.268,4.31,0
4.08,0.68962,2e-05,0.06053,-0.099,86.461,86.461,3.56,0
4.085,0.69698,1e-05,0.05027,-0.377,87.636,87.636,6.62,0
4.09,0.70475,-3e-05,0.04042,-2.475,88.814,88.815,6.72,0
4.095,0.71255,-5e-05,0.0307,-105.176,89.925,90.02,8.07,0
4.1,0.72013,-6e-05,0.02094,-176.237,88.745,91.252,5.85,0
4.105,0.72709,-7e-05,0.01103,-175.832,88.828,91.168,8.47,0
4.11,0.73169,-8e-05,0.00338,-169.957,89.535,90.457,20.42,0
4.115,0.73398,-8e-05,-0.00023,-95.098,89.9,90.009,26.45,0
4.12,0.73515,-8e-05,-0.00159,-23.832,89.697,89.723,21.99,0
4.125,0.73575,-8e-05,-0.00177,-17.023,89.517,89.538,19.4,0
4.13,0.73606,-8e-05,-0.00134,-14.432,89.397,89.416,17.87,0
4.135,0.7362,-8e-05,-0.00054,-12.65,89.327,89.344,20.64,0
4.14,0.73621,-7e-05,0.00045,-11.735,89.294,89.309,23.04,0
4.145,0.73615,-7e-05,0.00151,-11.273,89.285,89.299,21.17,0
4.15,0.73605,-7e-05,0.00254,-11.121,89.29,89.304,19.51,0
4.155,0.73592,-7e-05,0.00352,-11.125,89.304,89.318,17.99,0
4.16,0.7358,-6e-05,0.00452,-11.309,89.334,89.347,16.58,0
4.165,0.73568,-6e-05,0.00553,-11.644,89.376,89.389,16.8,0
4.17,0.73556,-6e-05,0.00653,-12.134,89.427,89.44,16.95,0
4.175,0.73542,-5e-05,0.00749,-12.795,89.485,89.497,17.03,0
4.18,0.73528,-5e-05,0.00841,-13.702,89.546,89.559,17.06,0
4.185,0.73513,-5e-05,0.00928,-14.946,89.609,89.622,17.04,0
4.19,0.73499,-5e-05,0.0101,-16.658,89.671,89.685,17.01,0
4.195,0.73485,-5e-05,0.01086,-19.075,89.731,89.746,16.96,0
4.2,0.73473,-5e-05,0.01155,-22.64,89.788,89.804,16.91,0
4.205,0.73461,-5e-05,0.01218,-28.234,89.84,89.859,16.87,0
4.21,0.7345,-5e-05,0.01274,-37.738,89.885,89.909,16.84,0
4.215,0.7344,-5e-05,0.01324,-55.153,89.92,89.954,16.82,0
4.22,0.73431,-5e-05,0.01369,-85.031,89.939,89.995,16.81,0
4.225,0.73424,-5e-05,0.01407,-117.565,89.935,90.03,16.81,0
4.23,0.73417,-5e-05,0.01439,-138.158,89.919,90.06,16.82,0
4.235,0.73412,-5e-05,0.01466,-149.292,89.901,90.085,16.83,0
4.24,0.73407,-6e-05,0.01488,-155.652,89.884,90.105,16.86,0
4.245,0.73404,-6e-05,0.01505,-159.568,89.871,90.121,16.89,0
4.25,0.73402,-6e-05,0.01517,-162.093,89.861,90.133,16.93,0
4.255,0.734,-6e-05,0.01525,-163.742,89.854,90.14,16.98,0
4.26,0.73399,-6e-05,0.0153,-164.767,89.851,90.144,17.02,0
4.265,0.73399,-6e-05,0.01533,-165.339,89.849,90.146,17.07,0
4.27,0.73399,-6e-05,0.01534,-165.685,89.849,90.147,17.11,0
4.275,0.73399,-6e-05,0.01534,-165.939,89.849,90.147,17.13,0
4.28,0.73399,-6e-05,0.01534,-166.094,89.85,90.146,17.14,0
4.285,0.73399,-6e-05,0.01533,-166.153,89.851,90.145,17.16,0
4.29,0.734,-6e-05,0.01531,-166.132,89.853,90.143,17.17,0
4.295,0.734,-6e-05,0.01529,-166.035,89.856,90.14,17.19,0
4.3,0.73401,-6e-05,0.01526,-165.866,89.859,90.137,17.2,0
4.305,0.73401,-6e-05,0.01523,-165.627,89.862,90.134,17.22,0
4.31,0.73402,-6e-05,0.0152,-165.324,89.866,90.13,17.23,0
4.315,0.73403,-6e-05,0.01517,-164.96,89.87,90.126,17.24,0
4.32,0.73404,-6e-05,0.01513,-164.542,89.873,90.122,17.25,0
4.325,0.73405,-6e-05,0.0151,-164.073,89.878,90.118,17.26,0
4.33,0.73405,-6e-05,0.01506,-163.56,89.882,90.114,17.27,0
4.335,0.73406,-6e-05,0.01503,-163.006,89.886,90.109,17.28,0
4.34,0.73407,-6e-05,0.015,-162.416,89.89,90.105,17.29,0
4.345,0.73408,-6e-05,0.01496,-161.797,89.893,90.101,17.3,0
4.35,0.73409,-6e-05,0.01493,-161.152,89.897,90.097,17.3,0
4.355,0.73409,-6e-05,0.0149,-160.488,89.901,90.094,17.31,0
4.36,0.7341,-6e-05,0.01487,-159.811,89.904,90.09,17.32,0
4.365,0.73411,-6e-05,0.01484,-159.127,89.907,90.087,17.32,0
4.37,0.73411,-6e-05,0.01481,-158.443,89.91,90.084,17.32,0
4.375,0.73412,-6e-05,0.01479,-157.767,89.913,90.081,17.33,0
4.38,0.73412,-6e-05,0.01477,-157.102,89.915,90.078,17.33,0
4.385,0.73413,-6e-05,0.01474,-156.45,89.918,90.075,17.33,0
4.39,0.73413,-6e-05,0.01472,-155.814,89.92,90.073,17.34,0
4.395,0.73414,-6e-05,0.0147,-155.199,89.922,90.071,17.34,0
4.4,0.73414,-6e-05,0.01469,-154.608,89.924,90.069,17.34,0
4.405,0.73414,-6e-05,0.01467,-154.046,89.926,90.067,17.34,0
4.41,0.73415,-6e-05,0.01465,-153.518,89.928,90.065,17.34,0
4.415,0.73415,-6e-05,0.01464,-153.03,89.929,90.063,17.34,0
4.42,0.73415,-6e-05,0.01463,-152.582,89.931,90.062,17.35,0
4.425,0.73415,-6e-05,0.01462,-152.18,89.932,90.06,17.35,0
4.43,0.73416,-6e-05,0.01461,-151.841,89.933,90.059,17.35,0
4.435,0.73416,-6e-05,0.0146,-151.569,89.934,90.058,17.35,0
4.44,0.73416,-6e-05,0.01459,-151.36,89.935,90.057,17.35,0
4.445,0.73416,-6e-05,0.01458,-151.204,89.936,90.056,17.35,0
4.45,0.73416,-6e-05,0.01457,-151.093,89.937,90.055,17.35,0
4.455,0.73417,-6e-05,0.01456,-151.017,89.938,90.054,17.35,0
4.46,0.73417,-6e-05,0.01456,-150.969,89.939,90.054,17.35,0
4.465,0.73417,-6e-05,0.01455,-150.94,89.939,90.053,17.35,0
4.47,0.73417,-6e-05,0.01455,-150.929,89.94,90.053,17.35,0
4.475,0.73417,-6e-05,0.01454,-150.929,89.94,90.052,17.35,0
4.48,0.73417,-6e-05,0.01454,-150.94,89.941,90.052,17.35,0
4.485,0.73418,-6e-05,0.01453,-150.958,89.941,90.051,17.35,0
4.49,0.73418,-6e-05,0.01453,-150.981,89.942,90.051,17.35,0
4.495,0.73418,-6e-05,0.01453,-151.009,89.942,90.051,17.35,0
4.5,0.73418,-6e-05,0.01453,-151.039,89.942,90.05,17.35,0
4.505,0.73418,-6e-05,0.01452,-151.069,89.943,90.05,17.35,0
4.51,0.73418,-6e-05,0.01452,-151.099,89.943,90.05,17.35,0
4.515,0.73418,-6e-05,0.01452,-151.128,89.943,90.05,17.35,0
4.52,0.73418,-6e-05,0.01452,-151.152,89.943,90.05,17.35,0
4.525,0.73419,-6e-05,0.01452,-151.17,89.944,90.049,17.35,0
4.53,0.73419,-6e-05,0.01452,-151.179,89.944,90.049,17.35,0
4.535,0.73419,-6e-05,0.01451,-151.177,89.944,90.049,17.35,0
4.54,0.73419,-6e-05,0.01451,-151.163,89.944,90.049,17.35,0
4.545,0.73419,-6e-05,0.01451,-151.138,89.944,90.049,17.35,0
4.55,0.73419,-6e-05,0.01451,-151.101,89.944,90.049,17.35,0
4.555,0.73419,-6e-05,0.01451,-151.058,89.944,90.049,17.34,0
4.56,0.73419,-6e-05,0.01451,-151.008,89.945,90.048,17.34,0
4.565,0.7342,-6e-05,0.01451,-150.949,89.945,90.048,17.34,0
4.57,0.7342,-6e-05,0.01451,-150.881,89.945,90.048,17.34,0
4.575,0.7342,-6e-05,0.01451,-150.803,89.945,90.048,17.34,0
4.58,0.7342,-6e-05,0.01451,-150.718,89.945,90.048,17.34,0
4.585,0.7342,-6e-05,0.0145,-150.626,89.945,90.048,17.34,0
4.59,0.7342,-6e-05,0.0145,-150.53,89.946,90.047,17.34,0
4.595,0.7342,-6e-05,0.0145,-150.432,89.946,90.047,17.34,0
4.6,0.7342,-6e-05,0.0145,-150.332,89.946,90.047,17.34,0
4.605,0.7342,-6e-05,0.0145,-150.231,89.946,90.047,17.34,0
4.61,0.73421,-6e-05,0.0145,-150.13,89.946,90.047,17.34,0
4.615,0.73421,-6e-05,0.0145,-150.03,89.946,90.046,17.34,0
4.62,0.73421,-6e-05,0.0145,-149.93,89.947,90.046,17.34,0
4.625,0.73421,-6e-05,0.01449,-149.83,89.947,90.046,17.34,0
4.63,0.73421,-6e-05,0.01449,-149.73,89.947,90.046,17.34,0
4.635,0.73421,-6e-05,0.01449,-149.631,89.947,90.046,17.34,0
4.64,0.73421,-6e-05,0.01449,-149.532,89.947,90.046,17.34,0
4.645,0.73421,-6e-05,0.01449,-149.434,89.947,90.045,17.34,0
4.65,0.73421,-6e-05,0.01449,-149.336,89.947,90.045,17.34,0
4.655,0.73422,-6e-05,0.01449,-149.239,89.948,90.045,17.34,0
4.66,0.73422,-6e-05,0.01449,-149.142,89.948,90.045,17.34,0
4.665,0.73422,-6e-05,0.01449,-149.046,89.948,90.045,17.34,0
4.67,0.73422,-6e-05,0.01448,-148.95,89.948,90.045,17.34,0
4.675,0.73422,-6e-05,0.01448,-148.854,89.948,90.044,17.34,0
4.68,0.73422,-6e-05,0.01448,-148.759,89.948,90.044,17.34,0
4.685,0.73422,-6e-05,0.01448,-148.665,89.948,90.044,17.34,0
4.69,0.73422,-6e-05,0.01448,-148.57,89.949,90.044,17.34,0
4.695,0.73422,-6e-05,0.01448,-148.476,89.949,90.044,17.34,0
4.7,0.73423,-6e-05,0.01448,-148.383,89.949,90.044,17.34,0
4.705,0.73423,-6e-05,0.01448,-148.29,89.949,90.043,17.34,0
4.71,0.73423,-6e-05,0.01448,-148.197,89.949,90.043,17.34,0
4.715,0.73423,-6e-05,0.01447,-148.106,89.949,90.043,17.34,0
4.72,0.73423,-6e-05,0.01447,-148.015,89.949,90.043,17.34,0
4.725,0.73423,-6e-05,0.01447,-147.925,89.949,90.043,17.34,0
4.73,0.73423,-6e-05,0.01447,-147.835,89.95,90.043,17.34,0
4.735,0.73423,-6e-05,0.01447,-147.747,89.95,90.043,17.34,0
4.74,0.73423,-6e-05,0.01447,-147.659,89.95,90.042,17.34,0
4.745,0.73423,-6e-05,0.01447,-147.572,89.95,90.042,17.34,0
4.75,0.73423,-6e-05,0.01447,-147.485,89.95,90.042,17.34,0
4.755,0.73424,-6e-05,0.01447,-147.399,89.95,90.042,17.34,0
4.76,0.73424,-6e-05,0.01447,-147.314,89.95,90.042,17.34,0
4.765,0.73424,-6e-05,0.01446,-147.229,89.95,90.042,17.34,0
4.77,0.73424,-6e-05,0.01446,-147.145,89.951,90.042,17.34,0
4.775,0.73424,-6e-05,0.01446,-147.061,89.951,90.041,17.34,0
4.78,0.73424,-6e-05,0.01446,-146.979,89.951,90.041,17.34,0
4.785,0.73424,-6e-05,0.01446,-146.898,89.951,90.041,17.34,0
4.79,0.73424,-6e-05,0.01446,-146.818,89.951,90.041,17.34,0
4.795,0.73424,-6e-05,0.01446,-146.736,89.951,90.041,17.34,0
4.8,0.73424,-6e-05,0.01446,-146.654,89.951,90.041,17.34,0
4.805,0.73424,-6e-05,0.01446,-146.57,89.951,90.041,17.34,0
4.81,0.73424,-6e-05,0.01446,-146.486,89.951,90.04,17.34,0
4.815,0.73425,-6e-05,0.01446,-146.4,89.952,90.04,17.34,0
4.82,0.73425,-6e-05,0.01445,-146.315,89.952,90.04,17.34,0
4.825,0.73425,-6e-05,0.01445,-146.23,89.952,90.04,17.34,0
4.83,0.73425,-6e-05,0.01445,-146.146,89.952,90.04,17.34,0
4.835,0.73425,-6e-05,0.01445,-146.063,89.952,90.04,17.34,0
4.84,0.73425,-6e-05,0.01445,-145.981,89.952,90.04,17.34,0
4.845,0.73425,-6e-05,0.01445,-145.9,89.952,90.04,17.34,0
4.85,0.73425,-6e-05,0.01445,-145.82,89.952,90.039,17.34,0
4.855,0.73425,-6e-05,0.01445,-145.742,89.952,90.039,17.34,0
4.86,0.73425,-6e-05,0.01445,-145.664,89.952,90.039,17.34,0
4.865,0.73425,-6e-05,0.01445,-145.587,89.953,90.039,17.34,0
4.87,0.73425,-6e-05,0.01445,-145.511,89.953,90.039,17.34,0
4.875,0.73425,-6e-05,0.01445,-145.436,89.953,90.039,17.34,0
4.88,0.73425,-6e-05,0.01445,-145.361,89.953,90.039,17.34,0
4.885,0.73426,-6e-05,0.01444,-145.288,89.953,90.039,17.34,0
4.89,0.73426,-6e-05,0.01444,-145.215,89.953,90.039,17.34,0
4.895,0.73426,-6e-05,0.01444,-145.144,89.953,90.038,17.34,0
4.9,0.73426,-6e-05,0.01444,-145.073,89.953,90.038,17.34,0
4.905,0.73426,-6e-05,0.01444,-145.003,89.953,90.038,17.34,0
4.91,0.73426,-6e-05,0.01444,-144.934,89.953,90.038,17.34,0
4.915,0.73426,-6e-05,0.01444,-144.866,89.953,90.038,17.34,0
4.92,0.73426,-6e-05,0.01444,-144.799,89.954,90.038,17.34,0
4.925,0.73426,-6e-05,0.01444,-144.732,89.954,90.038,17.34,0
4.93,0.73426,-6e-05,0.01444,-144.666,89.954,90.038,17.34,0
4.935,0.73426,-6e-05,0.01444,-144.6,89.954,90.038,17.34,0
4.94,0.73426,-6e-05,0.01444,-144.535,89.954,90.038,17.34,0
4.945,0.73426,-6e-05,0.01444,-144.47,89.954,90.038,17.34,0
4.95,0.73426,-6e-05,0.01444,-144.405,89.954,90.037,17.34,0
4.955,0.73426,-6e-05,0.01444,-144.341,89.954,90.037,17.34,0
4.96,0.73426,-6e-05,0.01443,-144.277,89.954,90.037,17.34,0
4.965,0.73426,-6e-05,0.01443,-144.214,89.954,90.037,17.34,0
4.97,0.73427,-6e-05,0.01443,-144.151,89.954,90.037,17.34,0
4.975,0.73427,-6e-05,0.01443,-144.089,89.954,90.037,17.34,0
4.98,0.73427,-6e-05,0.01443,-144.028,89.954,90.037,17.34,0
4.985,0.73427,-6e-05,0.01443,-143.968,89.954,90.037,17.34,0
4.99,0.73427,-6e-05,0.01443,-143.906,89.954,90.037,17.34,0
4.995,0.73427,-6e-05,0.01443,-143.842,89.955,90.037,17.34,0
5.0,0.73427,-6e-05,0.01443,-143.776,89.955,90.037,17.34,0
5.005,0.73427,-6e-05,0.01443,-143.707,89.955,90.037,17.34,0
5.01,0.73427,-6e-05,0.01443,-143.637,89.955,90.036,17.34,0
5.015,0.73427,-6e-05,0.01443,-143.567,89.955,90.036,17.34,0
5.02,0.73427,-6e-05,0.01443,-143.498,89.955,90.036,17.34,0
5.025,0.73427,-6e-05,0.01443,-143.43,89.955,90.036,17.34,0
5.03,0.73427,-6e-05,0.01443,-143.365,89.955,90.036,17.34,0
5.035,0.73427,-6e-05,0.01443,-143.301,89.955,90.036,17.34,0
5.04,0.73427,-6e-05,0.01443,-143.24,89.955,90.036,17.34,0
5.045,0.73427,-6e-05,0.01442,-143.181,89.955,90.036,17.34,0
5.05,0.73427,-6e-05,0.01442,-143.124,89.955,90.036,17.34,0
5.055,0.73427,-6e-05,0.01442,-143.069,89.955,90.036,17.34,0
5.06,0.73427,-6e-05,0.01442,-143.016,89.955,90.036,17.34,0
5.065,0.73427,-6e-05,0.01442,-142.963,89.955,90.036,17.34,0
5.07,0.73427,-6e-05,0.01442,-142.911,89.956,90.035,17.34,0
5.075,0.73427,-6e-05,0.01442,-142.862,89.956,90.035,17.34,0
5.08,0.73428,-6e-05,0.01442,-142.814,89.956,90.035,17.34,0
5.085,0.73428,-6e-05,0.01442,-142.767,89.956,90.035,17.34,0
5.09,0.73428,-6e-05,0.01442,-142.721,89.956,90.035,17.34,0
5.095,0.73428,-6e-05,0.01442,-142.677,89.956,90.035,17.34,0
5.1,0.73428,-6e-05,0.01442,-142.633,89.956,90.035,17.34,0
5.105,0.73428,-6e-05,0.01442,-142.589,89.956,90.035,17.34,0
5.11,0.73428,-6e-05,0.01442,-142.547,89.956,90.035,17.34,0
5.115,0.73428,-6e-05,0.01442,-142.505,89.956,90.035,17.34,0
5.12,0.73428,-6e-05,0.01442,-142.464,89.956,90.035,17.34,0
5.125,0.73428,-6e-05,0.01442,-142.423,89.956,90.035,17.34,0
5.13,0.73428,-6e-05,0.01442,-142.383,89.956,90.035,17.34,0
5.135,0.73428,-6e-05,0.01442,-142.342,89.956,90.035,17.34,0
5.14,0.73428,-6e-05,0.01442,-142.3,89.956,90.035,17.34,0
5.145,0.73428,-6e-05,0.01442,-142.256,89.956,90.035,17.34,0
5.15,0.73428,-6e-05,0.01442,-142.213,89.956,90.035,17.34,0
5.155,0.73428,-6e-05,0.01442,-142.169,89.956,90.035,17.34,0
5.16,0.73428,-6e-05,0.01442,-142.126,89.956,90.035,17.34,0
5.165,0.73428,-6e-05,0.01441,-142.084,89.956,90.034,17.34,0
5.17,0.73428,-6e-05,0.01441,-142.043,89.956,90.034,17.34,0
5.175,0.73428,-6e-05,0.01441,-142.004,89.956,90.034,17.34,0
5.18,0.73428,-6e-05,0.01441,-141.966,89.956,90.034,17.34,0
5.185,0.73428,-6e-05,0.01441,-141.93,89.956,90.034,17.34,0
5.19,0.73428,-6e-05,0.01441,-141.897,89.957,90.034,17.34,0
5.195,0.73428,-6e-05,0.01441,-141.868,89.957,90.034,17.34,0
5.2,0.73428,-6e-05,0.01441,-141.841,89.957,90.034,17.34,0
5.205,0.73428,-6e-05,0.01441,-141.815,89.957,90.034,17.34,0
5.21,0.73428,-6e-05,0.01441,-141.79,89.957,90.034,17.34,0
5.215,0.73428,-6e-05,0.01441,-141.767,89.957,90.034,17.34,0
5.22,0.73428,-6e-05,0.01441,-141.744,89.957,90.034,17.34,0
5.225,0.73428,-6e-05,0.01441,-141.722,89.957,90.034,17.34,0
5.23,0.73428,-6e-05,0.01441,-141.701,89.957,90.034,17.34,0
5.235,0.73428,-6e-05,0.01441,-141.681,89.957,90.034,17.34,0
5.24,0.73428,-6e-05,0.01441,-141.661,89.957,90.034,17.34,0
5.245,0.73428,-6e-05,0.01441,-141.641,89.957,90.034,17.34,0
5.25,0.73428,-6e-05,0.01441,-141.622,89.957,90.034,17.34,0
5.255,0.73428,-6e-05,0.01441,-141.604,89.957,90.034,17.34,0
5.26,0.73428,-6e-05,0.01441,-141.585,89.957,90.034,17.34,0
5.265,0.73428,-6e-05,0.01441,-141.567,89.957,90.034,17.34,0
5.27,0.73428,-6e-05,0.01441,-141.549,89.957,90.034,17.34,0
5.275,0.73429,-6e-05,0.01441,-141.528,89.957,90.034,17.34,0
5.28,0.73429,-6e-05,0.01441,-141.509,89.957,90.034,17.34,0
5.285,0.73429,-6e-05,0.01441,-141.487,89.957,90.033,17.34,0
5.29,0.73429,-6e-05,0.01441,-141.464,89.957,90.033,17.34,0
5.295,0.73429,-6e-05,0.01441,-141.444,89.957,90.033,17.34,0
5.3,0.73429,-6e-05,0.01441,-141.422,89.957,90.033,17.34,0
5.305,0.73429,-6e-05,0.01441,-141.398,89.957,90.033,17.34,0
5.31,0.73429,-6e-05,0.01441,-141.372,89.957,90.033,17.34,0
5.315,0.73429,-6e-05,0.01441,-141.346,89.957,90.033,17.34,0
5.32,0.73429,-6e-05,0.01441,-141.319,89.957,90.033,17.34,0
5.325,0.73429,-6e-05,0.01441,-141.29,89.957,90.033,17.34,0
5.33,0.73429,-6e-05,0.01441,-141.26,89.957,90.033,17.34,0
5.335,0.73429,-6e-05,0.01441,-141.228,89.957,90.033,17.34,0
5.34,0.73429,-6e-05,0.01441,-141.194,89.957,90.033,17.34,0
5.345,0.73429,-6e-05,0.01441,-141.159,89.957,90.033,17.34,0
5.35,0.73429,-6e-05,0.0144,-141.123,89.957,90.033,17.34,0
5.355,0.73429,-6e-05,0.0144,-141.085,89.957,90.033,17.34,0
5.36,0.73429,-6e-05,0.0144,-141.047,89.957,90.033,17.34,0
5.365,0.73429,-6e-05,0.0144,-141.011,89.958,90.033,17.34,0
5.37,0.73429,-6e-05,0.0144,-140.973,89.958,90.033,17.34,0
5.375,0.73429,-6e-05,0.0144,-140.933,89.958,90.033,17.34,0
5.38,0.73429,-6e-05,0.0144,-140.891,89.958,90.033,17.34,0
5.385,0.73429,-6e-05,0.0144,-140.851,89.958,90.033,17.34,0
5.39,0.73429,-6e-05,0.0144,-140.811,89.958,90.033,17.34,0
5.395,0.73429,-6e-05,0.0144,-140.771,89.958,90.033,17.34,0
5.4,0.73429,-6e-05,0.0144,-140.731,89.958,90.033,17.34,0
5.405,0.73429,-6e-05,0.0144,-140.692,89.958,90.033,17.34,0
5.41,0.73429,-6e-05,0.0144,-140.651,89.958,90.033,17.34,0
5.415,0.73429,-6e-05,0.0144,-140.609,89.958,90.033,17.34,0
5.42,0.73429,-6e-05,0.0144,-140.568,89.958,90.033,17.34,0
5.425,0.73429,-6e-05,0.0144,-140.528,89.958,90.033,17.34,0
5.43,0.73429,-6e-05,0.0144,-140.492,89.958,90.033,17.34,0
5.435,0.73429,-6e-05,0.0144,-140.458,89.958,90.033,17.34,0
5.44,0.73429,-6e-05,0.0144,-140.425,89.958,90.033,17.34,0
5.445,0.73429,-6e-05,0.0144,-140.392,89.958,90.033,17.34,0
5.45,0.73429,-6e-05,0.0144,-140.355,89.958,90.033,17.34,0
5.455,0.73429,-6e-05,0.0144,-140.316,89.958,90.033,17.34,0
5.46,0.73429,-6e-05,0.0144,-140.28,89.958,90.033,17.34,0
5.465,0.73429,-6e-05,0.0144,-140.243,89.958,90.032,17.34,0
5.47,0.73429,-6e-05,0.0144,-140.209,89.958,90.032,17.34,0
5.475,0.73429,-6e-05,0.0144,-140.175,89.958,90.032,17.34,0
5.48,0.73429,-6e-05,0.0144,-140.139,89.958,90.032,17.34,0
5.485,0.73429,-6e-05,0.0144,-140.108,89.958,90.032,17.34,0
5.49,0.73429,-6e-05,0.0144,-140.079,89.958,90.032,17.34,0
5.495,0.73429,-6e-05,0.0144,-140.05,89.958,90.032,17.34,0
5.5,0.73429,-6e-05,0.0144,-140.021,89.958,90.032,17.34,0
5.505,0.73429,-6e-05,0.0144,-139.99,89.958,90.032,17.34,0
5.51,0.73429,-6e-05,0.0144,-139.957,89.958,90.032,17.34,0
5.515,0.73429,-6e-05,0.0144,-139.924,89.958,90.032,17.34,0
5.52,0.73429,-6e-05,0.0144,-139.891,89.958,90.032,17.34,0
5.525,0.73429,-6e-05,0.0144,-139.858,89.958,90.032,17.34,0
5.53,0.73429,-6e-05,0.0144,-139.827,89.958,90.032,17.34,0
5.535,0.73429,-6e-05,0.0144,-139.796,89.958,90.032,17.34,0
5.54,0.73429,-6e-05,0.0144,-139.767,89.958,90.032,17.34,0
5.545,0.7343,-6e-05,0.0144,-139.738,89.958,90.032,17.34,0
5.55,0.7343,-6e-05,0.0144,-139.709,89.958,90.032,17.34,0
5.555,0.7343,-6e-05,0.0144,-139.68,89.958,90.032,17.34,0
5.56,0.7343,-6e-05,0.0144,-139.65,89.958,90.032,17.34,0
5.565,0.7343,-6e-05,0.0144,-139.621,89.958,90.032,17.34,0
5.57,0.7343,-6e-05,0.0144,-139.591,89.958,90.032,17.34,0
5.575,0.7343,-6e-05,0.0144,-139.561,89.958,90.032,17.34,0
5.58,0.7343,-6e-05,0.0144,-139.532,89.958,90.032,17.34,0
5.585,0.7343,-6e-05,0.01439,-139.503,89.958,90.032,17.34,0
5.59,0.7343,-6e-05,0.01439,-139.475,89.958,90.032,17.34,0
5.595,0.7343,-6e-05,0.01439,-139.448,89.958,90.032,17.34,0
5.6,0.7343,-6e-05,0.01439,-139.424,89.958,90.032,17.34,0
5.605,0.7343,-6e-05,0.01439,-139.402,89.958,90.032,17.34,0
5.61,0.7343,-6e-05,0.01439,-139.382,89.958,90.032,17.34,0
5.615,0.7343,-6e-05,0.01439,-139.365,89.959,90.031,17.34,0
5.62,0.7343,-6e-05,0.01439,-139.349,89.959,90.031,17.34,0
5.625,0.7343,-6e-05,0.01439,-139.335,89.959,90.031,17.34,0
5.63,0.7343,-6e-05,0.01439,-139.321,89.959,90.031,17.34,0
5.635,0.7343,-6e-05,0.01439,-139.309,89.959,90.031,17.34,0
5.64,0.7343,-6e-05,0.01439,-139.297,89.959,90.031,17.34,0
5.645,0.7343,-6e-05,0.01439,-139.285,89.959,90.031,17.34,0
5.65,0.7343,-6e-05,0.01439,-139.273,89.959,90.031,17.34,0
5.655,0.7343,-6e-05,0.01439,-139.261,89.959,90.031,17.34,0
5.66,0.7343,-6e-05,0.01439,-139.247,89.959,90.031,17.34,0
5.665,0.7343,-6e-05,0.01439,-139.232,89.959,90.031,17.34,0
5.67,0.7343,-6e-05,0.01439,-139.218,89.959,90.031,17.34,0
5.675,0.7343,-6e-05,0.01439,-139.204,89.959,90.031,17.34,0
5.68,0.7343,-6e-05,0.01439,-139.19,89.959,90.031,17.34,0
5.685,0.7343,-6e-05,0.01439,-139.174,89.959,90.031,17.34,0
5.69,0.7343,-6e-05,0.01439,-139.158,89.959,90.031,17.34,0
5.695,0.7343,-6e-05,0.01439,-139.141,89.959,90.031,17.34,0
5.7,0.7343,-6e-05,0.01439,-139.124,89.959,90.031,17.34,0
5.705,0.7343,-6e-05,0.01439,-139.106,89.959,90.031,17.34,0
5.71,0.7343,-6e-05,0.01439,-139.089,89.959,90.031,17.34,0
5.715,0.7343,-6e-05,0.01439,-139.071,89.959,90.031,17.34,0
5.72,0.7343,-6e-05,0.01439,-139.054,89.959,90.031,17.34,0
5.725,0.7343,-6e-05,0.01439,-139.037,89.959,90.031,17.34,0
5.73,0.7343,-6e-05,0.01439,-139.02,89.959,90.031,17.34,0
5.735,0.7343,-6e-05,0.01439,-139.004,89.959,90.031,17.34,0
5.74,0.7343,-6e-05,0.01439,-138.989,89.959,90.031,17.34,0
5.745,0.7343,-6e-05,0.01439,-138.974,89.959,90.031,17.34,0
5.75,0.7343,-6e-05,0.01439,-138.961,89.959,90.031,17.34,0
5.755,0.7343,-6e-05,0.01439,-138.948,89.959,90.031,17.34,0
5.76,0.7343,-6e-05,0.01439,-138.935,89.959,90.031,17.34,0
5.765,0.7343,-6e-05,0.01439,-138.922,89.959,90.031,17.34,0
5.77,0.7343,-6e-05,0.01439,-138.908,89.959,90.031,17.34,0
5.775,0.7343,-6e-05,0.01439,-138.894,89.959,90.031,17.34,0
5.78,0.7343,-6e-05,0.01439,-138.879,89.959,90.031,17.34,0
5.785,0.7343,-6e-05,0.01439,-138.864,89.959,90.031,17.34,0
5.79,0.7343,-6e-05,0.01439,-138.849,89.959,90.031,17.34,0
5.795,0.7343,-6e-05,0.01439,-138.834,89.959,90.03,17.34,0
5.8,0.7343,-6e-05,0.01439,-138.818,89.96,90.03,17.34,0
5.805,0.7343,-6e-05,0.01439,-138.8,89.96,90.03,17.34,0
5.81,0.7343,-6e-05,0.01439,-138.781,89.96,90.03,17.34,0
5.815,0.7343,-6e-05,0.01438,-138.765,89.96,90.03,17.34,0
5.82,0.7343,-6e-05,0.01438,-138.751,89.96,90.03,17.34,0
5.825,0.7343,-6e-05,0.01438,-138.739,89.96,90.03,17.34,0
5.83,0.7343,-6e-05,0.01438,-138.727,89.96,90.03,17.34,0
5.835,0.7343,-6e-05,0.01438,-138.716,89.96,90.03,17.34,0
5.84,0.7343,-6e-05,0.01438,-138.706,89.96,90.03,17.34,0
5.845,0.7343,-6e-05,0.01438,-138.696,89.96,90.03,17.34,0
5.85,0.7343,-6e-05,0.01438,-138.687,89.96,90.03,17.34,0
5.855,0.7343,-6e-05,0.01438,-138.678,89.96,90.03,17.34,0
5.86,0.7343,-6e-05,0.01438,-138.669,89.96,90.03,17.34,0
5.865,0.7343,-6e-05,0.01438,-138.661,89.96,90.03,17.34,0
5.87,0.7343,-6e-05,0.01438,-138.652,89.96,90.03,17.34,0
5.875,0.7343,-6e-05,0.01438,-138.644,89.96,90.03,17.34,0
5.88,0.7343,-6e-05,0.01438,-138.636,89.96,90.03,17.34,0
5.885,0.7343,-6e-05,0.01438,-138.628,89.96,90.03,17.34,0
5.89,0.7343,-6e-05,0.01438,-138.62,89.96,90.03,17.34,0
5.895,0.7343,-6e-05,0.01438,-138.612,89.96,90.03,17.34,0
5.9,0.7343,-6e-05,0.01438,-138.603,89.96,90.03,17.34,0
5.905,0.7343,-6e-05,0.01438,-138.595,89.96,90.03,17.34,0
5.91,0.7343,-6e-05,0.01438,-138.587,89.96,90.03,17.34,0
5.915,0.7343,-6e-05,0.01438,-138.579,89.96,90.03,17.34,0
5.92,0.7343,-6e-05,0.01438,-138.571,89.96,90.03,17.34,0
5.925,0.7343,-6e-05,0.01438,-138.563,89.96,90.03,17.34,0
5.93,0.7343,-6e-05,0.01438,-138.555,89.96,90.03,17.34,0
5.935,0.7343,-6e-05,0.01438,-138.547,89.96,90.03,17.34,0
5.94,0.7343,-6e-05,0.01438,-138.539,89.96,90.03,17.34,0
5.945,0.7343,-6e-05,0.01438,-138.531,89.96,90.03,17.34,0
5.95,0.7343,-6e-05,0.01438,-138.523,89.96,90.03,17.34,0
5.955,0.7343,-6e-05,0.01438,-138.515,89.96,90.03,17.34,0
5.96,0.7343,-6e-05,0.01438,-138.507,89.96,90.03,17.34,0
5.965,0.7343,-6e-05,0.01438,-138.499,89.96,90.03,17.34,0
5.97,0.73431,-6e-05,0.01438,-138.491,89.96,90.03,17.34,0
5.975,0.73431,-6e-05,0.01438,-138.483,89.96,90.03,17.34,0
5.98,0.73431,-6e-05,0.01438,-138.475,89.96,90.03,17.34,0
5.985,0.73431,-6e-05,0.01438,-138.466,89.96,90.03,17.34,0
5.99,0.73431,-6e-05,0.01438,-138.457,89.96,90.03,17.34,0
5.995,0.73431,-6e-05,0.01438,-138.448,89.96,90.03,17.34,0
6.0,0.73431,-6e-05,0.01438,-138.439,89.96,90.03,17.34,0
6.005,0.73431,-6e-05,0.01438,-138.431,89.96,90.03,17.34,0
6.01,0.73431,-6e-05,0.01438,-138.423,89.96,90.03,17.34,0
6.015,0.73431,-6e-05,0.01438,-138.414,89.96,90.03,17.34,0
6.02,0.73431,-6e-05,0.01438,-138.405,89.96,90.03,17.34,0
6.025,0.73431,-6e-05,0.01438,-138.396,89.96,90.03,17.34,0
6.03,0.73431,-6e-05,0.01438,-138.386,89.96,90.03,17.34,0
6.035,0.73431,-6e-05,0.01438,-138.376,89.96,90.03,17.34,0
6.04,0.73431,-6e-05,0.01438,-138.367,89.96,90.03,17.34,0
6.045,0.73431,-6e-05,0.01438,-138.358,89.96,90.03,17.34,0
6.05,0.73431,-6e-05,0.01438,-138.35,89.96,90.03,17.34,0
6.055,0.73431,-6e-05,0.01438,-138.341,89.96,90.03,17.34,0
6.06,0.73431,-6e-05,0.01438,-138.332,89.96,90.03,17.34,0
6.065,0.73431,-6e-05,0.01438,-138.322,89.96,90.03,17.34,0
6.07,0.73431,-6e-05,0.01438,-138.312,89.96,90.03,17.34,0
6.075,0.73431,-6e-05,0.01438,-138.301,89.96,90.03,17.34,0
6.08,0.73431,-6e-05,0.01438,-138.29,89.96,90.03,17.34,0
6.085,0.73431,-6e-05,0.01438,-138.279,89.96,90.03,17.34,0
6.09,0.73431,-6e-05,0.01438,-138.269,89.96,90.03,17.34,0
6.095,0.73431,-6e-05,0.01438,-138.259,89.96,90.03,17.34,0
6.1,0.73431,-6e-05,0.01438,-138.25,89.96,90.03,17.34,0
6.105,0.73431,-6e-05,0.01438,-138.241,89.96,90.03,17.34,0
6.11,0.73431,-6e-05,0.01438,-138.233,89.96,90.03,17.34,0
6.115,0.73431,-6e-05,0.01438,-138.226,89.96,90.03,17.34,0
6.12,0.73431,-6e-05,0.01438,-138.217,89.96,90.03,17.34,0
6.125,0.73431,-6e-05,0.01438,-138.208,89.96,90.03,17.34,0
6.13,0.73431,-6e-05,0.01438,-138.199,89.96,90.03,17.34,0
6.135,0.73431,-6e-05,0.01438,-138.189,89.96,90.03,17.34,0
6.14,0.73431,-6e-05,0.01438,-138.181,89.96,90.03,17.34,0
6.145,0.73431,-6e-05,0.01438,-138.171,89.96,90.03,17.34,0
6.15,0.73431,-6e-05,0.01438,-138.16,89.96,90.03,17.34,0
6.155,0.73431,-6e-05,0.01438,-138.148,89.96,90.03,17.34,0
6.16,0.73431,-6e-05,0.01438,-138.136,89.96,90.03,17.34,0
6.165,0.73431,-6e-05,0.01438,-138.124,89.96,90.029,17.34,0
6.17,0.73431,-6e-05,0.01438,-138.112,89.96,90.029,17.34,0
6.175,0.73431,-6e-05,0.01438,-138.1,89.96,90.029,17.34,0
6.18,0.73431,-6e-05,0.01438,-138.089,89.96,90.029,17.34,0
6.185,0.73431,-6e-05,0.01438,-138.078,89.96,90.029,17.34,0
6.19,0.73431,-6e-05,0.01438,-138.068,89.96,90.029,17.34,0
6.195,0.73431,-6e-05,0.01438,-138.058,89.96,90.029,17.34,0
6.2,0.73431,-6e-05,0.01438,-138.048,89.96,90.029,17.34,0
6.205,0.73431,-6e-05,0.01438,-138.037,89.96,90.029,17.34,0
6.21,0.73431,-6e-05,0.01438,-138.024,89.96,90.029,17.34,0
6.215,0.73431,-6e-05,0.01438,-138.01,89.96,90.029,17.34,0
6.22,0.73431,-6e-05,0.01438,-137.996,89.96,90.029,17.34,0
6.225,0.73431,-6e-05,0.01438,-137.984,89.96,90.029,17.34,0
6.23,0.73431,-6e-05,0.01438,-137.968,89.96,90.029,17.34,0
6.235,0.73431,-6e-05,0.01438,-137.948,89.96,90.029,17.34,0
6.24,0.73431,-6e-05,0.01438,-137.927,89.96,90.029,17.34,0
6.245,0.73431,-6e-05,0.01437,-137.906,89.96,90.029,17.34,0
6.25,0.73431,-6e-05,0.01437,-137.884,89.96,90.029,17.34,0
6.255,0.73431,-6e-05,0.01437,-137.862,89.96,90.029,17.34,0
6.26,0.73431,-6e-05,0.01437,-137.839,89.96,90.029,17.34,0
6.265,0.73431,-6e-05,0.01437,-137.816,89.96,90.029,17.34,0
6.27,0.73431,-6e-05,0.01437,-137.793,89.96,90.029,17.34,0
6.275,0.73431,-6e-05,0.01437,-137.769,89.96,90.029,17.34,0
6.28,0.73431,-6e-05,0.01437,-137.745,89.96,90.029,17.34,0
6.285,0.73431,-6e-05,0.01437,-137.72,89.96,90.029,17.34,0
6.29,0.73431,-6e-05,0.01437,-137.697,89.96,90.029,17.34,0
6.295,0.73431,-6e-05,0.01437,-137.675,89.96,90.029,17.34,0
6.3,0.73431,-6e-05,0.01437,-137.649,89.96,90.029,17.34,0
6.305,0.73431,-6e-05,0.01437,-137.625,89.96,90.029,17.34,0
6.31,0.73431,-6e-05,0.01437,-137.602,89.96,90.029,17.34,0
6.315,0.73431,-6e-05,0.01437,-137.578,89.96,90.029,17.34,0
6.32,0.73431,-6e-05,0.01437,-137.554,89.96,90.029,17.34,0
6.325,0.73431,-6e-05,0.01437,-137.53,89.96,90.029,17.34,0
6.33,0.73431,-6e-05,0.01437,-137.507,89.96,90.029,17.34,0
6.335,0.73431,-6e-05,0.01437,-137.485,89.96,90.029,17.34,0
6.34,0.73431,-6e-05,0.01437,-137.463,89.96,90.029,17.34,0
6.345,0.73431,-6e-05,0.01437,-137.441,89.96,90.029,17.34,0
6.35,0.73431,-6e-05,0.01437,-137.42,89.96,90.029,17.34,0
6.355,0.73431,-6e-05,0.01437,-137.395,89.96,90.029,17.34,0
6.36,0.73431,-6e-05,0.01437,-137.367,89.96,90.029,17.34,0
6.365,0.73431,-6e-05,0.01437,-137.341,89.96,90.029,17.34,0
6.37,0.73431,-6e-05,0.01437,-137.314,89.96,90.029,17.34,0
6.375,0.73431,-6e-05,0.01437,-137.289,89.96,90.029,17.34,0
6.38,0.73431,-6e-05,0.01437,-137.267,89.96,90.029,17.34,0
6.385,0.73431,-6e-05,0.01437,-137.245,89.96,90.029,17.34,0
6.39,0.73431,-6e-05,0.01437,-137.224,89.96,90.029,17.34,0
6.395,0.73431,-6e-05,0.01437,-137.198,89.96,90.029,17.34,0
6.4,0.73431,-6e-05,0.01437,-137.17,89.96,90.029,17.34,0
6.405,0.73431,-6e-05,0.01437,-137.141,89.96,90.029,17.34,0
6.41,0.73431,-6e-05,0.01437,-137.112,89.96,90.029,17.34,0
6.415,0.73431,-6e-05,0.01437,-137.083,89.96,90.029,17.34,0
6.42,0.73431,-6e-05,0.01437,-137.056,89.96,90.029,17.34,0
6.425,0.73431,-6e-05,0.01437,-137.028,89.96,90.029,17.34,0
6.43,0.73431,-6e-05,0.01437,-137.002,89.96,90.029,17.34,0
6.435,0.73431,-6e-05,0.01437,-136.975,89.96,90.029,17.34,0
6.44,0.73431,-6e-05,0.01437,-136.952,89.96,90.029,17.34,0
6.445,0.73431,-6e-05,0.01437,-136.931,89.96,90.029,17.34,0
6.45,0.73431,-6e-05,0.01437,-136.914,89.96,90.029,17.34,0
6.455,0.73431,-6e-05,0.01437,-136.899,89.96,90.029,17.34,0
6.46,0.73431,-6e-05,0.01437,-136.885,89.96,90.029,17.34,0
6.465,0.73431,-6e-05,0.01437,-136.872,89.96,90.029,17.34,0
6.47,0.73431,-6e-05,0.01437,-136.86,89.96,90.029,17.34,0
6.475,0.73431,-6e-05,0.01437,-136.849,89.96,90.029,17.34,0
6.48,0.73431,-6e-05,0.01437,-136.838,89.96,90.029,17.34,0
6.485,0.73431,-6e-05,0.01437,-136.828,89.96,90.029,17.34,0
6.49,0.73431,-6e-05,0.01437,-136.819,89.96,90.029,17.34,0
6.495,0.73431,-6e-05,0.01437,-136.81,89.96,90.029,17.34,0
6.5,0.73431,-6e-05,0.01437,-136.802,89.96,90.029,17.34,0
6.505,0.73431,-6e-05,0.01437,-136.796,89.96,90.029,17.34,0
6.51,0.73431,-6e-05,0.01437,-136.79,89.961,90.029,17.34,0
6.515,0.73431,-6e-05,0.01437,-136.785,89.961,90.029,17.34,0
6.52,0.73431,-6e-05,0.01437,-136.779,89.961,90.029,17.34,0
6.525,0.73431,-6e-05,0.01437,-136.774,89.961,90.029,17.34,0
6.53,0.73431,-6e-05,0.01437,-136.768,89.961,90.029,17.34,0
6.535,0.73431,-6e-05,0.01437,-136.762,89.961,90.029,17.34,0
6.54,0.73431,-6e-05,0.01437,-136.758,89.961,90.029,17.34,0
6.545,0.73431,-6e-05,0.01437,-136.752,89.961,90.029,17.34,0
6.55,0.73431,-6e-05,0.01437,-136.747,89.961,90.029,17.34,0
6.555,0.73431,-6e-05,0.01437,-136.742,89.961,90.029,17.34,0
6.56,0.73431,-6e-05,0.01437,-136.737,89.961,90.029,17.34,0
6.565,0.73431,-6e-05,0.01437,-136.731,89.961,90.029,17.34,0
6.57,0.73431,-6e-05,0.01437,-136.726,89.961,90.029,17.34,0
6.575,0.73431,-6e-05,0.01437,-136.721,89.961,90.029,17.34,0
6.58,0.73431,-6e-05,0.01437,-136.715,89.961,90.029,17.34,0
6.585,0.73431,-6e-05,0.01437,-136.71,89.961,90.029,17.34,0
6.59,0.73431,-6e-05,0.01437,-136.705,89.961,90.029,17.34,0
6.595,0.73431,-6e-05,0.01437,-136.7,89.961,90.029,17.34,0
6.6,0.73431,-6e-05,0.01437,-136.695,89.961,90.029,17.34,0
6.605,0.73431,-6e-05,0.01437,-136.69,89.961,90.029,17.34,0
6.61,0.73431,-6e-05,0.01437,-136.684,89.961,90.029,17.34,0
6.615,0.73431,-6e-05,0.01437,-136.679,89.961,90.029,17.34,0
6.62,0.73431,-6e-05,0.01437,-136.674,89.961,90.029,17.34,0
6.625,0.73431,-6e-05,0.01437,-136.669,89.961,90.029,17.34,0
6.63,0.73431,-6e-05,0.01437,-136.664,89.961,90.029,17.34,0
6.635,0.73431,-6e-05,0.01437,-136.659,89.961,90.029,17.34,0
6.64,0.73431,-6e-05,0.01437,-136.654,89.961,90.029,17.34,0
6.645,0.73431,-6e-05,0.01437,-136.649,89.961,90.029,17.34,0
6.65,0.73431,-6e-05,0.01437,-136.644,89.961,90.029,17.34,0
6.655,0.73431,-6e-05,0.01437,-136.639,89.961,90.029,17.34,0
6.66,0.73431,-6e-05,0.01437,-136.633,89.961,90.029,17.34,0
6.665,0.73431,-6e-05,0.01437,-136.628,89.961,90.029,17.34,0
6.67,0.73431,-6e-05,0.01437,-136.623,89.961,90.029,17.34,0
6.675,0.73431,-6e-05,0.01437,-136.617,89.961,90.029,17.34,0
6.68,0.73431,-6e-05,0.01437,-136.613,89.961,90.028,17.34,0
6.685,0.73431,-6e-05,0.01437,-136.608,89.961,90.028,17.34,0
6.69,0.73431,-6e-05,0.01437,-136.602,89.961,90.028,17.34,0
6.695,0.73431,-6e-05,0.01437,-136.598,89.961,90.028,17.34,0
6.7,0.73431,-6e-05,0.01437,-136.592,89.961,90.028,17.34,0
6.705,0.73431,-6e-05,0.01437,-136.587,89.961,90.028,17.34,0
6.71,0.73431,-6e-05,0.01437,-136.582,89.961,90.028,17.34,0
6.715,0.73431,-6e-05,0.01437,-136.577,89.961,90.028,17.34,0
6.72,0.73431,-6e-05,0.01437,-136.572,89.961,90.028,17.34,0
6.725,0.73431,-6e-05,0.01437,-136.567,89.961,90.028,17.34,0
6.73,0.73431,-6e-05,0.01437,-136.562,89.961,90.028,17.34,0
6.735,0.73431,-6e-05,0.01437,-136.557,89.961,90.028,17.34,0
6.74,0.73431,-6e-05,0.01437,-136.552,89.961,90.028,17.34,0
6.745,0.73431,-6e-05,0.01437,-136.547,89.961,90.028,17.34,0
6.75,0.73431,-6e-05,0.01437,-136.542,89.961,90.028,17.34,0
6.755,0.73431,-6e-05,0.01437,-136.537,89.961,90.028,17.34,0
6.76,0.73431,-6e-05,0.01437,-136.532,89.961,90.028,17.34,0
6.765,0.73431,-6e-05,0.01437,-136.528,89.961,90.028,17.34,0
6.77,0.73431,-6e-05,0.01437,-136.522,89.961,90.028,17.34,0
6.775,0.73432,-6e-05,0.01437,-136.518,89.961,90.028,17.34,0
6.78,0.73432,-6e-05,0.01437,-136.513,89.961,90.028,17.34,0
6.785,0.73432,-6e-05,0.01437,-136.509,89.961,90.028,17.34,0
6.79,0.73432,-6e-05,0.01437,-136.504,89.961,90.028,17.34,0
6.795,0.73432,-6e-05,0.01437,-136.499,89.961,90.028,17.34,0
6.8,0.73432,-6e-05,0.01437,-136.494,89.961,90.028,17.34,0
6.805,0.73432,-6e-05,0.01437,-136.49,89.961,90.028,17.34,0
6.81,0.73432,-6e-05,0.01437,-136.484,89.961,90.028,17.34,0
6.815,0.73432,-6e-05,0.01437,-136.48,89.961,90.028,17.34,0
6.82,0.73432,-6e-05,0.01437,-136.475,89.961,90.028,17.34,0
6.825,0.73432,-6e-05,0.01437,-136.47,89.961,90.028,17.34,0
6.83,0.73432,-6e-05,0.01437,-136.465,89.961,90.028,17.34,0
6.835,0.73432,-6e-05,0.01437,-136.46,89.961,90.028,17.34,0
6.84,0.73432,-6e-05,0.01437,-136.456,89.961,90.028,17.34,0
6.845,0.73432,-6e-05,0.01437,-136.451,89.961,90.028,17.34,0
6.85,0.73432,-6e-05,0.01437,-136.447,89.961,90.028,17.34,0
6.855,0.73432,-6e-05,0.01437,-136.442,89.961,90.028,17.34,0
6.86,0.73432,-6e-05,0.01437,-136.437,89.961,90.028,17.34,0
6.865,0.73432,-6e-05,0.01437,-136.433,89.961,90.028,17.34,0
6.87,0.73432,-6e-05,0.01437,-136.428,89.961,90.028,17.34,0
6.875,0.73432,-6e-05,0.01437,-136.424,89.961,90.028,17.34,0
6.88,0.73432,-6e-05,0.01437,-136.42,89.961,90.028,17.34,0
6.885,0.73432,-6e-05,0.01437,-136.415,89.961,90.028,17.34,0
6.89,0.73432,-6e-05,0.01437,-136.411,89.961,90.028,17.34,0
6.895,0.73432,-6e-05,0.01437,-136.406,89.961,90.028,17.34,0
6.9,0.73432,-6e-05,0.01437,-136.402,89.961,90.028,17.34,0
6.905,0.73432,-6e-05,0.01437,-136.397,89.961,90.028,17.34,0
6.91,0.73432,-7e-05,0.01437,-136.393,89.961,90.028,17.34,0
6.915,0.73432,-7e-05,0.01437,-136.388,89.961,90.028,17.34,0
6.92,0.73432,-7e-05,0.01437,-136.384,89.961,90.028,17.34,0
6.925,0.73432,-7e-05,0.01437,-136.38,89.961,90.028,17.34,0
6.93,0.73432,-7e-05,0.01437,-136.375,89.961,90.028,17.34,0
6.935,0.73432,-7e-05,0.01437,-136.371,89.961,90.028,17.34,0
6.94,0.73432,-7e-05,0.01437,-136.367,89.961,90.028,17.34,0
6.945,0.73432,-7e-05,0.01437,-136.362,89.961,90.028,17.34,0
6.95,0.73432,-7e-05,0.01437,-136.358,89.961,90.028,17.34,0
6.955,0.73432,-7e-05,0.01437,-136.354,89.961,90.028,17.34,0
6.96,0.73432,-7e-05,0.01437,-136.349,89.961,90.028,17.34,0
6.965,0.73432,-7e-05,0.01437,-136.345,89.961,90.028,17.34,0
6.97,0.73432,-7e-05,0.01437,-136.341,89.961,90.028,17.34,0
6.975,0.73432,-7e-05,0.01437,-136.337,89.961,90.028,17.34,0
6.98,0.73432,-7e-05,0.01437,-136.333,89.961,90.028,17.34,0
6.985,0.73432,-7e-05,0.01437,-136.329,89.961,90.028,17.34,0
6.99,0.73432,-7e-05,0.01437,-136.325,89.961,90.028,17.34,0
6.995,0.73432,-7e-05,0.01437,-136.321,89.961,90.028,17.34,0
7.0,0.73432,-7e-05,0.01437,-136.317,89.961,90.028,17.34,0
7.005,0.73432,-7e-05,0.01437,-136.313,89.961,90.028,17.34,0
7.01,0.73432,-7e-05,0.01437,-136.309,89.961,90.028,17.34,0
7.015,0.73432,-7e-05,0.01437,-136.305,89.961,90.028,17.34,0
7.02,0.73432,-7e-05,0.01437,-136.302,89.961,90.028,17.34,0
7.025,0.73432,-7e-05,0.01437,-136.298,89.961,90.028,17.34,0
7.03,0.73432,-7e-05,0.01436,-136.293,89.961,90.028,17.34,0
7.035,0.73432,-7e-05,0.01436,-136.29,89.961,90.028,17.34,0
7.04,0.73432,-7e-05,0.01436,-136.287,89.961,90.028,17.34,0
7.045,0.73432,-7e-05,0.01436,-136.283,89.961,90.028,17.34,0
7.05,0.73432,-7e-05,0.01436,-136.279,89.961,90.028,17.34,0
7.055,0.73432,-7e-05,0.01436,-136.275,89.961,90.028,17.34,0
7.06,0.73432,-7e-05,0.01436,-136.271,89.961,90.028,17.34,0
7.065,0.73432,-7e-05,0.01436,-136.268,89.961,90.028,17.34,0
7.07,0.73432,-7e-05,0.01436,-136.264,89.961,90.028,17.34,0
7.075,0.73432,-7e-05,0.01436,-136.26,89.961,90.028,17.34,0
7.08,0.73432,-7e-05,0.01436,-136.256,89.961,90.028,17.34,0
7.085,0.73432,-7e-05,0.01436,-136.252,89.961,90.028,17.34,0
7.09,0.73432,-7e-05,0.01436,-136.247,89.962,90.028,17.34,0
7.095,0.73432,-7e-05,0.01436,-136.241,89.962,90.028,17.34,0
7.1,0.73432,-7e-05,0.01436,-136.234,89.962,90.028,17.34,0
7.105,0.73432,-7e-05,0.01436,-136.228,89.962,90.028,17.34,0
7.11,0.73432,-7e-05,0.01436,-136.22,89.962,90.028,17.34,0
7.115,0.73432,-7e-05,0.01436,-136.213,89.962,90.028,17.34,0
7.12,0.73432,-7e-05,0.01436,-136.206,89.962,90.028,17.34,0
7.125,0.73432,-7e-05,0.01436,-136.199,89.962,90.028,17.34,0
7.13,0.73432,-7e-05,0.01436,-136.194,89.962,90.028,17.34,0
7.135,0.73432,-7e-05,0.01436,-136.19,89.962,90.028,17.34,0
7.14,0.73432,-7e-05,0.01436,-136.186,89.962,90.028,17.34,0
7.145,0.73432,-7e-05,0.01436,-136.182,89.962,90.028,17.34,0
7.15,0.73432,-7e-05,0.01436,-136.178,89.962,90.028,17.34,0
7.155,0.73432,-7e-05,0.01436,-136.173,89.962,90.028,17.34,0
7.16,0.73432,-7e-05,0.01436,-136.168,89.962,90.028,17.34,0
7.165,0.73432,-7e-05,0.01436,-136.163,89.962,90.028,17.34,0
7.17,0.73432,-7e-05,0.01436,-136.159,89.962,90.028,17.34,0
7.175,0.73432,-7e-05,0.01436,-136.153,89.962,90.028,17.34,0
7.18,0.73432,-7e-05,0.01436,-136.148,89.962,90.028,17.34,0
7.185,0.73432,-7e-05,0.01436,-136.142,89.962,90.028,17.34,0
7.19,0.73432,-7e-05,0.01436,-136.136,89.962,90.028,17.34,0
7.195,0.73432,-7e-05,0.01436,-136.131,89.962,90.028,17.34,0
7.2,0.73432,-7e-05,0.01436,-136.125,89.962,90.028,17.34,0
7.205,0.73432,-7e-05,0.01436,-136.12,89.962,90.028,17.34,0
7.21,0.73432,-7e-05,0.01436,-136.114,89.962,90.028,17.34,0
7.215,0.73432,-7e-05,0.01436,-136.107,89.962,90.028,17.34,0
7.22,0.73432,-7e-05,0.01436,-136.101,89.962,90.028,17.34,0
7.225,0.73432,-7e-05,0.01436,-136.096,89.962,90.028,17.34,0
7.23,0.73432,-7e-05,0.01436,-136.09,89.962,90.028,17.34,0
7.235,0.73432,-7e-05,0.01436,-136.083,89.962,90.028,17.34,0
7.24,0.73432,-7e-05,0.01436,-136.076,89.962,90.028,17.34,0
7.245,0.73432,-7e-05,0.01436,-136.07,89.962,90.028,17.34,0
7.25,0.73432,-7e-05,0.01436,-136.065,89.962,90.028,17.34,0
7.255,0.73432,-7e-05,0.01436,-136.06,89.962,90.028,17.34,0
7.26,0.73432,-7e-05,0.01436,-136.056,89.962,90.028,17.34,0
7.265,0.73432,-7e-05,0.01436,-136.053,89.962,90.028,17.34,0
7.27,0.73432,-7e-05,0.01436,-136.049,89.962,90.027,17.34,0
7.275,0.73432,-7e-05,0.01436,-136.046,89.962,90.027,17.34,0
7.28,0.73432,-7e-05,0.01436,-136.041,89.962,90.027,17.34,0
7.285,0.73432,-7e-05,0.01436,-136.038,89.962,90.027,17.34,0
7.29,0.73432,-7e-05,0.01436,-136.034,89.962,90.027,17.34,0
7.295,0.73432,-7e-05,0.01436,-136.03,89.962,90.027,17.34,0
7.3,0.73432,-7e-05,0.01436,-136.026,89.962,90.027,17.34,0
7.305,0.73432,-7e-05,0.01436,-136.021,89.962,90.027,17.34,0
7.31,0.73432,-7e-05,0.01436,-136.017,89.962,90.027,17.34,0
7.315,0.73432,-7e-05,0.01436,-136.013,89.962,90.027,17.34,0
7.32,0.73432,-7e-05,0.01436,-136.009,89.962,90.027,17.34,0
7.325,0.73432,-7e-05,0.01436,-136.005,89.962,90.027,17.34,0
7.33,0.73432,-7e-05,0.01436,-136.0,89.962,90.027,17.34,0
7.335,0.73432,-7e-05,0.01436,-135.995,89.962,90.027,17.34,0
7.34,0.73432,-7e-05,0.01436,-135.992,89.962,90.027,17.34,0
7.345,0.73432,-7e-05,0.01436,-135.987,89.962,90.027,17.34,0
7.35,0.73432,-7e-05,0.01436,-135.982,89.962,90.027,17.34,0
7.355,0.73432,-7e-05,0.01436,-135.977,89.962,90.027,17.34,0
7.36,0.73432,-7e-05,0.01436,-135.973,89.962,90.027,17.34,0
7.365,0.73432,-7e-05,0.01436,-135.969,89.962,90.027,17.34,0
7.37,0.73432,-7e-05,0.01436,-135.964,89.962,90.027,17.34,0
7.375,0.73432,-7e-05,0.01436,-135.959,89.962,90.027,17.34,0
7.38,0.73432,-7e-05,0.01436,-135.955,89.962,90.027,17.34,0
7.385,0.73432,-7e-05,0.01436,-135.951,89.962,90.027,17.34,0
7.39,0.73432,-7e-05,0.01436,-135.946,89.962,90.027,17.34,0
7.395,0.73432,-7e-05,0.01436,-135.941,89.962,90.027,17.34,0
7.4,0.73432,-7e-05,0.01436,-135.937,89.962,90.027,17.34,0
7.405,0.73432,-7e-05,0.01436,-135.933,89.962,90.027,17.34,0
7.41,0.73432,-7e-05,0.01436,-135.93,89.962,90.027,17.34,0
7.415,0.73432,-7e-05,0.01436,-135.925,89.962,90.027,17.34,0
7.42,0.73432,-7e-05,0.01436,-135.921,89.962,90.027,17.34,0
7.425,0.73432,-7e-05,0.01436,-135.917,89.962,90.027,17.34,0
7.43,0.73432,-7e-05,0.01436,-135.912,89.962,90.027,17.34,0
7.435,0.73432,-7e-05,0.01436,-135.907,89.962,90.027,17.34,0
7.44,0.73432,-7e-05,0.01436,-135.903,89.962,90.027,17.34,0
7.445,0.73432,-7e-05,0.01436,-135.899,89.962,90.027,17.34,0
7.45,0.73432,-7e-05,0.01436,-135.894,89.962,90.027,17.34,0
7.455,0.73432,-7e-05,0.01436,-135.89,89.962,90.027,17.34,0
7.46,0.73432,-7e-05,0.01436,-135.885,89.962,90.027,17.34,0
7.465,0.73432,-7e-05,0.01436,-135.88,89.962,90.027,17.34,0
7.47,0.73432,-7e-05,0.01436,-135.876,89.962,90.027,17.34,0
7.475,0.73432,-7e-05,0.01436,-135.872,89.962,90.027,17.34,0
7.48,0.73432,-7e-05,0.01436,-135.867,89.962,90.027,17.34,0
7.485,0.73432,-7e-05,0.01436,-135.863,89.962,90.027,17.34,0
7.49,0.73432,-7e-05,0.01436,-135.859,89.962,90.027,17.34,0
7.495,0.73432,-7e-05,0.01436,-135.854,89.962,90.027,17.34,0
7.5,0.73432,-7e-05,0.01436,-135.851,89.962,90.027,17.34,0
7.505,0.73432,-7e-05,0.01436,-135.846,89.962,90.027,17.34,0
7.51,0.73432,-7e-05,0.01436,-135.842,89.962,90.027,17.34,0
7.515,0.73432,-7e-05,0.01436,-135.836,89.962,90.027,17.34,0
7.52,0.73432,-7e-05,0.01436,-135.83,89.962,90.027,17.34,0
7.525,0.73432,-7e-05,0.01436,-135.824,89.962,90.027,17.34,0
7.53,0.73432,-7e-05,0.01436,-135.82,89.962,90.027,17.34,0
7.535,0.73432,-7e-05,0.01436,-135.816,89.962,90.027,17.34,0
7.54,0.73432,-7e-05,0.01436,-135.812,89.962,90.027,17.34,0
7.545,0.73432,-7e-05,0.01436,-135.808,89.962,90.027,17.34,0
7.55,0.73432,-7e-05,0.01436,-135.803,89.962,90.027,17.34,0
7.555,0.73432,-7e-05,0.01436,-135.797,89.962,90.027,17.34,0
7.56,0.73432,-7e-05,0.01436,-135.792,89.962,90.027,17.34,0
7.565,0.73432,-7e-05,0.01436,-135.787,89.962,90.027,17.34,0
7.57,0.73432,-7e-05,0.01436,-135.783,89.962,90.027,17.34,0
7.575,0.73432,-7e-05,0.01436,-135.78,89.962,90.027,17.34,0
7.58,0.73432,-7e-05,0.01436,-135.775,89.962,90.027,17.34,0
7.585,0.73432,-7e-05,0.01436,-135.77,89.962,90.027,17.34,0
7.59,0.73432,-7e-05,0.01436,-135.765,89.962,90.027,17.34,0
7.595,0.73432,-7e-05,0.01436,-135.761,89.962,90.027,17.34,0
7.6,0.73432,-7e-05,0.01436,-135.757,89.962,90.027,17.34,0
7.605,0.73432,-7e-05,0.01436,-135.755,89.962,90.027,17.34,0
7.61,0.73432,-7e-05,0.01436,-135.752,89.962,90.027,17.34,0
7.615,0.73432,-7e-05,0.01436,-135.749,89.962,90.027,17.34,0
7.62,0.73432,-7e-05,0.01436,-135.745,89.962,90.027,17.34,0
7.625,0.73432,-7e-05,0.01436,-135.741,89.962,90.027,17.34,0
7.63,0.73432,-7e-05,0.01436,-135.738,89.962,90.027,17.34,0
7.635,0.73432,-7e-05,0.01436,-135.735,89.962,90.027,17.34,0
7.64,0.73432,-7e-05,0.01436,-135.733,89.962,90.027,17.34,0
7.645,0.73432,-7e-05,0.01436,-135.732,89.962,90.027,17.34,0
7.65,0.73432,-7e-05,0.01436,-135.729,89.962,90.027,17.34,0
7.655,0.73432,-7e-05,0.01436,-135.725,89.962,90.027,17.34,0
7.66,0.73432,-7e-05,0.01436,-135.722,89.962,90.027,17.34,0
7.665,0.73432,-7e-05,0.01436,-135.719,89.962,90.027,17.34,0
7.67,0.73432,-7e-05,0.01436,-135.716,89.962,90.027,17.34,0
7.675,0.73432,-7e-05,0.01436,-135.715,89.962,90.027,17.34,0
7.68,0.73432,-7e-05,0.01436,-135.715,89.962,90.027,17.34,0
7.685,0.73432,-7e-05,0.01436,-135.715,89.962,90.027,17.34,0
7.69,0.73432,-7e-05,0.01436,-135.715,89.962,90.027,17.34,0
7.695,0.73432,-7e-05,0.01436,-135.714,89.963,90.027,17.34,0
7.7,0.73432,-7e-05,0.01436,-135.713,89.963,90.027,17.34,0
7.705,0.73432,-7e-05,0.01436,-135.713,89.963,90.027,17.34,0
7.71,0.73432,-7e-05,0.01436,-135.713,89.963,90.027,17.34,0
7.715,0.73432,-7e-05,0.01436,-135.713,89.963,90.027,17.34,0
7.72,0.73432,-7e-05,0.01436,-135.715,89.963,90.027,17.34,0
7.725,0.73432,-7e-05,0.01436,-135.715,89.963,90.027,17.34,0
7.73,0.73432,-7e-05,0.01436,-135.718,89.963,90.027,17.34,0
7.735,0.73432,-7e-05,0.01436,-135.72,89.963,90.027,17.34,0
7.74,0.73432,-7e-05,0.01436,-135.723,89.963,90.027,17.34,0
7.745,0.73432,-7e-05,0.01436,-135.724,89.963,90.027,17.34,0
7.75,0.73432,-7e-05,0.01436,-135.723,89.963,90.027,17.34,0
7.755,0.73432,-7e-05,0.01436,-135.722,89.963,90.027,17.34,0
7.76,0.73432,-7e-05,0.01436,-135.72,89.963,90.027,17.34,0
7.765,0.73432,-7e-05,0.01436,-135.717,89.963,90.027,17.34,0
7.77,0.73432,-7e-05,0.01436,-135.712,89.963,90.027,17.34,0
7.775,0.73432,-7e-05,0.01436,-135.707,89.963,90.027,17.34,0
7.78,0.73432,-7e-05,0.01436,-135.701,89.963,90.027,17.34,0
7.785,0.73432,-7e-05,0.01436,-135.695,89.963,90.027,17.34,0
7.79,0.73432,-7e-05,0.01436,-135.689,89.963,90.027,17.34,0
7.795,0.73432,-7e-05,0.01436,-135.684,89.963,90.027,17.34,0
7.8,0.73432,-7e-05,0.01436,-135.678,89.963,90.027,17.34,0
7.805,0.73432,-7e-05,0.01436,-135.672,89.963,90.027,17.34,0
7.81,0.73432,-7e-05,0.01436,-135.666,89.963,90.027,17.34,0
7.815,0.73432,-7e-05,0.01436,-135.659,89.963,90.027,17.34,0
7.82,0.73432,-7e-05,0.01436,-135.653,89.963,90.027,17.34,0
7.825,0.73432,-7e-05,0.01436,-135.647,89.963,90.027,17.34,0
7.83,0.73432,-7e-05,0.01436,-135.641,89.963,90.027,17.34,0
7.835,0.73432,-7e-05,0.01436,-135.635,89.963,90.027,17.34,0
7.84,0.73432,-7e-05,0.01436,-135.629,89.963,90.027,17.34,0
7.845,0.73432,-7e-05,0.01436,-135.623,89.963,90.027,17.34,0
7.85,0.73432,-7e-05,0.01436,-135.616,89.963,90.027,17.34,0
7.855,0.73432,-7e-05,0.01436,-135.611,89.963,90.027,17.34,0
7.86,0.73432,-7e-05,0.01436,-135.606,89.963,90.027,17.34,0
7.865,0.73432,-7e-05,0.01436,-135.6,89.963,90.027,17.34,0
7.87,0.73432,-7e-05,0.01436,-135.594,89.963,90.027,17.34,0
7.875,0.73432,-7e-05,0.01436,-135.588,89.963,90.027,17.34,0
7.88,0.73432,-7e-05,0.01436,-135.582,89.963,90.027,17.34,0
7.885,0.73432,-7e-05,0.01436,-135.578,89.963,90.027,17.34,0
7.89,0.73432,-7e-05,0.01436,-135.572,89.963,90.027,17.34,0
7.895,0.73432,-7e-05,0.01436,-135.566,89.963,90.027,17.34,0
7.9,0.73432,-7e-05,0.01436,-135.56,89.963,90.027,17.34,0
7.905,0.73432,-7e-05,0.01436,-135.555,89.963,90.027,17.34,0
7.91,0.73432,-7e-05,0.01436,-135.549,89.963,90.027,17.34,0
7.915,0.73432,-7e-05,0.01436,-135.544,89.963,90.026,17.34,0
7.92,0.73432,-7e-05,0.01436,-135.539,89.963,90.026,17.34,0
7.925,0.73432,-7e-05,0.01436,-135.534,89.963,90.026,17.34,0
7.93,0.73432,-7e-05,0.01436,-135.528,89.963,90.026,17.34,0
7.935,0.73432,-7e-05,0.01435,-135.523,89.963,90.026,17.34,0
7.94,0.73432,-7e-05,0.01435,-135.518,89.963,90.026,17.34,0
7.945,0.73432,-7e-05,0.01435,-135.514,89.963,90.026,17.34,0
7.95,0.73432,-7e-05,0.01435,-135.509,89.963,90.026,17.34,0
7.955,0.73432,-7e-05,0.01435,-135.505,89.963,90.026,17.34,0
7.96,0.73432,-7e-05,0.01435,-135.501,89.963,90.026,17.34,0
7.965,0.73432,-7e-05,0.01435,-135.497,89.963,90.026,17.34,0
7.97,0.73432,-7e-05,0.01435,-135.492,89.963,90.026,17.34,0
7.975,0.73432,-7e-05,0.01435,-135.488,89.963,90.026,17.34,0
7.98,0.73432,-7e-05,0.01435,-135.484,89.963,90.026,17.34,0
7.985,0.73432,-7e-05,0.01435,-135.48,89.963,90.026,17.34,0
7.99,0.73432,-7e-05,0.01435,-135.477,89.963,90.026,17.34,0
7.995,0.73432,-7e-05,0.01435,-135.473,89.963,90.026,17.34,0
8.0,0.73432,-7e-05,0.01435,-135.469,89.963,90.026,17.34,0
8.005,0.73432,-7e-05,0.01435,-135.465,89.963,90.026,17.34,0
8.01,0.73432,-7e-05,0.01435,-135.461,89.963,90.026,17.34,0
8.015,0.73432,-7e-05,0.01435,-135.458,89.963,90.026,17.34,0
8.02,0.73432,-7e-05,0.01435,-135.454,89.963,90.026,17.34,0
8.025,0.73433,-7e-05,0.01435,-135.451,89.963,90.026,17.34,0
8.03,0.73433,-7e-05,0.01435,-135.447,89.963,90.026,17.34,0
8.035,0.73433,-7e-05,0.01435,-135.444,89.963,90.026,17.34,0
8.04,0.73433,-7e-05,0.01435,-135.441,89.963,90.026,17.34,0
8.045,0.73433,-7e-05,0.01435,-135.437,89.963,90.026,17.34,0
8.05,0.73433,-7e-05,0.01435,-135.433,89.963,90.026,17.34,0
8.055,0.73433,-7e-05,0.01435,-135.429,89.963,90.026,17.34,0
8.06,0.73433,-7e-05,0.01435,-135.425,89.963,90.026,17.34,0
8.065,0.73433,-7e-05,0.01435,-135.421,89.963,90.026,17.34,0
8.07,0.73433,-7e-05,0.01435,-135.418,89.963,90.026,17.34,0
8.075,0.73433,-7e-05,0.01435,-135.414,89.963,90.026,17.34,0
8.08,0.73433,-7e-05,0.01435,-135.409,89.963,90.026,17.34,0
8.085,0.73433,-7e-05,0.01435,-135.406,89.963,90.026,17.34,0
8.09,0.73433,-7e-05,0.01435,-135.402,89.963,90.026,17.34,0
8.095,0.73433,-7e-05,0.01435,-135.398,89.963,90.026,17.34,0
8.1,0.73433,-7e-05,0.01435,-135.395,89.963,90.026,17.34,0
8.105,0.73433,-7e-05,0.01435,-135.391,89.963,90.026,17.34,0
8.11,0.73433,-7e-05,0.01435,-135.388,89.963,90.026,17.34,0
8.115,0.73433,-7e-05,0.01435,-135.384,89.963,90.026,17.34,0
8.12,0.73433,-7e-05,0.01435,-135.38,89.963,90.026,17.34,0
8.125,0.73433,-7e-05,0.01435,-135.375,89.963,90.026,17.34,0
8.13,0.73433,-7e-05,0.01435,-135.37,89.963,90.026,17.34,0
8.135,0.73433,-7e-05,0.01435,-135.365,89.963,90.026,17.34,0
8.14,0.73433,-7e-05,0.01435,-135.359,89.963,90.026,17.34,0
8.145,0.73433,-7e-05,0.01435,-135.353,89.963,90.026,17.34,0
8.15,0.73433,-7e-05,0.01435,-135.347,89.963,90.026,17.34,0
8.155,0.73433,-7e-05,0.01435,-135.343,89.963,90.026,17.34,0
8.16,0.73433,-7e-05,0.01435,-135.337,89.963,90.026,17.34,0
8.165,0.73433,-7e-05,0.01435,-135.332,89.963,90.026,17.34,0
8.17,0.73433,-7e-05,0.01435,-135.327,89.963,90.026,17.34,0
8.175,0.73433,-7e-05,0.01435,-135.322,89.963,90.026,17.34,0
8.18,0.73433,-7e-05,0.01435,-135.317,89.963,90.026,17.34,0
8.185,0.73433,-7e-05,0.01435,-135.312,89.963,90.026,17.34,0
8.19,0.73433,-7e-05,0.01435,-135.307,89.963,90.026,17.34,0
8.195,0.73433,-7e-05,0.01435,-135.302,89.963,90.026,17.34,0
8.2,0.73433,-7e-05,0.01435,-135.297,89.963,90.026,17.34,0
8.205,0.73433,-7e-05,0.01435,-135.293,89.963,90.026,17.34,0
8.21,0.73433,-7e-05,0.01435,-135.288,89.963,90.026,17.34,0
8.215,0.73433,-7e-05,0.01435,-135.283,89.963,90.026,17.34,0
8.22,0.73433,-7e-05,0.01435,-135.279,89.963,90.026,17.34,0
8.225,0.73433,-7e-05,0.01435,-135.274,89.963,90.026,17.34,0
8.23,0.73433,-7e-05,0.01435,-135.269,89.963,90.026,17.34,0
8.235,0.73433,-7e-05,0.01435,-135.266,89.963,90.026,17.34,0
8.24,0.73433,-7e-05,0.01435,-135.262,89.963,90.026,17.34,0
8.245,0.73433,-7e-05,0.01435,-135.259,89.963,90.026,17.34,0
8.25,0.73433,-7e-05,0.01435,-135.255,89.963,90.026,17.34,0
8.255,0.73433,-7e-05,0.01435,-135.252,89.964,90.026,17.34,0
8.26,0.73433,-7e-05,0.01435,-135.249,89.964,90.026,17.34,0
8.265,0.73433,-7e-05,0.01435,-135.244,89.964,90.026,17.34,0
8.27,0.73433,-7e-05,0.01435,-135.24,89.964,90.026,17.34,0
8.275,0.73433,-7e-05,0.01435,-135.236,89.964,90.026,17.34,0
8.28,0.73433,-7e-05,0.01435,-135.231,89.964,90.026,17.34,0
8.285,0.73433,-7e-05,0.01435,-135.225,89.964,90.026,17.34,0
8.29,0.73433,-7e-05,0.01435,-135.219,89.964,90.026,17.34,0
8.295,0.73433,-7e-05,0.01435,-135.214,89.964,90.026,17.34,0
8.3,0.73433,-7e-05,0.01435,-135.209,89.964,90.026,17.34,0
8.305,0.73433,-7e-05,0.01435,-135.202,89.964,90.026,17.34,0
8.31,0.73433,-7e-05,0.01435,-135.196,89.964,90.026,17.34,0
8.315,0.73433,-7e-05,0.01435,-135.19,89.964,90.026,17.34,0
8.32,0.73433,-7e-05,0.01435,-135.184,89.964,90.026,17.34,0
8.325,0.73433,-7e-05,0.01435,-135.178,89.964,90.026,17.34,0
8.33,0.73433,-7e-05,0.01435,-135.17,89.964,90.026,17.34,0
8.335,0.73433,-7e-05,0.01435,-135.164,89.964,90.026,17.34,0
8.34,0.73433,-7e-05,0.01435,-135.158,89.964,90.026,17.34,0
8.345,0.73433,-7e-05,0.01435,-135.151,89.964,90.026,17.34,0
8.35,0.73433,-7e-05,0.01435,-135.144,89.964,90.026,17.34,0
8.355,0.73433,-7e-05,0.01435,-135.136,89.964,90.026,17.34,0
8.36,0.73433,-7e-05,0.01435,-135.13,89.964,90.026,17.34,0
8.365,0.73433,-7e-05,0.01435,-135.123,89.964,90.026,17.34,0
8.37,0.73433,-7e-05,0.01435,-135.118,89.964,90.026,17.34,0
8.375,0.73433,-7e-05,0.01435,-135.113,89.964,90.026,17.34,0
8.38,0.73433,-7e-05,0.01435,-135.108,89.964,90.026,17.34,0
8.385,0.73433,-7e-05,0.01435,-135.104,89.964,90.026,17.34,0
8.39,0.73433,-7e-05,0.01435,-135.098,89.964,90.026,17.34,0
8.395,0.73433,-7e-05,0.01435,-135.092,89.964,90.026,17.34,0
8.4,0.73433,-7e-05,0.01435,-135.086,89.964,90.026,17.34,0
8.405,0.73433,-7e-05,0.01435,-135.08,89.964,90.026,17.34,0
8.41,0.73433,-7e-05,0.01435,-135.075,89.964,90.026,17.34,0
8.415,0.73433,-7e-05,0.01435,-135.07,89.964,90.026,17.34,0
8.42,0.73433,-7e-05,0.01435,-135.065,89.964,90.026,17.34,0
8.425,0.73433,-7e-05,0.01435,-135.06,89.964,90.026,17.34,0
8.43,0.73433,-7e-05,0.01435,-135.053,89.964,90.026,17.34,0
8.435,0.73433,-7e-05,0.01435,-135.048,89.964,90.026,17.34,0
8.44,0.73433,-7e-05,0.01435,-135.042,89.964,90.026,17.34,0
8.445,0.73433,-7e-05,0.01435,-135.037,89.964,90.026,17.34,0
8.45,0.73433,-7e-05,0.01435,-135.033,89.964,90.026,17.34,0
8.455,0.73433,-7e-05,0.01435,-135.028,89.964,90.026,17.34,0
8.46,0.73433,-7e-05,0.01435,-135.023,89.964,90.026,17.34,0
8.465,0.73433,-7e-05,0.01435,-135.018,89.964,90.026,17.34,0
8.47,0.73433,-7e-05,0.01435,-135.014,89.964,90.026,17.34,0
8.475,0.73433,-7e-05,0.01435,-135.011,89.964,90.026,17.34,0
8.48,0.73433,-7e-05,0.01435,-135.007,89.964,90.026,17.34,0
8.485,0.73433,-7e-05,0.01435,-135.003,89.964,90.026,17.34,0
8.49,0.73433,-7e-05,0.01435,-134.998,89.964,90.026,17.34,0
8.495,0.73433,-7e-05,0.01435,-134.992,89.964,90.026,17.34,0
8.5,0.73433,-7e-05,0.01435,-134.987,89.964,90.026,17.34,0
8.505,0.73433,-7e-05,0.01435,-134.981,89.964,90.026,17.34,0
8.51,0.73433,-7e-05,0.01435,-134.977,89.964,90.026,17.34,0
8.515,0.73433,-7e-05,0.01435,-134.972,89.964,90.026,17.34,0
8.52,0.73433,-7e-05,0.01435,-134.967,89.964,90.026,17.34,0
8.525,0.73433,-7e-05,0.01435,-134.962,89.964,90.025,17.34,0
8.53,0.73433,-7e-05,0.01435,-134.958,89.964,90.025,17.34,0
8.535,0.73433,-7e-05,0.01435,-134.954,89.964,90.025,17.34,0
8.54,0.73433,-7e-05,0.01435,-134.949,89.964,90.025,17.34,0
8.545,0.73433,-7e-05,0.01435,-134.945,89.964,90.025,17.34,0
8.55,0.73433,-7e-05,0.01435,-134.942,89.964,90.025,17.34,0
8.555,0.73433,-7e-05,0.01435,-134.938,89.964,90.025,17.34,0
8.56,0.73433,-7e-05,0.01435,-134.934,89.964,90.025,17.34,0
8.565,0.73433,-7e-05,0.01435,-134.93,89.964,90.025,17.34,0
8.57,0.73433,-7e-05,0.01435,-134.927,89.964,90.025,17.34,0
8.575,0.73433,-7e-05,0.01435,-134.923,89.964,90.025,17.34,0
8.58,0.73433,-7e-05,0.01435,-134.919,89.964,90.025,17.34,0
8.585,0.73433,-7e-05,0.01435,-134.915,89.964,90.025,17.34,0
8.59,0.73433,-7e-05,0.01435,-134.911,89.964,90.025,17.34,0
8.595,0.73433,-7e-05,0.01435,-134.908,89.964,90.025,17.34,0
8.6,0.73433,-7e-05,0.01435,-134.903,89.964,90.025,17.34,0
8.605,0.73433,-7e-05,0.01435,-134.9,89.964,90.025,17.34,0
8.61,0.73433,-7e-05,0.01435,-134.896,89.964,90.025,17.34,0
8.615,0.73433,-7e-05,0.01435,-134.892,89.964,90.025,17.34,0
8.62,0.73433,-7e-05,0.01435,-134.889,89.964,90.025,17.34,0
8.625,0.73433,-7e-05,0.01435,-134.885,89.964,90.025,17.34,0
8.63,0.73433,-7e-05,0.01435,-134.882,89.964,90.025,17.34,0
8.635,0.73433,-7e-05,0.01435,-134.878,89.964,90.025,17.34,0
8.64,0.73433,-7e-05,0.01435,-134.874,89.964,90.025,17.34,0
8.645,0.73433,-7e-05,0.01435,-134.871,89.964,90.025,17.34,0
8.65,0.73433,-7e-05,0.01435,-134.867,89.964,90.025,17.34,0
8.655,0.73433,-7e-05,0.01435,-134.864,89.964,90.025,17.34,0
8.66,0.73433,-7e-05,0.01435,-134.86,89.964,90.025,17.34,0
8.665,0.73433,-7e-05,0.01435,-134.856,89.964,90.025,17.34,0
8.67,0.73433,-7e-05,0.01435,-134.853,89.964,90.025,17.34,0
8.675,0.73433,-7e-05,0.01435,-134.849,89.964,90.025,17.34,0
8.68,0.73433,-7e-05,0.01435,-134.846,89.964,90.025,17.34,0
8.685,0.73433,-7e-05,0.01435,-134.842,89.964,90.025,17.34,0
8.69,0.73433,-7e-05,0.01435,-134.838,89.964,90.025,17.34,0
8.695,0.73433,-7e-05,0.01435,-134.835,89.964,90.025,17.34,0
8.7,0.73433,-7e-05,0.01435,-134.831,89.964,90.025,17.34,0
8.705,0.73433,-7e-05,0.01435,-134.828,89.964,90.025,17.34,0
8.71,0.73433,-7e-05,0.01435,-134.825,89.964,90.025,17.34,0
8.715,0.73433,-7e-05,0.01435,-134.821,89.964,90.025,17.34,0
8.72,0.73433,-7e-05,0.01435,-134.818,89.964,90.025,17.34,0
8.725,0.73433,-7e-05,0.01435,-134.815,89.964,90.025,17.34,0
8.73,0.73433,-7e-05,0.01435,-134.812,89.964,90.025,17.34,0
8.735,0.73433,-7e-05,0.01435,-134.808,89.964,90.025,17.34,0
8.74,0.73433,-7e-05,0.01435,-134.805,89.964,90.025,17.34,0
8.745,0.73433,-7e-05,0.01435,-134.802,89.964,90.025,17.34,0
8.75,0.73433,-7e-05,0.01435,-134.799,89.964,90.025,17.34,0
8.755,0.73433,-7e-05,0.01435,-134.796,89.964,90.025,17.34,0
8.76,0.73433,-7e-05,0.01435,-134.792,89.964,90.025,17.34,0
8.765,0.73433,-7e-05,0.01435,-134.788,89.964,90.025,17.34,0
8.77,0.73433,-7e-05,0.01435,-134.784,89.964,90.025,17.34,0
8.775,0.73433,-7e-05,0.01435,-134.781,89.964,90.025,17.34,0
8.78,0.73433,-7e-05,0.01435,-134.777,89.964,90.025,17.34,0
8.785,0.73433,-7e-05,0.01435,-134.773,89.964,90.025,17.34,0
8.79,0.73433,-7e-05,0.01435,-134.77,89.964,90.025,17.34,0
8.795,0.73433,-7e-05,0.01435,-134.768,89.964,90.025,17.34,0
8.8,0.73433,-7e-05,0.01435,-134.765,89.964,90.025,17.34,0
8.805,0.73433,-7e-05,0.01435,-134.761,89.964,90.025,17.34,0
8.81,0.73433,-7e-05,0.01435,-134.758,89.964,90.025,17.34,0
8.815,0.73433,-7e-05,0.01435,-134.755,89.964,90.025,17.34,0
8.82,0.73433,-7e-05,0.01435,-134.752,89.964,90.025,17.34,0
8.825,0.73433,-7e-05,0.01434,-134.749,89.964,90.025,17.34,0
8.83,0.73433,-7e-05,0.01434,-134.746,89.964,90.025,17.34,0
8.835,0.73433,-7e-05,0.01434,-134.742,89.964,90.025,17.34,0
8.84,0.73433,-7e-05,0.01434,-134.738,89.964,90.025,17.34,0
8.845,0.73433,-7e-05,0.01434,-134.735,89.964,90.025,17.34,0
8.85,0.73433,-7e-05,0.01434,-134.732,89.964,90.025,17.34,0
8.855,0.73433,-7e-05,0.01434,-134.728,89.964,90.025,17.34,0
8.86,0.73433,-7e-05,0.01434,-134.725,89.964,90.025,17.34,0
8.865,0.73433,-7e-05,0.01434,-134.721,89.964,90.025,17.34,0
8.87,0.73433,-7e-05,0.01434,-134.717,89.964,90.025,17.34,0
8.875,0.73433,-7e-05,0.01434,-134.714,89.964,90.025,17.34,0
8.88,0.73433,-7e-05,0.01434,-134.71,89.964,90.025,17.34,0
8.885,0.73433,-7e-05,0.01434,-134.707,89.964,90.025,17.34,0
8.89,0.73433,-7e-05,0.01434,-134.704,89.964,90.025,17.34,0
8.895,0.73433,-7e-05,0.01434,-134.7,89.964,90.025,17.34,0
8.9,0.73433,-7e-05,0.01434,-134.697,89.964,90.025,17.34,0
8.905,0.73433,-7e-05,0.01434,-134.694,89.964,90.025,17.34,0
8.91,0.73433,-7e-05,0.01434,-134.691,89.964,90.025,17.34,0
8.915,0.73433,-7e-05,0.01434,-134.688,89.964,90.025,17.34,0
8.92,0.73433,-7e-05,0.01434,-134.684,89.964,90.025,17.34,0
8.925,0.73433,-7e-05,0.01434,-134.681,89.965,90.025,17.34,0
8.93,0.73433,-7e-05,0.01434,-134.677,89.965,90.025,17.34,0
8.935,0.73433,-7e-05,0.01434,-134.674,89.965,90.025,17.34,0
8.94,0.73433,-7e-05,0.01434,-134.671,89.965,90.025,17.34,0
8.945,0.73433,-7e-05,0.01434,-134.667,89.965,90.025,17.34,0
8.95,0.73433,-7e-05,0.01434,-134.664,89.965,90.025,17.34,0
8.955,0.73433,-7e-05,0.01434,-134.659,89.965,90.025,17.34,0
8.96,0.73433,-7e-05,0.01434,-134.655,89.965,90.025,17.34,0
8.965,0.73433,-7e-05,0.01434,-134.651,89.965,90.025,17.34,0
8.97,0.73433,-7e-05,0.01434,-134.648,89.965,90.025,17.34,0
8.975,0.73433,-7e-05,0.01434,-134.643,89.965,90.025,17.34,0
8.98,0.73433,-7e-05,0.01434,-134.639,89.965,90.025,17.34,0
8.985,0.73433,-7e-05,0.01434,-134.634,89.965,90.025,17.34,0
8.99,0.73433,-7e-05,0.01434,-134.631,89.965,90.025,17.34,0
8.995,0.73433,-7e-05,0.01434,-134.627,89.965,90.025,17.34,0
9.0,0.73433,-7e-05,0.01434,-134.623,89.965,90.025,17.34,0
9.005,0.73433,-7e-05,0.01434,-134.618,89.965,90.025,17.34,0
9.01,0.73433,-7e-05,0.01434,-134.614,89.965,90.025,17.34,0
9.015,0.73433,-7e-05,0.01434,-134.611,89.965,90.025,17.34,0
9.02,0.73433,-7e-05,0.01434,-134.607,89.965,90.025,17.34,0
9.025,0.73433,-7e-05,0.01434,-134.603,89.965,90.025,17.34,0
9.03,0.73433,-7e-05,0.01434,-134.599,89.965,90.025,17.34,0
9.035,0.73433,-7e-05,0.01434,-134.595,89.965,90.025,17.34,0
9.04,0.73433,-7e-05,0.01434,-134.592,89.965,90.025,17.34,0
9.045,0.73433,-7e-05,0.01434,-134.589,89.965,90.025,17.34,0
9.05,0.73433,-7e-05,0.01434,-134.585,89.965,90.025,17.34,0
9.055,0.73433,-7e-05,0.01434,-134.582,89.965,90.025,17.34,0
9.06,0.73433,-7e-05,0.01434,-134.578,89.965,90.025,17.34,0
9.065,0.73433,-7e-05,0.01434,-134.575,89.965,90.025,17.34,0
9.07,0.73433,-7e-05,0.01434,-134.572,89.965,90.025,17.34,0
9.075,0.73433,-7e-05,0.01434,-134.57,89.965,90.025,17.34,0
9.08,0.73433,-7e-05,0.01434,-134.567,89.965,90.025,17.34,0
9.085,0.73433,-7e-05,0.01434,-134.563,89.965,90.025,17.34,0
9.09,0.73433,-7e-05,0.01434,-134.56,89.965,90.025,17.34,0
9.095,0.73433,-7e-05,0.01434,-134.557,89.965,90.025,17.34,0
9.1,0.73433,-7e-05,0.01434,-134.555,89.965,90.025,17.34,0
9.105,0.73433,-7e-05,0.01434,-134.553,89.965,90.025,17.34,0
9.11,0.73433,-7e-05,0.01434,-134.55,89.965,90.025,17.34,0
9.115,0.73433,-7e-05,0.01434,-134.547,89.965,90.025,17.34,0
9.12,0.73433,-7e-05,0.01434,-134.545,89.965,90.025,17.34,0
9.125,0.73433,-7e-05,0.01434,-134.543,89.965,90.025,17.34,0
9.13,0.73433,-7e-05,0.01434,-134.541,89.965,90.025,17.34,0
9.135,0.73433,-7e-05,0.01434,-134.539,89.965,90.025,17.34,0
9.14,0.73433,-7e-05,0.01434,-134.537,89.965,90.025,17.34,0
9.145,0.73433,-7e-05,0.01434,-134.534,89.965,90.025,17.34,0
9.15,0.73433,-7e-05,0.01434,-134.532,89.965,90.025,17.34,0
9.155,0.73433,-7e-05,0.01434,-134.53,89.965,90.025,17.34,0
9.16,0.73433,-7e-05,0.01434,-134.528,89.965,90.025,17.34,0
9.165,0.73433,-7e-05,0.01434,-134.527,89.965,90.025,17.34,0
9.17,0.73433,-7e-05,0.01434,-134.525,89.965,90.025,17.34,0
9.175,0.73433,-7e-05,0.01434,-134.524,89.965,90.025,17.34,0
9.18,0.73433,-7e-05,0.01434,-134.523,89.965,90.025,17.34,0
9.185,0.73433,-7e-05,0.01434,-134.521,89.965,90.025,17.34,0
9.19,0.73433,-7e-05,0.01434,-134.52,89.965,90.025,17.34,0
9.195,0.73433,-7e-05,0.01434,-134.519,89.965,90.025,17.34,0
9.2,0.73433,-7e-05,0.01434,-134.518,89.965,90.025,17.34,0
9.205,0.73433,-7e-05,0.01434,-134.517,89.965,90.025,17.34,0
9.21,0.73433,-7e-05,0.01434,-134.516,89.965,90.025,17.34,0
9.215,0.73433,-7e-05,0.01434,-134.516,89.965,90.025,17.34,0
9.22,0.73433,-7e-05,0.01434,-134.516,89.965,90.025,17.34,0
9.225,0.73433,-7e-05,0.01434,-134.515,89.965,90.025,17.34,0
9.23,0.73433,-7e-05,0.01434,-134.514,89.965,90.024,17.34,0
9.235,0.73433,-7e-05,0.01434,-134.512,89.965,90.024,17.34,0
9.24,0.73433,-7e-05,0.01434,-134.51,89.965,90.024,17.34,0
9.245,0.73433,-7e-05,0.01434,-134.506,89.965,90.024,17.34,0
9.25,0.73433,-7e-05,0.01434,-134.502,89.965,90.024,17.34,0
9.255,0.73433,-7e-05,0.01434,-134.497,89.965,90.024,17.34,0
9.26,0.73433,-7e-05,0.01434,-134.492,89.965,90.024,17.34,0
9.265,0.73433,-7e-05,0.01434,-134.485,89.965,90.024,17.34,0
9.27,0.73433,-7e-05,0.01434,-134.479,89.965,90.024,17.34,0
9.275,0.73433,-7e-05,0.01434,-134.474,89.965,90.024,17.34,0
9.28,0.73433,-7e-05,0.01434,-134.469,89.965,90.024,17.34,0
9.285,0.73433,-7e-05,0.01434,-134.466,89.965,90.024,17.34,0
9.29,0.73433,-7e-05,0.01434,-134.465,89.965,90.024,17.34,0
9.295,0.73433,-7e-05,0.01434,-134.465,89.965,90.024,17.34,0
9.3,0.73433,-7e-05,0.01434,-134.464,89.965,90.024,17.34,0
9.305,0.73433,-7e-05,0.01434,-134.465,89.965,90.024,17.34,0
9.31,0.73433,-7e-05,0.01434,-134.463,89.965,90.024,17.34,0
9.315,0.73433,-7e-05,0.01434,-134.46,89.965,90.024,17.34,0
9.32,0.73434,-7e-05,0.01434,-134.456,89.965,90.024,17.34,0
9.325,0.73434,-7e-05,0.01434,-134.452,89.965,90.024,17.34,0
9.33,0.73434,-7e-05,0.01434,-134.448,89.965,90.024,17.34,0
9.335,0.73434,-7e-05,0.01434,-134.445,89.965,90.024,17.34,0
9.34,0.73434,-7e-05,0.01434,-134.444,89.965,90.024,17.34,0
9.345,0.73434,-7e-05,0.01434,-134.443,89.965,90.024,17.34,0
9.35,0.73434,-7e-05,0.01434,-134.443,89.965,90.024,17.34,0
9.355,0.73434,-7e-05,0.01434,-134.442,89.965,90.024,17.34,0
9.36,0.73434,-7e-05,0.01434,-134.439,89.965,90.024,17.34,0
9.365,0.73434,-7e-05,0.01434,-134.437,89.965,90.024,17.34,0
9.37,0.73434,-7e-05,0.01434,-134.435,89.965,90.024,17.34,0
9.375,0.73434,-7e-05,0.01434,-134.434,89.965,90.024,17.34,0
9.38,0.73434,-7e-05,0.01434,-134.433,89.965,90.024,17.34,0
9.385,0.73434,-7e-05,0.01434,-134.433,89.965,90.024,17.34,0
9.39,0.73434,-7e-05,0.01434,-134.432,89.965,90.024,17.34,0
9.395,0.73434,-7e-05,0.01434,-134.43,89.965,90.024,17.34,0
9.4,0.73434,-7e-05,0.01434,-134.427,89.965,90.024,17.34,0
9.405,0.73434,-7e-05,0.01434,-134.425,89.965,90.024,17.34,0
9.41,0.73434,-7e-05,0.01434,-134.424,89.965,90.024,17.34,0
9.415,0.73434,-7e-05,0.01434,-134.424,89.965,90.024,17.34,0
9.42,0.73434,-7e-05,0.01434,-134.424,89.965,90.024,17.34,0
9.425,0.73434,-7e-05,0.01434,-134.423,89.965,90.024,17.34,0
9.43,0.73434,-7e-05,0.01434,-134.421,89.965,90.024,17.34,0
9.435,0.73434,-7e-05,0.01434,-134.419,89.965,90.024,17.34,0
9.44,0.73434,-7e-05,0.01434,-134.415,89.965,90.024,17.34,0
9.445,0.73434,-7e-05,0.01434,-134.413,89.965,90.024,17.34,0
9.45,0.73434,-7e-05,0.01434,-134.41,89.965,90.024,17.34,0
9.455,0.73434,-7e-05,0.01434,-134.409,89.965,90.024,17.34,0
9.46,0.73434,-7e-05,0.01434,-134.408,89.965,90.024,17.34,0
9.465,0.73434,-7e-05,0.01434,-134.408,89.965,90.024,17.34,0
9.47,0.73434,-7e-05,0.01434,-134.409,89.965,90.024,17.34,0
9.475,0.73434,-7e-05,0.01434,-134.409,89.965,90.024,17.34,0
9.48,0.73434,-7e-05,0.01434,-134.41,89.965,90.024,17.34,0
9.485,0.73434,-7e-05,0.01434,-134.408,89.965,90.024,17.34,0
9.49,0.73434,-7e-05,0.01434,-134.406,89.965,90.024,17.34,0
9.495,0.73434,-7e-05,0.01434,-134.403,89.965,90.024,17.34,0
9.5,0.73434,-7e-05,0.01434,-134.4,89.965,90.024,17.34,0
9.505,0.73434,-7e-05,0.01434,-134.398,89.965,90.024,17.34,0
9.51,0.73434,-7e-05,0.01434,-134.397,89.965,90.024,17.34,0
9.515,0.73434,-7e-05,0.01434,-134.396,89.965,90.024,17.34,0
9.52,0.73434,-7e-05,0.01434,-134.396,89.965,90.024,17.34,0
9.525,0.73434,-7e-05,0.01434,-134.397,89.965,90.024,17.34,0
9.53,0.73434,-7e-05,0.01434,-134.398,89.965,90.024,17.34,0
9.535,0.73434,-7e-05,0.01434,-134.399,89.965,90.024,17.34,0
9.54,0.73434,-7e-05,0.01434,-134.399,89.965,90.024,17.34,0
9.545,0.73434,-7e-05,0.01434,-134.399,89.965,90.024,17.34,0
9.55,0.73434,-7e-05,0.01434,-134.398,89.965,90.024,17.34,0
9.555,0.73434,-7e-05,0.01434,-134.397,89.965,90.024,17.34,0
9.56,0.73434,-7e-05,0.01434,-134.396,89.965,90.024,17.34,0
9.565,0.73434,-7e-05,0.01434,-134.396,89.965,90.024,17.34,0
9.57,0.73434,-7e-05,0.01434,-134.396,89.965,90.024,17.34,0
9.575,0.73434,-7e-05,0.01434,-134.397,89.965,90.024,17.34,0
9.58,0.73434,-7e-05,0.01434,-134.399,89.965,90.024,17.34,0
9.585,0.73434,-7e-05,0.01434,-134.4,89.965,90.024,17.34,0
9.59,0.73434,-7e-05,0.01434,-134.402,89.965,90.024,17.34,0
9.595,0.73434,-7e-05,0.01434,-134.402,89.965,90.024,17.34,0
9.6,0.73434,-7e-05,0.01434,-134.402,89.966,90.024,17.34,0
9.605,0.73434,-7e-05,0.01434,-134.401,89.966,90.024,17.34,0
9.61,0.73434,-7e-05,0.01434,-134.4,89.966,90.024,17.34,0
9.615,0.73434,-7e-05,0.01434,-134.4,89.966,90.024,17.34,0
9.62,0.73434,-7e-05,0.01434,-134.4,89.966,90.024,17.34,0
9.625,0.73434,-7e-05,0.01434,-134.401,89.966,90.024,17.34,0
9.63,0.73434,-7e-05,0.01434,-134.402,89.966,90.024,17.34,0
9.635,0.73434,-7e-05,0.01434,-134.404,89.966,90.024,17.34,0
9.64,0.73434,-7e-05,0.01434,-134.405,89.966,90.024,17.34,0
9.645,0.73434,-7e-05,0.01434,-134.406,89.966,90.024,17.34,0
9.65,0.73434,-7e-05,0.01434,-134.407,89.966,90.024,17.34,0
9.655,0.73434,-7e-05,0.01434,-134.408,89.966,90.024,17.34,0
9.66,0.73434,-7e-05,0.01434,-134.408,89.966,90.024,17.34,0
9.665,0.73434,-7e-05,0.01434,-134.408,89.966,90.024,17.34,0
9.67,0.73434,-7e-05,0.01434,-134.407,89.966,90.024,17.34,0
9.675,0.73434,-7e-05,0.01434,-134.406,89.966,90.024,17.34,0
9.68,0.73434,-7e-05,0.01434,-134.405,89.966,90.024,17.34,0
9.685,0.73434,-7e-05,0.01434,-134.403,89.966,90.024,17.34,0
9.69,0.73434,-7e-05,0.01434,-134.401,89.966,90.024,17.34,0
9.695,0.73434,-7e-05,0.01434,-134.399,89.966,90.024,17.34,0
9.7,0.73434,-7e-05,0.01434,-134.397,89.966,90.024,17.34,0
9.705,0.73434,-7e-05,0.01434,-134.394,89.966,90.024,17.34,0
9.71,0.73434,-7e-05,0.01434,-134.392,89.966,90.024,17.34,0
9.715,0.73434,-7e-05,0.01434,-134.389,89.966,90.024,17.34,0
9.72,0.73434,-7e-05,0.01434,-134.385,89.966,90.024,17.34,0
9.725,0.73434,-7e-05,0.01434,-134.381,89.966,90.024,17.34,0
9.73,0.73434,-7e-05,0.01434,-134.377,89.966,90.024,17.34,0
9.735,0.73434,-7e-05,0.01434,-134.373,89.966,90.024,17.34,0
9.74,0.73434,-7e-05,0.01434,-134.368,89.966,90.024,17.34,0
9.745,0.73434,-7e-05,0.01434,-134.364,89.966,90.024,17.34,0
9.75,0.73434,-7e-05,0.01434,-134.359,89.966,90.024,17.34,0
9.755,0.73434,-7e-05,0.01434,-134.353,89.966,90.024,17.34,0
9.76,0.73434,-7e-05,0.01434,-134.348,89.966,90.024,17.34,0
9.765,0.73434,-7e-05,0.01434,-134.342,89.966,90.024,17.34,0
9.77,0.73434,-7e-05,0.01434,-134.336,89.966,90.024,17.34,0
9.775,0.73434,-7e-05,0.01434,-134.33,89.966,90.024,17.34,0
9.78,0.73434,-7e-05,0.01434,-134.324,89.966,90.024,17.34,0
9.785,0.73434,-7e-05,0.01434,-134.318,89.966,90.024,17.34,0
9.79,0.73434,-7e-05,0.01434,-134.311,89.966,90.024,17.34,0
9.795,0.73434,-7e-05,0.01434,-134.304,89.966,90.024,17.34,0
9.8,0.73434,-7e-05,0.01434,-134.298,89.966,90.024,17.34,0
9.805,0.73434,-7e-05,0.01434,-134.291,89.966,90.024,17.34,0
9.81,0.73434,-7e-05,0.01434,-134.283,89.966,90.024,17.34,0
9.815,0.73434,-7e-05,0.01434,-134.276,89.966,90.024,17.34,0
9.82,0.73434,-7e-05,0.01434,-134.269,89.966,90.024,17.34,0
9.825,0.73434,-7e-05,0.01434,-134.261,89.966,90.024,17.34,0
9.83,0.73434,-7e-05,0.01434,-134.253,89.966,90.024,17.34,0
9.835,0.73434,-7e-05,0.01434,-134.246,89.966,90.024,17.34,0
9.84,0.73434,-7e-05,0.01434,-134.238,89.966,90.024,17.34,0
9.845,0.73434,-7e-05,0.01434,-134.23,89.966,90.024,17.34,0
9.85,0.73434,-7e-05,0.01434,-134.222,89.966,90.024,17.34,0
9.855,0.73434,-7e-05,0.01434,-134.214,89.966,90.024,17.34,0
9.86,0.73434,-7e-05,0.01434,-134.205,89.966,90.024,17.34,0
9.865,0.73434,-7e-05,0.01434,-134.197,89.966,90.024,17.34,0
9.87,0.73434,-7e-05,0.01434,-134.189,89.966,90.024,17.34,0
9.875,0.73434,-7e-05,0.01434,-134.18,89.966,90.024,17.34,0
9.88,0.73434,-7e-05,0.01434,-134.172,89.966,90.024,17.34,0
9.885,0.73434,-7e-05,0.01434,-134.163,89.966,90.024,17.34,0
9.89,0.73434,-7e-05,0.01434,-134.154,89.966,90.024,17.34,0
9.895,0.73434,-7e-05,0.01434,-134.145,89.966,90.024,17.34,0
9.9,0.73434,-7e-05,0.01434,-134.136,89.966,90.024,17.34,0
9.905,0.73434,-7e-05,0.01434,-134.127,89.966,90.024,17.34,0
9.91,0.73434,-7e-05,0.01434,-134.118,89.966,90.024,17.34,0
9.915,0.73434,-7e-05,0.01434,-134.109,89.966,90.024,17.34,0
9.92,0.73434,-7e-05,0.01434,-134.1,89.966,90.024,17.34,0
9.925,0.73434,-7e-05,0.01434,-134.091,89.966,90.024,17.34,0
9.93,0.73434,-7e-05,0.01434,-134.082,89.966,90.024,17.34,0
9.935,0.73434,-7e-05,0.01434,-134.074,89.966,90.024,17.34,0
9.94,0.73434,-7e-05,0.01434,-134.066,89.966,90.024,17.34,0
9.945,0.73434,-7e-05,0.01434,-134.057,89.966,90.024,17.34,0
9.95,0.73434,-7e-05,0.01434,-134.048,89.966,90.024,17.34,0
9.955,0.73434,-7e-05,0.01434,-134.038,89.966,90.024,17.34,0
9.96,0.73434,-7e-05,0.01434,-134.029,89.966,90.024,17.34,0
9.965,0.73434,-7e-05,0.01434,-134.019,89.966,90.024,17.34,0
9.97,0.73434,-7e-05,0.01434,-134.009,89.966,90.024,17.34,0
9.975,0.73434,-7e-05,0.01434,-133.999,89.966,90.024,17.34,0
9.98,0.73434,-7e-05,0.01434,-133.99,89.966,90.024,17.34,0
9.985,0.73434,-7e-05,0.01434,-133.98,89.966,90.024,17.34,0
9.99,0.73434,-7e-05,0.01434,-133.97,89.966,90.024,17.34,0
9.995,0.73434,-7e-05,0.01434,-133.961,89.966,90.024,17.34,0
