time,pelvis_x,pelvis_y,pelvis_z,roll_deg,pitch_deg,tilt_deg,max_torque_nm,is_pushing
0.0,-0.0,0.0,0.63875,0.0,0.0,0.0,0.0,0
0.005,-0.0,0.0,0.63826,0.0,0.0,0.0,0.0,0
0.01,-0.0,0.0,0.63753,0.0,0.0,0.0,0.0,0
0.015,-0.0,0.0,0.63655,0.0,0.0,0.0,0.0,0
0.02,-0.0,0.0,0.63532,0.0,0.0,0.0,0.0,0
0.025,-0.0,0.0,0.63385,0.0,0.0,0.0,0.0,0
0.03,-0.0,0.0,0.63213,0.0,0.0,0.0,0.0,0
0.035,-0.0,0.0,0.63017,0.0,0.0,0.0,0.0,0
0.04,-0.0,0.0,0.62796,0.0,0.0,0.0,0.0,0
0.045,-0.0,0.0,0.62551,0.0,0.0,0.0,0.0,0
0.05,-0.0,0.0,0.62281,0.0,0.0,0.0,0.0,0
0.055,-0.0,0.0,0.61987,0.0,0.0,0.0,0.0,0
0.06,-0.0,0.0,0.61668,0.0,0.0,0.0,0.0,0
0.065,-0.0,0.0,0.61325,0.0,0.0,0.0,0.0,0
0.07,0.00019,-0.0,0.61094,0.0,-0.055,0.055,0.0,0
0.075,0.00055,-0.0,0.60939,0.0,-0.153,0.153,0.0,0
0.08,0.00111,-0.0,0.60858,0.0,-0.288,0.288,16.26,0
0.085,0.0018,-0.0,0.60829,0.0,-0.446,0.446,16.26,0
0.09,0.00259,-0.0,0.60836,0.0,-0.617,0.617,16.26,0
0.095,0.00342,-0.0,0.60865,0.0,-0.793,0.793,16.26,0
0.1,0.00414,-0.0,0.60903,0.0,-0.938,0.938,14.97,0
0.105,0.00477,-0.0,0.60945,0.0,-1.053,1.053,14.97,0
0.11,0.00529,-0.0,0.60989,0.0,-1.138,1.138,14.97,0
0.115,0.00572,-0.0,0.61034,0.0,-1.197,1.197,14.97,0
0.12,0.006,-0.0,0.6107,0.0,-1.22,1.22,9.32,0
0.125,0.00617,-0.0,0.61099,0.0,-1.214,1.214,9.32,0
0.13,0.00626,-0.0,0.61123,0.0,-1.185,1.185,9.32,0
0.135,0.00628,-0.0,0.61143,0.0,-1.138,1.138,9.32,0
0.14,0.00626,-0.0,0.61159,0.0,-1.083,1.083,7.81,0
0.145,0.00622,-0.0,0.61172,0.0,-1.02,1.02,7.81,0
0.15,0.00616,-0.0,0.61183,0.0,-0.952,0.952,7.81,0
0.155,0.00608,-1e-05,0.61191,0.0,-0.878,0.878,7.81,0
0.16,0.00601,-1e-05,0.61197,0.001,-0.805,0.805,6.88,0
0.165,0.00595,-1e-05,0.61202,0.001,-0.734,0.734,6.88,0
0.17,0.00589,-1e-05,0.61205,0.001,-0.665,0.665,6.88,0
0.175,0.00585,-1e-05,0.61207,0.001,-0.597,0.597,6.88,0
0.18,0.00583,-1e-05,0.61208,0.001,-0.535,0.535,6.38,0
0.185,0.00583,-1e-05,0.61208,0.001,-0.477,0.477,6.38,0
0.19,0.00584,-1e-05,0.61208,0.001,-0.424,0.424,6.38,0
0.195,0.00588,-1e-05,0.61207,0.001,-0.375,0.375,6.38,0
0.2,0.00594,-1e-05,0.61206,0.001,-0.331,0.331,6.17,0
0.205,0.00602,-1e-05,0.61204,0.001,-0.291,0.291,6.17,0
0.21,0.00612,-1e-05,0.61203,0.001,-0.255,0.255,6.17,0
0.215,0.00623,-1e-05,0.61201,0.001,-0.223,0.223,6.17,0
0.22,0.00635,-1e-05,0.612,0.001,-0.193,0.193,6.14,0
0.225,0.00648,-1e-05,0.61198,0.001,-0.166,0.166,6.14,0
0.23,0.00663,-1e-05,0.61196,0.001,-0.141,0.141,6.14,0
0.235,0.00678,-1e-05,0.61195,0.001,-0.118,0.118,6.14,0
0.24,0.00694,-1e-05,0.61193,0.001,-0.096,0.096,6.37,0
0.245,0.00711,-1e-05,0.6119,0.001,-0.075,0.075,6.37,0
0.25,0.00728,-1e-05,0.61188,0.001,-0.055,0.055,6.37,0
0.255,0.00745,-1e-05,0.61186,0.001,-0.036,0.036,6.37,0
0.26,0.00763,-1e-05,0.61183,0.001,-0.016,0.016,6.69,0
0.265,0.0078,-1e-05,0.6118,0.001,0.003,0.004,6.69,0
0.27,0.00798,-1e-05,0.61178,0.001,0.023,0.023,6.69,0
0.275,0.00816,-1e-05,0.61175,0.001,0.043,0.043,6.69,0
0.28,0.00834,-1e-05,0.61172,0.001,0.063,0.063,6.97,0
0.285,0.00852,-1e-05,0.61169,0.001,0.083,0.083,6.97,0
0.29,0.0087,-1e-05,0.61167,0.001,0.104,0.104,6.97,0
0.295,0.00889,-1e-05,0.61164,0.001,0.125,0.125,6.97,0
0.3,0.00907,-1e-05,0.61161,0.001,0.146,0.146,7.22,0
0.305,0.00925,-1e-05,0.61159,0.001,0.168,0.168,7.22,0
0.31,0.00943,-1e-05,0.61156,0.001,0.189,0.189,7.22,0
0.315,0.00962,-1e-05,0.61153,0.001,0.211,0.211,7.22,0
0.32,0.0098,-1e-05,0.61151,0.001,0.233,0.233,7.44,0
0.325,0.00998,-1e-05,0.61148,0.001,0.256,0.256,7.44,0
0.33,0.01017,-1e-05,0.61145,0.001,0.278,0.278,7.44,0
0.335,0.01035,-1e-05,0.61143,0.001,0.301,0.301,7.44,0
0.34,0.01054,-1e-05,0.6114,0.001,0.323,0.323,7.67,0
0.345,0.01072,-1e-05,0.61138,0.001,0.347,0.347,7.67,0
0.35,0.0109,-1e-05,0.61135,0.001,0.37,0.37,7.67,0
0.355,0.01109,-1e-05,0.61132,0.001,0.394,0.394,7.67,0
0.36,0.01127,-1e-05,0.61129,0.001,0.418,0.418,7.89,0
0.365,0.01145,-1e-05,0.61127,0.001,0.442,0.442,7.89,0
0.37,0.01163,-1e-05,0.61124,0.001,0.466,0.466,7.89,0
0.375,0.01181,-1e-05,0.61121,0.001,0.491,0.491,7.89,0
0.38,0.01199,-1e-05,0.61118,0.001,0.516,0.516,8.1,0
0.385,0.01217,-1e-05,0.61115,0.001,0.541,0.541,8.1,0
0.39,0.01235,-1e-05,0.61112,0.001,0.566,0.566,8.1,0
0.395,0.01253,-1e-05,0.6111,0.001,0.591,0.591,8.1,0
0.4,0.01271,-1e-05,0.61107,0.001,0.617,0.617,8.31,0
0.405,0.01289,-1e-05,0.61104,0.001,0.642,0.642,8.31,0
0.41,0.01306,-1e-05,0.61101,0.001,0.668,0.668,8.31,0
0.415,0.01324,-1e-05,0.61098,0.001,0.693,0.693,8.31,0
0.42,0.01342,-1e-05,0.61095,0.001,0.719,0.719,8.51,0
0.425,0.01359,-1e-05,0.61092,0.001,0.745,0.745,8.51,0
0.43,0.01377,-1e-05,0.61089,0.001,0.77,0.77,8.51,0
0.435,0.01394,-1e-05,0.61087,0.001,0.796,0.796,8.51,0
0.44,0.01412,-1e-05,0.61084,0.001,0.822,0.822,8.71,0
0.445,0.01429,-1e-05,0.61081,0.001,0.847,0.847,8.71,0
0.45,0.01447,-1e-05,0.61078,0.001,0.873,0.873,8.71,0
0.455,0.01464,-1e-05,0.61075,0.001,0.898,0.898,8.71,0
0.46,0.01481,-1e-05,0.61072,0.001,0.924,0.924,8.91,0
0.465,0.01499,-1e-05,0.61069,0.001,0.949,0.949,8.91,0
0.47,0.01516,-1e-05,0.61066,0.001,0.974,0.974,8.91,0
0.475,0.01533,-1e-05,0.61064,0.001,0.999,0.999,8.91,0
0.48,0.0155,-1e-05,0.61061,0.001,1.024,1.024,9.11,0
0.485,0.01567,-1e-05,0.61058,0.001,1.049,1.049,9.11,0
0.49,0.01584,-1e-05,0.61055,0.001,1.073,1.073,9.11,0
0.495,0.01601,-1e-05,0.61052,0.001,1.098,1.098,9.11,0
0.5,0.01618,-1e-05,0.61049,0.001,1.122,1.122,9.31,0
0.505,0.01635,-1e-05,0.61047,0.001,1.147,1.147,9.31,0
0.51,0.01652,-1e-05,0.61044,0.001,1.171,1.171,9.31,0
0.515,0.01668,-0.0,0.61041,0.001,1.195,1.195,9.31,0
0.52,0.01685,-0.0,0.61038,0.0,1.218,1.218,9.51,0
0.525,0.01701,-0.0,0.61035,0.0,1.242,1.242,9.51,0
0.53,0.01718,-0.0,0.61033,0.0,1.266,1.266,9.51,0
0.535,0.01734,-0.0,0.6103,0.0,1.289,1.289,9.51,0
0.54,0.0175,-0.0,0.61027,0.0,1.312,1.312,9.7,0
0.545,0.01766,-0.0,0.61024,0.0,1.335,1.335,9.7,0
0.55,0.01782,-0.0,0.61022,0.0,1.358,1.358,9.7,0
0.555,0.01798,-0.0,0.61019,0.0,1.381,1.381,9.7,0
0.56,0.01813,-0.0,0.61016,0.0,1.403,1.403,9.88,0
0.565,0.01829,-0.0,0.61014,0.0,1.425,1.425,9.88,0
0.57,0.01844,-0.0,0.61011,0.0,1.448,1.448,9.88,0
0.575,0.0186,-0.0,0.61008,0.0,1.47,1.47,9.88,0
0.58,0.01875,-0.0,0.61006,0.0,1.491,1.491,10.06,0
0.585,0.0189,-0.0,0.61003,0.0,1.513,1.513,10.06,0
0.59,0.01905,-0.0,0.61,0.0,1.534,1.534,10.06,0
0.595,0.0192,-0.0,0.60998,0.0,1.556,1.556,10.06,0
0.6,0.01934,-0.0,0.60995,0.0,1.577,1.577,10.23,0
0.605,0.01949,-0.0,0.60993,0.0,1.597,1.597,10.23,0
0.61,0.01963,-0.0,0.6099,0.0,1.618,1.618,10.23,0
0.615,0.01977,-0.0,0.60988,0.0,1.638,1.638,10.23,0
0.62,0.01991,-0.0,0.60985,0.0,1.658,1.658,10.39,0
0.625,0.02005,-0.0,0.60983,0.0,1.678,1.678,10.39,0
0.63,0.02019,-0.0,0.60981,0.0,1.698,1.698,10.39,0
0.635,0.02032,-0.0,0.60978,0.0,1.717,1.717,10.39,0
0.64,0.02046,-0.0,0.60976,0.0,1.737,1.737,10.55,0
0.645,0.02059,-0.0,0.60974,0.0,1.756,1.756,10.55,0
0.65,0.02072,-0.0,0.60971,0.0,1.774,1.774,10.55,0
0.655,0.02085,-0.0,0.60969,0.0,1.793,1.793,10.55,0
0.66,0.02098,-0.0,0.60967,0.0,1.811,1.811,10.69,0
0.665,0.0211,-0.0,0.60965,0.0,1.829,1.829,10.69,0
0.67,0.02122,-0.0,0.60962,0.0,1.847,1.847,10.69,0
0.675,0.02135,-0.0,0.6096,0.0,1.864,1.864,10.69,0
0.68,0.02147,-0.0,0.60958,0.0,1.882,1.882,10.83,0
0.685,0.02158,-0.0,0.60956,0.0,1.899,1.899,10.83,0
0.69,0.0217,-0.0,0.60954,0.0,1.915,1.915,10.83,0
0.695,0.02182,-0.0,0.60952,0.0,1.932,1.932,10.83,0
0.7,0.02193,-0.0,0.6095,0.0,1.948,1.948,10.96,0
0.705,0.02204,-0.0,0.60948,0.0,1.964,1.964,10.96,0
0.71,0.02215,-0.0,0.60946,0.001,1.979,1.979,10.96,0
0.715,0.02225,-0.0,0.60944,0.001,1.995,1.995,10.96,0
0.72,0.02236,-0.0,0.60942,0.001,2.01,2.01,11.08,0
0.725,0.02246,-0.0,0.60941,0.001,2.025,2.025,11.08,0
0.73,0.02256,-1e-05,0.60939,0.001,2.039,2.039,11.08,0
0.735,0.02266,-1e-05,0.60937,0.001,2.053,2.053,11.08,0
0.74,0.02276,-1e-05,0.60935,0.001,2.067,2.067,11.19,0
0.745,0.02285,-1e-05,0.60934,0.001,2.081,2.081,11.19,0
0.75,0.02295,-1e-05,0.60932,0.001,2.094,2.094,11.19,0
0.755,0.02304,-1e-05,0.6093,0.001,2.107,2.107,11.19,0
0.76,0.02313,-1e-05,0.60929,0.001,2.12,2.12,11.29,0
0.765,0.02321,-1e-05,0.60927,0.001,2.133,2.133,11.29,0
0.77,0.0233,-1e-05,0.60926,0.001,2.145,2.145,11.29,0
0.775,0.02338,-1e-05,0.60924,0.001,2.157,2.157,11.29,0
0.78,0.02346,-1e-05,0.60923,0.001,2.168,2.168,11.38,0
0.785,0.02354,-1e-05,0.60921,0.001,2.18,2.18,11.38,0
0.79,0.02362,-1e-05,0.6092,0.001,2.191,2.191,11.38,0
0.795,0.02369,-1e-05,0.60919,0.001,2.201,2.201,11.38,0
0.8,0.02376,-1e-05,0.60917,0.001,2.212,2.212,11.46,0
0.805,0.02383,-1e-05,0.60916,0.001,2.222,2.222,11.46,0
0.81,0.0239,-1e-05,0.60915,0.001,2.231,2.231,11.46,0
0.815,0.02396,-1e-05,0.60914,0.001,2.241,2.241,11.46,0
0.82,0.02403,-1e-05,0.60912,0.001,2.25,2.25,11.53,0
0.825,0.02409,-1e-05,0.60911,0.001,2.259,2.259,11.53,0
0.83,0.02415,-1e-05,0.6091,0.001,2.267,2.267,11.53,0
0.835,0.02421,-1e-05,0.60909,0.001,2.275,2.275,11.53,0
0.84,0.02426,-1e-05,0.60908,0.001,2.283,2.283,11.59,0
0.845,0.02431,-1e-05,0.60908,0.001,2.29,2.29,11.59,0
0.85,0.02436,-1e-05,0.60907,0.001,2.298,2.298,11.59,0
0.855,0.02441,-1e-05,0.60906,0.001,2.305,2.305,11.59,0
0.86,0.02446,-1e-05,0.60905,0.001,2.311,2.311,11.64,0
0.865,0.0245,-1e-05,0.60904,0.001,2.317,2.317,11.64,0
0.87,0.02454,-1e-05,0.60904,0.001,2.323,2.323,11.64,0
0.875,0.02458,-1e-05,0.60903,0.001,2.329,2.329,11.64,0
0.88,0.02462,-1e-05,0.60902,0.001,2.334,2.334,11.65,0
0.885,0.02466,-1e-05,0.60902,0.001,2.339,2.339,11.65,0
0.89,0.02469,-1e-05,0.60901,0.001,2.343,2.343,11.65,0
0.895,0.02472,-1e-05,0.60901,0.001,2.347,2.347,11.65,0
0.9,0.02475,-1e-05,0.609,0.001,2.351,2.351,11.68,0
0.905,0.02478,-1e-05,0.609,0.001,2.354,2.354,11.68,0
0.91,0.02481,-1e-05,0.60899,0.001,2.358,2.358,11.68,0
0.915,0.02483,-1e-05,0.60899,0.001,2.36,2.36,11.68,0
0.92,0.02485,-1e-05,0.60899,0.001,2.363,2.363,11.69,0
0.925,0.02487,-1e-05,0.60898,0.001,2.365,2.365,11.69,0
0.93,0.02489,-1e-05,0.60898,0.001,2.367,2.367,11.69,0
0.935,0.0249,-1e-05,0.60898,0.001,2.369,2.369,11.69,0
0.94,0.02492,-1e-05,0.60898,0.001,2.371,2.371,11.69,0
0.945,0.02493,-1e-05,0.60898,0.001,2.372,2.372,11.69,0
0.95,0.02494,-1e-05,0.60897,0.001,2.373,2.373,11.69,0
0.955,0.02494,-1e-05,0.60897,0.001,2.374,2.374,11.69,0
0.96,0.02495,-1e-05,0.60897,0.001,2.374,2.374,11.69,0
0.965,0.02495,-1e-05,0.60897,0.001,2.375,2.375,11.69,0
0.97,0.02495,-1e-05,0.60897,0.001,2.375,2.375,11.69,0
0.975,0.02494,-1e-05,0.60897,0.001,2.375,2.375,11.69,0
0.98,0.02494,-1e-05,0.60897,0.001,2.375,2.375,11.69,0
0.985,0.02493,-1e-05,0.60897,0.001,2.374,2.374,11.69,0
0.99,0.02492,-1e-05,0.60898,0.001,2.374,2.374,11.69,0
0.995,0.02491,-1e-05,0.60898,0.001,2.373,2.373,11.69,0
1.0,0.0249,-1e-05,0.60898,0.001,2.372,2.372,11.69,0
1.005,0.02489,-1e-05,0.60898,0.001,2.371,2.371,11.69,0
1.01,0.02487,-1e-05,0.60898,0.001,2.37,2.37,11.69,0
1.015,0.02486,-1e-05,0.60898,0.001,2.369,2.369,11.69,0
1.02,0.02484,-1e-05,0.60899,0.001,2.367,2.367,11.69,0
1.025,0.02482,-1e-05,0.60899,0.001,2.365,2.365,11.69,0
1.03,0.0248,-0.0,0.60899,0.001,2.364,2.364,11.69,0
1.035,0.02478,-0.0,0.60899,0.001,2.362,2.362,11.69,0
1.04,0.02475,-0.0,0.609,0.001,2.36,2.36,11.69,0
1.045,0.02473,-0.0,0.609,0.001,2.357,2.357,11.69,0
1.05,0.0247,-0.0,0.609,0.001,2.355,2.355,11.69,0
1.055,0.02468,-0.0,0.609,0.001,2.353,2.353,11.69,0
1.06,0.02465,-0.0,0.60901,0.001,2.351,2.351,11.69,0
1.065,0.02463,-0.0,0.60901,0.001,2.348,2.348,11.69,0
1.07,0.0246,-0.0,0.60902,0.001,2.345,2.345,11.69,0
1.075,0.02457,-0.0,0.60902,0.001,2.343,2.343,11.69,0
1.08,0.02454,-0.0,0.60902,0.001,2.34,2.34,11.63,0
1.085,0.02452,-0.0,0.60903,0.001,2.337,2.337,11.63,0
1.09,0.02449,-0.0,0.60903,0.001,2.334,2.334,11.63,0
1.095,0.02446,-0.0,0.60904,0.001,2.331,2.331,11.63,0
1.1,0.02443,-0.0,0.60904,0.001,2.328,2.328,11.57,0
1.105,0.0244,-0.0,0.60905,0.001,2.325,2.325,11.57,0
1.11,0.02436,-0.0,0.60905,0.001,2.322,2.322,11.57,0
1.115,0.02433,-0.0,0.60906,0.0,2.319,2.319,11.57,0
1.12,0.0243,-0.0,0.60907,0.0,2.316,2.316,11.52,0
1.125,0.02427,-0.0,0.60907,0.0,2.312,2.312,11.52,0
1.13,0.02424,-0.0,0.60908,0.0,2.309,2.309,11.52,0
1.135,0.0242,-0.0,0.60908,0.0,2.306,2.306,11.52,0
1.14,0.02417,-0.0,0.60909,0.0,2.303,2.303,11.46,0
1.145,0.02414,-0.0,0.6091,0.0,2.299,2.299,11.46,0
1.15,0.0241,-0.0,0.6091,0.0,2.296,2.296,11.46,0
1.155,0.02407,-0.0,0.60911,0.0,2.292,2.292,11.46,0
1.16,0.02403,-0.0,0.60912,0.0,2.289,2.289,11.41,0
1.165,0.024,-0.0,0.60912,0.0,2.285,2.285,11.41,0
1.17,0.02396,-0.0,0.60913,0.0,2.282,2.282,11.41,0
1.175,0.02393,-0.0,0.60914,0.0,2.278,2.278,11.41,0
1.18,0.02389,-0.0,0.60914,0.0,2.275,2.275,11.35,0
1.185,0.02386,-0.0,0.60915,0.0,2.271,2.271,11.35,0
1.19,0.02382,-0.0,0.60916,0.0,2.268,2.268,11.35,0
1.195,0.02379,-0.0,0.60916,0.0,2.264,2.264,11.35,0
1.2,0.02375,-0.0,0.60917,0.0,2.26,2.26,11.29,0
1.205,0.02371,-0.0,0.60918,0.0,2.257,2.257,11.29,0
1.21,0.02368,-0.0,0.60918,0.0,2.253,2.253,11.29,0
1.215,0.02364,-0.0,0.60919,0.0,2.249,2.249,11.29,0
1.22,0.0236,-0.0,0.6092,0.0,2.246,2.246,11.23,0
1.225,0.02357,-0.0,0.6092,0.0,2.242,2.242,11.23,0
1.23,0.02353,-0.0,0.60921,0.0,2.238,2.238,11.23,0
1.235,0.0235,-0.0,0.60922,0.0,2.235,2.235,11.23,0
1.24,0.02346,-0.0,0.60923,0.0,2.231,2.231,11.17,0
1.245,0.02342,-0.0,0.60923,0.0,2.227,2.227,11.17,0
1.25,0.02339,-0.0,0.60924,0.001,2.223,2.223,11.17,0
1.255,0.02335,-0.0,0.60925,0.001,2.22,2.22,11.17,0
1.26,0.02331,-0.0,0.60925,0.001,2.216,2.216,11.12,0
1.265,0.02328,-0.0,0.60926,0.001,2.212,2.212,11.12,0
1.27,0.02324,-0.0,0.60927,0.001,2.209,2.209,11.12,0
1.275,0.0232,-0.0,0.60927,0.001,2.205,2.205,11.12,0
1.28,0.02317,-0.0,0.60928,0.001,2.201,2.201,11.06,0
1.285,0.02313,-0.0,0.60929,0.001,2.198,2.198,11.06,0
1.29,0.0231,-0.0,0.60929,0.001,2.194,2.194,11.06,0
1.295,0.02306,-0.0,0.6093,0.001,2.191,2.191,11.06,0
1.3,0.02303,-0.0,0.60931,0.001,2.187,2.187,11.0,0
1.305,0.02299,-0.0,0.60931,0.001,2.183,2.183,11.0,0
1.31,0.02296,-0.0,0.60932,0.001,2.18,2.18,11.0,0
1.315,0.02292,-0.0,0.60933,0.001,2.176,2.176,11.0,0
1.32,0.02289,-0.0,0.60933,0.001,2.173,2.173,10.95,0
1.325,0.02286,-0.0,0.60934,0.001,2.169,2.169,10.95,0
1.33,0.02282,-0.0,0.60935,0.001,2.166,2.166,10.95,0
1.335,0.02279,-0.0,0.60935,0.001,2.163,2.163,10.95,0
1.34,0.02276,-0.0,0.60936,0.001,2.159,2.159,10.9,0
1.345,0.02272,-0.0,0.60936,0.001,2.156,2.156,10.9,0
1.35,0.02269,-0.0,0.60937,0.001,2.153,2.153,10.9,0
1.355,0.02266,-0.0,0.60938,0.001,2.149,2.149,10.9,0
1.36,0.02263,-0.0,0.60938,0.001,2.146,2.146,10.85,0
1.365,0.0226,-0.0,0.60939,0.001,2.143,2.143,10.85,0
1.37,0.02257,-0.0,0.60939,0.001,2.14,2.14,10.85,0
1.375,0.02254,-0.0,0.6094,0.001,2.137,2.137,10.85,0
1.38,0.02251,-0.0,0.60941,0.001,2.134,2.134,10.81,0
1.385,0.02248,-0.0,0.60941,0.001,2.131,2.131,10.81,0
1.39,0.02245,-0.0,0.60942,0.001,2.128,2.128,10.81,0
1.395,0.02242,-0.0,0.60942,0.001,2.125,2.125,10.81,0
1.4,0.02239,-0.0,0.60943,0.001,2.122,2.122,10.77,0
1.405,0.02237,-0.0,0.60943,0.001,2.119,2.119,10.77,0
1.41,0.02234,-0.0,0.60944,0.001,2.116,2.116,10.77,0
1.415,0.02231,-0.0,0.60944,0.001,2.113,2.113,10.77,0
1.42,0.02229,-0.0,0.60945,0.001,2.111,2.111,10.73,0
1.425,0.02226,-0.0,0.60945,0.001,2.108,2.108,10.73,0
1.43,0.02224,-0.0,0.60946,0.001,2.105,2.105,10.73,0
1.435,0.02221,-0.0,0.60946,0.001,2.103,2.103,10.73,0
1.44,0.02219,-0.0,0.60947,0.001,2.1,2.1,10.7,0
1.445,0.02216,-0.0,0.60947,0.001,2.098,2.098,10.7,0
1.45,0.02214,-0.0,0.60947,0.001,2.095,2.095,10.7,0
1.455,0.02212,-0.0,0.60948,0.001,2.093,2.093,10.7,0
1.46,0.0221,-0.0,0.60948,0.001,2.091,2.091,10.67,0
1.465,0.02208,-0.0,0.60949,0.001,2.089,2.089,10.67,0
1.47,0.02205,-0.0,0.60949,0.001,2.086,2.086,10.67,0
1.475,0.02203,-0.0,0.60949,0.001,2.084,2.084,10.67,0
1.48,0.02202,-0.0,0.6095,0.001,2.082,2.082,10.65,0
1.485,0.022,-0.0,0.6095,0.001,2.08,2.08,10.65,0
1.49,0.02198,-0.0,0.6095,0.001,2.078,2.078,10.65,0
1.495,0.02196,-0.0,0.60951,0.001,2.076,2.076,10.65,0
1.5,0.02194,-0.0,0.60951,0.001,2.074,2.074,10.62,0
1.505,0.02193,-0.0,0.60951,0.001,2.072,2.072,10.62,0
1.51,0.02191,-0.0,0.60952,0.001,2.071,2.071,10.62,0
1.515,0.02189,-0.0,0.60952,0.001,2.069,2.069,10.62,0
1.52,0.02188,-0.0,0.60952,0.001,2.067,2.067,10.61,0
1.525,0.02186,-1e-05,0.60953,0.001,2.066,2.066,10.61,0
1.53,0.02185,-1e-05,0.60953,0.001,2.064,2.064,10.61,0
1.535,0.02184,-1e-05,0.60953,0.001,2.063,2.063,10.61,0
1.54,0.02182,-1e-05,0.60953,0.001,2.061,2.061,10.59,0
1.545,0.02181,-1e-05,0.60954,0.001,2.06,2.06,10.59,0
1.55,0.0218,-1e-05,0.60954,0.001,2.059,2.059,10.59,0
1.555,0.02179,-1e-05,0.60954,0.001,2.058,2.058,10.59,0
1.56,0.02178,-1e-05,0.60954,0.001,2.056,2.056,10.58,0
1.565,0.02177,-1e-05,0.60954,0.001,2.055,2.055,10.58,0
1.57,0.02176,-1e-05,0.60955,0.001,2.054,2.054,10.58,0
1.575,0.02175,-1e-05,0.60955,0.001,2.053,2.053,10.58,0
1.58,0.02174,-1e-05,0.60955,0.001,2.052,2.052,10.58,0
1.585,0.02174,-1e-05,0.60955,0.001,2.052,2.052,10.58,0
1.59,0.02173,-1e-05,0.60955,0.001,2.051,2.051,10.58,0
1.595,0.02172,-1e-05,0.60955,0.001,2.05,2.05,10.58,0
1.6,0.02172,-1e-05,0.60955,0.001,2.049,2.049,10.57,0
1.605,0.02171,-1e-05,0.60955,0.001,2.049,2.049,10.57,0
1.61,0.02171,-1e-05,0.60956,0.001,2.048,2.048,10.57,0
1.615,0.02171,-1e-05,0.60956,0.001,2.047,2.047,10.57,0
1.62,0.0217,-1e-05,0.60956,0.001,2.047,2.047,10.57,0
1.625,0.0217,-1e-05,0.60956,0.001,2.046,2.046,10.57,0
1.63,0.0217,-1e-05,0.60956,0.001,2.046,2.046,10.57,0
1.635,0.0217,-1e-05,0.60956,0.001,2.046,2.046,10.57,0
1.64,0.02169,-1e-05,0.60956,0.001,2.045,2.045,10.57,0
1.645,0.02169,-1e-05,0.60956,0.001,2.045,2.045,10.57,0
1.65,0.02169,-1e-05,0.60956,0.001,2.045,2.045,10.57,0
1.655,0.02169,-1e-05,0.60956,0.001,2.045,2.045,10.57,0
1.66,0.0217,-1e-05,0.60956,0.001,2.045,2.045,10.57,0
1.665,0.0217,-1e-05,0.60956,0.001,2.045,2.045,10.57,0
1.67,0.0217,-1e-05,0.60956,0.001,2.045,2.045,10.57,0
1.675,0.0217,-1e-05,0.60956,0.001,2.045,2.045,10.57,0
1.68,0.0217,-1e-05,0.60956,0.001,2.045,2.045,10.57,0
1.685,0.02171,-1e-05,0.60956,0.001,2.045,2.045,10.57,0
1.69,0.02171,-1e-05,0.60956,0.001,2.045,2.045,10.57,0
1.695,0.02171,-1e-05,0.60956,0.001,2.045,2.045,10.57,0
1.7,0.02172,-1e-05,0.60956,0.001,2.046,2.046,10.57,0
1.705,0.02172,-1e-05,0.60956,0.001,2.046,2.046,10.57,0
1.71,0.02173,-1e-05,0.60955,0.001,2.046,2.046,10.57,0
1.715,0.02173,-1e-05,0.60955,0.001,2.047,2.047,10.57,0
1.72,0.02174,-1e-05,0.60955,0.001,2.047,2.047,10.57,0
1.725,0.02174,-1e-05,0.60955,0.001,2.047,2.047,10.57,0
1.73,0.02175,-1e-05,0.60955,0.001,2.048,2.048,10.57,0
1.735,0.02175,-1e-05,0.60955,0.001,2.048,2.048,10.57,0
1.74,0.02176,-1e-05,0.60955,0.001,2.049,2.049,10.57,0
1.745,0.02176,-1e-05,0.60955,0.001,2.049,2.049,10.57,0
1.75,0.02177,-1e-05,0.60955,0.001,2.049,2.049,10.57,0
1.755,0.02178,-1e-05,0.60955,0.001,2.05,2.05,10.57,0
1.76,0.02178,-1e-05,0.60955,0.001,2.05,2.05,10.57,0
1.765,0.02179,-1e-05,0.60955,0.001,2.051,2.051,10.57,0
1.77,0.02179,-1e-05,0.60955,0.001,2.051,2.051,10.57,0
1.775,0.0218,-1e-05,0.60955,0.001,2.052,2.052,10.57,0
1.78,0.0218,-1e-05,0.60955,0.001,2.052,2.052,10.57,0
1.785,0.02181,-1e-05,0.60955,0.001,2.052,2.052,10.57,0
1.79,0.02182,-1e-05,0.60954,0.001,2.053,2.053,10.57,0
1.795,0.02182,-1e-05,0.60954,0.001,2.053,2.053,10.57,0
1.8,0.02183,-1e-05,0.60954,0.001,2.054,2.054,10.57,0
1.805,0.02183,-1e-05,0.60954,0.001,2.054,2.054,10.57,0
1.81,0.02184,-1e-05,0.60954,0.001,2.055,2.055,10.57,0
1.815,0.02184,-1e-05,0.60954,0.001,2.055,2.055,10.57,0
1.82,0.02184,-1e-05,0.60954,0.001,2.055,2.055,10.57,0
1.825,0.02185,-1e-05,0.60954,0.001,2.056,2.056,10.57,0
1.83,0.02185,-1e-05,0.60954,0.001,2.056,2.056,10.57,0
1.835,0.02186,-1e-05,0.60954,0.001,2.056,2.056,10.57,0
1.84,0.02186,-1e-05,0.60954,0.001,2.056,2.056,10.57,0
1.845,0.02186,-1e-05,0.60954,0.001,2.057,2.057,10.57,0
1.85,0.02187,-1e-05,0.60954,0.001,2.057,2.057,10.57,0
1.855,0.02187,-1e-05,0.60954,0.001,2.057,2.057,10.57,0
1.86,0.02187,-1e-05,0.60954,0.001,2.057,2.057,10.57,0
1.865,0.02187,-1e-05,0.60954,0.001,2.057,2.057,10.57,0
1.87,0.02187,-1e-05,0.60954,0.001,2.057,2.057,10.57,0
1.875,0.02188,-1e-05,0.60954,0.001,2.058,2.058,10.57,0
1.88,0.02188,-1e-05,0.60954,0.001,2.058,2.058,10.57,0
1.885,0.02188,-1e-05,0.60954,0.001,2.058,2.058,10.57,0
1.89,0.02188,-1e-05,0.60954,0.001,2.058,2.058,10.57,0
1.895,0.02188,-1e-05,0.60954,0.001,2.058,2.058,10.57,0
1.9,0.02188,-1e-05,0.60954,0.001,2.058,2.058,10.57,0
1.905,0.02188,-1e-05,0.60954,0.001,2.058,2.058,10.57,0
1.91,0.02188,-1e-05,0.60954,0.001,2.057,2.057,10.57,0
1.915,0.02188,-1e-05,0.60954,0.001,2.057,2.057,10.57,0
1.92,0.02188,-1e-05,0.60954,0.001,2.057,2.057,10.57,0
1.925,0.02187,-1e-05,0.60954,0.001,2.057,2.057,10.57,0
1.93,0.02187,-1e-05,0.60954,0.001,2.057,2.057,10.57,0
1.935,0.02187,-1e-05,0.60954,0.001,2.057,2.057,10.57,0
1.94,0.02187,-1e-05,0.60954,0.001,2.056,2.056,10.57,0
1.945,0.02187,-1e-05,0.60954,0.001,2.056,2.056,10.57,0
1.95,0.02186,-1e-05,0.60954,0.001,2.056,2.056,10.57,0
1.955,0.02186,-1e-05,0.60954,0.001,2.056,2.056,10.57,0
1.96,0.02186,-1e-05,0.60954,0.001,2.055,2.055,10.57,0
1.965,0.02186,-1e-05,0.60954,0.001,2.055,2.055,10.57,0
1.97,0.02185,-1e-05,0.60954,0.001,2.055,2.055,10.57,0
1.975,0.02185,-1e-05,0.60954,0.001,2.054,2.054,10.57,0
1.98,0.02185,-1e-05,0.60954,0.001,2.054,2.054,10.57,0
1.985,0.02184,-1e-05,0.60954,0.001,2.053,2.053,10.57,0
1.99,0.02184,-1e-05,0.60954,0.001,2.053,2.053,10.57,0
1.995,0.02184,-1e-05,0.60954,0.001,2.053,2.053,10.57,0
2.0,0.02183,-1e-05,0.60954,0.001,2.052,2.052,10.57,0
2.005,0.02183,-1e-05,0.60955,0.001,2.052,2.052,10.57,0
2.01,0.02182,-1e-05,0.60955,0.001,2.051,2.051,10.57,0
2.015,0.02182,-1e-05,0.60955,0.001,2.051,2.051,10.57,0
2.02,0.02182,-1e-05,0.60955,0.001,2.05,2.05,10.57,0
2.025,0.02181,-1e-05,0.60955,0.001,2.05,2.05,10.57,0
2.03,0.02181,-1e-05,0.60955,0.001,2.049,2.049,10.57,0
2.035,0.0218,-1e-05,0.60955,0.001,2.049,2.049,10.57,0
2.04,0.0218,-1e-05,0.60955,0.001,2.049,2.049,10.57,0
2.045,0.0218,-1e-05,0.60955,0.001,2.048,2.048,10.57,0
2.05,0.02179,-1e-05,0.60955,0.001,2.048,2.048,10.57,0
2.055,0.02179,-1e-05,0.60955,0.001,2.047,2.047,10.57,0
2.06,0.02178,-1e-05,0.60955,0.001,2.047,2.047,10.57,0
2.065,0.02178,-1e-05,0.60955,0.001,2.046,2.046,10.57,0
2.07,0.02178,-1e-05,0.60955,0.001,2.046,2.046,10.57,0
2.075,0.02177,-1e-05,0.60955,0.001,2.045,2.045,10.57,0
2.08,0.02177,-1e-05,0.60955,0.001,2.045,2.045,10.57,0
2.085,0.02177,-1e-05,0.60955,0.001,2.045,2.045,10.57,0
2.09,0.02176,-1e-05,0.60955,0.001,2.044,2.044,10.57,0
2.095,0.02176,-1e-05,0.60955,0.001,2.044,2.044,10.57,0
2.1,0.02176,-1e-05,0.60955,0.001,2.043,2.043,10.57,0
2.105,0.02176,-1e-05,0.60955,0.001,2.043,2.043,10.57,0
2.11,0.02175,-1e-05,0.60956,0.001,2.043,2.043,10.57,0
2.115,0.02175,-1e-05,0.60956,0.001,2.042,2.042,10.57,0
2.12,0.02175,-1e-05,0.60956,0.001,2.042,2.042,10.57,0
2.125,0.02175,-1e-05,0.60956,0.001,2.042,2.042,10.57,0
2.13,0.02174,-1e-05,0.60956,0.001,2.041,2.041,10.57,0
2.135,0.02174,-1e-05,0.60956,0.001,2.041,2.041,10.57,0
2.14,0.02174,-1e-05,0.60956,0.001,2.041,2.041,10.57,0
2.145,0.02174,-1e-05,0.60956,0.001,2.041,2.041,10.57,0
2.15,0.02174,-1e-05,0.60956,0.001,2.04,2.04,10.57,0
2.155,0.02173,-1e-05,0.60956,0.001,2.04,2.04,10.57,0
2.16,0.02173,-1e-05,0.60956,0.001,2.04,2.04,10.57,0
2.165,0.02173,-1e-05,0.60956,0.001,2.04,2.04,10.57,0
2.17,0.02173,-1e-05,0.60956,0.001,2.039,2.039,10.57,0
2.175,0.02173,-1e-05,0.60956,0.001,2.039,2.039,10.57,0
2.18,0.02173,-1e-05,0.60956,0.001,2.039,2.039,10.56,0
2.185,0.02173,-1e-05,0.60956,0.001,2.039,2.039,10.56,0
2.19,0.02173,-1e-05,0.60956,0.001,2.039,2.039,10.56,0
2.195,0.02173,-1e-05,0.60956,0.001,2.039,2.039,10.56,0
2.2,0.02173,-1e-05,0.60956,0.001,2.039,2.039,10.56,0
2.205,0.02173,-1e-05,0.60956,0.001,2.038,2.038,10.56,0
2.21,0.02173,-1e-05,0.60956,0.001,2.038,2.038,10.56,0
2.215,0.02173,-1e-05,0.60956,0.001,2.038,2.038,10.56,0
2.22,0.02173,-1e-05,0.60956,0.001,2.038,2.038,10.56,0
2.225,0.02173,-1e-05,0.60956,0.001,2.038,2.038,10.56,0
2.23,0.02173,-1e-05,0.60956,0.001,2.038,2.038,10.56,0
2.235,0.02173,-1e-05,0.60956,0.001,2.038,2.038,10.56,0
2.24,0.02173,-1e-05,0.60956,0.001,2.038,2.038,10.56,0
2.245,0.02173,-1e-05,0.60956,0.001,2.038,2.038,10.56,0
2.25,0.02173,-1e-05,0.60956,0.001,2.038,2.038,10.56,0
2.255,0.02173,-1e-05,0.60956,0.001,2.038,2.038,10.56,0
2.26,0.02173,-1e-05,0.60956,0.001,2.038,2.038,10.56,0
2.265,0.02173,-1e-05,0.60956,0.001,2.038,2.038,10.56,0
2.27,0.02174,-1e-05,0.60956,0.001,2.038,2.038,10.56,0
2.275,0.02174,-1e-05,0.60956,0.001,2.038,2.038,10.56,0
2.28,0.02174,-1e-05,0.60956,0.001,2.038,2.038,10.56,0
2.285,0.02174,-1e-05,0.60956,0.001,2.038,2.038,10.56,0
2.29,0.02174,-1e-05,0.60956,0.001,2.038,2.038,10.56,0
2.295,0.02174,-1e-05,0.60956,0.001,2.038,2.038,10.56,0
2.3,0.02174,-1e-05,0.60956,0.001,2.038,2.038,10.56,0
2.305,0.02174,-1e-05,0.60956,0.001,2.038,2.038,10.56,0
2.31,0.02174,-1e-05,0.60956,0.001,2.038,2.038,10.56,0
2.315,0.02175,-1e-05,0.60956,0.001,2.038,2.038,10.56,0
2.32,0.02175,-1e-05,0.60956,0.001,2.038,2.038,10.56,0
2.325,0.02175,-1e-05,0.60956,0.001,2.038,2.038,10.56,0
2.33,0.02175,-1e-05,0.60956,0.001,2.038,2.038,10.56,0
2.335,0.02175,-1e-05,0.60956,0.001,2.038,2.038,10.56,0
2.34,0.02175,-1e-05,0.60956,0.001,2.038,2.038,10.56,0
2.345,0.02175,-1e-05,0.60956,0.001,2.038,2.038,10.56,0
2.35,0.02175,-1e-05,0.60956,0.001,2.038,2.038,10.56,0
2.355,0.02175,-1e-05,0.60956,0.001,2.038,2.038,10.56,0
2.36,0.02175,-1e-05,0.60956,0.001,2.038,2.038,10.56,0
2.365,0.02175,-1e-05,0.60956,0.001,2.038,2.038,10.56,0
2.37,0.02175,-1e-05,0.60956,0.001,2.038,2.038,10.56,0
2.375,0.02175,-1e-05,0.60956,0.001,2.038,2.038,10.56,0
2.38,0.02175,-1e-05,0.60956,0.001,2.038,2.038,10.56,0
2.385,0.02176,-1e-05,0.60956,0.001,2.038,2.038,10.56,0
2.39,0.02176,-1e-05,0.60956,0.001,2.038,2.038,10.56,0
2.395,0.02176,-1e-05,0.60956,0.001,2.038,2.038,10.56,0
2.4,0.02176,-1e-05,0.60956,0.001,2.038,2.038,10.56,0
2.405,0.02176,-1e-05,0.60956,0.001,2.038,2.038,10.56,0
2.41,0.02176,-1e-05,0.60956,0.001,2.038,2.038,10.56,0
2.415,0.02176,-1e-05,0.60956,0.001,2.038,2.038,10.56,0
2.42,0.02176,-1e-05,0.60956,0.001,2.037,2.037,10.56,0
2.425,0.02176,-1e-05,0.60956,0.001,2.037,2.037,10.56,0
2.43,0.02176,-1e-05,0.60956,0.001,2.037,2.037,10.56,0
2.435,0.02175,-1e-05,0.60956,0.001,2.037,2.037,10.56,0
2.44,0.02175,-1e-05,0.60956,0.001,2.037,2.037,10.56,0
2.445,0.02175,-1e-05,0.60956,0.001,2.037,2.037,10.56,0
2.45,0.02175,-1e-05,0.60956,0.001,2.037,2.037,10.56,0
2.455,0.02175,-1e-05,0.60956,0.001,2.037,2.037,10.56,0
2.46,0.02175,-1e-05,0.60956,0.001,2.037,2.037,10.56,0
2.465,0.02175,-1e-05,0.60956,0.001,2.036,2.036,10.56,0
2.47,0.02175,-1e-05,0.60956,0.001,2.036,2.036,10.56,0
2.475,0.02175,-1e-05,0.60956,0.001,2.036,2.036,10.56,0
2.48,0.02175,-1e-05,0.60956,0.001,2.036,2.036,10.56,0
2.485,0.02175,-1e-05,0.60956,0.001,2.036,2.036,10.56,0
2.49,0.02175,-1e-05,0.60956,0.001,2.036,2.036,10.56,0
2.495,0.02174,-1e-05,0.60956,0.001,2.035,2.035,10.56,0
2.5,0.02174,-1e-05,0.60956,0.001,2.035,2.035,10.56,0
2.505,0.02174,-1e-05,0.60956,0.001,2.035,2.035,10.56,0
2.51,0.02174,-1e-05,0.60956,0.001,2.035,2.035,10.56,0
2.515,0.02174,-1e-05,0.60956,0.001,2.035,2.035,10.56,0
2.52,0.02174,-1e-05,0.60956,0.001,2.034,2.034,10.56,0
2.525,0.02174,-1e-05,0.60956,0.001,2.034,2.034,10.56,0
2.53,0.02174,-1e-05,0.60956,0.001,2.034,2.034,10.56,0
2.535,0.02173,-1e-05,0.60956,0.001,2.034,2.034,10.56,0
2.54,0.02173,-1e-05,0.60956,0.001,2.034,2.034,10.56,0
2.545,0.02173,-1e-05,0.60956,0.001,2.033,2.033,10.56,0
2.55,0.02173,-1e-05,0.60956,0.001,2.033,2.033,10.56,0
2.555,0.02173,-1e-05,0.60956,0.001,2.033,2.033,10.56,0
2.56,0.02173,-1e-05,0.60956,0.001,2.033,2.033,10.56,0
2.565,0.02173,-1e-05,0.60956,0.001,2.033,2.033,10.56,0
2.57,0.02172,-1e-05,0.60956,0.001,2.032,2.032,10.56,0
2.575,0.02172,-1e-05,0.60956,0.001,2.032,2.032,10.56,0
2.58,0.02172,-1e-05,0.60956,0.001,2.032,2.032,10.56,0
2.585,0.02172,-1e-05,0.60956,0.001,2.032,2.032,10.56,0
2.59,0.02172,-1e-05,0.60956,0.001,2.031,2.031,10.56,0
2.595,0.02172,-1e-05,0.60956,0.001,2.031,2.031,10.56,0
2.6,0.02172,-1e-05,0.60956,0.001,2.031,2.031,10.56,0
2.605,0.02171,-1e-05,0.60956,0.001,2.031,2.031,10.56,0
2.61,0.02171,-1e-05,0.60956,0.001,2.031,2.031,10.56,0
2.615,0.02171,-1e-05,0.60956,0.001,2.03,2.03,10.56,0
2.62,0.02171,-1e-05,0.60956,0.001,2.03,2.03,10.56,0
2.625,0.02171,-1e-05,0.60956,0.001,2.03,2.03,10.56,0
2.63,0.02171,-1e-05,0.60956,0.001,2.03,2.03,10.56,0
2.635,0.02171,-1e-05,0.60957,0.001,2.03,2.03,10.56,0
2.64,0.02171,-1e-05,0.60957,0.001,2.029,2.029,10.56,0
2.645,0.0217,-1e-05,0.60957,0.001,2.029,2.029,10.56,0
2.65,0.0217,-1e-05,0.60957,0.001,2.029,2.029,10.56,0
2.655,0.0217,-1e-05,0.60957,0.001,2.029,2.029,10.56,0
2.66,0.0217,-1e-05,0.60957,0.001,2.029,2.029,10.56,0
2.665,0.0217,-1e-05,0.60957,0.001,2.029,2.029,10.56,0
2.67,0.0217,-1e-05,0.60957,0.001,2.028,2.028,10.56,0
2.675,0.0217,-1e-05,0.60957,0.001,2.028,2.028,10.56,0
2.68,0.0217,-1e-05,0.60957,0.001,2.028,2.028,10.56,0
2.685,0.0217,-1e-05,0.60957,0.001,2.028,2.028,10.56,0
2.69,0.0217,-1e-05,0.60957,0.001,2.028,2.028,10.56,0
2.695,0.0217,-1e-05,0.60957,0.001,2.028,2.028,10.56,0
2.7,0.02169,-1e-05,0.60957,0.001,2.027,2.027,10.56,0
2.705,0.02169,-1e-05,0.60957,0.001,2.027,2.027,10.56,0
2.71,0.02169,-1e-05,0.60957,0.001,2.027,2.027,10.56,0
2.715,0.02169,-1e-05,0.60957,0.001,2.027,2.027,10.56,0
2.72,0.02169,-1e-05,0.60957,0.001,2.027,2.027,10.56,0
2.725,0.02169,-1e-05,0.60957,0.001,2.027,2.027,10.56,0
2.73,0.02169,-1e-05,0.60957,0.001,2.027,2.027,10.56,0
2.735,0.02169,-1e-05,0.60957,0.001,2.026,2.026,10.56,0
2.74,0.02169,-1e-05,0.60957,0.001,2.026,2.026,10.56,0
2.745,0.02169,-1e-05,0.60957,0.001,2.026,2.026,10.56,0
2.75,0.02169,-1e-05,0.60957,0.001,2.026,2.026,10.56,0
2.755,0.02169,-1e-05,0.60957,0.001,2.026,2.026,10.56,0
2.76,0.02169,-1e-05,0.60957,0.001,2.026,2.026,10.56,0
2.765,0.02169,-1e-05,0.60957,0.001,2.026,2.026,10.56,0
2.77,0.02169,-1e-05,0.60957,0.001,2.026,2.026,10.56,0
2.775,0.02169,-1e-05,0.60957,0.001,2.026,2.026,10.56,0
2.78,0.02169,-1e-05,0.60957,0.001,2.025,2.025,10.56,0
2.785,0.02169,-1e-05,0.60957,0.001,2.025,2.025,10.56,0
2.79,0.02169,-1e-05,0.60957,0.001,2.025,2.025,10.56,0
2.795,0.02169,-1e-05,0.60957,0.001,2.025,2.025,10.56,0
2.8,0.02169,-1e-05,0.60957,0.001,2.025,2.025,10.55,0
2.805,0.02169,-1e-05,0.60957,0.001,2.025,2.025,10.55,0
2.81,0.02169,-1e-05,0.60957,0.001,2.025,2.025,10.55,0
2.815,0.02169,-1e-05,0.60957,0.001,2.025,2.025,10.55,0
2.82,0.02169,-1e-05,0.60957,0.001,2.025,2.025,10.55,0
2.825,0.02169,-1e-05,0.60957,0.001,2.025,2.025,10.55,0
2.83,0.02169,-1e-05,0.60957,0.001,2.024,2.024,10.55,0
2.835,0.02169,-1e-05,0.60957,0.001,2.024,2.024,10.55,0
2.84,0.02169,-1e-05,0.60957,0.001,2.024,2.024,10.55,0
2.845,0.02169,-1e-05,0.60957,0.001,2.024,2.024,10.55,0
2.85,0.02169,-1e-05,0.60957,0.001,2.024,2.024,10.55,0
2.855,0.02168,-1e-05,0.60957,0.001,2.024,2.024,10.55,0
2.86,0.02168,-1e-05,0.60957,0.001,2.024,2.024,10.55,0
2.865,0.02168,-1e-05,0.60957,0.001,2.024,2.024,10.55,0
2.87,0.02168,-1e-05,0.60957,0.001,2.024,2.024,10.55,0
2.875,0.02168,-1e-05,0.60957,0.001,2.024,2.024,10.55,0
2.88,0.02168,-1e-05,0.60957,0.001,2.024,2.024,10.55,0
2.885,0.02168,-1e-05,0.60957,0.001,2.024,2.024,10.55,0
2.89,0.02168,-1e-05,0.60957,0.001,2.023,2.023,10.55,0
2.895,0.02168,-1e-05,0.60957,0.001,2.023,2.023,10.55,0
2.9,0.02168,-1e-05,0.60957,0.001,2.023,2.023,10.55,0
2.905,0.02168,-1e-05,0.60957,0.001,2.023,2.023,10.55,0
2.91,0.02168,-1e-05,0.60957,0.001,2.023,2.023,10.55,0
2.915,0.02168,-1e-05,0.60957,0.001,2.023,2.023,10.55,0
2.92,0.02168,-1e-05,0.60957,0.001,2.023,2.023,10.55,0
2.925,0.02168,-1e-05,0.60957,0.001,2.023,2.023,10.55,0
2.93,0.02168,-1e-05,0.60957,0.001,2.023,2.023,10.55,0
2.935,0.02168,-1e-05,0.60957,0.001,2.023,2.023,10.55,0
2.94,0.02168,-1e-05,0.60957,0.001,2.022,2.022,10.55,0
2.945,0.02168,-1e-05,0.60957,0.001,2.022,2.022,10.55,0
2.95,0.02168,-1e-05,0.60957,0.001,2.022,2.022,10.55,0
2.955,0.02168,-1e-05,0.60957,0.001,2.022,2.022,10.55,0
2.96,0.02168,-1e-05,0.60957,0.001,2.022,2.022,10.55,0
2.965,0.02168,-1e-05,0.60957,0.001,2.022,2.022,10.55,0
2.97,0.02168,-1e-05,0.60957,0.001,2.022,2.022,10.55,0
2.975,0.02168,-1e-05,0.60957,0.001,2.022,2.022,10.55,0
2.98,0.02168,-1e-05,0.60957,0.001,2.022,2.022,10.55,0
2.985,0.02168,-1e-05,0.60957,0.001,2.021,2.021,10.55,0
2.99,0.02168,-1e-05,0.60957,0.001,2.021,2.021,10.55,0
2.995,0.02168,-1e-05,0.60957,0.001,2.021,2.021,10.55,0
3.0,0.02167,-1e-05,0.60957,0.001,2.021,2.021,10.55,0
3.005,0.02167,2e-05,0.60957,0.002,2.021,2.021,10.55,1
3.01,0.02167,8e-05,0.60957,0.005,2.021,2.021,10.55,1
3.015,0.02167,0.00017,0.60957,0.008,2.021,2.021,10.55,1
3.02,0.02167,0.00029,0.60957,0.01,2.02,2.02,10.55,1
3.025,0.02167,0.00043,0.60957,0.013,2.02,2.02,10.55,1
3.03,0.02167,0.00059,0.60957,0.015,2.02,2.02,10.55,1
3.035,0.02167,0.00078,0.60957,0.016,2.02,2.02,10.55,1
3.04,0.02167,0.00098,0.60957,0.017,2.02,2.02,10.55,1
3.045,0.02167,0.00121,0.60957,0.017,2.02,2.02,10.55,1
3.05,0.02166,0.00145,0.60958,0.016,2.019,2.02,10.55,1
3.055,0.02166,0.00172,0.60958,0.015,2.019,2.019,10.55,1
3.06,0.02166,0.00201,0.60958,0.013,2.019,2.019,10.55,1
3.065,0.02166,0.00231,0.60958,0.01,2.019,2.019,10.55,1
3.07,0.02166,0.00263,0.60958,0.007,2.019,2.019,10.55,1
3.075,0.02165,0.00297,0.60958,0.004,2.019,2.019,10.55,1
3.08,0.02165,0.00332,0.60957,0.0,2.019,2.019,10.55,1
3.085,0.02165,0.00369,0.60957,-0.004,2.019,2.019,10.55,1
3.09,0.02164,0.00407,0.60957,-0.008,2.019,2.019,10.55,1
3.095,0.02164,0.00447,0.60957,-0.012,2.019,2.019,10.55,1
3.1,0.02163,0.00487,0.60957,-0.018,2.02,2.02,10.51,1
3.105,0.02162,0.00526,0.60956,-0.026,2.02,2.02,10.51,0
3.11,0.02161,0.00561,0.60956,-0.038,2.021,2.022,10.51,0
3.115,0.0216,0.00595,0.60955,-0.052,2.023,2.024,10.51,0
3.12,0.02159,0.00627,0.60954,-0.067,2.025,2.026,10.8,0
3.125,0.02158,0.00656,0.60954,-0.083,2.026,2.028,10.8,0
3.13,0.02156,0.00684,0.60953,-0.1,2.028,2.03,10.8,0
3.135,0.02155,0.0071,0.60953,-0.117,2.029,2.032,10.8,0
3.14,0.02154,0.00735,0.60953,-0.134,2.03,2.034,11.06,0
3.145,0.02153,0.00758,0.60953,-0.149,2.031,2.036,11.06,0
3.15,0.02152,0.00779,0.60953,-0.164,2.032,2.038,11.06,0
3.155,0.02151,0.00799,0.60953,-0.178,2.033,2.04,11.06,0
3.16,0.0215,0.00818,0.60953,-0.19,2.033,2.042,11.21,0
3.165,0.02149,0.00835,0.60953,-0.201,2.033,2.043,11.21,0
3.17,0.02149,0.00851,0.60953,-0.212,2.033,2.044,11.21,0
3.175,0.02148,0.00866,0.60953,-0.221,2.033,2.045,11.21,0
3.18,0.02147,0.00879,0.60953,-0.229,2.033,2.046,11.29,0
3.185,0.02146,0.00891,0.60953,-0.236,2.033,2.046,11.29,0
3.19,0.02146,0.00902,0.60953,-0.242,2.032,2.047,11.29,0
3.195,0.02145,0.00911,0.60953,-0.246,2.032,2.047,11.29,0
3.2,0.02145,0.00919,0.60953,-0.251,2.031,2.046,11.31,0
3.205,0.02144,0.00925,0.60953,-0.254,2.03,2.046,11.31,0
3.21,0.02143,0.0093,0.60953,-0.257,2.029,2.045,11.31,0
3.215,0.02143,0.00934,0.60954,-0.259,2.028,2.045,11.31,0
3.22,0.02142,0.00936,0.60954,-0.261,2.027,2.044,11.29,0
3.225,0.02142,0.00937,0.60954,-0.262,2.027,2.044,11.29,0
3.23,0.02141,0.00936,0.60954,-0.262,2.026,2.043,11.29,0
3.235,0.0214,0.00935,0.60954,-0.261,2.025,2.042,11.29,0
3.24,0.02139,0.00932,0.60954,-0.26,2.025,2.041,11.28,0
3.245,0.02139,0.00927,0.60954,-0.258,2.024,2.04,11.28,0
3.25,0.02138,0.00922,0.60953,-0.257,2.023,2.039,11.28,0
3.255,0.02137,0.00915,0.60953,-0.255,2.022,2.038,11.28,0
3.26,0.02136,0.00907,0.60953,-0.252,2.021,2.037,11.28,0
3.265,0.02135,0.00897,0.60953,-0.25,2.021,2.036,11.28,0
3.27,0.02135,0.00887,0.60953,-0.248,2.02,2.035,11.28,0
3.275,0.02134,0.00875,0.60953,-0.245,2.019,2.034,11.28,0
3.28,0.02133,0.00862,0.60954,-0.243,2.018,2.033,11.28,0
3.285,0.02132,0.00848,0.60954,-0.241,2.017,2.032,11.28,0
3.29,0.02131,0.00833,0.60954,-0.239,2.016,2.031,11.28,0
3.295,0.0213,0.00816,0.60954,-0.237,2.016,2.029,11.28,0
3.3,0.0213,0.00799,0.60954,-0.235,2.015,2.028,11.28,0
3.305,0.02129,0.00781,0.60954,-0.233,2.014,2.027,11.28,0
3.31,0.02128,0.00763,0.60955,-0.231,2.013,2.026,11.28,0
3.315,0.02127,0.00743,0.60955,-0.229,2.012,2.025,11.28,0
3.32,0.02127,0.00723,0.60955,-0.226,2.012,2.024,11.25,0
3.325,0.02126,0.00702,0.60955,-0.224,2.011,2.023,11.25,0
3.33,0.02125,0.0068,0.60955,-0.221,2.01,2.022,11.25,0
3.335,0.02125,0.00658,0.60955,-0.219,2.009,2.021,11.25,0
3.34,0.02124,0.00635,0.60956,-0.216,2.008,2.02,11.19,0
3.345,0.02124,0.00612,0.60956,-0.213,2.007,2.019,11.19,0
3.35,0.02123,0.00589,0.60956,-0.21,2.007,2.017,11.19,0
3.355,0.02122,0.00565,0.60956,-0.207,2.006,2.016,11.19,0
3.36,0.02122,0.00541,0.60956,-0.204,2.005,2.015,11.18,0
3.365,0.02121,0.00516,0.60957,-0.201,2.004,2.014,11.18,0
3.37,0.02121,0.00491,0.60957,-0.198,2.002,2.012,11.18,0
3.375,0.0212,0.00466,0.60957,-0.195,2.001,2.011,11.18,0
3.38,0.02119,0.00441,0.60957,-0.191,2.0,2.009,11.13,0
3.385,0.02119,0.00416,0.60958,-0.187,1.999,2.008,11.13,0
3.39,0.02118,0.00391,0.60958,-0.183,1.998,2.006,11.13,0
3.395,0.02118,0.00366,0.60958,-0.179,1.997,2.005,11.13,0
3.4,0.02117,0.00342,0.60958,-0.174,1.995,2.003,11.05,0
3.405,0.02116,0.00317,0.60958,-0.168,1.994,2.001,11.05,0
3.41,0.02116,0.00293,0.60958,-0.163,1.993,2.0,11.05,0
3.415,0.02115,0.00268,0.60959,-0.157,1.992,1.998,11.05,0
3.42,0.02114,0.00244,0.60959,-0.15,1.991,1.996,10.96,0
3.425,0.02114,0.00221,0.60959,-0.144,1.99,1.995,10.96,0
3.43,0.02113,0.00197,0.60959,-0.137,1.988,1.993,10.96,0
3.435,0.02112,0.00174,0.60959,-0.13,1.987,1.992,10.96,0
3.44,0.02111,0.00151,0.60959,-0.123,1.986,1.99,10.85,0
3.445,0.0211,0.00129,0.6096,-0.116,1.985,1.989,10.85,0
3.45,0.0211,0.00107,0.6096,-0.109,1.984,1.987,10.85,0
3.455,0.02109,0.00085,0.6096,-0.101,1.983,1.986,10.85,0
3.46,0.02108,0.00064,0.6096,-0.094,1.982,1.984,10.73,0
3.465,0.02107,0.00043,0.6096,-0.087,1.981,1.983,10.73,0
3.47,0.02106,0.00023,0.60961,-0.08,1.98,1.981,10.73,0
3.475,0.02105,3e-05,0.60961,-0.073,1.979,1.98,10.73,0
3.48,0.02105,-0.00017,0.60961,-0.067,1.977,1.979,10.63,0
3.485,0.02104,-0.00036,0.60961,-0.06,1.976,1.977,10.63,0
3.49,0.02103,-0.00054,0.60961,-0.054,1.975,1.976,10.63,0
3.495,0.02102,-0.00072,0.60961,-0.048,1.974,1.975,10.63,0
3.5,0.02101,-0.0009,0.60962,-0.042,1.973,1.973,10.54,0
3.505,0.021,-0.00106,0.60962,-0.036,1.972,1.972,10.54,0
3.51,0.02099,-0.00123,0.60962,-0.031,1.97,1.971,10.54,0
3.515,0.02098,-0.00138,0.60962,-0.026,1.969,1.969,10.54,0
3.52,0.02097,-0.00153,0.60962,-0.021,1.968,1.968,10.46,0
3.525,0.02097,-0.00167,0.60962,-0.016,1.967,1.967,10.46,0
3.53,0.02096,-0.00181,0.60963,-0.011,1.965,1.965,10.46,0
3.535,0.02095,-0.00194,0.60963,-0.007,1.964,1.964,10.46,0
3.54,0.02094,-0.00206,0.60963,-0.002,1.963,1.963,10.39,0
3.545,0.02093,-0.00218,0.60963,0.002,1.961,1.961,10.39,0
3.55,0.02092,-0.00229,0.60963,0.005,1.96,1.96,10.39,0
3.555,0.02091,-0.00239,0.60963,0.009,1.959,1.959,10.39,0
3.56,0.0209,-0.00249,0.60964,0.012,1.957,1.957,10.34,0
3.565,0.02089,-0.00257,0.60964,0.016,1.956,1.956,10.34,0
3.57,0.02089,-0.00266,0.60964,0.019,1.955,1.955,10.34,0
3.575,0.02088,-0.00273,0.60964,0.021,1.953,1.953,10.34,0
3.58,0.02087,-0.0028,0.60964,0.024,1.952,1.952,10.34,0
3.585,0.02086,-0.00286,0.60964,0.027,1.95,1.95,10.34,0
3.59,0.02085,-0.00291,0.60965,0.029,1.949,1.949,10.34,0
3.595,0.02084,-0.00296,0.60965,0.031,1.947,1.947,10.34,0
3.6,0.02084,-0.00299,0.60965,0.033,1.946,1.946,10.35,0
3.605,0.02083,-0.00303,0.60965,0.034,1.944,1.944,10.35,0
3.61,0.02082,-0.00305,0.60965,0.036,1.943,1.943,10.35,0
3.615,0.02081,-0.00307,0.60965,0.037,1.942,1.942,10.35,0
3.62,0.0208,-0.00308,0.60966,0.038,1.94,1.941,10.34,0
3.625,0.02079,-0.00309,0.60966,0.038,1.939,1.94,10.34,0
3.63,0.02078,-0.00309,0.60966,0.038,1.938,1.939,10.34,0
3.635,0.02077,-0.00308,0.60966,0.038,1.938,1.938,10.34,0
3.64,0.02076,-0.00308,0.60966,0.037,1.937,1.937,10.34,0
3.645,0.02075,-0.00306,0.60966,0.037,1.936,1.936,10.34,0
3.65,0.02074,-0.00304,0.60966,0.036,1.935,1.935,10.34,0
3.655,0.02073,-0.00302,0.60966,0.035,1.934,1.934,10.34,0
3.66,0.02072,-0.00299,0.60966,0.034,1.933,1.933,10.34,0
3.665,0.02072,-0.00296,0.60967,0.033,1.932,1.933,10.34,0
3.67,0.02071,-0.00292,0.60967,0.032,1.932,1.932,10.34,0
3.675,0.0207,-0.00287,0.60967,0.031,1.931,1.931,10.34,0
3.68,0.02069,-0.00283,0.60967,0.03,1.93,1.93,10.34,0
3.685,0.02068,-0.00277,0.60967,0.029,1.929,1.929,10.34,0
3.69,0.02068,-0.00272,0.60967,0.028,1.929,1.929,10.34,0
3.695,0.02067,-0.00265,0.60967,0.027,1.928,1.928,10.34,0
3.7,0.02066,-0.00259,0.60967,0.027,1.927,1.927,10.34,0
3.705,0.02066,-0.00252,0.60967,0.026,1.927,1.927,10.34,0
3.71,0.02065,-0.00245,0.60967,0.025,1.926,1.926,10.34,0
3.715,0.02065,-0.00237,0.60967,0.024,1.926,1.926,10.34,0
3.72,0.02064,-0.0023,0.60967,0.023,1.925,1.925,10.34,0
3.725,0.02064,-0.00222,0.60967,0.023,1.925,1.925,10.34,0
3.73,0.02063,-0.00214,0.60967,0.022,1.924,1.924,10.34,0
3.735,0.02063,-0.00205,0.60967,0.021,1.924,1.924,10.34,0
3.74,0.02063,-0.00197,0.60967,0.02,1.923,1.924,10.34,0
3.745,0.02062,-0.00188,0.60967,0.019,1.923,1.923,10.34,0
3.75,0.02062,-0.00179,0.60968,0.018,1.923,1.923,10.34,0
3.755,0.02062,-0.0017,0.60968,0.017,1.923,1.923,10.34,0
3.76,0.02062,-0.00161,0.60968,0.016,1.922,1.922,10.34,0
3.765,0.02062,-0.00152,0.60968,0.015,1.922,1.922,10.34,0
3.77,0.02061,-0.00143,0.60968,0.015,1.922,1.922,10.34,0
3.775,0.02061,-0.00134,0.60968,0.014,1.922,1.922,10.34,0
3.78,0.02061,-0.00125,0.60968,0.013,1.922,1.922,10.34,0
3.785,0.02061,-0.00116,0.60968,0.012,1.922,1.922,10.34,0
3.79,0.02061,-0.00107,0.60968,0.011,1.922,1.922,10.34,0
3.795,0.02061,-0.00098,0.60968,0.01,1.922,1.922,10.34,0
3.8,0.02061,-0.00089,0.60968,0.009,1.922,1.922,10.34,0
3.805,0.02062,-0.0008,0.60968,0.008,1.922,1.922,10.34,0
3.81,0.02062,-0.00072,0.60968,0.007,1.922,1.922,10.34,0
3.815,0.02062,-0.00063,0.60968,0.007,1.922,1.922,10.34,0
3.82,0.02062,-0.00055,0.60968,0.006,1.922,1.922,10.33,0
3.825,0.02062,-0.00047,0.60967,0.005,1.922,1.922,10.33,0
3.83,0.02062,-0.00039,0.60967,0.004,1.922,1.922,10.33,0
3.835,0.02063,-0.00031,0.60967,0.004,1.923,1.923,10.33,0
3.84,0.02063,-0.00023,0.60967,0.003,1.923,1.923,10.33,0
3.845,0.02063,-0.00016,0.60967,0.002,1.923,1.923,10.33,0
3.85,0.02064,-9e-05,0.60967,0.002,1.923,1.923,10.33,0
3.855,0.02064,-2e-05,0.60967,0.001,1.924,1.924,10.33,0
3.86,0.02064,5e-05,0.60967,0.0,1.924,1.924,10.33,0
3.865,0.02065,0.00011,0.60967,-0.0,1.924,1.924,10.33,0
3.87,0.02065,0.00018,0.60967,-0.001,1.925,1.925,10.33,0
3.875,0.02065,0.00023,0.60967,-0.001,1.925,1.925,10.33,0
3.88,0.02066,0.00029,0.60967,-0.002,1.925,1.925,10.33,0
3.885,0.02066,0.00034,0.60967,-0.002,1.926,1.926,10.33,0
3.89,0.02066,0.00039,0.60967,-0.003,1.926,1.926,10.33,0
3.895,0.02067,0.00044,0.60967,-0.003,1.926,1.926,10.33,0
3.9,0.02067,0.00049,0.60967,-0.003,1.927,1.927,10.33,0
3.905,0.02068,0.00053,0.60967,-0.004,1.927,1.927,10.33,0
3.91,0.02068,0.00057,0.60967,-0.004,1.927,1.927,10.33,0
3.915,0.02068,0.0006,0.60967,-0.004,1.928,1.928,10.33,0
3.92,0.02069,0.00063,0.60967,-0.005,1.928,1.928,10.33,0
3.925,0.02069,0.00066,0.60967,-0.005,1.929,1.929,10.33,0
3.93,0.0207,0.00069,0.60967,-0.005,1.929,1.929,10.33,0
3.935,0.0207,0.00071,0.60967,-0.005,1.929,1.929,10.33,0
3.94,0.0207,0.00073,0.60967,-0.005,1.93,1.93,10.33,0
3.945,0.02071,0.00075,0.60967,-0.006,1.93,1.93,10.33,0
3.95,0.02071,0.00076,0.60967,-0.006,1.93,1.93,10.33,0
3.955,0.02071,0.00077,0.60967,-0.006,1.931,1.931,10.33,0
3.96,0.02072,0.00078,0.60966,-0.006,1.931,1.931,10.33,0
3.965,0.02072,0.00078,0.60966,-0.006,1.931,1.931,10.33,0
3.97,0.02072,0.00079,0.60966,-0.006,1.932,1.932,10.33,0
3.975,0.02072,0.00079,0.60966,-0.005,1.932,1.932,10.33,0
3.98,0.02073,0.00078,0.60966,-0.005,1.932,1.932,10.33,0
3.985,0.02073,0.00078,0.60966,-0.005,1.932,1.932,10.33,0
3.99,0.02073,0.00077,0.60966,-0.004,1.933,1.933,10.33,0
3.995,0.02073,0.00076,0.60966,-0.003,1.933,1.933,10.33,0
4.0,0.02074,0.00075,0.60966,-0.002,1.933,1.933,10.33,0
4.005,0.02074,0.00074,0.60966,-0.001,1.933,1.933,10.33,0
4.01,0.02074,0.00073,0.60966,-0.0,1.933,1.933,10.33,0
4.015,0.02074,0.00072,0.60966,0.001,1.934,1.934,10.33,0
4.02,0.02074,0.0007,0.60966,0.002,1.934,1.934,10.33,0
4.025,0.02074,0.00069,0.60966,0.003,1.934,1.934,10.33,0
4.03,0.02075,0.00067,0.60966,0.003,1.934,1.934,10.33,0
4.035,0.02075,0.00065,0.60966,0.004,1.934,1.934,10.33,0
4.04,0.02075,0.00063,0.60966,0.004,1.934,1.934,10.33,0
4.045,0.02075,0.00061,0.60966,0.005,1.934,1.934,10.33,0
4.05,0.02075,0.00059,0.60966,0.005,1.934,1.934,10.33,0
4.055,0.02075,0.00056,0.60966,0.006,1.934,1.934,10.33,0
4.06,0.02075,0.00054,0.60966,0.006,1.934,1.934,10.33,0
4.065,0.02075,0.00052,0.60966,0.006,1.934,1.934,10.33,0
4.07,0.02075,0.00049,0.60966,0.007,1.934,1.934,10.33,0
4.075,0.02075,0.00046,0.60966,0.007,1.934,1.934,10.33,0
4.08,0.02075,0.00044,0.60966,0.007,1.934,1.934,10.33,0
4.085,0.02075,0.00041,0.60966,0.007,1.934,1.934,10.33,0
4.09,0.02074,0.00038,0.60966,0.008,1.934,1.934,10.33,0
4.095,0.02074,0.00036,0.60966,0.008,1.934,1.934,10.33,0
4.1,0.02074,0.00033,0.60966,0.008,1.934,1.934,10.33,0
4.105,0.02074,0.0003,0.60966,0.008,1.934,1.934,10.33,0
4.11,0.02074,0.00027,0.60966,0.009,1.934,1.934,10.33,0
4.115,0.02074,0.00025,0.60966,0.009,1.934,1.934,10.33,0
4.12,0.02074,0.00022,0.60966,0.009,1.934,1.934,10.33,0
4.125,0.02073,0.00019,0.60966,0.01,1.933,1.933,10.33,0
4.13,0.02073,0.00017,0.60966,0.01,1.933,1.933,10.33,0
4.135,0.02073,0.00014,0.60966,0.01,1.933,1.933,10.33,0
4.14,0.02073,0.00012,0.60966,0.01,1.933,1.933,10.33,0
4.145,0.02073,9e-05,0.60966,0.011,1.933,1.933,10.33,0
4.15,0.02073,7e-05,0.60966,0.011,1.933,1.933,10.33,0
4.155,0.02072,4e-05,0.60966,0.011,1.932,1.932,10.33,0
4.16,0.02072,2e-05,0.60966,0.011,1.932,1.932,10.33,0
4.165,0.02072,-0.0,0.60966,0.012,1.932,1.932,10.33,0
4.17,0.02072,-2e-05,0.60966,0.012,1.932,1.932,10.33,0
4.175,0.02071,-5e-05,0.60966,0.012,1.932,1.932,10.33,0
4.18,0.02071,-7e-05,0.60966,0.012,1.931,1.931,10.33,0
4.185,0.02071,-9e-05,0.60966,0.012,1.931,1.931,10.33,0
4.19,0.02071,-0.0001,0.60966,0.013,1.931,1.931,10.33,0
4.195,0.02071,-0.00012,0.60966,0.013,1.931,1.931,10.33,0
4.2,0.0207,-0.00014,0.60967,0.013,1.931,1.931,10.33,0
4.205,0.0207,-0.00015,0.60967,0.013,1.93,1.93,10.33,0
4.21,0.0207,-0.00017,0.60967,0.013,1.93,1.93,10.33,0
4.215,0.0207,-0.00018,0.60967,0.013,1.93,1.93,10.33,0
4.22,0.0207,-0.00019,0.60967,0.014,1.93,1.93,10.33,0
4.225,0.02069,-0.00021,0.60967,0.014,1.93,1.93,10.33,0
4.23,0.02069,-0.00022,0.60967,0.014,1.929,1.93,10.33,0
4.235,0.02069,-0.00023,0.60967,0.014,1.929,1.929,10.33,0
4.24,0.02069,-0.00023,0.60967,0.014,1.929,1.929,10.33,0
4.245,0.02069,-0.00024,0.60967,0.014,1.929,1.929,10.33,0
4.25,0.02069,-0.00025,0.60967,0.014,1.929,1.929,10.33,0
4.255,0.02068,-0.00025,0.60967,0.014,1.929,1.929,10.33,0
4.26,0.02068,-0.00026,0.60967,0.014,1.929,1.929,10.33,0
4.265,0.02068,-0.00026,0.60967,0.014,1.928,1.928,10.33,0
4.27,0.02068,-0.00026,0.60967,0.014,1.928,1.928,10.33,0
4.275,0.02068,-0.00026,0.60967,0.014,1.928,1.928,10.33,0
4.28,0.02068,-0.00026,0.60967,0.014,1.928,1.928,10.33,0
4.285,0.02068,-0.00026,0.60967,0.014,1.928,1.928,10.33,0
4.29,0.02068,-0.00026,0.60967,0.014,1.928,1.928,10.33,0
4.295,0.02068,-0.00026,0.60967,0.014,1.928,1.928,10.33,0
4.3,0.02067,-0.00026,0.60967,0.014,1.928,1.928,10.33,0
4.305,0.02067,-0.00025,0.60967,0.013,1.928,1.928,10.33,0
4.31,0.02067,-0.00025,0.60967,0.013,1.928,1.928,10.33,0
4.315,0.02067,-0.00025,0.60967,0.013,1.928,1.928,10.33,0
4.32,0.02067,-0.00024,0.60967,0.012,1.927,1.928,10.33,0
4.325,0.02067,-0.00024,0.60967,0.012,1.927,1.927,10.33,0
4.33,0.02067,-0.00023,0.60967,0.011,1.927,1.927,10.33,0
4.335,0.02067,-0.00023,0.60967,0.011,1.927,1.927,10.33,0
4.34,0.02067,-0.00022,0.60967,0.011,1.927,1.927,10.33,0
4.345,0.02067,-0.00022,0.60967,0.01,1.927,1.927,10.33,0
4.35,0.02067,-0.00021,0.60967,0.01,1.927,1.927,10.33,0
4.355,0.02067,-0.00021,0.60967,0.009,1.927,1.927,10.33,0
4.36,0.02067,-0.0002,0.60967,0.009,1.927,1.927,10.33,0
4.365,0.02067,-0.0002,0.60967,0.008,1.927,1.927,10.33,0
4.37,0.02067,-0.0002,0.60967,0.008,1.927,1.928,10.33,0
4.375,0.02068,-0.00019,0.60967,0.007,1.928,1.928,10.33,0
4.38,0.02068,-0.00019,0.60967,0.007,1.928,1.928,10.33,0
4.385,0.02068,-0.00018,0.60967,0.007,1.928,1.928,10.33,0
4.39,0.02068,-0.00018,0.60967,0.006,1.928,1.928,10.33,0
4.395,0.02068,-0.00018,0.60967,0.006,1.928,1.928,10.33,0
4.4,0.02068,-0.00017,0.60967,0.006,1.928,1.928,10.33,0
4.405,0.02068,-0.00017,0.60967,0.006,1.928,1.928,10.33,0
4.41,0.02068,-0.00017,0.60967,0.005,1.928,1.928,10.33,0
4.415,0.02068,-0.00017,0.60967,0.005,1.928,1.928,10.33,0
4.42,0.02068,-0.00017,0.60967,0.005,1.928,1.928,10.33,0
4.425,0.02068,-0.00017,0.60967,0.005,1.928,1.928,10.33,0
4.43,0.02068,-0.00017,0.60967,0.005,1.928,1.928,10.33,0
4.435,0.02069,-0.00016,0.60967,0.005,1.928,1.928,10.33,0
4.44,0.02069,-0.00016,0.60967,0.005,1.928,1.928,10.33,0
4.445,0.02069,-0.00017,0.60967,0.005,1.929,1.929,10.33,0
4.45,0.02069,-0.00017,0.60967,0.005,1.929,1.929,10.33,0
4.455,0.02069,-0.00017,0.60967,0.005,1.929,1.929,10.33,0
4.46,0.02069,-0.00017,0.60967,0.005,1.929,1.929,10.33,0
4.465,0.02069,-0.00017,0.60967,0.005,1.929,1.929,10.33,0
4.47,0.02069,-0.00017,0.60967,0.005,1.929,1.929,10.33,0
4.475,0.02069,-0.00017,0.60967,0.006,1.929,1.929,10.33,0
4.48,0.02069,-0.00017,0.60967,0.006,1.929,1.929,10.33,0
4.485,0.02069,-0.00018,0.60967,0.006,1.929,1.929,10.33,0
4.49,0.0207,-0.00018,0.60967,0.006,1.929,1.929,10.33,0
4.495,0.0207,-0.00018,0.60967,0.006,1.929,1.929,10.33,0
4.5,0.0207,-0.00018,0.60967,0.007,1.929,1.93,10.33,0
4.505,0.0207,-0.00018,0.60967,0.007,1.93,1.93,10.33,0
4.51,0.0207,-0.00019,0.60967,0.007,1.93,1.93,10.33,0
4.515,0.0207,-0.00019,0.60967,0.007,1.93,1.93,10.33,0
4.52,0.0207,-0.00019,0.60967,0.007,1.93,1.93,10.33,0
4.525,0.0207,-0.00019,0.60967,0.008,1.93,1.93,10.33,0
4.53,0.0207,-0.00019,0.60967,0.008,1.93,1.93,10.33,0
4.535,0.0207,-0.0002,0.60967,0.008,1.93,1.93,10.33,0
4.54,0.0207,-0.0002,0.60967,0.008,1.93,1.93,10.33,0
4.545,0.0207,-0.0002,0.60967,0.008,1.93,1.93,10.33,0
4.55,0.0207,-0.0002,0.60966,0.008,1.93,1.93,10.33,0
4.555,0.0207,-0.0002,0.60966,0.009,1.93,1.93,10.33,0
4.56,0.0207,-0.00021,0.60966,0.009,1.93,1.93,10.33,0
4.565,0.0207,-0.00021,0.60966,0.009,1.93,1.93,10.33,0
4.57,0.0207,-0.00021,0.60966,0.009,1.93,1.93,10.33,0
4.575,0.02071,-0.00021,0.60966,0.009,1.93,1.93,10.33,0
4.58,0.02071,-0.00021,0.60966,0.009,1.93,1.93,10.33,0
4.585,0.02071,-0.00021,0.60966,0.009,1.93,1.93,10.33,0
4.59,0.02071,-0.00021,0.60966,0.009,1.93,1.93,10.33,0
4.595,0.02071,-0.00021,0.60966,0.009,1.93,1.93,10.33,0
4.6,0.02071,-0.00021,0.60966,0.009,1.93,1.93,10.33,0
4.605,0.02071,-0.00021,0.60966,0.009,1.93,1.93,10.33,0
4.61,0.02071,-0.00021,0.60966,0.009,1.93,1.93,10.33,0
4.615,0.02071,-0.00021,0.60966,0.009,1.93,1.93,10.33,0
4.62,0.0207,-0.00021,0.60966,0.009,1.93,1.93,10.33,0
4.625,0.0207,-0.00021,0.60966,0.009,1.93,1.93,10.33,0
4.63,0.0207,-0.00021,0.60966,0.009,1.93,1.93,10.33,0
4.635,0.0207,-0.00021,0.60966,0.009,1.93,1.93,10.33,0
4.64,0.0207,-0.00021,0.60966,0.009,1.93,1.93,10.33,0
4.645,0.0207,-0.00021,0.60967,0.009,1.93,1.93,10.33,0
4.65,0.0207,-0.00021,0.60967,0.009,1.93,1.93,10.33,0
4.655,0.0207,-0.00021,0.60967,0.009,1.93,1.93,10.33,0
4.66,0.0207,-0.00021,0.60967,0.009,1.93,1.93,10.33,0
4.665,0.0207,-0.0002,0.60967,0.009,1.93,1.93,10.33,0
4.67,0.0207,-0.0002,0.60967,0.009,1.93,1.93,10.33,0
4.675,0.0207,-0.0002,0.60967,0.008,1.93,1.93,10.33,0
4.68,0.0207,-0.0002,0.60967,0.008,1.93,1.93,10.33,0
4.685,0.0207,-0.0002,0.60967,0.008,1.93,1.93,10.33,0
4.69,0.0207,-0.0002,0.60967,0.008,1.93,1.93,10.33,0
4.695,0.0207,-0.0002,0.60967,0.008,1.93,1.93,10.33,0
4.7,0.0207,-0.0002,0.60967,0.008,1.93,1.93,10.33,0
4.705,0.0207,-0.0002,0.60967,0.008,1.93,1.93,10.33,0
4.71,0.0207,-0.0002,0.60967,0.008,1.93,1.93,10.33,0
4.715,0.0207,-0.0002,0.60967,0.008,1.93,1.93,10.33,0
4.72,0.0207,-0.0002,0.60967,0.008,1.93,1.93,10.33,0
4.725,0.0207,-0.0002,0.60967,0.008,1.929,1.929,10.33,0
4.73,0.02069,-0.0002,0.60967,0.008,1.929,1.929,10.33,0
4.735,0.02069,-0.0002,0.60967,0.008,1.929,1.929,10.33,0
4.74,0.02069,-0.0002,0.60967,0.008,1.929,1.929,10.33,0
4.745,0.02069,-0.00019,0.60967,0.008,1.929,1.929,10.33,0
4.75,0.02069,-0.00019,0.60967,0.008,1.929,1.929,10.33,0
4.755,0.02069,-0.00019,0.60967,0.008,1.929,1.929,10.33,0
4.76,0.02069,-0.00019,0.60967,0.008,1.929,1.929,10.33,0
4.765,0.02069,-0.00019,0.60967,0.008,1.929,1.929,10.33,0
4.77,0.02069,-0.00019,0.60967,0.008,1.929,1.929,10.33,0
4.775,0.02069,-0.00019,0.60967,0.008,1.929,1.929,10.33,0
4.78,0.02069,-0.0002,0.60967,0.008,1.929,1.929,10.33,0
4.785,0.02069,-0.0002,0.60967,0.008,1.929,1.929,10.33,0
4.79,0.02069,-0.0002,0.60967,0.008,1.929,1.929,10.33,0
4.795,0.02069,-0.0002,0.60967,0.008,1.929,1.929,10.33,0
4.8,0.02069,-0.0002,0.60967,0.008,1.929,1.929,10.33,0
4.805,0.02069,-0.0002,0.60967,0.008,1.929,1.929,10.33,0
4.81,0.02069,-0.0002,0.60967,0.008,1.929,1.929,10.33,0
4.815,0.02069,-0.0002,0.60967,0.008,1.929,1.929,10.33,0
4.82,0.02069,-0.0002,0.60967,0.008,1.929,1.929,10.33,0
4.825,0.02069,-0.0002,0.60967,0.008,1.929,1.929,10.33,0
4.83,0.02069,-0.0002,0.60967,0.008,1.929,1.929,10.33,0
4.835,0.02069,-0.0002,0.60967,0.008,1.928,1.929,10.33,0
4.84,0.02069,-0.0002,0.60967,0.008,1.928,1.928,10.33,0
4.845,0.02069,-0.0002,0.60967,0.008,1.928,1.928,10.33,0
4.85,0.02069,-0.0002,0.60967,0.008,1.928,1.928,10.33,0
4.855,0.02069,-0.0002,0.60967,0.008,1.928,1.928,10.33,0
4.86,0.02069,-0.0002,0.60967,0.008,1.928,1.928,10.33,0
4.865,0.02069,-0.0002,0.60967,0.008,1.928,1.928,10.33,0
4.87,0.02069,-0.0002,0.60967,0.008,1.928,1.928,10.33,0
4.875,0.02069,-0.0002,0.60967,0.008,1.928,1.928,10.33,0
4.88,0.02069,-0.0002,0.60967,0.008,1.928,1.928,10.33,0
4.885,0.02069,-0.0002,0.60967,0.008,1.928,1.928,10.33,0
4.89,0.02069,-0.0002,0.60967,0.008,1.928,1.928,10.33,0
4.895,0.02069,-0.0002,0.60967,0.008,1.928,1.928,10.33,0
4.9,0.02069,-0.0002,0.60967,0.008,1.928,1.928,10.33,0
4.905,0.02069,-0.0002,0.60967,0.008,1.928,1.928,10.33,0
4.91,0.02069,-0.0002,0.60967,0.008,1.928,1.928,10.33,0
4.915,0.02069,-0.0002,0.60967,0.008,1.928,1.928,10.33,0
4.92,0.02069,-0.0002,0.60967,0.008,1.928,1.928,10.33,0
4.925,0.02069,-0.0002,0.60967,0.009,1.928,1.928,10.33,0
4.93,0.02069,-0.0002,0.60967,0.009,1.928,1.928,10.33,0
4.935,0.02069,-0.0002,0.60967,0.009,1.928,1.928,10.33,0
4.94,0.02069,-0.0002,0.60967,0.009,1.928,1.928,10.33,0
4.945,0.02069,-0.0002,0.60967,0.009,1.928,1.928,10.33,0
4.95,0.02069,-0.0002,0.60967,0.009,1.928,1.928,10.33,0
4.955,0.02069,-0.0002,0.60967,0.008,1.928,1.928,10.33,0
4.96,0.02069,-0.0002,0.60967,0.008,1.928,1.929,10.33,0
4.965,0.02069,-0.0002,0.60967,0.008,1.929,1.929,10.33,0
4.97,0.02069,-0.0002,0.60967,0.008,1.929,1.929,10.33,0
4.975,0.02069,-0.0002,0.60967,0.008,1.929,1.929,10.33,0
4.98,0.02069,-0.0002,0.60967,0.008,1.929,1.929,10.33,0
4.985,0.02069,-0.0002,0.60967,0.008,1.929,1.929,10.33,0
4.99,0.02069,-0.0002,0.60967,0.008,1.929,1.929,10.33,0
4.995,0.02069,-0.0002,0.60967,0.008,1.929,1.929,10.33,0
5.0,0.02069,-0.0002,0.60967,0.008,1.929,1.929,10.33,0
5.005,0.02069,-0.0002,0.60967,0.008,1.929,1.929,10.33,0
5.01,0.02069,-0.0002,0.60967,0.008,1.929,1.929,10.33,0
5.015,0.02069,-0.0002,0.60967,0.008,1.929,1.929,10.33,0
5.02,0.02069,-0.0002,0.60967,0.008,1.929,1.929,10.33,0
5.025,0.02069,-0.0002,0.60967,0.008,1.929,1.929,10.33,0
5.03,0.02069,-0.0002,0.60967,0.008,1.929,1.929,10.33,0
5.035,0.02069,-0.0002,0.60967,0.008,1.929,1.929,10.33,0
5.04,0.02069,-0.0002,0.60967,0.008,1.929,1.929,10.33,0
5.045,0.02069,-0.0002,0.60967,0.008,1.929,1.929,10.33,0
5.05,0.02069,-0.0002,0.60967,0.008,1.929,1.929,10.33,0
5.055,0.02069,-0.0002,0.60967,0.008,1.929,1.929,10.33,0
5.06,0.02069,-0.0002,0.60967,0.008,1.929,1.929,10.33,0
5.065,0.02069,-0.0002,0.60967,0.008,1.929,1.929,10.33,0
5.07,0.02069,-0.0002,0.60967,0.008,1.929,1.929,10.33,0
5.075,0.02069,-0.0002,0.60967,0.008,1.929,1.929,10.33,0
5.08,0.02069,-0.0002,0.60967,0.008,1.929,1.929,10.33,0
5.085,0.02069,-0.0002,0.60967,0.008,1.929,1.929,10.33,0
5.09,0.02069,-0.0002,0.60967,0.008,1.929,1.929,10.33,0
5.095,0.02069,-0.0002,0.60967,0.008,1.929,1.929,10.33,0
5.1,0.02069,-0.0002,0.60967,0.008,1.929,1.929,10.33,0
5.105,0.02069,-0.0002,0.60967,0.008,1.929,1.929,10.33,0
5.11,0.02069,-0.0002,0.60967,0.008,1.929,1.929,10.33,0
5.115,0.02069,-0.0002,0.60967,0.008,1.929,1.929,10.33,0
5.12,0.02069,-0.0002,0.60967,0.008,1.929,1.929,10.33,0
5.125,0.02069,-0.0002,0.60967,0.008,1.929,1.929,10.33,0
5.13,0.02069,-0.0002,0.60967,0.008,1.929,1.929,10.33,0
5.135,0.02069,-0.0002,0.60967,0.008,1.929,1.929,10.33,0
5.14,0.02069,-0.0002,0.60967,0.008,1.929,1.929,10.33,0
5.145,0.02069,-0.0002,0.60967,0.008,1.929,1.929,10.33,0
5.15,0.02069,-0.0002,0.60967,0.008,1.929,1.929,10.33,0
5.155,0.02069,-0.0002,0.60967,0.008,1.929,1.929,10.33,0
5.16,0.02069,-0.0002,0.60967,0.008,1.929,1.929,10.33,0
5.165,0.02069,-0.0002,0.60967,0.008,1.929,1.929,10.33,0
5.17,0.02069,-0.00021,0.60967,0.008,1.929,1.929,10.33,0
5.175,0.02069,-0.00021,0.60967,0.008,1.929,1.929,10.33,0
5.18,0.02069,-0.00021,0.60967,0.008,1.929,1.929,10.33,0
5.185,0.02069,-0.00021,0.60967,0.009,1.929,1.929,10.33,0
5.19,0.02069,-0.00021,0.60967,0.009,1.929,1.929,10.33,0
5.195,0.02069,-0.00021,0.60967,0.009,1.929,1.929,10.33,0
5.2,0.02069,-0.00021,0.60967,0.009,1.929,1.929,10.33,0
5.205,0.02069,-0.00021,0.60967,0.009,1.929,1.929,10.33,0
5.21,0.02069,-0.00021,0.60967,0.009,1.929,1.929,10.33,0
5.215,0.02069,-0.00021,0.60967,0.009,1.929,1.929,10.33,0
5.22,0.02069,-0.00021,0.60967,0.009,1.928,1.929,10.33,0
5.225,0.02069,-0.00021,0.60967,0.009,1.928,1.928,10.33,0
5.23,0.02069,-0.00021,0.60967,0.009,1.928,1.928,10.33,0
5.235,0.02069,-0.00021,0.60967,0.009,1.928,1.928,10.33,0
5.24,0.02069,-0.00021,0.60967,0.009,1.928,1.928,10.33,0
5.245,0.02069,-0.00021,0.60967,0.009,1.928,1.928,10.33,0
5.25,0.02069,-0.00021,0.60967,0.009,1.928,1.928,10.33,0
5.255,0.02069,-0.00021,0.60967,0.009,1.928,1.928,10.33,0
5.26,0.02069,-0.00021,0.60967,0.009,1.928,1.928,10.33,0
5.265,0.02069,-0.00021,0.60967,0.009,1.928,1.928,10.33,0
5.27,0.02069,-0.00021,0.60967,0.009,1.928,1.928,10.33,0
5.275,0.02069,-0.00021,0.60967,0.009,1.928,1.928,10.33,0
5.28,0.02069,-0.00021,0.60967,0.009,1.928,1.928,10.33,0
5.285,0.02069,-0.00021,0.60967,0.009,1.928,1.928,10.33,0
5.29,0.02069,-0.00021,0.60967,0.009,1.928,1.928,10.33,0
5.295,0.02069,-0.00021,0.60967,0.009,1.928,1.928,10.33,0
5.3,0.02069,-0.00021,0.60967,0.009,1.928,1.928,10.33,0
5.305,0.02069,-0.00021,0.60967,0.009,1.928,1.928,10.33,0
5.31,0.02069,-0.00021,0.60967,0.009,1.928,1.928,10.33,0
5.315,0.02069,-0.00021,0.60967,0.009,1.928,1.928,10.33,0
5.32,0.02069,-0.00021,0.60967,0.009,1.928,1.928,10.33,0
5.325,0.02068,-0.00021,0.60967,0.009,1.928,1.928,10.33,0
5.33,0.02068,-0.00021,0.60967,0.009,1.928,1.928,10.33,0
5.335,0.02068,-0.00021,0.60967,0.009,1.928,1.928,10.33,0
5.34,0.02068,-0.00021,0.60967,0.009,1.928,1.928,10.33,0
5.345,0.02068,-0.00021,0.60967,0.009,1.928,1.928,10.33,0
5.35,0.02068,-0.00021,0.60967,0.009,1.928,1.928,10.33,0
5.355,0.02068,-0.00021,0.60967,0.009,1.928,1.928,10.33,0
5.36,0.02068,-0.00021,0.60967,0.009,1.928,1.928,10.33,0
5.365,0.02068,-0.00021,0.60967,0.009,1.928,1.928,10.33,0
5.37,0.02068,-0.00021,0.60967,0.009,1.928,1.928,10.33,0
5.375,0.02068,-0.00021,0.60967,0.009,1.928,1.928,10.33,0
5.38,0.02068,-0.00021,0.60967,0.009,1.928,1.928,10.33,0
5.385,0.02068,-0.00021,0.60967,0.009,1.928,1.928,10.33,0
5.39,0.02068,-0.00021,0.60967,0.009,1.928,1.928,10.33,0
5.395,0.02068,-0.00021,0.60967,0.009,1.928,1.928,10.33,0
5.4,0.02068,-0.00021,0.60967,0.009,1.927,1.928,10.33,0
5.405,0.02068,-0.00021,0.60967,0.009,1.927,1.927,10.33,0
5.41,0.02068,-0.00021,0.60967,0.009,1.927,1.927,10.33,0
5.415,0.02068,-0.00021,0.60967,0.009,1.927,1.927,10.33,0
5.42,0.02068,-0.00021,0.60967,0.009,1.927,1.927,10.33,0
5.425,0.02068,-0.00021,0.60967,0.009,1.927,1.927,10.33,0
5.43,0.02068,-0.00021,0.60967,0.009,1.927,1.927,10.33,0
5.435,0.02068,-0.00021,0.60967,0.009,1.927,1.927,10.33,0
5.44,0.02068,-0.00021,0.60967,0.009,1.927,1.927,10.33,0
5.445,0.02068,-0.00021,0.60967,0.009,1.927,1.927,10.33,0
5.45,0.02068,-0.00021,0.60967,0.009,1.927,1.927,10.33,0
5.455,0.02068,-0.00021,0.60967,0.009,1.927,1.927,10.33,0
5.46,0.02068,-0.00021,0.60967,0.009,1.927,1.927,10.33,0
5.465,0.02068,-0.00021,0.60967,0.009,1.927,1.927,10.33,0
5.47,0.02068,-0.00021,0.60967,0.009,1.927,1.927,10.33,0
5.475,0.02068,-0.00021,0.60967,0.009,1.927,1.927,10.33,0
5.48,0.02068,-0.00021,0.60967,0.009,1.927,1.927,10.33,0
5.485,0.02068,-0.00021,0.60967,0.009,1.927,1.927,10.33,0
5.49,0.02068,-0.00021,0.60967,0.009,1.927,1.927,10.33,0
5.495,0.02068,-0.00021,0.60967,0.009,1.927,1.927,10.33,0
5.5,0.02068,-0.00021,0.60967,0.009,1.927,1.927,10.33,0
5.505,0.02068,-0.00021,0.60967,0.009,1.927,1.927,10.33,0
5.51,0.02068,-0.00021,0.60967,0.009,1.927,1.927,10.33,0
5.515,0.02068,-0.00021,0.60967,0.009,1.927,1.927,10.33,0
5.52,0.02068,-0.00021,0.60967,0.009,1.927,1.927,10.33,0
5.525,0.02068,-0.00021,0.60967,0.009,1.927,1.927,10.33,0
5.53,0.02068,-0.00021,0.60967,0.009,1.927,1.927,10.33,0
5.535,0.02068,-0.00021,0.60967,0.009,1.927,1.927,10.33,0
5.54,0.02068,-0.00021,0.60967,0.009,1.927,1.927,10.33,0
5.545,0.02068,-0.00021,0.60967,0.009,1.927,1.927,10.33,0
5.55,0.02068,-0.00021,0.60967,0.009,1.927,1.927,10.33,0
5.555,0.02068,-0.00021,0.60967,0.009,1.927,1.927,10.33,0
5.56,0.02068,-0.00021,0.60967,0.009,1.927,1.927,10.33,0
5.565,0.02068,-0.00021,0.60967,0.009,1.927,1.927,10.33,0
5.57,0.02068,-0.00021,0.60967,0.009,1.927,1.927,10.33,0
5.575,0.02068,-0.00021,0.60967,0.009,1.927,1.927,10.33,0
5.58,0.02068,-0.00021,0.60967,0.009,1.927,1.927,10.33,0
5.585,0.02068,-0.00021,0.60967,0.009,1.927,1.927,10.33,0
5.59,0.02068,-0.00021,0.60967,0.009,1.927,1.927,10.33,0
5.595,0.02068,-0.00021,0.60967,0.009,1.927,1.927,10.33,0
5.6,0.02068,-0.00021,0.60967,0.009,1.927,1.927,10.33,0
5.605,0.02068,-0.00021,0.60967,0.009,1.927,1.927,10.33,0
5.61,0.02068,-0.00021,0.60967,0.009,1.927,1.927,10.33,0
5.615,0.02068,-0.00021,0.60967,0.009,1.927,1.927,10.33,0
5.62,0.02068,-0.00021,0.60967,0.009,1.927,1.927,10.33,0
5.625,0.02068,-0.00021,0.60967,0.009,1.927,1.927,10.33,0
5.63,0.02068,-0.00021,0.60967,0.009,1.927,1.927,10.33,0
5.635,0.02068,-0.00021,0.60967,0.009,1.927,1.927,10.33,0
5.64,0.02068,-0.00021,0.60967,0.009,1.927,1.927,10.33,0
5.645,0.02068,-0.00021,0.60967,0.009,1.927,1.927,10.33,0
5.65,0.02068,-0.00021,0.60967,0.009,1.926,1.927,10.33,0
5.655,0.02068,-0.00021,0.60967,0.009,1.926,1.926,10.33,0
5.66,0.02068,-0.00021,0.60967,0.009,1.926,1.926,10.33,0
5.665,0.02068,-0.00021,0.60967,0.009,1.926,1.926,10.33,0
5.67,0.02068,-0.00021,0.60967,0.009,1.926,1.926,10.33,0
5.675,0.02068,-0.00021,0.60967,0.009,1.926,1.926,10.33,0
5.68,0.02068,-0.00021,0.60967,0.009,1.926,1.926,10.33,0
5.685,0.02068,-0.00021,0.60967,0.009,1.926,1.926,10.33,0
5.69,0.02068,-0.00021,0.60967,0.009,1.926,1.926,10.33,0
5.695,0.02068,-0.00021,0.60967,0.009,1.926,1.926,10.33,0
5.7,0.02068,-0.00021,0.60967,0.009,1.926,1.926,10.33,0
5.705,0.02068,-0.00021,0.60967,0.009,1.926,1.926,10.33,0
5.71,0.02068,-0.00021,0.60967,0.009,1.926,1.926,10.33,0
5.715,0.02068,-0.00021,0.60967,0.009,1.926,1.926,10.33,0
5.72,0.02068,-0.00021,0.60967,0.009,1.926,1.926,10.33,0
5.725,0.02068,-0.00021,0.60967,0.009,1.926,1.926,10.33,0
5.73,0.02068,-0.00021,0.60967,0.009,1.926,1.926,10.33,0
5.735,0.02068,-0.00021,0.60967,0.009,1.926,1.926,10.33,0
5.74,0.02068,-0.00021,0.60967,0.009,1.926,1.926,10.33,0
5.745,0.02068,-0.00021,0.60967,0.009,1.926,1.926,10.33,0
5.75,0.02068,-0.00021,0.60967,0.009,1.926,1.926,10.33,0
5.755,0.02068,-0.00021,0.60967,0.009,1.926,1.926,10.33,0
5.76,0.02068,-0.00021,0.60967,0.009,1.926,1.926,10.33,0
5.765,0.02068,-0.00021,0.60967,0.009,1.926,1.926,10.33,0
5.77,0.02068,-0.00021,0.60967,0.009,1.926,1.926,10.33,0
5.775,0.02068,-0.00021,0.60967,0.009,1.926,1.926,10.33,0
5.78,0.02068,-0.00021,0.60967,0.009,1.926,1.926,10.33,0
5.785,0.02068,-0.00021,0.60967,0.009,1.926,1.926,10.33,0
5.79,0.02068,-0.00021,0.60967,0.009,1.926,1.926,10.33,0
5.795,0.02068,-0.00021,0.60967,0.009,1.926,1.926,10.33,0
5.8,0.02068,-0.00021,0.60967,0.009,1.926,1.926,10.33,0
5.805,0.02068,-0.00021,0.60967,0.009,1.926,1.926,10.33,0
5.81,0.02068,-0.00021,0.60967,0.009,1.926,1.926,10.33,0
5.815,0.02068,-0.00021,0.60967,0.009,1.926,1.926,10.33,0
5.82,0.02068,-0.00021,0.60967,0.009,1.926,1.926,10.33,0
5.825,0.02068,-0.00021,0.60967,0.009,1.926,1.926,10.33,0
5.83,0.02068,-0.00021,0.60967,0.009,1.926,1.926,10.33,0
5.835,0.02068,-0.00021,0.60967,0.009,1.926,1.926,10.33,0
5.84,0.02068,-0.00021,0.60967,0.009,1.926,1.926,10.33,0
5.845,0.02068,-0.00021,0.60967,0.009,1.926,1.926,10.33,0
5.85,0.02068,-0.00021,0.60967,0.009,1.926,1.926,10.33,0
5.855,0.02068,-0.00021,0.60967,0.009,1.926,1.926,10.33,0
5.86,0.02068,-0.00021,0.60967,0.009,1.926,1.926,10.33,0
5.865,0.02068,-0.00021,0.60967,0.009,1.926,1.926,10.33,0
5.87,0.02068,-0.00021,0.60967,0.009,1.926,1.926,10.33,0
5.875,0.02067,-0.00021,0.60967,0.009,1.926,1.926,10.33,0
5.88,0.02067,-0.00021,0.60967,0.009,1.926,1.926,10.33,0
5.885,0.02067,-0.00021,0.60967,0.009,1.926,1.926,10.33,0
5.89,0.02067,-0.00021,0.60967,0.009,1.926,1.926,10.33,0
5.895,0.02067,-0.00021,0.60967,0.009,1.926,1.926,10.33,0
5.9,0.02067,-0.00021,0.60967,0.009,1.926,1.926,10.33,0
5.905,0.02067,-0.00021,0.60967,0.009,1.926,1.926,10.33,0
5.91,0.02067,-0.00021,0.60967,0.009,1.925,1.926,10.33,0
5.915,0.02067,-0.00021,0.60967,0.009,1.925,1.926,10.33,0
5.92,0.02067,-0.00021,0.60967,0.009,1.925,1.925,10.33,0
5.925,0.02067,-0.00021,0.60967,0.009,1.925,1.925,10.33,0
5.93,0.02067,-0.00021,0.60967,0.009,1.925,1.925,10.33,0
5.935,0.02067,-0.00021,0.60967,0.009,1.925,1.925,10.33,0
5.94,0.02067,-0.00021,0.60967,0.009,1.925,1.925,10.33,0
5.945,0.02067,-0.00021,0.60967,0.009,1.925,1.925,10.33,0
5.95,0.02067,-0.00021,0.60967,0.009,1.925,1.925,10.33,0
5.955,0.02067,-0.00021,0.60967,0.009,1.925,1.925,10.33,0
5.96,0.02067,-0.00021,0.60967,0.009,1.925,1.925,10.33,0
5.965,0.02067,-0.00021,0.60967,0.009,1.925,1.925,10.33,0
5.97,0.02067,-0.00021,0.60967,0.009,1.925,1.925,10.33,0
5.975,0.02067,-0.00021,0.60967,0.009,1.925,1.925,10.33,0
5.98,0.02067,-0.00021,0.60967,0.009,1.925,1.925,10.33,0
5.985,0.02067,-0.00021,0.60967,0.009,1.925,1.925,10.33,0
5.99,0.02067,-0.00021,0.60967,0.009,1.925,1.925,10.33,0
5.995,0.02067,-0.00021,0.60967,0.009,1.925,1.925,10.33,0
6.0,0.02067,-0.00021,0.60967,0.009,1.925,1.925,10.33,0
6.005,0.02067,-0.00021,0.60967,0.009,1.925,1.925,10.33,0
6.01,0.02067,-0.00021,0.60967,0.009,1.925,1.925,10.33,0
6.015,0.02067,-0.00021,0.60967,0.009,1.925,1.925,10.33,0
6.02,0.02067,-0.00021,0.60967,0.009,1.925,1.925,10.33,0
6.025,0.02067,-0.00021,0.60967,0.009,1.925,1.925,10.33,0
6.03,0.02067,-0.00021,0.60967,0.009,1.925,1.925,10.33,0
6.035,0.02067,-0.00021,0.60967,0.009,1.925,1.925,10.33,0
6.04,0.02067,-0.00021,0.60967,0.009,1.925,1.925,10.33,0
6.045,0.02067,-0.00021,0.60967,0.009,1.925,1.925,10.33,0
6.05,0.02067,-0.00021,0.60967,0.009,1.925,1.925,10.33,0
6.055,0.02067,-0.00021,0.60967,0.009,1.925,1.925,10.33,0
6.06,0.02067,-0.00021,0.60967,0.009,1.925,1.925,10.33,0
6.065,0.02067,-0.00021,0.60967,0.009,1.925,1.925,10.33,0
6.07,0.02067,-0.00021,0.60967,0.009,1.925,1.925,10.33,0
6.075,0.02067,-0.00021,0.60967,0.009,1.925,1.925,10.33,0
6.08,0.02067,-0.00021,0.60967,0.009,1.925,1.925,10.33,0
6.085,0.02067,-0.00021,0.60967,0.009,1.925,1.925,10.33,0
6.09,0.02067,-0.00021,0.60967,0.009,1.925,1.925,10.33,0
6.095,0.02067,-0.00021,0.60967,0.009,1.925,1.925,10.33,0
6.1,0.02067,-0.00021,0.60967,0.009,1.925,1.925,10.33,0
6.105,0.02067,-0.00021,0.60967,0.009,1.925,1.925,10.33,0
6.11,0.02067,-0.00021,0.60967,0.009,1.925,1.925,10.33,0
6.115,0.02067,-0.00021,0.60967,0.009,1.925,1.925,10.33,0
6.12,0.02067,-0.00021,0.60967,0.009,1.925,1.925,10.33,0
6.125,0.02067,-0.00021,0.60967,0.009,1.925,1.925,10.33,0
6.13,0.02067,-0.00021,0.60967,0.009,1.925,1.925,10.33,0
6.135,0.02067,-0.00021,0.60967,0.009,1.925,1.925,10.33,0
6.14,0.02067,-0.00021,0.60967,0.009,1.925,1.925,10.33,0
6.145,0.02067,-0.00021,0.60967,0.009,1.925,1.925,10.33,0
6.15,0.02067,-0.00021,0.60967,0.009,1.925,1.925,10.33,0
6.155,0.02067,-0.00021,0.60967,0.009,1.925,1.925,10.33,0
6.16,0.02067,-0.00021,0.60967,0.009,1.925,1.925,10.33,0
6.165,0.02067,-0.00021,0.60967,0.009,1.925,1.925,10.33,0
6.17,0.02067,-0.00021,0.60967,0.009,1.925,1.925,10.33,0
6.175,0.02067,-0.00021,0.60967,0.009,1.925,1.925,10.33,0
6.18,0.02067,-0.00021,0.60967,0.009,1.925,1.925,10.33,0
6.185,0.02067,-0.00021,0.60967,0.009,1.925,1.925,10.33,0
6.19,0.02067,-0.00021,0.60967,0.009,1.925,1.925,10.33,0
6.195,0.02067,-0.00021,0.60967,0.009,1.925,1.925,10.33,0
6.2,0.02067,-0.00021,0.60967,0.009,1.925,1.925,10.32,0
6.205,0.02067,-0.00021,0.60967,0.009,1.925,1.925,10.32,0
6.21,0.02067,-0.00021,0.60967,0.009,1.925,1.925,10.32,0
6.215,0.02067,-0.00021,0.60967,0.009,1.925,1.925,10.32,0
6.22,0.02067,-0.00021,0.60967,0.009,1.925,1.925,10.32,0
6.225,0.02067,-0.00021,0.60967,0.009,1.925,1.925,10.32,0
6.23,0.02067,-0.00021,0.60967,0.009,1.925,1.925,10.32,0
6.235,0.02067,-0.00021,0.60967,0.009,1.925,1.925,10.32,0
6.24,0.02067,-0.00021,0.60967,0.009,1.925,1.925,10.32,0
6.245,0.02067,-0.00021,0.60967,0.009,1.925,1.925,10.32,0
6.25,0.02067,-0.00021,0.60967,0.009,1.924,1.925,10.32,0
6.255,0.02067,-0.00021,0.60967,0.009,1.924,1.925,10.32,0
6.26,0.02067,-0.00021,0.60967,0.009,1.924,1.924,10.32,0
6.265,0.02067,-0.00021,0.60967,0.009,1.924,1.924,10.32,0
6.27,0.02067,-0.00021,0.60967,0.009,1.924,1.924,10.32,0
6.275,0.02067,-0.00021,0.60967,0.009,1.924,1.924,10.32,0
6.28,0.02067,-0.00021,0.60967,0.009,1.924,1.924,10.32,0
6.285,0.02067,-0.00021,0.60967,0.009,1.924,1.924,10.32,0
6.29,0.02067,-0.00021,0.60967,0.009,1.924,1.924,10.32,0
6.295,0.02067,-0.00021,0.60967,0.009,1.924,1.924,10.32,0
6.3,0.02067,-0.00021,0.60967,0.009,1.924,1.924,10.32,0
6.305,0.02067,-0.00021,0.60967,0.009,1.924,1.924,10.32,0
6.31,0.02067,-0.00021,0.60967,0.009,1.924,1.924,10.32,0
6.315,0.02067,-0.00021,0.60967,0.009,1.924,1.924,10.32,0
6.32,0.02067,-0.00021,0.60967,0.009,1.924,1.924,10.32,0
6.325,0.02067,-0.00021,0.60967,0.009,1.924,1.924,10.32,0
6.33,0.02067,-0.00021,0.60967,0.009,1.924,1.924,10.32,0
6.335,0.02067,-0.00021,0.60967,0.009,1.924,1.924,10.32,0
6.34,0.02067,-0.00021,0.60967,0.009,1.924,1.924,10.32,0
6.345,0.02067,-0.00021,0.60967,0.009,1.924,1.924,10.32,0
6.35,0.02067,-0.00021,0.60967,0.009,1.924,1.924,10.32,0
6.355,0.02067,-0.00021,0.60967,0.009,1.924,1.924,10.32,0
6.36,0.02067,-0.00021,0.60967,0.009,1.924,1.924,10.32,0
6.365,0.02067,-0.00021,0.60967,0.009,1.924,1.924,10.32,0
6.37,0.02067,-0.00021,0.60967,0.009,1.924,1.924,10.32,0
6.375,0.02067,-0.00021,0.60967,0.009,1.924,1.924,10.32,0
6.38,0.02067,-0.00021,0.60967,0.009,1.924,1.924,10.32,0
6.385,0.02067,-0.00021,0.60967,0.009,1.924,1.924,10.32,0
6.39,0.02067,-0.00021,0.60967,0.009,1.924,1.924,10.32,0
6.395,0.02067,-0.00021,0.60967,0.009,1.924,1.924,10.32,0
6.4,0.02067,-0.00021,0.60967,0.009,1.924,1.924,10.32,0
6.405,0.02067,-0.00021,0.60967,0.009,1.924,1.924,10.32,0
6.41,0.02067,-0.00021,0.60967,0.009,1.924,1.924,10.32,0
6.415,0.02067,-0.00021,0.60967,0.009,1.924,1.924,10.32,0
6.42,0.02067,-0.00021,0.60967,0.009,1.924,1.924,10.32,0
6.425,0.02067,-0.00021,0.60967,0.009,1.924,1.924,10.32,0
6.43,0.02067,-0.00021,0.60967,0.009,1.924,1.924,10.32,0
6.435,0.02067,-0.00021,0.60967,0.009,1.924,1.924,10.32,0
6.44,0.02067,-0.00021,0.60967,0.009,1.924,1.924,10.32,0
6.445,0.02067,-0.00021,0.60967,0.009,1.924,1.924,10.32,0
6.45,0.02067,-0.00021,0.60967,0.009,1.924,1.924,10.32,0
6.455,0.02067,-0.00021,0.60967,0.009,1.924,1.924,10.32,0
6.46,0.02067,-0.00021,0.60967,0.009,1.924,1.924,10.32,0
6.465,0.02067,-0.00021,0.60967,0.009,1.924,1.924,10.32,0
6.47,0.02067,-0.00021,0.60967,0.009,1.924,1.924,10.32,0
6.475,0.02067,-0.00021,0.60967,0.009,1.924,1.924,10.32,0
6.48,0.02067,-0.00021,0.60967,0.009,1.924,1.924,10.32,0
6.485,0.02067,-0.00021,0.60967,0.009,1.924,1.924,10.32,0
6.49,0.02067,-0.00021,0.60967,0.009,1.924,1.924,10.32,0
6.495,0.02067,-0.00021,0.60967,0.009,1.924,1.924,10.32,0
6.5,0.02067,-0.00021,0.60967,0.009,1.924,1.924,10.32,0
6.505,0.02067,-0.00021,0.60967,0.009,1.924,1.924,10.32,0
6.51,0.02067,-0.00021,0.60967,0.009,1.924,1.924,10.32,0
6.515,0.02067,-0.00021,0.60967,0.009,1.924,1.924,10.32,0
6.52,0.02067,-0.00021,0.60967,0.009,1.924,1.924,10.32,0
6.525,0.02067,-0.00021,0.60967,0.009,1.924,1.924,10.32,0
6.53,0.02067,-0.00021,0.60967,0.009,1.924,1.924,10.32,0
6.535,0.02067,-0.00021,0.60967,0.009,1.924,1.924,10.32,0
6.54,0.02067,-0.00021,0.60967,0.009,1.924,1.924,10.32,0
6.545,0.02067,-0.00021,0.60967,0.009,1.924,1.924,10.32,0
6.55,0.02067,-0.00021,0.60967,0.009,1.924,1.924,10.32,0
6.555,0.02067,-0.00021,0.60967,0.009,1.924,1.924,10.32,0
6.56,0.02067,-0.00021,0.60967,0.009,1.924,1.924,10.32,0
6.565,0.02067,-0.00021,0.60967,0.009,1.924,1.924,10.32,0
6.57,0.02067,-0.00021,0.60967,0.009,1.924,1.924,10.32,0
6.575,0.02067,-0.00021,0.60967,0.009,1.924,1.924,10.32,0
6.58,0.02067,-0.00021,0.60967,0.009,1.924,1.924,10.32,0
6.585,0.02067,-0.00021,0.60967,0.009,1.924,1.924,10.32,0
6.59,0.02067,-0.00021,0.60967,0.009,1.924,1.924,10.32,0
6.595,0.02067,-0.00021,0.60967,0.009,1.924,1.924,10.32,0
6.6,0.02067,-0.00021,0.60967,0.009,1.924,1.924,10.32,0
6.605,0.02067,-0.00021,0.60967,0.009,1.924,1.924,10.32,0
6.61,0.02067,-0.00021,0.60967,0.009,1.924,1.924,10.32,0
6.615,0.02067,-0.0002,0.60967,0.009,1.924,1.924,10.32,0
6.62,0.02067,-0.0002,0.60967,0.009,1.924,1.924,10.32,0
6.625,0.02067,-0.0002,0.60967,0.009,1.924,1.924,10.32,0
6.63,0.02067,-0.0002,0.60967,0.009,1.924,1.924,10.32,0
6.635,0.02067,-0.0002,0.60967,0.009,1.924,1.924,10.32,0
6.64,0.02067,-0.0002,0.60967,0.009,1.924,1.924,10.32,0
6.645,0.02067,-0.0002,0.60967,0.009,1.924,1.924,10.32,0
6.65,0.02067,-0.0002,0.60967,0.009,1.924,1.924,10.32,0
6.655,0.02067,-0.0002,0.60967,0.009,1.924,1.924,10.32,0
6.66,0.02067,-0.0002,0.60967,0.009,1.924,1.924,10.32,0
6.665,0.02067,-0.0002,0.60967,0.009,1.924,1.924,10.32,0
6.67,0.02067,-0.0002,0.60967,0.009,1.924,1.924,10.32,0
6.675,0.02067,-0.0002,0.60967,0.009,1.924,1.924,10.32,0
6.68,0.02067,-0.0002,0.60967,0.009,1.924,1.924,10.32,0
6.685,0.02067,-0.0002,0.60967,0.009,1.923,1.924,10.32,0
6.69,0.02067,-0.0002,0.60967,0.009,1.923,1.924,10.32,0
6.695,0.02067,-0.0002,0.60967,0.009,1.923,1.923,10.32,0
6.7,0.02067,-0.0002,0.60967,0.009,1.923,1.923,10.32,0
6.705,0.02067,-0.0002,0.60967,0.009,1.923,1.923,10.32,0
6.71,0.02067,-0.0002,0.60967,0.009,1.923,1.923,10.32,0
6.715,0.02067,-0.0002,0.60967,0.009,1.923,1.923,10.32,0
6.72,0.02067,-0.0002,0.60967,0.009,1.923,1.923,10.32,0
6.725,0.02067,-0.0002,0.60967,0.009,1.923,1.923,10.32,0
6.73,0.02067,-0.0002,0.60967,0.009,1.923,1.923,10.32,0
6.735,0.02067,-0.0002,0.60967,0.009,1.923,1.923,10.32,0
6.74,0.02067,-0.0002,0.60967,0.009,1.923,1.923,10.32,0
6.745,0.02067,-0.0002,0.60967,0.009,1.923,1.923,10.32,0
6.75,0.02067,-0.0002,0.60967,0.009,1.923,1.923,10.32,0
6.755,0.02067,-0.0002,0.60967,0.009,1.923,1.923,10.32,0
6.76,0.02067,-0.0002,0.60967,0.009,1.923,1.923,10.32,0
6.765,0.02067,-0.0002,0.60967,0.009,1.923,1.923,10.32,0
6.77,0.02067,-0.0002,0.60967,0.009,1.923,1.923,10.32,0
6.775,0.02067,-0.0002,0.60967,0.009,1.923,1.923,10.32,0
6.78,0.02067,-0.0002,0.60967,0.009,1.923,1.923,10.32,0
6.785,0.02067,-0.0002,0.60967,0.009,1.923,1.923,10.32,0
6.79,0.02067,-0.0002,0.60967,0.009,1.923,1.923,10.32,0
6.795,0.02067,-0.0002,0.60967,0.009,1.923,1.923,10.32,0
6.8,0.02067,-0.0002,0.60967,0.009,1.923,1.923,10.32,0
6.805,0.02067,-0.0002,0.60967,0.009,1.923,1.923,10.32,0
6.81,0.02067,-0.0002,0.60967,0.009,1.923,1.923,10.32,0
6.815,0.02067,-0.0002,0.60967,0.009,1.923,1.923,10.32,0
6.82,0.02067,-0.0002,0.60967,0.009,1.923,1.923,10.32,0
6.825,0.02067,-0.0002,0.60967,0.009,1.923,1.923,10.32,0
6.83,0.02067,-0.0002,0.60967,0.009,1.923,1.923,10.32,0
6.835,0.02067,-0.0002,0.60967,0.009,1.923,1.923,10.32,0
6.84,0.02067,-0.0002,0.60967,0.009,1.923,1.923,10.32,0
6.845,0.02067,-0.0002,0.60967,0.009,1.923,1.923,10.32,0
6.85,0.02067,-0.0002,0.60967,0.009,1.923,1.923,10.32,0
6.855,0.02067,-0.0002,0.60967,0.009,1.923,1.923,10.32,0
6.86,0.02067,-0.0002,0.60967,0.009,1.923,1.923,10.32,0
6.865,0.02067,-0.0002,0.60967,0.009,1.923,1.923,10.32,0
6.87,0.02067,-0.0002,0.60967,0.009,1.923,1.923,10.32,0
6.875,0.02067,-0.0002,0.60967,0.009,1.923,1.923,10.32,0
6.88,0.02067,-0.0002,0.60967,0.009,1.923,1.923,10.32,0
6.885,0.02066,-0.0002,0.60967,0.009,1.923,1.923,10.32,0
6.89,0.02066,-0.0002,0.60967,0.009,1.923,1.923,10.32,0
6.895,0.02066,-0.0002,0.60967,0.009,1.923,1.923,10.32,0
6.9,0.02066,-0.0002,0.60967,0.009,1.923,1.923,10.32,0
6.905,0.02066,-0.0002,0.60967,0.009,1.923,1.923,10.32,0
6.91,0.02066,-0.0002,0.60967,0.009,1.923,1.923,10.32,0
6.915,0.02066,-0.0002,0.60967,0.009,1.923,1.923,10.32,0
6.92,0.02066,-0.0002,0.60967,0.009,1.923,1.923,10.32,0
6.925,0.02066,-0.0002,0.60967,0.009,1.923,1.923,10.32,0
6.93,0.02066,-0.0002,0.60967,0.009,1.923,1.923,10.32,0
6.935,0.02066,-0.0002,0.60967,0.009,1.923,1.923,10.32,0
6.94,0.02066,-0.0002,0.60967,0.009,1.923,1.923,10.32,0
6.945,0.02066,-0.0002,0.60967,0.009,1.923,1.923,10.32,0
6.95,0.02066,-0.0002,0.60967,0.009,1.923,1.923,10.32,0
6.955,0.02066,-0.0002,0.60967,0.009,1.923,1.923,10.32,0
6.96,0.02066,-0.0002,0.60967,0.009,1.923,1.923,10.32,0
6.965,0.02066,-0.0002,0.60967,0.009,1.923,1.923,10.32,0
6.97,0.02066,-0.0002,0.60967,0.009,1.923,1.923,10.32,0
6.975,0.02066,-0.0002,0.60967,0.009,1.923,1.923,10.32,0
6.98,0.02066,-0.0002,0.60967,0.009,1.923,1.923,10.32,0
6.985,0.02066,-0.0002,0.60967,0.009,1.923,1.923,10.32,0
6.99,0.02066,-0.0002,0.60967,0.009,1.923,1.923,10.32,0
6.995,0.02066,-0.0002,0.60967,0.009,1.923,1.923,10.32,0
7.0,0.02066,-0.0002,0.60967,0.009,1.923,1.923,10.32,0
7.005,0.02066,-0.0002,0.60967,0.009,1.923,1.923,10.32,0
7.01,0.02066,-0.0002,0.60967,0.009,1.923,1.923,10.32,0
7.015,0.02066,-0.0002,0.60967,0.009,1.923,1.923,10.32,0
7.02,0.02066,-0.0002,0.60967,0.009,1.923,1.923,10.32,0
7.025,0.02066,-0.0002,0.60967,0.009,1.923,1.923,10.32,0
7.03,0.02066,-0.0002,0.60967,0.009,1.923,1.923,10.32,0
7.035,0.02066,-0.0002,0.60967,0.009,1.923,1.923,10.32,0
7.04,0.02066,-0.0002,0.60967,0.009,1.923,1.923,10.32,0
7.045,0.02066,-0.0002,0.60967,0.009,1.923,1.923,10.32,0
7.05,0.02066,-0.0002,0.60967,0.009,1.923,1.923,10.32,0
7.055,0.02066,-0.0002,0.60967,0.009,1.923,1.923,10.32,0
7.06,0.02066,-0.0002,0.60967,0.009,1.923,1.923,10.32,0
7.065,0.02066,-0.0002,0.60967,0.009,1.923,1.923,10.32,0
7.07,0.02066,-0.0002,0.60967,0.009,1.923,1.923,10.32,0
7.075,0.02066,-0.0002,0.60967,0.009,1.923,1.923,10.32,0
7.08,0.02066,-0.0002,0.60967,0.009,1.923,1.923,10.32,0
7.085,0.02066,-0.0002,0.60967,0.009,1.923,1.923,10.32,0
7.09,0.02066,-0.0002,0.60967,0.009,1.923,1.923,10.32,0
7.095,0.02066,-0.0002,0.60967,0.009,1.923,1.923,10.32,0
7.1,0.02066,-0.0002,0.60967,0.009,1.923,1.923,10.32,0
7.105,0.02066,-0.0002,0.60967,0.009,1.923,1.923,10.32,0
7.11,0.02066,-0.0002,0.60967,0.009,1.923,1.923,10.32,0
7.115,0.02066,-0.0002,0.60967,0.009,1.923,1.923,10.32,0
7.12,0.02066,-0.0002,0.60967,0.009,1.923,1.923,10.32,0
7.125,0.02066,-0.0002,0.60967,0.009,1.923,1.923,10.32,0
7.13,0.02066,-0.0002,0.60967,0.009,1.923,1.923,10.32,0
7.135,0.02066,-0.0002,0.60967,0.009,1.923,1.923,10.32,0
7.14,0.02066,-0.0002,0.60967,0.009,1.923,1.923,10.32,0
7.145,0.02066,-0.0002,0.60967,0.009,1.923,1.923,10.32,0
7.15,0.02066,-0.0002,0.60967,0.009,1.923,1.923,10.32,0
7.155,0.02066,-0.0002,0.60967,0.009,1.923,1.923,10.32,0
7.16,0.02066,-0.0002,0.60967,0.009,1.923,1.923,10.32,0
7.165,0.02066,-0.0002,0.60967,0.009,1.923,1.923,10.32,0
7.17,0.02066,-0.0002,0.60967,0.009,1.923,1.923,10.32,0
7.175,0.02066,-0.0002,0.60967,0.009,1.923,1.923,10.32,0
7.18,0.02066,-0.0002,0.60967,0.009,1.923,1.923,10.32,0
7.185,0.02066,-0.0002,0.60967,0.009,1.923,1.923,10.32,0
7.19,0.02066,-0.0002,0.60967,0.009,1.923,1.923,10.32,0
7.195,0.02066,-0.0002,0.60967,0.009,1.923,1.923,10.32,0
7.2,0.02066,-0.0002,0.60967,0.009,1.923,1.923,10.32,0
7.205,0.02066,-0.0002,0.60967,0.009,1.923,1.923,10.32,0
7.21,0.02066,-0.0002,0.60967,0.009,1.923,1.923,10.32,0
7.215,0.02066,-0.0002,0.60967,0.009,1.923,1.923,10.32,0
7.22,0.02066,-0.0002,0.60967,0.009,1.923,1.923,10.32,0
7.225,0.02066,-0.0002,0.60967,0.009,1.923,1.923,10.32,0
7.23,0.02066,-0.0002,0.60967,0.009,1.923,1.923,10.32,0
7.235,0.02066,-0.0002,0.60967,0.009,1.923,1.923,10.32,0
7.24,0.02066,-0.0002,0.60967,0.009,1.923,1.923,10.32,0
7.245,0.02066,-0.0002,0.60967,0.009,1.923,1.923,10.32,0
7.25,0.02066,-0.0002,0.60967,0.009,1.923,1.923,10.32,0
7.255,0.02066,-0.0002,0.60967,0.009,1.923,1.923,10.32,0
7.26,0.02066,-0.0002,0.60967,0.009,1.922,1.923,10.32,0
7.265,0.02066,-0.0002,0.60967,0.009,1.922,1.923,10.32,0
7.27,0.02066,-0.0002,0.60967,0.009,1.922,1.923,10.32,0
7.275,0.02066,-0.0002,0.60967,0.009,1.922,1.922,10.32,0
7.28,0.02066,-0.0002,0.60967,0.009,1.922,1.922,10.32,0
7.285,0.02066,-0.0002,0.60967,0.009,1.922,1.922,10.32,0
7.29,0.02066,-0.0002,0.60967,0.009,1.922,1.922,10.32,0
7.295,0.02066,-0.0002,0.60967,0.009,1.922,1.922,10.32,0
7.3,0.02066,-0.0002,0.60967,0.009,1.922,1.922,10.32,0
7.305,0.02066,-0.0002,0.60967,0.009,1.922,1.922,10.32,0
7.31,0.02066,-0.0002,0.60967,0.009,1.922,1.922,10.32,0
7.315,0.02066,-0.0002,0.60967,0.009,1.922,1.922,10.32,0
7.32,0.02066,-0.0002,0.60967,0.009,1.922,1.922,10.32,0
7.325,0.02066,-0.0002,0.60967,0.009,1.922,1.922,10.32,0
7.33,0.02066,-0.0002,0.60967,0.009,1.922,1.922,10.32,0
7.335,0.02066,-0.0002,0.60967,0.009,1.922,1.922,10.32,0
7.34,0.02066,-0.0002,0.60967,0.009,1.922,1.922,10.32,0
7.345,0.02066,-0.0002,0.60967,0.009,1.922,1.922,10.32,0
7.35,0.02066,-0.0002,0.60967,0.009,1.922,1.922,10.32,0
7.355,0.02066,-0.0002,0.60967,0.009,1.922,1.922,10.32,0
7.36,0.02066,-0.0002,0.60967,0.009,1.922,1.922,10.32,0
7.365,0.02066,-0.0002,0.60967,0.009,1.922,1.922,10.32,0
7.37,0.02066,-0.0002,0.60967,0.009,1.922,1.922,10.32,0
7.375,0.02066,-0.0002,0.60967,0.009,1.922,1.922,10.32,0
7.38,0.02066,-0.0002,0.60967,0.009,1.922,1.922,10.32,0
7.385,0.02066,-0.0002,0.60967,0.009,1.922,1.922,10.32,0
7.39,0.02066,-0.0002,0.60967,0.009,1.922,1.922,10.32,0
7.395,0.02066,-0.0002,0.60967,0.009,1.922,1.922,10.32,0
7.4,0.02066,-0.0002,0.60967,0.009,1.922,1.922,10.32,0
7.405,0.02066,-0.0002,0.60967,0.009,1.922,1.922,10.32,0
7.41,0.02066,-0.0002,0.60967,0.009,1.922,1.922,10.32,0
7.415,0.02066,-0.0002,0.60967,0.009,1.922,1.922,10.32,0
7.42,0.02066,-0.0002,0.60967,0.009,1.922,1.922,10.32,0
7.425,0.02066,-0.0002,0.60967,0.009,1.922,1.922,10.32,0
7.43,0.02066,-0.0002,0.60967,0.009,1.922,1.922,10.32,0
7.435,0.02066,-0.0002,0.60967,0.009,1.922,1.922,10.32,0
7.44,0.02066,-0.0002,0.60967,0.009,1.922,1.922,10.32,0
7.445,0.02066,-0.0002,0.60967,0.009,1.922,1.922,10.32,0
7.45,0.02066,-0.0002,0.60967,0.009,1.922,1.922,10.32,0
7.455,0.02066,-0.0002,0.60967,0.009,1.922,1.922,10.32,0
7.46,0.02066,-0.0002,0.60967,0.009,1.922,1.922,10.32,0
7.465,0.02066,-0.0002,0.60967,0.009,1.922,1.922,10.32,0
7.47,0.02066,-0.0002,0.60967,0.009,1.922,1.922,10.32,0
7.475,0.02066,-0.0002,0.60967,0.009,1.922,1.922,10.32,0
7.48,0.02066,-0.0002,0.60967,0.009,1.922,1.922,10.32,0
7.485,0.02066,-0.0002,0.60967,0.009,1.922,1.922,10.32,0
7.49,0.02066,-0.0002,0.60967,0.009,1.922,1.922,10.32,0
7.495,0.02066,-0.0002,0.60967,0.009,1.922,1.922,10.32,0
7.5,0.02066,-0.0002,0.60967,0.009,1.922,1.922,10.32,0
7.505,0.02066,-0.0002,0.60967,0.009,1.922,1.922,10.32,0
7.51,0.02066,-0.0002,0.60967,0.009,1.922,1.922,10.32,0
7.515,0.02066,-0.0002,0.60967,0.009,1.922,1.922,10.32,0
7.52,0.02066,-0.0002,0.60967,0.009,1.922,1.922,10.32,0
7.525,0.02066,-0.0002,0.60967,0.009,1.922,1.922,10.32,0
7.53,0.02066,-0.0002,0.60967,0.009,1.922,1.922,10.32,0
7.535,0.02066,-0.0002,0.60967,0.009,1.922,1.922,10.32,0
7.54,0.02066,-0.0002,0.60967,0.009,1.922,1.922,10.32,0
7.545,0.02066,-0.0002,0.60967,0.009,1.922,1.922,10.32,0
7.55,0.02066,-0.0002,0.60967,0.009,1.922,1.922,10.32,0
7.555,0.02066,-0.0002,0.60967,0.009,1.922,1.922,10.32,0
7.56,0.02066,-0.0002,0.60967,0.009,1.922,1.922,10.32,0
7.565,0.02066,-0.0002,0.60967,0.009,1.922,1.922,10.32,0
7.57,0.02066,-0.0002,0.60967,0.009,1.922,1.922,10.32,0
7.575,0.02066,-0.0002,0.60967,0.009,1.922,1.922,10.32,0
7.58,0.02066,-0.0002,0.60967,0.009,1.922,1.922,10.32,0
7.585,0.02066,-0.0002,0.60967,0.009,1.922,1.922,10.32,0
7.59,0.02066,-0.0002,0.60967,0.009,1.922,1.922,10.32,0
7.595,0.02066,-0.0002,0.60967,0.009,1.922,1.922,10.32,0
7.6,0.02066,-0.0002,0.60967,0.009,1.922,1.922,10.32,0
7.605,0.02066,-0.0002,0.60967,0.009,1.922,1.922,10.32,0
7.61,0.02066,-0.0002,0.60967,0.009,1.922,1.922,10.32,0
7.615,0.02066,-0.0002,0.60967,0.009,1.922,1.922,10.32,0
7.62,0.02066,-0.0002,0.60967,0.009,1.922,1.922,10.32,0
7.625,0.02066,-0.0002,0.60967,0.009,1.922,1.922,10.32,0
7.63,0.02066,-0.0002,0.60967,0.009,1.922,1.922,10.32,0
7.635,0.02066,-0.0002,0.60967,0.009,1.922,1.922,10.32,0
7.64,0.02066,-0.0002,0.60967,0.009,1.922,1.922,10.32,0
7.645,0.02066,-0.0002,0.60967,0.009,1.922,1.922,10.32,0
7.65,0.02066,-0.0002,0.60967,0.009,1.922,1.922,10.32,0
7.655,0.02066,-0.0002,0.60967,0.009,1.922,1.922,10.32,0
7.66,0.02066,-0.0002,0.60967,0.009,1.922,1.922,10.32,0
7.665,0.02066,-0.0002,0.60967,0.009,1.922,1.922,10.32,0
7.67,0.02066,-0.0002,0.60967,0.009,1.922,1.922,10.32,0
7.675,0.02066,-0.0002,0.60967,0.009,1.922,1.922,10.32,0
7.68,0.02066,-0.0002,0.60967,0.009,1.922,1.922,10.32,0
7.685,0.02066,-0.0002,0.60967,0.009,1.922,1.922,10.32,0
7.69,0.02066,-0.0002,0.60967,0.009,1.922,1.922,10.32,0
7.695,0.02066,-0.0002,0.60967,0.009,1.922,1.922,10.32,0
7.7,0.02066,-0.0002,0.60967,0.009,1.922,1.922,10.32,0
7.705,0.02066,-0.0002,0.60967,0.009,1.922,1.922,10.32,0
7.71,0.02066,-0.0002,0.60967,0.009,1.922,1.922,10.32,0
7.715,0.02066,-0.0002,0.60967,0.009,1.922,1.922,10.32,0
7.72,0.02066,-0.0002,0.60967,0.009,1.922,1.922,10.32,0
7.725,0.02066,-0.0002,0.60967,0.009,1.922,1.922,10.32,0
7.73,0.02066,-0.0002,0.60967,0.009,1.922,1.922,10.32,0
7.735,0.02066,-0.0002,0.60967,0.009,1.922,1.922,10.32,0
7.74,0.02066,-0.0002,0.60967,0.009,1.922,1.922,10.32,0
7.745,0.02066,-0.0002,0.60967,0.009,1.922,1.922,10.32,0
7.75,0.02066,-0.0002,0.60967,0.009,1.922,1.922,10.32,0
7.755,0.02066,-0.0002,0.60967,0.009,1.922,1.922,10.32,0
7.76,0.02066,-0.0002,0.60967,0.009,1.922,1.922,10.32,0
7.765,0.02066,-0.0002,0.60967,0.009,1.922,1.922,10.32,0
7.77,0.02066,-0.0002,0.60967,0.009,1.922,1.922,10.32,0
7.775,0.02066,-0.0002,0.60967,0.009,1.922,1.922,10.32,0
7.78,0.02066,-0.0002,0.60967,0.009,1.922,1.922,10.32,0
7.785,0.02066,-0.0002,0.60967,0.009,1.922,1.922,10.32,0
7.79,0.02066,-0.0002,0.60967,0.009,1.922,1.922,10.32,0
7.795,0.02066,-0.0002,0.60967,0.009,1.922,1.922,10.32,0
7.8,0.02066,-0.0002,0.60967,0.009,1.922,1.922,10.32,0
7.805,0.02066,-0.0002,0.60967,0.009,1.922,1.922,10.32,0
7.81,0.02066,-0.0002,0.60967,0.009,1.922,1.922,10.32,0
7.815,0.02066,-0.0002,0.60967,0.009,1.922,1.922,10.32,0
7.82,0.02066,-0.0002,0.60967,0.009,1.922,1.922,10.32,0
7.825,0.02066,-0.0002,0.60967,0.009,1.922,1.922,10.32,0
7.83,0.02066,-0.0002,0.60967,0.009,1.922,1.922,10.32,0
7.835,0.02066,-0.0002,0.60967,0.009,1.922,1.922,10.32,0
7.84,0.02066,-0.0002,0.60967,0.009,1.922,1.922,10.32,0
7.845,0.02066,-0.0002,0.60967,0.009,1.922,1.922,10.32,0
7.85,0.02066,-0.0002,0.60967,0.009,1.922,1.922,10.32,0
7.855,0.02066,-0.0002,0.60967,0.009,1.922,1.922,10.32,0
7.86,0.02066,-0.0002,0.60967,0.009,1.922,1.922,10.32,0
7.865,0.02066,-0.0002,0.60967,0.009,1.922,1.922,10.32,0
7.87,0.02066,-0.0002,0.60967,0.009,1.922,1.922,10.32,0
7.875,0.02066,-0.0002,0.60967,0.009,1.922,1.922,10.32,0
7.88,0.02066,-0.0002,0.60967,0.009,1.922,1.922,10.32,0
7.885,0.02066,-0.0002,0.60967,0.009,1.922,1.922,10.32,0
7.89,0.02066,-0.0002,0.60967,0.009,1.922,1.922,10.32,0
7.895,0.02066,-0.0002,0.60967,0.009,1.922,1.922,10.32,0
7.9,0.02066,-0.0002,0.60967,0.009,1.922,1.922,10.32,0
7.905,0.02066,-0.0002,0.60967,0.009,1.922,1.922,10.32,0
7.91,0.02066,-0.0002,0.60967,0.009,1.922,1.922,10.32,0
7.915,0.02066,-0.0002,0.60967,0.009,1.922,1.922,10.32,0
7.92,0.02066,-0.0002,0.60967,0.009,1.922,1.922,10.32,0
7.925,0.02066,-0.0002,0.60967,0.009,1.922,1.922,10.32,0
7.93,0.02066,-0.0002,0.60967,0.009,1.922,1.922,10.32,0
7.935,0.02066,-0.0002,0.60967,0.009,1.922,1.922,10.32,0
7.94,0.02066,-0.0002,0.60967,0.009,1.922,1.922,10.32,0
7.945,0.02066,-0.0002,0.60967,0.009,1.922,1.922,10.32,0
7.95,0.02066,-0.0002,0.60967,0.009,1.922,1.922,10.32,0
7.955,0.02066,-0.0002,0.60967,0.009,1.922,1.922,10.32,0
7.96,0.02066,-0.0002,0.60967,0.009,1.922,1.922,10.32,0
7.965,0.02066,-0.0002,0.60967,0.009,1.922,1.922,10.32,0
7.97,0.02066,-0.0002,0.60967,0.009,1.922,1.922,10.32,0
7.975,0.02066,-0.0002,0.60967,0.009,1.922,1.922,10.32,0
7.98,0.02066,-0.0002,0.60967,0.009,1.922,1.922,10.32,0
7.985,0.02066,-0.0002,0.60967,0.009,1.922,1.922,10.32,0
7.99,0.02066,-0.0002,0.60967,0.009,1.922,1.922,10.32,0
7.995,0.02066,-0.0002,0.60967,0.009,1.922,1.922,10.32,0
8.0,0.02066,-0.0002,0.60967,0.009,1.922,1.922,10.32,0
8.005,0.02066,-0.0002,0.60967,0.009,1.922,1.922,10.32,0
8.01,0.02066,-0.0002,0.60967,0.009,1.922,1.922,10.32,0
8.015,0.02066,-0.0002,0.60967,0.009,1.922,1.922,10.32,0
8.02,0.02066,-0.0002,0.60967,0.009,1.922,1.922,10.32,0
8.025,0.02066,-0.0002,0.60967,0.009,1.922,1.922,10.32,0
8.03,0.02066,-0.0002,0.60967,0.009,1.922,1.922,10.32,0
8.035,0.02066,-0.0002,0.60967,0.009,1.922,1.922,10.32,0
8.04,0.02066,-0.0002,0.60967,0.009,1.922,1.922,10.32,0
8.045,0.02066,-0.0002,0.60967,0.009,1.922,1.922,10.32,0
8.05,0.02066,-0.0002,0.60967,0.009,1.922,1.922,10.32,0
8.055,0.02066,-0.0002,0.60967,0.009,1.921,1.922,10.32,0
8.06,0.02066,-0.0002,0.60967,0.009,1.921,1.922,10.32,0
8.065,0.02066,-0.0002,0.60967,0.009,1.921,1.922,10.32,0
8.07,0.02066,-0.0002,0.60967,0.009,1.921,1.922,10.32,0
8.075,0.02066,-0.0002,0.60967,0.009,1.921,1.922,10.32,0
8.08,0.02066,-0.0002,0.60967,0.009,1.921,1.921,10.32,0
8.085,0.02066,-0.0002,0.60967,0.009,1.921,1.921,10.32,0
8.09,0.02066,-0.0002,0.60967,0.009,1.921,1.921,10.32,0
8.095,0.02066,-0.0002,0.60967,0.009,1.921,1.921,10.32,0
8.1,0.02066,-0.0002,0.60967,0.009,1.921,1.921,10.32,0
8.105,0.02066,-0.0002,0.60967,0.009,1.921,1.921,10.32,0
8.11,0.02066,-0.0002,0.60967,0.009,1.921,1.921,10.32,0
8.115,0.02066,-0.0002,0.60967,0.009,1.921,1.921,10.32,0
8.12,0.02066,-0.0002,0.60967,0.009,1.921,1.921,10.32,0
8.125,0.02066,-0.0002,0.60967,0.009,1.921,1.921,10.32,0
8.13,0.02066,-0.0002,0.60967,0.009,1.921,1.921,10.32,0
8.135,0.02066,-0.0002,0.60967,0.009,1.921,1.921,10.32,0
8.14,0.02066,-0.0002,0.60967,0.009,1.921,1.921,10.32,0
8.145,0.02066,-0.0002,0.60967,0.009,1.921,1.921,10.32,0
8.15,0.02066,-0.0002,0.60967,0.009,1.921,1.921,10.32,0
8.155,0.02066,-0.0002,0.60967,0.009,1.921,1.921,10.32,0
8.16,0.02066,-0.0002,0.60967,0.009,1.921,1.921,10.32,0
8.165,0.02066,-0.0002,0.60967,0.009,1.921,1.921,10.32,0
8.17,0.02066,-0.0002,0.60967,0.009,1.921,1.921,10.32,0
8.175,0.02066,-0.0002,0.60967,0.009,1.921,1.921,10.32,0
8.18,0.02066,-0.0002,0.60967,0.009,1.921,1.921,10.32,0
8.185,0.02066,-0.0002,0.60967,0.009,1.921,1.921,10.32,0
8.19,0.02066,-0.0002,0.60967,0.009,1.921,1.921,10.32,0
8.195,0.02066,-0.0002,0.60967,0.009,1.921,1.921,10.32,0
8.2,0.02066,-0.0002,0.60967,0.009,1.921,1.921,10.32,0
8.205,0.02066,-0.0002,0.60967,0.009,1.921,1.921,10.32,0
8.21,0.02066,-0.0002,0.60967,0.009,1.921,1.921,10.32,0
8.215,0.02066,-0.0002,0.60967,0.009,1.921,1.921,10.32,0
8.22,0.02066,-0.0002,0.60967,0.009,1.921,1.921,10.32,0
8.225,0.02066,-0.0002,0.60967,0.009,1.921,1.921,10.32,0
8.23,0.02066,-0.0002,0.60967,0.009,1.921,1.921,10.32,0
8.235,0.02066,-0.0002,0.60967,0.009,1.921,1.921,10.32,0
8.24,0.02066,-0.0002,0.60967,0.009,1.921,1.921,10.32,0
8.245,0.02066,-0.0002,0.60967,0.009,1.921,1.921,10.32,0
8.25,0.02066,-0.0002,0.60967,0.009,1.921,1.921,10.32,0
8.255,0.02066,-0.0002,0.60967,0.009,1.921,1.921,10.32,0
8.26,0.02066,-0.0002,0.60967,0.009,1.921,1.921,10.32,0
8.265,0.02066,-0.0002,0.60967,0.009,1.921,1.921,10.32,0
8.27,0.02066,-0.0002,0.60967,0.009,1.921,1.921,10.32,0
8.275,0.02066,-0.0002,0.60967,0.009,1.921,1.921,10.32,0
8.28,0.02066,-0.0002,0.60967,0.009,1.921,1.921,10.32,0
8.285,0.02066,-0.0002,0.60967,0.009,1.921,1.921,10.32,0
8.29,0.02066,-0.0002,0.60967,0.009,1.921,1.921,10.32,0
8.295,0.02066,-0.0002,0.60967,0.009,1.921,1.921,10.32,0
8.3,0.02066,-0.0002,0.60967,0.009,1.921,1.921,10.32,0
8.305,0.02066,-0.0002,0.60967,0.009,1.921,1.921,10.32,0
8.31,0.02066,-0.0002,0.60967,0.009,1.921,1.921,10.32,0
8.315,0.02066,-0.0002,0.60967,0.009,1.921,1.921,10.32,0
8.32,0.02066,-0.0002,0.60967,0.009,1.921,1.921,10.32,0
8.325,0.02066,-0.0002,0.60967,0.009,1.921,1.921,10.32,0
8.33,0.02066,-0.0002,0.60967,0.009,1.921,1.921,10.32,0
8.335,0.02066,-0.0002,0.60967,0.009,1.921,1.921,10.32,0
8.34,0.02066,-0.0002,0.60967,0.009,1.921,1.921,10.32,0
8.345,0.02066,-0.0002,0.60967,0.009,1.921,1.921,10.32,0
8.35,0.02066,-0.0002,0.60967,0.009,1.921,1.921,10.32,0
8.355,0.02066,-0.0002,0.60967,0.009,1.921,1.921,10.32,0
8.36,0.02066,-0.0002,0.60967,0.009,1.921,1.921,10.32,0
8.365,0.02066,-0.0002,0.60967,0.009,1.921,1.921,10.32,0
8.37,0.02066,-0.0002,0.60967,0.009,1.921,1.921,10.32,0
8.375,0.02066,-0.0002,0.60967,0.009,1.921,1.921,10.32,0
8.38,0.02066,-0.0002,0.60967,0.009,1.921,1.921,10.32,0
8.385,0.02066,-0.0002,0.60967,0.009,1.921,1.921,10.32,0
8.39,0.02066,-0.0002,0.60967,0.009,1.921,1.921,10.32,0
8.395,0.02066,-0.0002,0.60967,0.009,1.921,1.921,10.32,0
8.4,0.02066,-0.0002,0.60967,0.009,1.921,1.921,10.32,0
8.405,0.02066,-0.0002,0.60967,0.009,1.921,1.921,10.32,0
8.41,0.02066,-0.0002,0.60967,0.009,1.921,1.921,10.32,0
8.415,0.02066,-0.0002,0.60967,0.009,1.921,1.921,10.32,0
8.42,0.02066,-0.0002,0.60967,0.009,1.921,1.921,10.32,0
8.425,0.02066,-0.0002,0.60967,0.009,1.921,1.921,10.32,0
8.43,0.02066,-0.0002,0.60967,0.009,1.921,1.921,10.32,0
8.435,0.02066,-0.0002,0.60967,0.009,1.921,1.921,10.32,0
8.44,0.02066,-0.0002,0.60967,0.009,1.921,1.921,10.32,0
8.445,0.02066,-0.0002,0.60967,0.009,1.921,1.921,10.32,0
8.45,0.02066,-0.0002,0.60967,0.009,1.921,1.921,10.32,0
8.455,0.02066,-0.0002,0.60967,0.009,1.921,1.921,10.32,0
8.46,0.02066,-0.0002,0.60967,0.009,1.921,1.921,10.32,0
8.465,0.02066,-0.0002,0.60967,0.009,1.921,1.921,10.32,0
8.47,0.02066,-0.0002,0.60967,0.009,1.921,1.921,10.32,0
8.475,0.02066,-0.0002,0.60967,0.009,1.921,1.921,10.32,0
8.48,0.02066,-0.0002,0.60967,0.009,1.921,1.921,10.32,0
8.485,0.02066,-0.0002,0.60967,0.009,1.921,1.921,10.32,0
8.49,0.02066,-0.0002,0.60967,0.009,1.921,1.921,10.32,0
8.495,0.02066,-0.0002,0.60967,0.009,1.921,1.921,10.32,0
8.5,0.02066,-0.0002,0.60967,0.009,1.921,1.921,10.32,0
8.505,0.02066,-0.00019,0.60967,0.009,1.921,1.921,10.32,0
8.51,0.02066,-0.00019,0.60967,0.009,1.921,1.921,10.32,0
8.515,0.02066,-0.00019,0.60967,0.009,1.921,1.921,10.32,0
8.52,0.02066,-0.00019,0.60967,0.009,1.921,1.921,10.32,0
8.525,0.02066,-0.00019,0.60967,0.009,1.921,1.921,10.32,0
8.53,0.02066,-0.00019,0.60967,0.009,1.921,1.921,10.32,0
8.535,0.02066,-0.00019,0.60967,0.009,1.921,1.921,10.32,0
8.54,0.02066,-0.00019,0.60967,0.009,1.921,1.921,10.32,0
8.545,0.02066,-0.00019,0.60967,0.009,1.921,1.921,10.32,0
8.55,0.02066,-0.00019,0.60967,0.009,1.921,1.921,10.32,0
8.555,0.02066,-0.00019,0.60967,0.009,1.921,1.921,10.32,0
8.56,0.02066,-0.00019,0.60967,0.009,1.921,1.921,10.32,0
8.565,0.02066,-0.00019,0.60967,0.009,1.921,1.921,10.32,0
8.57,0.02066,-0.00019,0.60967,0.009,1.921,1.921,10.32,0
8.575,0.02066,-0.00019,0.60967,0.009,1.921,1.921,10.32,0
8.58,0.02066,-0.00019,0.60967,0.009,1.921,1.921,10.32,0
8.585,0.02066,-0.00019,0.60967,0.009,1.921,1.921,10.32,0
8.59,0.02066,-0.00019,0.60967,0.009,1.921,1.921,10.32,0
8.595,0.02066,-0.00019,0.60967,0.009,1.921,1.921,10.32,0
8.6,0.02066,-0.00019,0.60967,0.009,1.921,1.921,10.32,0
8.605,0.02066,-0.00019,0.60967,0.009,1.921,1.921,10.32,0
8.61,0.02066,-0.00019,0.60967,0.009,1.921,1.921,10.32,0
8.615,0.02066,-0.00019,0.60967,0.009,1.921,1.921,10.32,0
8.62,0.02066,-0.00019,0.60967,0.009,1.921,1.921,10.32,0
8.625,0.02066,-0.00019,0.60967,0.009,1.921,1.921,10.32,0
8.63,0.02066,-0.00019,0.60967,0.009,1.921,1.921,10.32,0
8.635,0.02066,-0.00019,0.60967,0.009,1.921,1.921,10.32,0
8.64,0.02066,-0.00019,0.60967,0.009,1.921,1.921,10.32,0
8.645,0.02066,-0.00019,0.60967,0.009,1.921,1.921,10.32,0
8.65,0.02066,-0.00019,0.60967,0.009,1.921,1.921,10.32,0
8.655,0.02066,-0.00019,0.60967,0.009,1.921,1.921,10.32,0
8.66,0.02066,-0.00019,0.60967,0.009,1.921,1.921,10.32,0
8.665,0.02066,-0.00019,0.60967,0.009,1.921,1.921,10.32,0
8.67,0.02066,-0.00019,0.60967,0.009,1.921,1.921,10.32,0
8.675,0.02066,-0.00019,0.60967,0.009,1.921,1.921,10.32,0
8.68,0.02066,-0.00019,0.60967,0.009,1.921,1.921,10.32,0
8.685,0.02066,-0.00019,0.60967,0.009,1.921,1.921,10.32,0
8.69,0.02066,-0.00019,0.60967,0.009,1.921,1.921,10.32,0
8.695,0.02066,-0.00019,0.60967,0.009,1.921,1.921,10.32,0
8.7,0.02066,-0.00019,0.60967,0.009,1.921,1.921,10.32,0
8.705,0.02066,-0.00019,0.60967,0.009,1.921,1.921,10.32,0
8.71,0.02066,-0.00019,0.60967,0.009,1.921,1.921,10.32,0
8.715,0.02066,-0.00019,0.60967,0.009,1.921,1.921,10.32,0
8.72,0.02066,-0.00019,0.60967,0.009,1.921,1.921,10.32,0
8.725,0.02066,-0.00019,0.60967,0.009,1.921,1.921,10.32,0
8.73,0.02066,-0.00019,0.60967,0.009,1.921,1.921,10.32,0
8.735,0.02066,-0.00019,0.60967,0.009,1.921,1.921,10.32,0
8.74,0.02066,-0.00019,0.60967,0.009,1.921,1.921,10.32,0
8.745,0.02066,-0.00019,0.60967,0.009,1.921,1.921,10.32,0
8.75,0.02066,-0.00019,0.60967,0.009,1.921,1.921,10.32,0
8.755,0.02066,-0.00019,0.60967,0.009,1.921,1.921,10.32,0
8.76,0.02066,-0.00019,0.60967,0.009,1.921,1.921,10.32,0
8.765,0.02066,-0.00019,0.60967,0.009,1.921,1.921,10.32,0
8.77,0.02066,-0.00019,0.60967,0.009,1.921,1.921,10.32,0
8.775,0.02066,-0.00019,0.60967,0.009,1.921,1.921,10.32,0
8.78,0.02066,-0.00019,0.60967,0.009,1.921,1.921,10.32,0
8.785,0.02066,-0.00019,0.60967,0.009,1.921,1.921,10.32,0
8.79,0.02066,-0.00019,0.60967,0.009,1.921,1.921,10.32,0
8.795,0.02066,-0.00019,0.60967,0.009,1.921,1.921,10.32,0
8.8,0.02066,-0.00019,0.60967,0.009,1.921,1.921,10.32,0
8.805,0.02066,-0.00019,0.60967,0.009,1.921,1.921,10.32,0
8.81,0.02066,-0.00019,0.60967,0.009,1.921,1.921,10.32,0
8.815,0.02066,-0.00019,0.60967,0.009,1.921,1.921,10.32,0
8.82,0.02066,-0.00019,0.60967,0.009,1.921,1.921,10.32,0
8.825,0.02066,-0.00019,0.60967,0.009,1.921,1.921,10.32,0
8.83,0.02066,-0.00019,0.60967,0.009,1.921,1.921,10.32,0
8.835,0.02066,-0.00019,0.60967,0.009,1.921,1.921,10.32,0
8.84,0.02066,-0.00019,0.60967,0.009,1.921,1.921,10.32,0
8.845,0.02066,-0.00019,0.60967,0.009,1.921,1.921,10.32,0
8.85,0.02066,-0.00019,0.60967,0.009,1.921,1.921,10.32,0
8.855,0.02066,-0.00019,0.60967,0.009,1.921,1.921,10.32,0
8.86,0.02066,-0.00019,0.60967,0.009,1.921,1.921,10.32,0
8.865,0.02066,-0.00019,0.60967,0.009,1.921,1.921,10.32,0
8.87,0.02066,-0.00019,0.60967,0.009,1.921,1.921,10.32,0
8.875,0.02066,-0.00019,0.60967,0.009,1.921,1.921,10.32,0
8.88,0.02066,-0.00019,0.60967,0.009,1.921,1.921,10.32,0
8.885,0.02066,-0.00019,0.60967,0.009,1.921,1.921,10.32,0
8.89,0.02066,-0.00019,0.60967,0.009,1.921,1.921,10.32,0
8.895,0.02066,-0.00019,0.60967,0.009,1.921,1.921,10.32,0
8.9,0.02066,-0.00019,0.60967,0.009,1.921,1.921,10.32,0
8.905,0.02066,-0.00019,0.60967,0.009,1.921,1.921,10.32,0
8.91,0.02066,-0.00019,0.60967,0.009,1.921,1.921,10.32,0
8.915,0.02066,-0.00019,0.60967,0.009,1.921,1.921,10.32,0
8.92,0.02066,-0.00019,0.60967,0.009,1.921,1.921,10.32,0
8.925,0.02066,-0.00019,0.60967,0.009,1.921,1.921,10.32,0
8.93,0.02066,-0.00019,0.60967,0.009,1.921,1.921,10.32,0
8.935,0.02066,-0.00019,0.60967,0.009,1.921,1.921,10.32,0
8.94,0.02066,-0.00019,0.60967,0.009,1.921,1.921,10.32,0
8.945,0.02066,-0.00019,0.60967,0.009,1.921,1.921,10.32,0
8.95,0.02066,-0.00019,0.60967,0.009,1.921,1.921,10.32,0
8.955,0.02066,-0.00019,0.60967,0.009,1.921,1.921,10.32,0
8.96,0.02066,-0.00019,0.60967,0.009,1.921,1.921,10.32,0
8.965,0.02066,-0.00019,0.60967,0.009,1.921,1.921,10.32,0
8.97,0.02066,-0.00019,0.60967,0.009,1.921,1.921,10.32,0
8.975,0.02066,-0.00019,0.60967,0.009,1.921,1.921,10.32,0
8.98,0.02066,-0.00019,0.60967,0.009,1.921,1.921,10.32,0
8.985,0.02066,-0.00019,0.60967,0.009,1.921,1.921,10.32,0
8.99,0.02066,-0.00019,0.60967,0.009,1.921,1.921,10.32,0
8.995,0.02066,-0.00019,0.60967,0.009,1.921,1.921,10.32,0
9.0,0.02066,-0.00019,0.60967,0.009,1.921,1.921,10.32,0
9.005,0.02066,-0.00019,0.60967,0.009,1.921,1.921,10.32,0
9.01,0.02066,-0.00019,0.60967,0.009,1.921,1.921,10.32,0
9.015,0.02066,-0.00019,0.60967,0.009,1.921,1.921,10.32,0
9.02,0.02066,-0.00019,0.60967,0.009,1.921,1.921,10.32,0
9.025,0.02066,-0.00019,0.60967,0.009,1.921,1.921,10.32,0
9.03,0.02066,-0.00019,0.60967,0.009,1.921,1.921,10.32,0
9.035,0.02066,-0.00019,0.60967,0.009,1.921,1.921,10.32,0
9.04,0.02066,-0.00019,0.60967,0.009,1.921,1.921,10.32,0
9.045,0.02066,-0.00019,0.60967,0.009,1.921,1.921,10.32,0
9.05,0.02066,-0.00019,0.60967,0.009,1.921,1.921,10.32,0
9.055,0.02066,-0.00019,0.60967,0.009,1.921,1.921,10.32,0
9.06,0.02066,-0.00019,0.60967,0.009,1.921,1.921,10.32,0
9.065,0.02066,-0.00019,0.60967,0.009,1.921,1.921,10.32,0
9.07,0.02066,-0.00019,0.60967,0.009,1.921,1.921,10.32,0
9.075,0.02066,-0.00019,0.60967,0.009,1.921,1.921,10.32,0
9.08,0.02066,-0.00019,0.60967,0.009,1.921,1.921,10.32,0
9.085,0.02066,-0.00019,0.60967,0.009,1.921,1.921,10.32,0
9.09,0.02066,-0.00019,0.60967,0.009,1.921,1.921,10.32,0
9.095,0.02066,-0.00019,0.60967,0.009,1.921,1.921,10.32,0
9.1,0.02066,-0.00019,0.60967,0.009,1.921,1.921,10.32,0
9.105,0.02066,-0.00019,0.60967,0.009,1.921,1.921,10.32,0
9.11,0.02066,-0.00019,0.60967,0.009,1.921,1.921,10.32,0
9.115,0.02066,-0.00019,0.60967,0.009,1.921,1.921,10.32,0
9.12,0.02066,-0.00019,0.60967,0.009,1.921,1.921,10.32,0
9.125,0.02066,-0.00019,0.60967,0.009,1.921,1.921,10.32,0
9.13,0.02066,-0.00019,0.60967,0.009,1.921,1.921,10.32,0
9.135,0.02066,-0.00019,0.60967,0.009,1.921,1.921,10.32,0
9.14,0.02066,-0.00019,0.60967,0.009,1.921,1.921,10.32,0
9.145,0.02066,-0.00019,0.60967,0.009,1.921,1.921,10.32,0
9.15,0.02066,-0.00019,0.60967,0.009,1.921,1.921,10.32,0
9.155,0.02066,-0.00019,0.60967,0.009,1.921,1.921,10.32,0
9.16,0.02066,-0.00019,0.60967,0.009,1.921,1.921,10.32,0
9.165,0.02066,-0.00019,0.60967,0.009,1.921,1.921,10.32,0
9.17,0.02066,-0.00019,0.60967,0.009,1.921,1.921,10.32,0
9.175,0.02066,-0.00019,0.60967,0.009,1.921,1.921,10.32,0
9.18,0.02066,-0.00019,0.60967,0.009,1.921,1.921,10.32,0
9.185,0.02066,-0.00019,0.60967,0.009,1.921,1.921,10.32,0
9.19,0.02066,-0.00019,0.60967,0.009,1.921,1.921,10.32,0
9.195,0.02066,-0.00019,0.60967,0.009,1.921,1.921,10.32,0
9.2,0.02066,-0.00019,0.60967,0.009,1.92,1.921,10.32,0
9.205,0.02066,-0.00019,0.60967,0.009,1.92,1.921,10.32,0
9.21,0.02066,-0.00019,0.60967,0.009,1.92,1.921,10.32,0
9.215,0.02066,-0.00019,0.60967,0.009,1.92,1.921,10.32,0
9.22,0.02066,-0.00019,0.60967,0.009,1.92,1.921,10.32,0
9.225,0.02066,-0.00019,0.60967,0.009,1.92,1.921,10.32,0
9.23,0.02066,-0.00019,0.60967,0.009,1.92,1.92,10.32,0
9.235,0.02066,-0.00019,0.60967,0.009,1.92,1.92,10.32,0
9.24,0.02066,-0.00019,0.60967,0.009,1.92,1.92,10.32,0
9.245,0.02066,-0.00019,0.60967,0.009,1.92,1.92,10.32,0
9.25,0.02066,-0.00019,0.60967,0.009,1.92,1.92,10.32,0
9.255,0.02066,-0.00019,0.60967,0.009,1.92,1.92,10.32,0
9.26,0.02066,-0.00019,0.60967,0.009,1.92,1.92,10.32,0
9.265,0.02066,-0.00019,0.60967,0.009,1.92,1.92,10.32,0
9.27,0.02066,-0.00019,0.60967,0.009,1.92,1.92,10.32,0
9.275,0.02066,-0.00019,0.60967,0.009,1.92,1.92,10.32,0
9.28,0.02066,-0.00019,0.60967,0.009,1.92,1.92,10.32,0
9.285,0.02066,-0.00019,0.60967,0.009,1.92,1.92,10.32,0
9.29,0.02066,-0.00019,0.60967,0.009,1.92,1.92,10.32,0
9.295,0.02066,-0.00019,0.60967,0.009,1.92,1.92,10.32,0
9.3,0.02066,-0.00019,0.60967,0.009,1.92,1.92,10.32,0
9.305,0.02066,-0.00019,0.60967,0.009,1.92,1.92,10.32,0
9.31,0.02066,-0.00019,0.60967,0.009,1.92,1.92,10.32,0
9.315,0.02066,-0.00019,0.60967,0.009,1.92,1.92,10.32,0
9.32,0.02066,-0.00019,0.60967,0.009,1.92,1.92,10.32,0
9.325,0.02066,-0.00019,0.60967,0.009,1.92,1.92,10.32,0
9.33,0.02066,-0.00019,0.60967,0.009,1.92,1.92,10.32,0
9.335,0.02066,-0.00019,0.60967,0.009,1.92,1.92,10.32,0
9.34,0.02066,-0.00019,0.60967,0.009,1.92,1.92,10.32,0
9.345,0.02066,-0.00019,0.60967,0.009,1.92,1.92,10.32,0
9.35,0.02066,-0.00019,0.60967,0.009,1.92,1.92,10.32,0
9.355,0.02066,-0.00019,0.60967,0.009,1.92,1.92,10.32,0
9.36,0.02066,-0.00019,0.60967,0.009,1.92,1.92,10.32,0
9.365,0.02066,-0.00019,0.60967,0.009,1.92,1.92,10.32,0
9.37,0.02066,-0.00019,0.60967,0.009,1.92,1.92,10.32,0
9.375,0.02066,-0.00019,0.60967,0.009,1.92,1.92,10.32,0
9.38,0.02066,-0.00019,0.60967,0.009,1.92,1.92,10.32,0
9.385,0.02066,-0.00019,0.60967,0.009,1.92,1.92,10.32,0
9.39,0.02066,-0.00019,0.60967,0.009,1.92,1.92,10.32,0
9.395,0.02066,-0.00019,0.60967,0.009,1.92,1.92,10.32,0
9.4,0.02066,-0.00019,0.60967,0.009,1.92,1.92,10.32,0
9.405,0.02066,-0.00019,0.60967,0.009,1.92,1.92,10.32,0
9.41,0.02066,-0.00019,0.60967,0.009,1.92,1.92,10.32,0
9.415,0.02066,-0.00019,0.60967,0.009,1.92,1.92,10.32,0
9.42,0.02066,-0.00019,0.60967,0.009,1.92,1.92,10.32,0
9.425,0.02066,-0.00019,0.60967,0.009,1.92,1.92,10.32,0
9.43,0.02066,-0.00019,0.60967,0.009,1.92,1.92,10.32,0
9.435,0.02066,-0.00019,0.60967,0.009,1.92,1.92,10.32,0
9.44,0.02066,-0.00019,0.60967,0.009,1.92,1.92,10.32,0
9.445,0.02066,-0.00019,0.60967,0.009,1.92,1.92,10.32,0
9.45,0.02066,-0.00019,0.60967,0.009,1.92,1.92,10.32,0
9.455,0.02066,-0.00019,0.60967,0.009,1.92,1.92,10.32,0
9.46,0.02066,-0.00019,0.60967,0.009,1.92,1.92,10.32,0
9.465,0.02066,-0.00019,0.60967,0.009,1.92,1.92,10.32,0
9.47,0.02066,-0.00019,0.60967,0.009,1.92,1.92,10.32,0
9.475,0.02066,-0.00019,0.60967,0.009,1.92,1.92,10.32,0
9.48,0.02066,-0.00019,0.60967,0.009,1.92,1.92,10.32,0
9.485,0.02066,-0.00019,0.60967,0.009,1.92,1.92,10.32,0
9.49,0.02066,-0.00019,0.60967,0.009,1.92,1.92,10.32,0
9.495,0.02066,-0.00019,0.60967,0.009,1.92,1.92,10.32,0
9.5,0.02066,-0.00019,0.60967,0.009,1.92,1.92,10.32,0
9.505,0.02066,-0.00019,0.60967,0.009,1.92,1.92,10.32,0
9.51,0.02066,-0.00019,0.60967,0.009,1.92,1.92,10.32,0
9.515,0.02066,-0.00019,0.60967,0.009,1.92,1.92,10.32,0
9.52,0.02066,-0.00019,0.60967,0.009,1.92,1.92,10.32,0
9.525,0.02066,-0.00019,0.60967,0.009,1.92,1.92,10.32,0
9.53,0.02066,-0.00019,0.60967,0.009,1.92,1.92,10.32,0
9.535,0.02066,-0.00019,0.60967,0.009,1.92,1.92,10.32,0
9.54,0.02066,-0.00019,0.60967,0.009,1.92,1.92,10.32,0
9.545,0.02066,-0.00019,0.60967,0.009,1.92,1.92,10.32,0
9.55,0.02066,-0.00019,0.60967,0.009,1.92,1.92,10.32,0
9.555,0.02066,-0.00019,0.60967,0.009,1.92,1.92,10.32,0
9.56,0.02066,-0.00019,0.60967,0.009,1.92,1.92,10.32,0
9.565,0.02066,-0.00019,0.60967,0.009,1.92,1.92,10.32,0
9.57,0.02066,-0.00019,0.60967,0.009,1.92,1.92,10.32,0
9.575,0.02066,-0.00019,0.60967,0.009,1.92,1.92,10.32,0
9.58,0.02066,-0.00019,0.60967,0.009,1.92,1.92,10.32,0
9.585,0.02066,-0.00019,0.60967,0.009,1.92,1.92,10.32,0
9.59,0.02066,-0.00019,0.60967,0.009,1.92,1.92,10.32,0
9.595,0.02066,-0.00019,0.60967,0.009,1.92,1.92,10.32,0
9.6,0.02066,-0.00019,0.60967,0.009,1.92,1.92,10.32,0
9.605,0.02066,-0.00019,0.60967,0.009,1.92,1.92,10.32,0
9.61,0.02066,-0.00019,0.60967,0.009,1.92,1.92,10.32,0
9.615,0.02066,-0.00019,0.60967,0.009,1.92,1.92,10.32,0
9.62,0.02066,-0.00019,0.60967,0.009,1.92,1.92,10.32,0
9.625,0.02066,-0.00019,0.60967,0.009,1.92,1.92,10.32,0
9.63,0.02066,-0.00019,0.60967,0.009,1.92,1.92,10.32,0
9.635,0.02066,-0.00019,0.60967,0.009,1.92,1.92,10.32,0
9.64,0.02066,-0.00019,0.60967,0.009,1.92,1.92,10.32,0
9.645,0.02066,-0.00019,0.60967,0.009,1.92,1.92,10.32,0
9.65,0.02066,-0.00019,0.60967,0.009,1.92,1.92,10.32,0
9.655,0.02066,-0.00019,0.60967,0.009,1.92,1.92,10.32,0
9.66,0.02066,-0.00019,0.60967,0.009,1.92,1.92,10.32,0
9.665,0.02066,-0.00019,0.60967,0.009,1.92,1.92,10.32,0
9.67,0.02066,-0.00019,0.60967,0.009,1.92,1.92,10.32,0
9.675,0.02066,-0.00019,0.60967,0.009,1.92,1.92,10.32,0
9.68,0.02066,-0.00019,0.60967,0.009,1.92,1.92,10.32,0
9.685,0.02066,-0.00019,0.60967,0.009,1.92,1.92,10.32,0
9.69,0.02066,-0.00019,0.60967,0.009,1.92,1.92,10.32,0
9.695,0.02066,-0.00019,0.60967,0.009,1.92,1.92,10.32,0
9.7,0.02066,-0.00019,0.60967,0.009,1.92,1.92,10.32,0
9.705,0.02066,-0.00019,0.60967,0.009,1.92,1.92,10.32,0
9.71,0.02066,-0.00019,0.60967,0.009,1.92,1.92,10.32,0
9.715,0.02066,-0.00019,0.60967,0.009,1.92,1.92,10.32,0
9.72,0.02066,-0.00019,0.60967,0.009,1.92,1.92,10.32,0
9.725,0.02066,-0.00019,0.60967,0.009,1.92,1.92,10.32,0
9.73,0.02066,-0.00019,0.60967,0.009,1.92,1.92,10.32,0
9.735,0.02066,-0.00019,0.60967,0.009,1.92,1.92,10.32,0
9.74,0.02066,-0.00019,0.60967,0.009,1.92,1.92,10.32,0
9.745,0.02066,-0.00019,0.60967,0.009,1.92,1.92,10.32,0
9.75,0.02066,-0.00019,0.60967,0.009,1.92,1.92,10.32,0
9.755,0.02066,-0.00019,0.60967,0.009,1.92,1.92,10.32,0
9.76,0.02066,-0.00019,0.60967,0.009,1.92,1.92,10.32,0
9.765,0.02066,-0.00019,0.60967,0.009,1.92,1.92,10.32,0
9.77,0.02066,-0.00019,0.60967,0.009,1.92,1.92,10.32,0
9.775,0.02066,-0.00019,0.60967,0.009,1.92,1.92,10.32,0
9.78,0.02066,-0.00019,0.60967,0.009,1.92,1.92,10.32,0
9.785,0.02066,-0.00019,0.60967,0.009,1.92,1.92,10.32,0
9.79,0.02066,-0.00019,0.60967,0.009,1.92,1.92,10.32,0
9.795,0.02066,-0.00019,0.60967,0.009,1.92,1.92,10.32,0
9.8,0.02066,-0.00019,0.60967,0.009,1.92,1.92,10.32,0
9.805,0.02066,-0.00019,0.60967,0.009,1.92,1.92,10.32,0
9.81,0.02066,-0.00019,0.60967,0.009,1.92,1.92,10.32,0
9.815,0.02066,-0.00019,0.60967,0.009,1.92,1.92,10.32,0
9.82,0.02066,-0.00019,0.60967,0.009,1.92,1.92,10.32,0
9.825,0.02066,-0.00019,0.60967,0.009,1.92,1.92,10.32,0
9.83,0.02066,-0.00019,0.60967,0.009,1.92,1.92,10.32,0
9.835,0.02066,-0.00019,0.60967,0.009,1.92,1.92,10.32,0
9.84,0.02066,-0.00019,0.60967,0.009,1.92,1.92,10.32,0
9.845,0.02066,-0.00019,0.60967,0.009,1.92,1.92,10.32,0
9.85,0.02066,-0.00019,0.60967,0.009,1.92,1.92,10.32,0
9.855,0.02066,-0.00019,0.60967,0.009,1.92,1.92,10.32,0
9.86,0.02066,-0.00019,0.60967,0.009,1.92,1.92,10.32,0
9.865,0.02066,-0.00019,0.60967,0.009,1.92,1.92,10.32,0
9.87,0.02066,-0.00019,0.60967,0.009,1.92,1.92,10.32,0
9.875,0.02066,-0.00019,0.60967,0.009,1.92,1.92,10.32,0
9.88,0.02066,-0.00019,0.60967,0.009,1.92,1.92,10.32,0
9.885,0.02066,-0.00019,0.60967,0.009,1.92,1.92,10.32,0
9.89,0.02066,-0.00019,0.60967,0.009,1.92,1.92,10.32,0
9.895,0.02066,-0.00019,0.60967,0.009,1.92,1.92,10.32,0
9.9,0.02066,-0.00019,0.60967,0.009,1.92,1.92,10.32,0
9.905,0.02066,-0.00019,0.60967,0.009,1.92,1.92,10.32,0
9.91,0.02066,-0.00019,0.60967,0.009,1.92,1.92,10.32,0
9.915,0.02066,-0.00019,0.60967,0.009,1.92,1.92,10.32,0
9.92,0.02066,-0.00019,0.60967,0.009,1.92,1.92,10.32,0
9.925,0.02066,-0.00019,0.60967,0.009,1.92,1.92,10.32,0
9.93,0.02066,-0.00019,0.60967,0.009,1.92,1.92,10.32,0
9.935,0.02066,-0.00019,0.60967,0.009,1.92,1.92,10.32,0
9.94,0.02066,-0.00019,0.60967,0.009,1.92,1.92,10.32,0
9.945,0.02066,-0.00019,0.60967,0.009,1.92,1.92,10.32,0
9.95,0.02066,-0.00019,0.60967,0.009,1.92,1.92,10.32,0
9.955,0.02066,-0.00019,0.60967,0.009,1.92,1.92,10.32,0
9.96,0.02066,-0.00019,0.60967,0.009,1.92,1.92,10.32,0
9.965,0.02066,-0.00019,0.60967,0.009,1.92,1.92,10.32,0
9.97,0.02066,-0.00019,0.60967,0.009,1.92,1.92,10.32,0
9.975,0.02066,-0.00019,0.60967,0.009,1.92,1.92,10.32,0
9.98,0.02066,-0.00019,0.60967,0.009,1.92,1.92,10.32,0
9.985,0.02066,-0.00019,0.60967,0.009,1.92,1.92,10.32,0
9.99,0.02066,-0.00019,0.60967,0.009,1.92,1.92,10.32,0
9.995,0.02066,-0.00019,0.60967,0.009,1.92,1.92,10.32,0
